context_feature,target_feature,context_idx,target_idx,repeat,fold,rmse_full,rmse_probe,delta_rmse
X_causal,X_conf,0,1,0,0,0.43962916573845295,0.4959680928824342,0.056338927143981254
X_causal,X_syn1,0,2,0,0,0.49602340695031594,0.4951006344184038,-0.0009227725319121416
X_causal,X_syn2,0,3,0,0,0.49491961506095894,0.4967052047667379,0.0017855897057789671
X_causal,Z_noise1,0,4,0,0,0.49753121124732336,0.493363181726643,-0.00416802952068035
X_causal,Z_noise2,0,5,0,0,0.4943533904911064,0.4975232770601123,0.0031698865690059086
X_causal,Z_noise3,0,6,0,0,0.4959502076120002,0.5045530704272142,0.008602862815213996
X_conf,X_causal,1,0,0,0,0.4396638519583015,0.4432221919543773,0.003558339996075799
X_conf,X_syn1,1,2,0,0,0.44451475774278687,0.440548134934729,-0.003966622808057874
X_conf,X_syn2,1,3,0,0,0.4435722262418344,0.44212536587628776,-0.0014468603655466428
X_conf,Z_noise1,1,4,0,0,0.44332884151948304,0.4430942353299224,-0.00023460618956061552
X_conf,Z_noise2,1,5,0,0,0.4403706215191272,0.437158895012397,-0.0032117265067301837
X_conf,Z_noise3,1,6,0,0,0.443311137763031,0.4416386443186259,-0.001672493444405121
X_syn1,X_causal,2,0,0,0,0.4961784664859655,0.49008714376513646,-0.006091322720829018
X_syn1,X_conf,2,1,0,0,0.44569073473135123,0.4890957137934133,0.04340497906206209
X_syn1,X_syn2,2,3,0,0,0.4681197105744636,0.49736860477103745,0.029248894196573838
X_syn1,Z_noise1,2,4,0,0,0.4940351058488055,0.49505681264064466,0.001021706791839161
X_syn1,Z_noise2,2,5,0,0,0.4945228018113141,0.4947030327116146,0.00018023090030050426
X_syn1,Z_noise3,2,6,0,0,0.4933631233986618,0.4961824050100914,0.002819281611429636
X_syn2,X_causal,3,0,0,0,0.4957344531188824,0.4931040419865236,-0.0026304111323588453
X_syn2,X_conf,3,1,0,0,0.4442910992295808,0.49238608980842735,0.04809499057884653
X_syn2,X_syn1,3,2,0,0,0.46812530861652446,0.4956219149662548,0.027496606349730335
X_syn2,Z_noise1,3,4,0,0,0.49410488395896385,0.4925695458131121,-0.0015353381458517723
X_syn2,Z_noise2,3,5,0,0,0.49200664528557664,0.49505686743669836,0.0030502221511217176
X_syn2,Z_noise3,3,6,0,0,0.49410164533369644,0.4939044805739142,-0.00019716475978226455
Z_noise1,X_causal,4,0,0,0,0.49746560248765526,0.49367391364800023,-0.0037916888396550275
Z_noise1,X_conf,4,1,0,0,0.4429455068412117,0.4928000037835372,0.04985449694232552
Z_noise1,X_syn1,4,2,0,0,0.4949863103015169,0.495147327458164,0.00016101715664706973
Z_noise1,X_syn2,4,3,0,0,0.4941211746974342,0.49547585186548637,0.001354677168052154
Z_noise1,Z_noise2,4,5,0,0,0.4915066480303474,0.49757313695670036,0.006066488926352975
Z_noise1,Z_noise3,4,6,0,0,0.4950038117554205,0.4976327610047868,0.002628949249366297
Z_noise2,X_causal,5,0,0,0,0.49447266933045636,0.4947258449965959,0.0002531756661395268
Z_noise2,X_conf,5,1,0,0,0.44075719329505564,0.49131221974540973,0.05055502645035409
Z_noise2,X_syn1,5,2,0,0,0.494342567999147,0.4969655895965684,0.0026230215974213933
Z_noise2,X_syn2,5,3,0,0,0.49236773951374013,0.49430253826880916,0.0019347987550690227
Z_noise2,Z_noise1,5,4,0,0,0.4912884038710603,0.4961406671910013,0.004852263319940986
Z_noise2,Z_noise3,5,6,0,0,0.4948105140090069,0.4943557975599442,-0.0004547164490626976
Z_noise3,X_causal,6,0,0,0,0.4964866516102224,0.49415295789073005,-0.0023336937194923246
Z_noise3,X_conf,6,1,0,0,0.44229112697726636,0.4926206920728339,0.05032956509556752
Z_noise3,X_syn1,6,2,0,0,0.4936562984350586,0.49528420057062184,0.0016279021355632417
Z_noise3,X_syn2,6,3,0,0,0.49404605791854317,0.49710906227990803,0.0030630043613648628
Z_noise3,Z_noise1,6,4,0,0,0.4950158859504423,0.49472927802476846,-0.00028660792567386517
Z_noise3,Z_noise2,6,5,0,0,0.49554034559897303,0.49809097267207586,0.002550627073102829
X_causal,X_conf,0,1,0,1,0.432803600131811,0.49413319705762765,0.06132959692581663
X_causal,X_syn1,0,2,0,1,0.49131658695854286,0.49060907909667745,-0.0007075078618654085
X_causal,X_syn2,0,3,0,1,0.4937113030363456,0.4961070675484458,0.002395764512100218
X_causal,Z_noise1,0,4,0,1,0.49485100398773274,0.49525253915579065,0.00040153516805790934
X_causal,Z_noise2,0,5,0,1,0.49341990094870847,0.49375364969195046,0.00033374874324199055
X_causal,Z_noise3,0,6,0,1,0.4942428089430303,0.4945929299517337,0.0003501210087034079
X_conf,X_causal,1,0,0,1,0.43231182586529526,0.43516560307234897,0.0028537772070537093
X_conf,X_syn1,1,2,0,1,0.4355023209684537,0.43425054492535964,-0.001251776043094066
X_conf,X_syn2,1,3,0,1,0.43519476631215914,0.43333539215461436,-0.0018593741575447797
X_conf,Z_noise1,1,4,0,1,0.43849150543935156,0.43714021661194485,-0.0013512888274067048
X_conf,Z_noise2,1,5,0,1,0.43305633537324284,0.4394163159812126,0.006359980607969773
X_conf,Z_noise3,1,6,0,1,0.4355062921765865,0.4382619614473816,0.0027556692707951247
X_syn1,X_causal,2,0,0,1,0.4918957669413648,0.49574464941204743,0.0038488824706826574
X_syn1,X_conf,2,1,0,1,0.43516247291967874,0.496409732319441,0.06124725939976228
X_syn1,X_syn2,2,3,0,1,0.4749515554811132,0.49026984873400653,0.015318293252893356
X_syn1,Z_noise1,2,4,0,1,0.4933896451453312,0.49174609860198415,-0.0016435465433470298
X_syn1,Z_noise2,2,5,0,1,0.48876049524652526,0.4908665705013249,0.002106075254799611
X_syn1,Z_noise3,2,6,0,1,0.4930422107613393,0.4923670192941842,-0.0006751914671551118
X_syn2,X_causal,3,0,0,1,0.49360666211198384,0.4954293444703032,0.0018226823583193386
X_syn2,X_conf,3,1,0,1,0.4351919288772778,0.4978235092995323,0.06263158042225447
X_syn2,X_syn1,3,2,0,1,0.4753362449572556,0.4971789364206404,0.0218426914633848
X_syn2,Z_noise1,3,4,0,1,0.5004946798838973,0.49801816286965633,-0.002476517014240953
X_syn2,Z_noise2,3,5,0,1,0.49780554775675734,0.4957704939742834,-0.002035053782473928
X_syn2,Z_noise3,3,6,0,1,0.49633724879166374,0.4967614762014439,0.0004242274097801535
Z_noise1,X_causal,4,0,0,1,0.4946057696960027,0.4965798185230817,0.0019740488270790224
Z_noise1,X_conf,4,1,0,1,0.4391920089331829,0.49613566931005726,0.05694366037687437
Z_noise1,X_syn1,4,2,0,1,0.49256876255992216,0.49326280394968675,0.0006940413897645881
Z_noise1,X_syn2,4,3,0,1,0.4999410527278405,0.497335546771121,-0.0026055059567194894
Z_noise1,Z_noise2,4,5,0,1,0.4934817573415059,0.4961922995841447,0.0027105422426387804
Z_noise1,Z_noise3,4,6,0,1,0.4968403646620959,0.4940226659078868,-0.002817698754209119
Z_noise2,X_causal,5,0,0,1,0.49314462401133197,0.4912579269363496,-0.0018866970749823464
Z_noise2,X_conf,5,1,0,1,0.43236163187882837,0.49417615558155864,0.06181452370273027
Z_noise2,X_syn1,5,2,0,1,0.48908605030046587,0.4925293611997792,0.0034433108993133232
Z_noise2,X_syn2,5,3,0,1,0.4974268381726948,0.4949190925206048,-0.0025077456520899988
Z_noise2,Z_noise1,5,4,0,1,0.49359745571837504,0.4943389613362756,0.0007415056179005397
Z_noise2,Z_noise3,5,6,0,1,0.49495409379158806,0.49237552199009715,-0.002578571801490903
Z_noise3,X_causal,6,0,0,1,0.4943345454517675,0.4931772420651639,-0.0011573033866036364
Z_noise3,X_conf,6,1,0,1,0.43533368369014924,0.4972475503838203,0.06191386669367105
Z_noise3,X_syn1,6,2,0,1,0.4932376545036585,0.49331784450366906,8.019000001058263e-05
Z_noise3,X_syn2,6,3,0,1,0.4959087738361746,0.49442687060574586,-0.0014819032304287383
Z_noise3,Z_noise1,6,4,0,1,0.4969125134122945,0.4956088619417698,-0.0013036514705246915
Z_noise3,Z_noise2,6,5,0,1,0.4949621618848436,0.4913473701100694,-0.0036147917747741953
X_causal,X_conf,0,1,0,2,0.455388076861036,0.49219806650555864,0.036809989644522645
X_causal,X_syn1,0,2,0,2,0.493516403664739,0.4944311339855732,0.0009147303208342228
X_causal,X_syn2,0,3,0,2,0.488819806234481,0.49773033422538454,0.008910527990903527
X_causal,Z_noise1,0,4,0,2,0.49571483092805513,0.4910313904931686,-0.004683440434886554
X_causal,Z_noise2,0,5,0,2,0.4930190460289993,0.49636917379603956,0.003350127767040245
X_causal,Z_noise3,0,6,0,2,0.4942563671895734,0.49106861290437365,-0.00318775428519974
X_conf,X_causal,1,0,0,2,0.455102583850883,0.4544237714905631,-0.0006788123603198581
X_conf,X_syn1,1,2,0,2,0.45502092291261226,0.4537371139584014,-0.0012838089542108744
X_conf,X_syn2,1,3,0,2,0.45500266537467093,0.4573513693727019,0.002348703998030943
X_conf,Z_noise1,1,4,0,2,0.4597087667981871,0.45141731102283983,-0.00829145577534729
X_conf,Z_noise2,1,5,0,2,0.45769903269893913,0.4567790825037565,-0.0009199501951826505
X_conf,Z_noise3,1,6,0,2,0.4540968998603179,0.45092472668357025,-0.0031721731767476724
X_syn1,X_causal,2,0,0,2,0.492973893160257,0.4951579906301456,0.0021840974698885685
X_syn1,X_conf,2,1,0,2,0.4540116496348321,0.49699313778435134,0.04298148814951924
X_syn1,X_syn2,2,3,0,2,0.4707679707661692,0.49781572096815374,0.02704775020198452
X_syn1,Z_noise1,2,4,0,2,0.4971525765819703,0.49099280468072837,-0.0061597719012419505
X_syn1,Z_noise2,2,5,0,2,0.4942125556412812,0.5000812288718476,0.00586867323056639
X_syn1,Z_noise3,2,6,0,2,0.4937869685525529,0.49418472343617265,0.00039775488361976086
X_syn2,X_causal,3,0,0,2,0.4894839994769643,0.4960836602821751,0.006599660805210794
X_syn2,X_conf,3,1,0,2,0.45440346239371654,0.49167541363571465,0.037271951241998114
X_syn2,X_syn1,3,2,0,2,0.46938237961404844,0.49382907724688374,0.0244466976328353
X_syn2,Z_noise1,3,4,0,2,0.495448414535356,0.49083682121940475,-0.0046115933159512346
X_syn2,Z_noise2,3,5,0,2,0.4915354055742948,0.49726362594510015,0.005728220370805337
X_syn2,Z_noise3,3,6,0,2,0.493405601956712,0.4910956672498796,-0.0023099347068324394
Z_noise1,X_causal,4,0,0,2,0.4956956690966012,0.4944256392049417,-0.0012700298916594743
Z_noise1,X_conf,4,1,0,2,0.4602741175936905,0.4974773183011775,0.03720320070748695
Z_noise1,X_syn1,4,2,0,2,0.4969357456522809,0.49881651890280676,0.00188077325052588
Z_noise1,X_syn2,4,3,0,2,0.49472947211830476,0.49919853925062285,0.004469067132318094
Z_noise1,Z_noise2,4,5,0,2,0.49944256177510993,0.49798903814215045,-0.0014535236329594747
Z_noise1,Z_noise3,4,6,0,2,0.49845427517731306,0.495050962164737,-0.0034033130125760702
Z_noise2,X_causal,5,0,0,2,0.4927432394804708,0.49582330121130497,0.0030800617308341938
Z_noise2,X_conf,5,1,0,2,0.4576155490784092,0.4980600364115842,0.04044448733317502
Z_noise2,X_syn1,5,2,0,2,0.49491949495118565,0.4979743157492051,0.003054820798019442
Z_noise2,X_syn2,5,3,0,2,0.49208602677803415,0.4977063654380954,0.00562033866006123
Z_noise2,Z_noise1,5,4,0,2,0.4994974963175978,0.4952783321261743,-0.004219164191423541
Z_noise2,Z_noise3,5,6,0,2,0.49917013537882016,0.4935258503255242,-0.00564428505329595
Z_noise3,X_causal,6,0,0,2,0.49452500267288385,0.49625142690878565,0.0017264242359018023
Z_noise3,X_conf,6,1,0,2,0.45400516841038385,0.4939838977421769,0.03997872933179303
Z_noise3,X_syn1,6,2,0,2,0.4953890526199577,0.49537722528189637,-1.1827338061320969e-05
Z_noise3,X_syn2,6,3,0,2,0.49290466957250917,0.49543663327659904,0.002531963704089868
Z_noise3,Z_noise1,6,4,0,2,0.49709010147860727,0.4907045203112721,-0.006385581167335175
Z_noise3,Z_noise2,6,5,0,2,0.4980760770537227,0.49811280356857945,3.6726514856755266e-05
X_causal,X_conf,0,1,0,3,0.44120564001345697,0.4928963148293023,0.05169067481584533
X_causal,X_syn1,0,2,0,3,0.4993531135710043,0.4920595135216529,-0.007293600049351423
X_causal,X_syn2,0,3,0,3,0.4960735231989832,0.49473569659745353,-0.0013378266015296458
X_causal,Z_noise1,0,4,0,3,0.49815425868366453,0.4924814739032992,-0.005672784780365314
X_causal,Z_noise2,0,5,0,3,0.4962445476272976,0.4924151106513258,-0.0038294369759717672
X_causal,Z_noise3,0,6,0,3,0.4949590453722897,0.49714800688043215,0.002188961508142462
X_conf,X_causal,1,0,0,3,0.44183908261892213,0.4375641562702547,-0.0042749263486674405
X_conf,X_syn1,1,2,0,3,0.4406109322900732,0.43757773580881326,-0.0030331964812599366
X_conf,X_syn2,1,3,0,3,0.4376578709714494,0.44116104420422103,0.003503173232771606
X_conf,Z_noise1,1,4,0,3,0.4376281777687229,0.4327330395498487,-0.004895138218874218
X_conf,Z_noise2,1,5,0,3,0.4389685768509529,0.4375542877641714,-0.0014142890867815394
X_conf,Z_noise3,1,6,0,3,0.43629763797829907,0.4388561179020416,0.0025584799237425293
X_syn1,X_causal,2,0,0,3,0.5002730020908035,0.49763310086798374,-0.0026399012228197627
X_syn1,X_conf,2,1,0,3,0.44026947767903196,0.4983466517883206,0.05807717410928864
X_syn1,X_syn2,2,3,0,3,0.47222286997802976,0.4985214871316667,0.02629861715363696
X_syn1,Z_noise1,2,4,0,3,0.4960135404563551,0.4990147898427251,0.0030012493863700307
X_syn1,Z_noise2,2,5,0,3,0.5010136331550114,0.49927005176338796,-0.0017435813916233944
X_syn1,Z_noise3,2,6,0,3,0.4985265207935252,0.49978853006406987,0.0012620092705446506
X_syn2,X_causal,3,0,0,3,0.4962473601655278,0.49954394695097404,0.003296586785446254
X_syn2,X_conf,3,1,0,3,0.4361293097324405,0.4937789091916224,0.057649599459181855
X_syn2,X_syn1,3,2,0,3,0.47216756931577186,0.4934378689516236,0.021270299635851753
X_syn2,Z_noise1,3,4,0,3,0.494640161061772,0.49459175677240846,-4.8404289363535025e-05
X_syn2,Z_noise2,3,5,0,3,0.49641623543957125,0.49550767500574355,-0.0009085604338276987
X_syn2,Z_noise3,3,6,0,3,0.49260687911784845,0.4966609447207702,0.004054065602921764
Z_noise1,X_causal,4,0,0,3,0.4984475604237551,0.49530896678337627,-0.0031385936403788284
Z_noise1,X_conf,4,1,0,3,0.43785798420346733,0.49959005004702417,0.06173206584355684
Z_noise1,X_syn1,4,2,0,3,0.4959715575990173,0.4984768029333557,0.002505245334338435
Z_noise1,X_syn2,4,3,0,3,0.4950248551711248,0.499382410538939,0.004357555367814181
Z_noise1,Z_noise2,4,5,0,3,0.497133140164489,0.4930775501742077,-0.0040555899902813275
Z_noise1,Z_noise3,4,6,0,3,0.4973081299830339,0.5052763229227561,0.00796819293972223
Z_noise2,X_causal,5,0,0,3,0.49638447119504064,0.4994690180490303,0.003084546853989678
Z_noise2,X_conf,5,1,0,3,0.4397458330107284,0.49415390552724836,0.05440807251651997
Z_noise2,X_syn1,5,2,0,3,0.5013508978347831,0.4937753514944947,-0.007575546340288453
Z_noise2,X_syn2,5,3,0,3,0.4960340679222157,0.4981004278957139,0.0020663599734981886
Z_noise2,Z_noise1,5,4,0,3,0.49684099045025937,0.4946104128875092,-0.002230577562750191
Z_noise2,Z_noise3,5,6,0,3,0.4945907395537105,0.502360617194256,0.007769877640545431
Z_noise3,X_causal,6,0,0,3,0.49502597533640263,0.4977734552979715,0.002747479961568877
Z_noise3,X_conf,6,1,0,3,0.4369553458134369,0.49876047643778404,0.061805130624347115
Z_noise3,X_syn1,6,2,0,3,0.4987441715146624,0.4943346247388207,-0.004409546775841655
Z_noise3,X_syn2,6,3,0,3,0.493635898535323,0.4976764098146242,0.004040511279301162
Z_noise3,Z_noise1,6,4,0,3,0.49704612496361633,0.4966978508105742,-0.0003482741530421163
Z_noise3,Z_noise2,6,5,0,3,0.4942557420093228,0.493464150794271,-0.0007915912150518456
X_causal,X_conf,0,1,0,4,0.44370663295690355,0.49749429728264627,0.05378766432574272
X_causal,X_syn1,0,2,0,4,0.4960199197101384,0.49298710332663587,-0.0030328163835025568
X_causal,X_syn2,0,3,0,4,0.4929443733610792,0.4945609052405285,0.0016165318794492678
X_causal,Z_noise1,0,4,0,4,0.49773851765624433,0.4991538122316528,0.0014152945754084545
X_causal,Z_noise2,0,5,0,4,0.4961560726395339,0.49688128338480014,0.0007252107452662693
X_causal,Z_noise3,0,6,0,4,0.49509082527050713,0.49890305910141125,0.0038122338309041215
X_conf,X_causal,1,0,0,4,0.44373748301424387,0.4471360543449404,0.0033985713306965426
X_conf,X_syn1,1,2,0,4,0.4512728380631512,0.44564904632662516,-0.0056237917365260515
X_conf,X_syn2,1,3,0,4,0.4446769126470483,0.4448622915675824,0.0001853789205341072
X_conf,Z_noise1,1,4,0,4,0.4537599382204449,0.44862187007676163,-0.005138068143683283
X_conf,Z_noise2,1,5,0,4,0.4454595796740789,0.4478918845367117,0.0024323048626327948
X_conf,Z_noise3,1,6,0,4,0.45350112634276185,0.44553545970344355,-0.007965666639318303
X_syn1,X_causal,2,0,0,4,0.49525279994870697,0.4942592468179934,-0.000993553130713587
X_syn1,X_conf,2,1,0,4,0.45059958605630673,0.5003358914839486,0.0497363054276419
X_syn1,X_syn2,2,3,0,4,0.45992576921158185,0.49825657010746555,0.0383308008958837
X_syn1,Z_noise1,2,4,0,4,0.49496946710434275,0.5004100408419746,0.005440573737631849
X_syn1,Z_noise2,2,5,0,4,0.4967082909878871,0.4986355519022104,0.0019272609143233255
X_syn1,Z_noise3,2,6,0,4,0.4988021227722579,0.498935126889929,0.00013300411767114273
X_syn2,X_causal,3,0,0,4,0.4930658429277449,0.49351743567630096,0.00045159274855605114
X_syn2,X_conf,3,1,0,4,0.44433490441653395,0.4956856825130047,0.05135077809647076
X_syn2,X_syn1,3,2,0,4,0.4603610131407622,0.4959789141127105,0.03561790097194828
X_syn2,Z_noise1,3,4,0,4,0.49364682644426816,0.49457635166161046,0.0009295252173422974
X_syn2,Z_noise2,3,5,0,4,0.4982187465469711,0.4967912468622929,-0.0014274996846782018
X_syn2,Z_noise3,3,6,0,4,0.5002586623083131,0.4980018050398906,-0.002256857268422452
Z_noise1,X_causal,4,0,0,4,0.49748888300899496,0.49205339592336045,-0.005435487085634516
Z_noise1,X_conf,4,1,0,4,0.4540273593564668,0.4983551460471211,0.04432778669065429
Z_noise1,X_syn1,4,2,0,4,0.4944851511512435,0.49400883644947585,-0.0004763147017676217
Z_noise1,X_syn2,4,3,0,4,0.49315703253075227,0.5004299711203466,0.007272938589594324
Z_noise1,Z_noise2,4,5,0,4,0.4989874308050881,0.498683376253956,-0.000304054551132138
Z_noise1,Z_noise3,4,6,0,4,0.4958506868140608,0.5012363578727534,0.005385671058692643
Z_noise2,X_causal,5,0,0,4,0.4948796182946885,0.49792496709435774,0.003045348799669223
Z_noise2,X_conf,5,1,0,4,0.44560121233649974,0.497088119186416,0.05148690684991625
Z_noise2,X_syn1,5,2,0,4,0.49657938655203665,0.4968529902238045,0.0002736036717678747
Z_noise2,X_syn2,5,3,0,4,0.4991181592646831,0.49738201098412443,-0.0017361482805586803
Z_noise2,Z_noise1,5,4,0,4,0.49858095521155865,0.4968982632487303,-0.001682691962828331
Z_noise2,Z_noise3,5,6,0,4,0.49875015915063603,0.505621682016714,0.00687152286607795
Z_noise3,X_causal,6,0,0,4,0.4945808502936657,0.4957806784776629,0.0011998281839971647
Z_noise3,X_conf,6,1,0,4,0.4537520932539764,0.49899923734589774,0.04524714409192132
Z_noise3,X_syn1,6,2,0,4,0.4994319953927447,0.49910071674555667,-0.0003312786471880158
Z_noise3,X_syn2,6,3,0,4,0.4989771747202677,0.4971521817987545,-0.0018249929215132243
Z_noise3,Z_noise1,6,4,0,4,0.49644985030011196,0.5000502263524047,0.003600376052292742
Z_noise3,Z_noise2,6,5,0,4,0.49904685095967427,0.5007883572892741,0.0017415063295997957
X_causal,X_conf,0,1,0,5,0.45525884809476735,0.49746872511528445,0.042209877020517095
X_causal,X_syn1,0,2,0,5,0.4979406302266032,0.49766961893018674,-0.0002710112964164346
X_causal,X_syn2,0,3,0,5,0.49806386342417497,0.49906555301722816,0.00100168959305319
X_causal,Z_noise1,0,4,0,5,0.49596782523677335,0.500397720964409,0.004429895727635691
X_causal,Z_noise2,0,5,0,5,0.49924969361044136,0.4964148663923149,-0.0028348272181264456
X_causal,Z_noise3,0,6,0,5,0.4988669877328818,0.4984917778136642,-0.0003752099192175784
X_conf,X_causal,1,0,0,5,0.45371843761527486,0.4547716086907801,0.0010531710755052326
X_conf,X_syn1,1,2,0,5,0.4502031436026004,0.44855575264935676,-0.0016473909532436215
X_conf,X_syn2,1,3,0,5,0.4527232295944285,0.4494925615804813,-0.0032306680139472244
X_conf,Z_noise1,1,4,0,5,0.4488856207390733,0.4570748374029683,0.008189216663894994
X_conf,Z_noise2,1,5,0,5,0.45258889493923665,0.450494072281865,-0.0020948226573716533
X_conf,Z_noise3,1,6,0,5,0.4548466404642493,0.4551702760349958,0.0003236355707465499
X_syn1,X_causal,2,0,0,5,0.4973119958156253,0.49355336853345944,-0.0037586272821658606
X_syn1,X_conf,2,1,0,5,0.4503493707913238,0.49620354653330867,0.04585417574198486
X_syn1,X_syn2,2,3,0,5,0.46348675034947157,0.4976854111621864,0.03419866081271483
X_syn1,Z_noise1,2,4,0,5,0.4927929850710743,0.5000444666225867,0.007251481551512451
X_syn1,Z_noise2,2,5,0,5,0.4976291220188943,0.4948082904279845,-0.002820831590909789
X_syn1,Z_noise3,2,6,0,5,0.49799039971171244,0.49442072590108505,-0.003569673810627394
X_syn2,X_causal,3,0,0,5,0.49806771123904836,0.4948287670529694,-0.0032389441860789514
X_syn2,X_conf,3,1,0,5,0.4535730307393036,0.49973396217314525,0.046160931433841645
X_syn2,X_syn1,3,2,0,5,0.46390378426020296,0.4970119411121276,0.03310815685192464
X_syn2,Z_noise1,3,4,0,5,0.49434660864267554,0.4990063982056659,0.004659789562990346
X_syn2,Z_noise2,3,5,0,5,0.4995423222793557,0.4971042338096534,-0.002438088469702282
X_syn2,Z_noise3,3,6,0,5,0.49968529239753606,0.4999628250639155,0.00027753266637942087
Z_noise1,X_causal,4,0,0,5,0.4966574571410956,0.49027873784452464,-0.006378719296570967
Z_noise1,X_conf,4,1,0,5,0.45045645559036945,0.49773477606125166,0.04727832047088221
Z_noise1,X_syn1,4,2,0,5,0.4932666094578169,0.49262585186874597,-0.0006407575890709505
Z_noise1,X_syn2,4,3,0,5,0.4938883782902746,0.5008715802256167,0.0069832019353421315
Z_noise1,Z_noise2,4,5,0,5,0.49857246100900143,0.49155171704317074,-0.007020743965830689
Z_noise1,Z_noise3,4,6,0,5,0.49638512032743004,0.4943988051472637,-0.0019863151801663426
Z_noise2,X_causal,5,0,0,5,0.49879194277873207,0.49823896742442914,-0.0005529753543029314
Z_noise2,X_conf,5,1,0,5,0.4519509283327789,0.5025881695070842,0.05063724117430529
Z_noise2,X_syn1,5,2,0,5,0.4977739429748961,0.500996341591644,0.00322239861674789
Z_noise2,X_syn2,5,3,0,5,0.5001092540067344,0.4998884313488293,-0.00022082265790512867
Z_noise2,Z_noise1,5,4,0,5,0.4983062426545595,0.5012280883539864,0.0029218456994268838
Z_noise2,Z_noise3,5,6,0,5,0.49885514276033965,0.5005003122870125,0.0016451695266728739
Z_noise3,X_causal,6,0,0,5,0.498445615323874,0.49847048969269375,2.4874368819760573e-05
Z_noise3,X_conf,6,1,0,5,0.4549380132054762,0.49866271371247406,0.04372470050699784
Z_noise3,X_syn1,6,2,0,5,0.49855218130166346,0.497525830659624,-0.0010263506420394308
Z_noise3,X_syn2,6,3,0,5,0.4992760907745442,0.49913814321214706,-0.000137947562397156
Z_noise3,Z_noise1,6,4,0,5,0.49681800346695326,0.4976336306683646,0.0008156272014113175
Z_noise3,Z_noise2,6,5,0,5,0.4991627944490885,0.4956074141879292,-0.0035553802611593133
X_causal,X_conf,0,1,0,6,0.42990321999313424,0.5008713653069645,0.07096814531383028
X_causal,X_syn1,0,2,0,6,0.4911599415387718,0.49591714683320587,0.004757205294434075
X_causal,X_syn2,0,3,0,6,0.49758973552732005,0.49757964707469654,-1.0088452623513433e-05
X_causal,Z_noise1,0,4,0,6,0.4963755545598469,0.4946618757026103,-0.0017136788572366113
X_causal,Z_noise2,0,5,0,6,0.4961557210666265,0.4921435034349804,-0.004012217631646053
X_causal,Z_noise3,0,6,0,6,0.4972438780802002,0.49375709946883906,-0.003486778611361152
X_conf,X_causal,1,0,0,6,0.4307614494114459,0.43183432446165965,0.0010728750502137507
X_conf,X_syn1,1,2,0,6,0.4287542297794754,0.4351540688824719,0.006399839102996463
X_conf,X_syn2,1,3,0,6,0.4328030660277653,0.43508716374084083,0.002284097713075528
X_conf,Z_noise1,1,4,0,6,0.43372196653616174,0.4353777872760252,0.0016558207398634783
X_conf,Z_noise2,1,5,0,6,0.4358857785513893,0.43395114688433356,-0.001934631667055764
X_conf,Z_noise3,1,6,0,6,0.43262895190017525,0.42992438643928627,-0.0027045654608889858
X_syn1,X_causal,2,0,0,6,0.49266347001590927,0.49287633648368373,0.00021286646777446405
X_syn1,X_conf,2,1,0,6,0.4294993819865744,0.5022111999231955,0.07271181793662113
X_syn1,X_syn2,2,3,0,6,0.47799896445687984,0.4965521630538291,0.01855319859694926
X_syn1,Z_noise1,2,4,0,6,0.49232196988979526,0.4936923071367655,0.0013703372469702213
X_syn1,Z_noise2,2,5,0,6,0.4929643940275724,0.490602775541373,-0.002361618486199424
X_syn1,Z_noise3,2,6,0,6,0.493632796610921,0.49421985593869056,0.0005870593277695346
X_syn2,X_causal,3,0,0,6,0.4979916090139247,0.4928258627789916,-0.0051657462349331
X_syn2,X_conf,3,1,0,6,0.4313809232250592,0.5053758896909458,0.0739949664658866
X_syn2,X_syn1,3,2,0,6,0.4781293372342655,0.49820120933865125,0.02007187210438577
X_syn2,Z_noise1,3,4,0,6,0.4997857572392186,0.49814293850978836,-0.0016428187294302288
X_syn2,Z_noise2,3,5,0,6,0.4980683081117142,0.49865711092103576,0.0005888028093215536
X_syn2,Z_noise3,3,6,0,6,0.4996557895096013,0.5009708008510491,0.001315011341447736
Z_noise1,X_causal,4,0,0,6,0.4961295473800674,0.49270921108295823,-0.0034203362971091944
Z_noise1,X_conf,4,1,0,6,0.4336800084957843,0.5028173240089762,0.06913731551319185
Z_noise1,X_syn1,4,2,0,6,0.4926849957490876,0.49584119266357063,0.003156196914483045
Z_noise1,X_syn2,4,3,0,6,0.49957799810822034,0.4965110962658754,-0.003066901842344927
Z_noise1,Z_noise2,4,5,0,6,0.4934811937965254,0.49300212532623056,-0.00047906847029483
Z_noise1,Z_noise3,4,6,0,6,0.49827114866066013,0.4974648356838081,-0.0008063129768520194
Z_noise2,X_causal,5,0,0,6,0.496209534486508,0.4950003863216119,-0.00120914816489609
Z_noise2,X_conf,5,1,0,6,0.43553935804480476,0.5031668170633626,0.06762745901855788
Z_noise2,X_syn1,5,2,0,6,0.4920533344188411,0.49569152093698626,0.003638186518145181
Z_noise2,X_syn2,5,3,0,6,0.49730590990868306,0.49880674591622215,0.0015008360075390859
Z_noise2,Z_noise1,5,4,0,6,0.49354615310211053,0.49575612589816526,0.0022099727960547266
Z_noise2,Z_noise3,5,6,0,6,0.49507303827362104,0.49612058431562084,0.0010475460419998028
Z_noise3,X_causal,6,0,0,6,0.49664588490065603,0.4984921337831303,0.0018462488824742551
Z_noise3,X_conf,6,1,0,6,0.4326728421318137,0.5040724139336966,0.07139957180188294
Z_noise3,X_syn1,6,2,0,6,0.4936920498399437,0.4984427298695107,0.004750680029567023
Z_noise3,X_syn2,6,3,0,6,0.49919887792956813,0.499001772475464,-0.0001971054541041184
Z_noise3,Z_noise1,6,4,0,6,0.4980019196071286,0.4948070837249169,-0.0031948358822116996
Z_noise3,Z_noise2,6,5,0,6,0.4957111660338022,0.4952851165112577,-0.0004260495225445471
X_causal,X_conf,0,1,0,7,0.4465365418688804,0.49345621049728106,0.046919668628400635
X_causal,X_syn1,0,2,0,7,0.49534336164593207,0.495145284972618,-0.00019807667331406265
X_causal,X_syn2,0,3,0,7,0.5005277769199483,0.4958668473978494,-0.0046609295220989
X_causal,Z_noise1,0,4,0,7,0.4980981551978392,0.4948877437559479,-0.00321041144189127
X_causal,Z_noise2,0,5,0,7,0.49632513941103357,0.494514281827669,-0.001810857583364578
X_causal,Z_noise3,0,6,0,7,0.49569346021870647,0.49345677802504356,-0.002236682193662909
X_conf,X_causal,1,0,0,7,0.4454292222958481,0.4450432907946339,-0.0003859315012141873
X_conf,X_syn1,1,2,0,7,0.45216670465620384,0.4487277207711279,-0.0034389838850759635
X_conf,X_syn2,1,3,0,7,0.45093237508659434,0.4497422058563975,-0.0011901692301968247
X_conf,Z_noise1,1,4,0,7,0.4534625815858602,0.4484431071256834,-0.005019474460176809
X_conf,Z_noise2,1,5,0,7,0.44289919480972995,0.4480655615471988,0.0051663667374688416
X_conf,Z_noise3,1,6,0,7,0.4494647164006009,0.4495555483732938,9.083197269288412e-05
X_syn1,X_causal,2,0,0,7,0.49513460318914887,0.49405761247473,-0.0010769907144188573
X_syn1,X_conf,2,1,0,7,0.4517918468032968,0.4927011866327198,0.040909339829422964
X_syn1,X_syn2,2,3,0,7,0.47569338839359593,0.4947942573408978,0.019100868947301897
X_syn1,Z_noise1,2,4,0,7,0.49350133939804397,0.4912085704234299,-0.0022927689746140567
X_syn1,Z_noise2,2,5,0,7,0.4925697342467251,0.4968217855544223,0.00425205130769718
X_syn1,Z_noise3,2,6,0,7,0.4966365915836032,0.49438303817811186,-0.0022535534054913264
X_syn2,X_causal,3,0,0,7,0.4997458993314965,0.49796078989364984,-0.0017851094378466548
X_syn2,X_conf,3,1,0,7,0.45265616836355127,0.49355480493485443,0.04089863657130316
X_syn2,X_syn1,3,2,0,7,0.4751527813865024,0.49815544350241386,0.023002662115911454
X_syn2,Z_noise1,3,4,0,7,0.4985891958697434,0.498634540109099,4.534423935564913e-05
X_syn2,Z_noise2,3,5,0,7,0.49700403134897536,0.49517634179744924,-0.0018276895515261238
X_syn2,Z_noise3,3,6,0,7,0.49556847985886304,0.49823098572199925,0.002662505863136211
Z_noise1,X_causal,4,0,0,7,0.49883537508770914,0.4932435002126907,-0.005591874875018443
Z_noise1,X_conf,4,1,0,7,0.4533877473955125,0.496436756219477,0.04304900882396451
Z_noise1,X_syn1,4,2,0,7,0.49394706130815497,0.49738385135889884,0.0034367900507438764
Z_noise1,X_syn2,4,3,0,7,0.4986130553359991,0.4961600217083929,-0.0024530336276061826
Z_noise1,Z_noise2,4,5,0,7,0.49431423455646556,0.49303489250987065,-0.0012793420465949112
Z_noise1,Z_noise3,4,6,0,7,0.4966914641928394,0.4964718357819439,-0.00021962841089545604
Z_noise2,X_causal,5,0,0,7,0.4964727318937833,0.493932186360728,-0.0025405455330553273
Z_noise2,X_conf,5,1,0,7,0.44285745365224494,0.4900194380409952,0.047161984388750244
Z_noise2,X_syn1,5,2,0,7,0.4918479822608043,0.4983402148747406,0.006492232613936333
Z_noise2,X_syn2,5,3,0,7,0.4974871133399908,0.49680392427422027,-0.0006831890657705286
Z_noise2,Z_noise1,5,4,0,7,0.4953142822585095,0.4969483015902377,0.001634019331728187
Z_noise2,Z_noise3,5,6,0,7,0.49677661700738296,0.49468056638289615,-0.0020960506244868116
Z_noise3,X_causal,6,0,0,7,0.49538872438435283,0.4939216142750895,-0.0014671101092633143
Z_noise3,X_conf,6,1,0,7,0.4500434613807777,0.4949310903852854,0.044887629004507656
Z_noise3,X_syn1,6,2,0,7,0.4957090809578547,0.4964013164885918,0.0006922355307371064
Z_noise3,X_syn2,6,3,0,7,0.49436971586958933,0.4953779063404892,0.0010081904708998946
Z_noise3,Z_noise1,6,4,0,7,0.49654275619259225,0.49682998902557685,0.00028723283298459634
Z_noise3,Z_noise2,6,5,0,7,0.4980421746248913,0.497055219050059,-0.0009869555748323044
X_causal,X_conf,0,1,0,8,0.4454467485586012,0.4972661100872164,0.05181936152861516
X_causal,X_syn1,0,2,0,8,0.49462527933787886,0.4988621482277205,0.0042368688898416496
X_causal,X_syn2,0,3,0,8,0.4990915992070821,0.4966526200894625,-0.002438979117619644
X_causal,Z_noise1,0,4,0,8,0.500934685056707,0.4964564243139461,-0.00447826074276092
X_causal,Z_noise2,0,5,0,8,0.498801147736835,0.498667193493759,-0.00013395424307599546
X_causal,Z_noise3,0,6,0,8,0.4994178136689132,0.49513836838535186,-0.004279445283561334
X_conf,X_causal,1,0,0,8,0.44652789855503827,0.44281654152314487,-0.003711357031893403
X_conf,X_syn1,1,2,0,8,0.445264819098467,0.44326242448377506,-0.002002394614691927
X_conf,X_syn2,1,3,0,8,0.44284900300560276,0.4455886798914676,0.00273967688586485
X_conf,Z_noise1,1,4,0,8,0.44559312455395267,0.44024150991937855,-0.00535161463457412
X_conf,Z_noise2,1,5,0,8,0.44201121916820313,0.4441313410483601,0.0021201218801569777
X_conf,Z_noise3,1,6,0,8,0.4448449876694892,0.4450499401591799,0.0002049524896907129
X_syn1,X_causal,2,0,0,8,0.4946693798241064,0.4939371121578924,-0.000732267666214037
X_syn1,X_conf,2,1,0,8,0.4449217376183054,0.4899325995989217,0.045010861980616323
X_syn1,X_syn2,2,3,0,8,0.4781930939342195,0.49514438179219733,0.016951287857977837
X_syn1,Z_noise1,2,4,0,8,0.4940908447396083,0.494351590215497,0.000260745475888724
X_syn1,Z_noise2,2,5,0,8,0.4929407733868278,0.5011265814652883,0.008185808078460532
X_syn1,Z_noise3,2,6,0,8,0.4931453003642954,0.4920154260457303,-0.001129874318565094
X_syn2,X_causal,3,0,0,8,0.4995549419522784,0.5006440746287913,0.0010891326765129494
X_syn2,X_conf,3,1,0,8,0.44404055613102345,0.4981258809861326,0.05408532485510914
X_syn2,X_syn1,3,2,0,8,0.47913466144504996,0.49436004658617344,0.015225385141123482
X_syn2,Z_noise1,3,4,0,8,0.49773934922557367,0.49505599447932497,-0.0026833547462487006
X_syn2,Z_noise2,3,5,0,8,0.49810622526880416,0.4962494359845127,-0.001856789284291449
X_syn2,Z_noise3,3,6,0,8,0.4969764538236646,0.4956156252094772,-0.0013608286141874038
Z_noise1,X_causal,4,0,0,8,0.5000861054064759,0.5009479436516252,0.0008618382451492934
Z_noise1,X_conf,4,1,0,8,0.445828645192372,0.5018992506724932,0.056070605480121216
Z_noise1,X_syn1,4,2,0,8,0.494002463258324,0.4943598984507267,0.0003574351924027219
Z_noise1,X_syn2,4,3,0,8,0.4981413667530088,0.49646184297944695,-0.0016795237735618418
Z_noise1,Z_noise2,4,5,0,8,0.4910124521290714,0.4995018906011598,0.008489438472088384
Z_noise1,Z_noise3,4,6,0,8,0.49775236091807196,0.49320947180554453,-0.004542889112527426
Z_noise2,X_causal,5,0,0,8,0.49775505600147985,0.4974975354727279,-0.0002575205287519422
Z_noise2,X_conf,5,1,0,8,0.4422915526846089,0.4951483012804203,0.05285674859581141
Z_noise2,X_syn1,5,2,0,8,0.49268334338810943,0.49370135916577185,0.0010180157776624177
Z_noise2,X_syn2,5,3,0,8,0.4976499581901555,0.4947479768136708,-0.00290198137648473
Z_noise2,Z_noise1,5,4,0,8,0.4905890205969239,0.4923829956877111,0.0017939750907872143
Z_noise2,Z_noise3,5,6,0,8,0.4930914108737303,0.49287805216052316,-0.00021335871320715682
Z_noise3,X_causal,6,0,0,8,0.4990266392789521,0.4995762884100939,0.000549649131141805
Z_noise3,X_conf,6,1,0,8,0.4450598380496704,0.4961401463254345,0.0510803082757641
Z_noise3,X_syn1,6,2,0,8,0.4929543050058296,0.49673211644930715,0.0037778114434775523
Z_noise3,X_syn2,6,3,0,8,0.49829866811740947,0.499737236338535,0.0014385682211255357
Z_noise3,Z_noise1,6,4,0,8,0.49848410692770195,0.49441371891520525,-0.004070388012496706
Z_noise3,Z_noise2,6,5,0,8,0.4938920190246478,0.49981842453707576,0.005926405512427957
X_causal,X_conf,0,1,0,9,0.4245478680551274,0.4950795622182223,0.0705316941630949
X_causal,X_syn1,0,2,0,9,0.4946497189601878,0.49828098148270267,0.0036312625225148887
X_causal,X_syn2,0,3,0,9,0.4958017898826474,0.4978414016402369,0.002039611757589488
X_causal,Z_noise1,0,4,0,9,0.49648989479846223,0.4986393448956916,0.0021494500972293884
X_causal,Z_noise2,0,5,0,9,0.4971256714881174,0.499846223053767,0.002720551565649598
X_causal,Z_noise3,0,6,0,9,0.4977104862462929,0.4981330791599006,0.0004225929136077444
X_conf,X_causal,1,0,0,9,0.42470196075087957,0.4186517904604297,-0.006050170290449852
X_conf,X_syn1,1,2,0,9,0.42423077469869774,0.4213837313322332,-0.002847043366464519
X_conf,X_syn2,1,3,0,9,0.4258074372340254,0.4270836624154261,0.001276225181400692
X_conf,Z_noise1,1,4,0,9,0.41850734849250953,0.4224341864753652,0.0039268379828556466
X_conf,Z_noise2,1,5,0,9,0.4224859816122735,0.4232533118867634,0.0007673302744898858
X_conf,Z_noise3,1,6,0,9,0.420873596830812,0.4269279821422421,0.006054385311430099
X_syn1,X_causal,2,0,0,9,0.4948371914291678,0.4966065850906851,0.0017693936615172934
X_syn1,X_conf,2,1,0,9,0.42453109614915074,0.49570990670638176,0.07117881055723102
X_syn1,X_syn2,2,3,0,9,0.47994565021540386,0.5008656568354712,0.020920006620067377
X_syn1,Z_noise1,2,4,0,9,0.49583348174908387,0.4984632214251349,0.0026297396760510128
X_syn1,Z_noise2,2,5,0,9,0.4987764292247265,0.5018107765985091,0.0030343473737826643
X_syn1,Z_noise3,2,6,0,9,0.49850864677550144,0.4987102732430063,0.00020162646750487845
X_syn2,X_causal,3,0,0,9,0.49609707996554114,0.5004447284281477,0.004347648462606546
X_syn2,X_conf,3,1,0,9,0.42686266024845165,0.4961060666733537,0.06924340642490207
X_syn2,X_syn1,3,2,0,9,0.4797812937799723,0.49903811022744454,0.019256816447472236
X_syn2,Z_noise1,3,4,0,9,0.49490209584579525,0.49434415289819245,-0.0005579429476028075
X_syn2,Z_noise2,3,5,0,9,0.49806842787955496,0.4945434620118232,-0.0035249658677317663
X_syn2,Z_noise3,3,6,0,9,0.4983425784006932,0.4963741866390434,-0.001968391761649757
Z_noise1,X_causal,4,0,0,9,0.49692740452374823,0.49265876408510373,-0.0042686404386445
Z_noise1,X_conf,4,1,0,9,0.41874865611531475,0.4933947903231694,0.07464613420785465
Z_noise1,X_syn1,4,2,0,9,0.4956548949998223,0.4960843129617436,0.0004294179619213079
Z_noise1,X_syn2,4,3,0,9,0.4952487108498835,0.4953198712268703,7.116037698684519e-05
Z_noise1,Z_noise2,4,5,0,9,0.49411401544339184,0.4970566515592605,0.0029426361158686465
Z_noise1,Z_noise3,4,6,0,9,0.4977591547558706,0.49882128775291507,0.0010621329970444404
Z_noise2,X_causal,5,0,0,9,0.49713261831606026,0.49514349742242825,-0.0019891208936320126
Z_noise2,X_conf,5,1,0,9,0.4232450589962977,0.4945014345101137,0.07125637551381597
Z_noise2,X_syn1,5,2,0,9,0.498577609842196,0.49501426542466453,-0.0035633444175314777
Z_noise2,X_syn2,5,3,0,9,0.4975677802943604,0.49568952007539113,-0.001878260218969252
Z_noise2,Z_noise1,5,4,0,9,0.4934530253457713,0.4975437554650632,0.0040907301192918966
Z_noise2,Z_noise3,5,6,0,9,0.4981879494748951,0.49670755502535974,-0.0014803944495353494
Z_noise3,X_causal,6,0,0,9,0.4986006135760787,0.4945396066715268,-0.0040610069045519115
Z_noise3,X_conf,6,1,0,9,0.42133876316756974,0.4959974018514827,0.07465863868391298
Z_noise3,X_syn1,6,2,0,9,0.4985905572714529,0.49938690950868153,0.0007963522372286258
Z_noise3,X_syn2,6,3,0,9,0.49732374214359565,0.4999937678671057,0.00267002572351005
Z_noise3,Z_noise1,6,4,0,9,0.49731440809063787,0.49918736005922837,0.0018729519685904972
Z_noise3,Z_noise2,6,5,0,9,0.4982326307989384,0.4976585761709177,-0.000574054628020737
X_causal,X_conf,0,1,1,0,0.4349274163623342,0.4957318558204177,0.060804439458083503
X_causal,X_syn1,0,2,1,0,0.49398828205209183,0.49374637908046015,-0.00024190297163168006
X_causal,X_syn2,0,3,1,0,0.4911772418058527,0.49553578324021413,0.004358541434361429
X_causal,Z_noise1,0,4,1,0,0.4956734707823271,0.49339176439227517,-0.0022817063900519297
X_causal,Z_noise2,0,5,1,0,0.49561960279542866,0.49944104926645716,0.0038214464710285
X_causal,Z_noise3,0,6,1,0,0.4942968493021296,0.4924782804859793,-0.0018185688161502789
X_conf,X_causal,1,0,1,0,0.4346508854376137,0.44230262594730335,0.007651740509689642
X_conf,X_syn1,1,2,1,0,0.43810737337322503,0.4396014495711644,0.001494076197939398
X_conf,X_syn2,1,3,1,0,0.4361637710803073,0.4369925835773089,0.0008288124970016186
X_conf,Z_noise1,1,4,1,0,0.4361559969831746,0.43312391862375316,-0.0030320783594214307
X_conf,Z_noise2,1,5,1,0,0.4393928981248196,0.440225955647035,0.000833057522215408
X_conf,Z_noise3,1,6,1,0,0.4373191075345469,0.43357406866910486,-0.0037450388654420297
X_syn1,X_causal,2,0,1,0,0.49347920087402525,0.4914062441959625,-0.0020729566780627318
X_syn1,X_conf,2,1,1,0,0.4390857657730526,0.4920457901406422,0.05296002436758962
X_syn1,X_syn2,2,3,1,0,0.4690746612934416,0.49381333958030815,0.024738678286866544
X_syn1,Z_noise1,2,4,1,0,0.49406068435258343,0.4945092457608332,0.0004485614082497813
X_syn1,Z_noise2,2,5,1,0,0.493014336716543,0.49927165667493467,0.006257319958391683
X_syn1,Z_noise3,2,6,1,0,0.4915178556401455,0.49042426923480936,-0.0010935864053361333
X_syn2,X_causal,3,0,1,0,0.4918489109334258,0.49074779721945616,-0.001101113713969648
X_syn2,X_conf,3,1,1,0,0.4348663871533586,0.4942703715663469,0.059403984412988275
X_syn2,X_syn1,3,2,1,0,0.46936384561214756,0.49381024690391445,0.024446401291766895
X_syn2,Z_noise1,3,4,1,0,0.4940078338078325,0.4933969811615838,-0.0006108526462486608
X_syn2,Z_noise2,3,5,1,0,0.49458285176592226,0.4942809531854378,-0.00030189858048446094
X_syn2,Z_noise3,3,6,1,0,0.4941186045833358,0.492076210027441,-0.0020423945558947776
Z_noise1,X_causal,4,0,1,0,0.49544693484877683,0.49725985470356104,0.0018129198547842118
Z_noise1,X_conf,4,1,1,0,0.4363077843849637,0.4972809677058755,0.060973183320911784
Z_noise1,X_syn1,4,2,1,0,0.494434538419653,0.49622344210261815,0.0017889036829651372
Z_noise1,X_syn2,4,3,1,0,0.4919492904831718,0.49788956948745816,0.005940279004286342
Z_noise1,Z_noise2,4,5,1,0,0.493998841481461,0.49496108730874927,0.0009622458272882661
Z_noise1,Z_noise3,4,6,1,0,0.49469926472201037,0.4933138904041712,-0.0013853743178391942
Z_noise2,X_causal,5,0,1,0,0.49580601044872485,0.4921507065469087,-0.003655303901816176
Z_noise2,X_conf,5,1,1,0,0.4397848025703493,0.4965317695827219,0.056746967012372584
Z_noise2,X_syn1,5,2,1,0,0.49346494912116284,0.4942764427215709,0.0008114936004080531
Z_noise2,X_syn2,5,3,1,0,0.49443291182356813,0.49439845928633325,-3.445253723488584e-05
Z_noise2,Z_noise1,5,4,1,0,0.4948597420671407,0.49713073853612527,0.0022709964689845985
Z_noise2,Z_noise3,5,6,1,0,0.4966372647560085,0.49203678468252626,-0.004600480073482238
Z_noise3,X_causal,6,0,1,0,0.4950146328079825,0.4950268131209557,1.2180312973175678e-05
Z_noise3,X_conf,6,1,1,0,0.4367129434145842,0.495277877766485,0.0585649343519008
Z_noise3,X_syn1,6,2,1,0,0.49133283018081253,0.49088229075642625,-0.0004505394243862759
Z_noise3,X_syn2,6,3,1,0,0.49310347012275524,0.4958567293522598,0.0027532592295045344
Z_noise3,Z_noise1,6,4,1,0,0.49469802486807446,0.49625810804993936,0.001560083181864902
Z_noise3,Z_noise2,6,5,1,0,0.4964219739157364,0.4961359853278891,-0.00028598858784728565
X_causal,X_conf,0,1,1,1,0.4452035126492312,0.49408618883896727,0.048882676189736074
X_causal,X_syn1,0,2,1,1,0.4900762765005436,0.49248606761220276,0.0024097911116591764
X_causal,X_syn2,0,3,1,1,0.4907524687997996,0.4973589479987839,0.006606479198984272
X_causal,Z_noise1,0,4,1,1,0.49537807040923737,0.49417638963865484,-0.001201680770582525
X_causal,Z_noise2,0,5,1,1,0.4962592343637095,0.49167322027672855,-0.00458601408698095
X_causal,Z_noise3,0,6,1,1,0.49423585922452684,0.4897754340019299,-0.004460425222596931
X_conf,X_causal,1,0,1,1,0.4461117015963021,0.4502084626416752,0.0040967610453730985
X_conf,X_syn1,1,2,1,1,0.4497452628754829,0.4543408884242656,0.0045956255487827335
X_conf,X_syn2,1,3,1,1,0.4508666044998312,0.45314719176673,0.002280587266898837
X_conf,Z_noise1,1,4,1,1,0.45348536495831426,0.4491721805743787,-0.0043131843839355755
X_conf,Z_noise2,1,5,1,1,0.44762148394274925,0.4437953262501026,-0.003826157692646659
X_conf,Z_noise3,1,6,1,1,0.4502990220614393,0.4471211453681185,-0.0031778766933208136
X_syn1,X_causal,2,0,1,1,0.4901999634698865,0.49418443201761925,0.003984468547732767
X_syn1,X_conf,2,1,1,1,0.4507245107801389,0.49568606700957196,0.04496155622943304
X_syn1,X_syn2,2,3,1,1,0.46606182565391074,0.49852435606381296,0.03246253040990221
X_syn1,Z_noise1,2,4,1,1,0.49679978968385907,0.4956119178642743,-0.001187871819584796
X_syn1,Z_noise2,2,5,1,1,0.496927859579783,0.49226579360850853,-0.004662065971274498
X_syn1,Z_noise3,2,6,1,1,0.4988894184764304,0.49433937182855453,-0.004550046647875894
X_syn2,X_causal,3,0,1,1,0.4920105099470392,0.4959387903788634,0.003928280431824194
X_syn2,X_conf,3,1,1,1,0.4504635745380789,0.49857120842367486,0.04810763388559597
X_syn2,X_syn1,3,2,1,1,0.46473769311320773,0.4950907181091246,0.030353024995916855
X_syn2,Z_noise1,3,4,1,1,0.4964323502414277,0.5017979102752835,0.005365560033855854
X_syn2,Z_noise2,3,5,1,1,0.501401154108863,0.48998181858909456,-0.011419335519768425
X_syn2,Z_noise3,3,6,1,1,0.49511629752848724,0.49637763058512374,0.0012613330566365044
Z_noise1,X_causal,4,0,1,1,0.49459403706851623,0.4947815475430123,0.0001875104744960554
Z_noise1,X_conf,4,1,1,1,0.45345496914800104,0.49785119849198783,0.04439622934398679
Z_noise1,X_syn1,4,2,1,1,0.49727653050492876,0.4965928321984836,-0.0006836983064451574
Z_noise1,X_syn2,4,3,1,1,0.4965419956090352,0.49691892464959153,0.0003769290405563064
Z_noise1,Z_noise2,4,5,1,1,0.4955452262129423,0.4956399259252743,9.469971233200258e-05
Z_noise1,Z_noise3,4,6,1,1,0.4983942321071179,0.49528114995293027,-0.003113082154187652
Z_noise2,X_causal,5,0,1,1,0.4971422190858857,0.4949905298196684,-0.0021516892662172826
Z_noise2,X_conf,5,1,1,1,0.44730097087501564,0.500664504257616,0.05336353338260036
Z_noise2,X_syn1,5,2,1,1,0.497839132660856,0.49742623763434596,-0.0004128950265100406
Z_noise2,X_syn2,5,3,1,1,0.5008361200712491,0.5005542868137133,-0.0002818332575358351
Z_noise2,Z_noise1,5,4,1,1,0.4956300771500416,0.49945639616152976,0.0038263190114881662
Z_noise2,Z_noise3,5,6,1,1,0.4987608909685796,0.49789022582005726,-0.0008706651485223538
Z_noise3,X_causal,6,0,1,1,0.49478530220778394,0.4962496832141539,0.0014643810063699747
Z_noise3,X_conf,6,1,1,1,0.4505242956965684,0.49808621639086553,0.047561920694297155
Z_noise3,X_syn1,6,2,1,1,0.4993609034620265,0.4966446562825716,-0.0027162471794549004
Z_noise3,X_syn2,6,3,1,1,0.4943175585002207,0.4984402413298201,0.004122682829599433
Z_noise3,Z_noise1,6,4,1,1,0.4998879630537744,0.4976361751665516,-0.0022517878872228003
Z_noise3,Z_noise2,6,5,1,1,0.4994665064619615,0.4981711391268224,-0.0012953673351390749
X_causal,X_conf,0,1,1,2,0.42779361722179426,0.4935858910716648,0.06579227384987052
X_causal,X_syn1,0,2,1,2,0.4963667861827334,0.49602639995282233,-0.0003403862299110605
X_causal,X_syn2,0,3,1,2,0.49708365629325824,0.49703641852426533,-4.723776899290266e-05
X_causal,Z_noise1,0,4,1,2,0.4971388764969213,0.49172791846722735,-0.005410958029693935
X_causal,Z_noise2,0,5,1,2,0.4963810078155943,0.49689148153003065,0.0005104737144363547
X_causal,Z_noise3,0,6,1,2,0.4971973677789284,0.49277731751165943,-0.004420050267268993
X_conf,X_causal,1,0,1,2,0.4280539465032179,0.42997894259403063,0.0019249960908127584
X_conf,X_syn1,1,2,1,2,0.4332649720022192,0.4415238315819711,0.00825885957975192
X_conf,X_syn2,1,3,1,2,0.4301874276776812,0.426825592010095,-0.0033618356675861882
X_conf,Z_noise1,1,4,1,2,0.43322692450693717,0.4353584016534294,0.0021314771464922555
X_conf,Z_noise2,1,5,1,2,0.43429111012367827,0.43240962087853685,-0.0018814892451414211
X_conf,Z_noise3,1,6,1,2,0.4308282156141651,0.4276435659190372,-0.003184649695127939
X_syn1,X_causal,2,0,1,2,0.4955796119840341,0.49284387348655395,-0.0027357384974801557
X_syn1,X_conf,2,1,1,2,0.43391028361253575,0.49803847999151146,0.06412819637897571
X_syn1,X_syn2,2,3,1,2,0.4767090435218225,0.49285513513620693,0.01614609161438446
X_syn1,Z_noise1,2,4,1,2,0.4943539602504242,0.49327931400013003,-0.0010746462502941867
X_syn1,Z_noise2,2,5,1,2,0.49576774034309584,0.492078695013345,-0.0036890453297508397
X_syn1,Z_noise3,2,6,1,2,0.49486608448256375,0.497176366417257,0.002310281934693237
X_syn2,X_causal,3,0,1,2,0.49712463704881094,0.4952293597049099,-0.0018952773439010473
X_syn2,X_conf,3,1,1,2,0.42998821274504845,0.49673850721013885,0.0667502944650904
X_syn2,X_syn1,3,2,1,2,0.4763463569787224,0.49458660888054257,0.01824025190182016
X_syn2,Z_noise1,3,4,1,2,0.4917417785859001,0.4944559742427847,0.002714195656884577
X_syn2,Z_noise2,3,5,1,2,0.4981732549428459,0.4927304209153137,-0.005442834027532206
X_syn2,Z_noise3,3,6,1,2,0.49938316678691713,0.4951466510129341,-0.004236515773983041
Z_noise1,X_causal,4,0,1,2,0.49710286678716886,0.494587069380459,-0.0025157974067098743
Z_noise1,X_conf,4,1,1,2,0.4329060283619728,0.4968997586331567,0.06399373027118394
Z_noise1,X_syn1,4,2,1,2,0.4938942797751882,0.4964194232774584,0.002525143502270233
Z_noise1,X_syn2,4,3,1,2,0.49184993053927434,0.4919921858882668,0.0001422553489924816
Z_noise1,Z_noise2,4,5,1,2,0.4937208025510104,0.49344521932984253,-0.00027558322116788547
Z_noise1,Z_noise3,4,6,1,2,0.5021540358975574,0.49360542520584905,-0.008548610691708314
Z_noise2,X_causal,5,0,1,2,0.4957624485410506,0.49643976792174616,0.0006773193806955402
Z_noise2,X_conf,5,1,1,2,0.4336093440198998,0.4956119494266979,0.062002605406798084
Z_noise2,X_syn1,5,2,1,2,0.4967236847854303,0.4988960930431428,0.0021724082577125325
Z_noise2,X_syn2,5,3,1,2,0.49847778250415004,0.49585103550041104,-0.002626747003738994
Z_noise2,Z_noise1,5,4,1,2,0.49348555234890745,0.4956767815777091,0.002191229228801661
Z_noise2,Z_noise3,5,6,1,2,0.49636265646255245,0.49968864221639336,0.00332598575384091
Z_noise3,X_causal,6,0,1,2,0.4974852596049397,0.4982991873880435,0.0008139277831037961
Z_noise3,X_conf,6,1,1,2,0.4310623622480282,0.5008839853565753,0.06982162310854712
Z_noise3,X_syn1,6,2,1,2,0.49496676349652535,0.49677974024857624,0.0018129767520508877
Z_noise3,X_syn2,6,3,1,2,0.49860915044789766,0.4965381543770873,-0.002070996070810349
Z_noise3,Z_noise1,6,4,1,2,0.5004825355748707,0.4931146853417666,-0.007367850233104045
Z_noise3,Z_noise2,6,5,1,2,0.4956132332839581,0.49893742442460387,0.003324191140645749
X_causal,X_conf,0,1,1,3,0.4487141214427744,0.4996310194408425,0.05091689799806809
X_causal,X_syn1,0,2,1,3,0.4937515028547115,0.49735540347033336,0.00360390061562188
X_causal,X_syn2,0,3,1,3,0.49807525809724545,0.4968122899629708,-0.001262968134274678
X_causal,Z_noise1,0,4,1,3,0.49752465818667724,0.49895899021233947,0.0014343320256622327
X_causal,Z_noise2,0,5,1,3,0.4986875699812504,0.4992001481099111,0.000512578128660679
X_causal,Z_noise3,0,6,1,3,0.49937128573529055,0.4981725006428217,-0.001198785092468846
X_conf,X_causal,1,0,1,3,0.4487087330468379,0.4434874656593482,-0.005221267387489681
X_conf,X_syn1,1,2,1,3,0.44588226763936556,0.44206384631250495,-0.0038184213268606104
X_conf,X_syn2,1,3,1,3,0.4388826041038915,0.4437277419690699,0.004845137865178373
X_conf,Z_noise1,1,4,1,3,0.44036597000603916,0.44240830449981833,0.002042334493779163
X_conf,Z_noise2,1,5,1,3,0.44277598410641955,0.44098940689104565,-0.0017865772153738968
X_conf,Z_noise3,1,6,1,3,0.4429252541523825,0.4414232587264911,-0.0015019954258914114
X_syn1,X_causal,2,0,1,3,0.4934305645660239,0.49617824988727616,0.0027476853212522467
X_syn1,X_conf,2,1,1,3,0.445775445899531,0.49334118802805826,0.047565742128527266
X_syn1,X_syn2,2,3,1,3,0.4754032879865932,0.49447169923872686,0.019068411252133655
X_syn1,Z_noise1,2,4,1,3,0.49218244622654334,0.4921294870860782,-5.2959140465158594e-05
X_syn1,Z_noise2,2,5,1,3,0.494776456182269,0.4934822703767314,-0.0012941858055375843
X_syn1,Z_noise3,2,6,1,3,0.4962317035842355,0.49415130749651187,-0.002080396087723646
X_syn2,X_causal,3,0,1,3,0.49859403494250115,0.5012883296200418,0.0026942946775406207
X_syn2,X_conf,3,1,1,3,0.4404446115924475,0.49902525861329466,0.05858064702084714
X_syn2,X_syn1,3,2,1,3,0.47442017512726575,0.4964025333284692,0.021982358201203422
X_syn2,Z_noise1,3,4,1,3,0.48990494731749734,0.49584837843268376,0.005943431115186415
X_syn2,Z_noise2,3,5,1,3,0.4987608312400036,0.5021032636551084,0.00334243241510479
X_syn2,Z_noise3,3,6,1,3,0.5006396398864927,0.4992232750690066,-0.0014163648174861376
Z_noise1,X_causal,4,0,1,3,0.4972277891438169,0.49558608259654835,-0.0016417065472685288
Z_noise1,X_conf,4,1,1,3,0.4393755006087309,0.4906546455861978,0.05127914497746694
Z_noise1,X_syn1,4,2,1,3,0.49117006718965195,0.4900489572734757,-0.001121109916176255
Z_noise1,X_syn2,4,3,1,3,0.4902522674828793,0.49253345230001544,0.002281184817136128
Z_noise1,Z_noise2,4,5,1,3,0.49453071100565155,0.4970994251460957,0.0025687141404441283
Z_noise1,Z_noise3,4,6,1,3,0.4939226633863938,0.49187126960938116,-0.0020513937770126334
Z_noise2,X_causal,5,0,1,3,0.49972568725467337,0.4971494815204146,-0.002576205734258763
Z_noise2,X_conf,5,1,1,3,0.4433777064517221,0.49505505811663986,0.05167735166491777
Z_noise2,X_syn1,5,2,1,3,0.4944231326206656,0.49262161268725674,-0.0018015199334088794
Z_noise2,X_syn2,5,3,1,3,0.498344004513623,0.49618501005157845,-0.002158994462044539
Z_noise2,Z_noise1,5,4,1,3,0.4946999908245046,0.496082515970864,0.0013825251463593924
Z_noise2,Z_noise3,5,6,1,3,0.49532992244083734,0.49504267965729837,-0.0002872427835389768
Z_noise3,X_causal,6,0,1,3,0.49956715918112,0.4975462300111766,-0.0020209291699433973
Z_noise3,X_conf,6,1,1,3,0.44402123783973857,0.4960891655792648,0.05206792773952623
Z_noise3,X_syn1,6,2,1,3,0.49632520019839105,0.4942324668237549,-0.0020927333746361687
Z_noise3,X_syn2,6,3,1,3,0.5020158572055018,0.4968895270645718,-0.005126330140930002
Z_noise3,Z_noise1,6,4,1,3,0.49350751112776003,0.49486778230321765,0.0013602711754576169
Z_noise3,Z_noise2,6,5,1,3,0.4945149113947043,0.49777376030124276,0.0032588489065384363
X_causal,X_conf,0,1,1,4,0.44851967683047544,0.4928596922972101,0.04434001546673466
X_causal,X_syn1,0,2,1,4,0.49747032712136674,0.49411897503694285,-0.0033513520844238864
X_causal,X_syn2,0,3,1,4,0.49587315936024207,0.49791677200218964,0.0020436126419475786
X_causal,Z_noise1,0,4,1,4,0.499865131325543,0.4983491651397661,-0.0015159661857768736
X_causal,Z_noise2,0,5,1,4,0.4949032471136922,0.49740748262253837,0.002504235508846153
X_causal,Z_noise3,0,6,1,4,0.4968472331279331,0.49416727786019393,-0.002679955267739176
X_conf,X_causal,1,0,1,4,0.4483422298351187,0.44683766539355274,-0.0015045644415659365
X_conf,X_syn1,1,2,1,4,0.4529605154285223,0.44373822055248946,-0.009222294876032822
X_conf,X_syn2,1,3,1,4,0.4483061911873091,0.4512980277608257,0.0029918365735166486
X_conf,Z_noise1,1,4,1,4,0.4520188435137674,0.4492331639974659,-0.0027856795163015424
X_conf,Z_noise2,1,5,1,4,0.4447213346822116,0.44598695869420957,0.001265624011997979
X_conf,Z_noise3,1,6,1,4,0.45275283049094384,0.4475813581531398,-0.005171472337804017
X_syn1,X_causal,2,0,1,4,0.49811006380116657,0.5005024272647436,0.0023923634635770186
X_syn1,X_conf,2,1,1,4,0.4529588816955388,0.4974514505207694,0.044492568825230616
X_syn1,X_syn2,2,3,1,4,0.4787302213680674,0.5004379309420871,0.021707709574019685
X_syn1,Z_noise1,2,4,1,4,0.4990530774962376,0.49710241753217044,-0.0019506599640671807
X_syn1,Z_noise2,2,5,1,4,0.4957601713588561,0.4990523968321473,0.0032922254732912215
X_syn1,Z_noise3,2,6,1,4,0.49885729564197173,0.49718891290341616,-0.0016683827385555738
X_syn2,X_causal,3,0,1,4,0.495415392905869,0.4953920956075669,-2.3297298302082936e-05
X_syn2,X_conf,3,1,1,4,0.44870675973211926,0.4926007705945403,0.04389401086242106
X_syn2,X_syn1,3,2,1,4,0.480094888773998,0.49314860495909657,0.013053716185098596
X_syn2,Z_noise1,3,4,1,4,0.5014839063472288,0.49560336707117375,-0.005880539276055086
X_syn2,Z_noise2,3,5,1,4,0.49361582393690556,0.4972230329190126,0.0036072089821070352
X_syn2,Z_noise3,3,6,1,4,0.49860023230453987,0.49806925630058574,-0.0005309760039541311
Z_noise1,X_causal,4,0,1,4,0.4999180722040133,0.4978531060964239,-0.0020649661075893833
Z_noise1,X_conf,4,1,1,4,0.45117656052476135,0.4956981395741616,0.04452157904940024
Z_noise1,X_syn1,4,2,1,4,0.4991963975794763,0.4960431568285264,-0.003153240750949915
Z_noise1,X_syn2,4,3,1,4,0.5007937537874311,0.5013848019599849,0.000591048172553843
Z_noise1,Z_noise2,4,5,1,4,0.4973718094339254,0.5030028533039619,0.0056310438700364895
Z_noise1,Z_noise3,4,6,1,4,0.5011039924044435,0.501946832228151,0.0008428398237074752
Z_noise2,X_causal,5,0,1,4,0.49407827157209294,0.49356567861486955,-0.00051259295722339
Z_noise2,X_conf,5,1,1,4,0.4444282458358567,0.4918151403275523,0.047386894491695586
Z_noise2,X_syn1,5,2,1,4,0.49641026789741927,0.49345358546845897,-0.0029566824289603
Z_noise2,X_syn2,5,3,1,4,0.4942086705820662,0.49671970064478865,0.0025110300627224635
Z_noise2,Z_noise1,5,4,1,4,0.49713759957961906,0.493828408735995,-0.003309190843624077
Z_noise2,Z_noise3,5,6,1,4,0.49670913473935463,0.49844484688440815,0.0017357121450535251
Z_noise3,X_causal,6,0,1,4,0.4976781458329227,0.49985360075289803,0.0021754549199753392
Z_noise3,X_conf,6,1,1,4,0.45208833150614663,0.49484628936479347,0.04275795785864683
Z_noise3,X_syn1,6,2,1,4,0.4997348309619064,0.4978353405389353,-0.0018994904229711063
Z_noise3,X_syn2,6,3,1,4,0.4992397333477936,0.49873329642393033,-0.0005064369238632627
Z_noise3,Z_noise1,6,4,1,4,0.5022167721333484,0.49971006541112484,-0.0025067067222235284
Z_noise3,Z_noise2,6,5,1,4,0.49715062846128166,0.5022201432514398,0.005069514790158158
X_causal,X_conf,0,1,1,5,0.460917978502827,0.5009823786655153,0.04006440016268831
X_causal,X_syn1,0,2,1,5,0.4971387375427442,0.4976470871329812,0.000508349590237045
X_causal,X_syn2,0,3,1,5,0.4976277310082108,0.49522389527231736,-0.0024038357358934226
X_causal,Z_noise1,0,4,1,5,0.49994859513045115,0.49843729194235686,-0.0015113031880942818
X_causal,Z_noise2,0,5,1,5,0.49746599201944336,0.500718654640214,0.0032526626207706744
X_causal,Z_noise3,0,6,1,5,0.49703304164781675,0.49636361653691286,-0.0006694251109038984
X_conf,X_causal,1,0,1,5,0.4612180438011524,0.46803031322951744,0.0068122694283650476
X_conf,X_syn1,1,2,1,5,0.4677342581539642,0.4634075747911854,-0.004326683362778805
X_conf,X_syn2,1,3,1,5,0.4628023641706802,0.4635902961561901,0.0007879319855098599
X_conf,Z_noise1,1,4,1,5,0.4677957106131348,0.4653307768205154,-0.002464933792619417
X_conf,Z_noise2,1,5,1,5,0.45980363887821873,0.4627549919571178,0.002951353078899044
X_conf,Z_noise3,1,6,1,5,0.46573057480901375,0.46312717908394513,-0.0026033957250686246
X_syn1,X_causal,2,0,1,5,0.49756094178771226,0.4969808052252108,-0.0005801365625014432
X_syn1,X_conf,2,1,1,5,0.4673176742161681,0.4970882491578401,0.029770574941672012
X_syn1,X_syn2,2,3,1,5,0.4661404958801538,0.5002065090851411,0.034066013204987255
X_syn1,Z_noise1,2,4,1,5,0.49516209565824526,0.4962301238753009,0.0010680282170556499
X_syn1,Z_noise2,2,5,1,5,0.4945544601255477,0.49478162924217806,0.00022716911663034356
X_syn1,Z_noise3,2,6,1,5,0.4951681422495809,0.4935849810457948,-0.0015831612037860987
X_syn2,X_causal,3,0,1,5,0.4984478149514456,0.4962782659996747,-0.0021695489517709055
X_syn2,X_conf,3,1,1,5,0.4623785011772937,0.49711356560176995,0.03473506442447627
X_syn2,X_syn1,3,2,1,5,0.46596900053111234,0.4985408249001259,0.03257182436901357
X_syn2,Z_noise1,3,4,1,5,0.4957330031001143,0.49726076560765525,0.0015277625075409418
X_syn2,Z_noise2,3,5,1,5,0.49451457832411777,0.49703500940958584,0.0025204310854680667
X_syn2,Z_noise3,3,6,1,5,0.4956070889687829,0.5036715160362653,0.008064427067482338
Z_noise1,X_causal,4,0,1,5,0.49887669933514817,0.49677738137599375,-0.002099317959154412
Z_noise1,X_conf,4,1,1,5,0.4676260102013721,0.4957513486817528,0.02812533848038068
Z_noise1,X_syn1,4,2,1,5,0.4950169724326838,0.49530353247997133,0.000286560047287554
Z_noise1,X_syn2,4,3,1,5,0.49518168718468286,0.49639752181963687,0.001215834634954005
Z_noise1,Z_noise2,4,5,1,5,0.49428625948830407,0.4990282297518806,0.004741970263576534
Z_noise1,Z_noise3,4,6,1,5,0.4994691182422285,0.4975165307212752,-0.0019525875209532861
Z_noise2,X_causal,5,0,1,5,0.49594727151273416,0.49243202652932455,-0.0035152449834096045
Z_noise2,X_conf,5,1,1,5,0.45959146306919985,0.49728164254494756,0.03769017947574771
Z_noise2,X_syn1,5,2,1,5,0.495246357355115,0.4976306354293199,0.002384278074204882
Z_noise2,X_syn2,5,3,1,5,0.4944881064274666,0.4957392933590364,0.001251186931569781
Z_noise2,Z_noise1,5,4,1,5,0.49473103860447976,0.49949287668096937,0.004761838076489611
Z_noise2,Z_noise3,5,6,1,5,0.493162155353344,0.49611047809849346,0.0029483227451494454
Z_noise3,X_causal,6,0,1,5,0.49758300734577937,0.49656343004392095,-0.0010195773018584209
Z_noise3,X_conf,6,1,1,5,0.464095206299083,0.4957691630983793,0.0316739567992963
Z_noise3,X_syn1,6,2,1,5,0.4944065924140837,0.4994666500452289,0.005060057631145198
Z_noise3,X_syn2,6,3,1,5,0.4953964119716614,0.4928120350368869,-0.0025843769347744794
Z_noise3,Z_noise1,6,4,1,5,0.4983368403903857,0.49582028674832374,-0.0025165536420619916
Z_noise3,Z_noise2,6,5,1,5,0.49343977579187226,0.4950987778083121,0.0016590020164398145
X_causal,X_conf,0,1,1,6,0.44565484130360605,0.4936703792157099,0.048015537912103834
X_causal,X_syn1,0,2,1,6,0.4943949100795212,0.49273569315525073,-0.0016592169242704569
X_causal,X_syn2,0,3,1,6,0.49677064232487894,0.493658861297484,-0.0031117810273949553
X_causal,Z_noise1,0,4,1,6,0.49454681363254077,0.4923803105419128,-0.0021665030906279914
X_causal,Z_noise2,0,5,1,6,0.49376118503717353,0.4971855175978047,0.0034243325606311825
X_causal,Z_noise3,0,6,1,6,0.4963382851277973,0.4953217238257634,-0.0010165613020339248
X_conf,X_causal,1,0,1,6,0.4459027158707176,0.4466075787421709,0.0007048628714532712
X_conf,X_syn1,1,2,1,6,0.4426724475817642,0.44965885896389246,0.006986411382128244
X_conf,X_syn2,1,3,1,6,0.4454432206616901,0.44652688795171175,0.0010836672900216282
X_conf,Z_noise1,1,4,1,6,0.44759562602600056,0.4432056976764334,-0.00438992834956714
X_conf,Z_noise2,1,5,1,6,0.44526658483095766,0.45023079144502387,0.004964206614066213
X_conf,Z_noise3,1,6,1,6,0.4452887216064318,0.4468320416680339,0.001543320061602127
X_syn1,X_causal,2,0,1,6,0.49219778104367,0.4930498507902312,0.0008520697465612126
X_syn1,X_conf,2,1,1,6,0.44250369069893575,0.49465691343958323,0.05215322274064749
X_syn1,X_syn2,2,3,1,6,0.4613202732815611,0.4931054573991005,0.03178518411753939
X_syn1,Z_noise1,2,4,1,6,0.49402758302961247,0.4896461412847941,-0.00438144174481836
X_syn1,Z_noise2,2,5,1,6,0.49254326057893233,0.49087220681766874,-0.0016710537612635856
X_syn1,Z_noise3,2,6,1,6,0.4974000390388961,0.495493964928401,-0.0019060741104951484
X_syn2,X_causal,3,0,1,6,0.49722379673419376,0.49636929633147653,-0.0008545004027172287
X_syn2,X_conf,3,1,1,6,0.4456744282645124,0.4945715283072512,0.048897100042738784
X_syn2,X_syn1,3,2,1,6,0.4599919573253972,0.4969214444505501,0.03692948712515287
X_syn2,Z_noise1,3,4,1,6,0.4963335365918468,0.48922950593115766,-0.0071040306606891535
X_syn2,Z_noise2,3,5,1,6,0.4986474148067271,0.49844585981514355,-0.00020155499158353019
X_syn2,Z_noise3,3,6,1,6,0.49688157613807904,0.49853409590435094,0.0016525197662718982
Z_noise1,X_causal,4,0,1,6,0.49472924944189023,0.49647902268511057,0.0017497732432203428
Z_noise1,X_conf,4,1,1,6,0.4486422554955199,0.4959699879954248,0.047327732499904906
Z_noise1,X_syn1,4,2,1,6,0.49296730795901184,0.496853429960165,0.0038861220011531805
Z_noise1,X_syn2,4,3,1,6,0.49548779539983817,0.497020748360498,0.0015329529606598058
Z_noise1,Z_noise2,4,5,1,6,0.4956141122486599,0.5026307582546703,0.007016646006010374
Z_noise1,Z_noise3,4,6,1,6,0.4969493492538457,0.49677059979913235,-0.00017874945471335613
Z_noise2,X_causal,5,0,1,6,0.4935707847332151,0.4946431585938336,0.0010723738606185362
Z_noise2,X_conf,5,1,1,6,0.44537080354743863,0.4977641074378401,0.05239330389040148
Z_noise2,X_syn1,5,2,1,6,0.49312797797083097,0.4961243207993175,0.0029963428284865423
Z_noise2,X_syn2,5,3,1,6,0.4988157669460096,0.49996403071848405,0.001148263772474456
Z_noise2,Z_noise1,5,4,1,6,0.49567275258588916,0.4924494760299672,-0.0032232765559219723
Z_noise2,Z_noise3,5,6,1,6,0.4997653991871558,0.4980794992983614,-0.0016858998887944177
Z_noise3,X_causal,6,0,1,6,0.4966200090024965,0.49608210945637715,-0.0005378995461193248
Z_noise3,X_conf,6,1,1,6,0.44639638969415124,0.5004773445903339,0.05408095489618264
Z_noise3,X_syn1,6,2,1,6,0.49848044208817444,0.4996570665540196,0.0011766244658451552
Z_noise3,X_syn2,6,3,1,6,0.4974134563693585,0.5003405537939613,0.0029270974246027315
Z_noise3,Z_noise1,6,4,1,6,0.49639742314743274,0.49308593071848905,-0.0033114924289436853
Z_noise3,Z_noise2,6,5,1,6,0.4993701246797932,0.5008835560358961,0.001513431356102879
X_causal,X_conf,0,1,1,7,0.4468683186800798,0.49716259447403915,0.05029427579395934
X_causal,X_syn1,0,2,1,7,0.5026692389492686,0.4971766264980375,-0.005492612451231116
X_causal,X_syn2,0,3,1,7,0.49345852086758357,0.4976732290974527,0.004214708229869135
X_causal,Z_noise1,0,4,1,7,0.49390233019884916,0.49606779039714954,0.002165460198300384
X_causal,Z_noise2,0,5,1,7,0.4986353179687417,0.49417381348894407,-0.004461504479797651
X_causal,Z_noise3,0,6,1,7,0.4985505640792573,0.497752695420451,-0.0007978686588063222
X_conf,X_causal,1,0,1,7,0.4469537675423609,0.44046838556294204,-0.006485381979418836
X_conf,X_syn1,1,2,1,7,0.44318157457258917,0.4459047642592697,0.0027231896866805605
X_conf,X_syn2,1,3,1,7,0.4447055011837865,0.4384671067715133,-0.006238394412273196
X_conf,Z_noise1,1,4,1,7,0.4413317239266329,0.4471944211444188,0.005862697217785928
X_conf,Z_noise2,1,5,1,7,0.4449064625365836,0.44185023833663606,-0.003056224199947555
X_conf,Z_noise3,1,6,1,7,0.4457011788144846,0.4434561164867938,-0.002245062327690839
X_syn1,X_causal,2,0,1,7,0.5016411282524735,0.49887016964344016,-0.0027709586090333693
X_syn1,X_conf,2,1,1,7,0.4432615364790767,0.5023661120972234,0.05910457561814669
X_syn1,X_syn2,2,3,1,7,0.47675000889356467,0.5005142326086235,0.02376422371505882
X_syn1,Z_noise1,2,4,1,7,0.4952649401927681,0.5004880780479241,0.005223137855155935
X_syn1,Z_noise2,2,5,1,7,0.5021896183041076,0.500779474899625,-0.0014101434044825334
X_syn1,Z_noise3,2,6,1,7,0.4997224401823901,0.49958056774674015,-0.0001418724356499479
X_syn2,X_causal,3,0,1,7,0.49416313679791934,0.4970213991297522,0.0028582623318328393
X_syn2,X_conf,3,1,1,7,0.4429138336867599,0.5001552559406673,0.05724142225390744
X_syn2,X_syn1,3,2,1,7,0.4771220016227275,0.49463247614196315,0.017510474519235653
X_syn2,Z_noise1,3,4,1,7,0.49560094726173726,0.49615738310472735,0.0005564358429900884
X_syn2,Z_noise2,3,5,1,7,0.499403888526528,0.49790941458437177,-0.001494473942156238
X_syn2,Z_noise3,3,6,1,7,0.4996409623686979,0.49765057424470716,-0.0019903881239907717
Z_noise1,X_causal,4,0,1,7,0.4941257940329717,0.4938263814469669,-0.00029941258600479914
Z_noise1,X_conf,4,1,1,7,0.4418958014910189,0.4961795797397493,0.054283778248730374
Z_noise1,X_syn1,4,2,1,7,0.49604653560324957,0.49498463641596663,-0.0010618991872829442
Z_noise1,X_syn2,4,3,1,7,0.4966893809193877,0.49457716638852584,-0.0021122145308618556
Z_noise1,Z_noise2,4,5,1,7,0.49780434979000465,0.49329598624914445,-0.004508363540860205
Z_noise1,Z_noise3,4,6,1,7,0.49619270966039514,0.49443165302874953,-0.0017610566316456078
Z_noise2,X_causal,5,0,1,7,0.4993656179365371,0.49844929306285,-0.000916324873687091
Z_noise2,X_conf,5,1,1,7,0.44526515556112867,0.4990730000463016,0.05380784448517295
Z_noise2,X_syn1,5,2,1,7,0.5027210735842071,0.5004426239019467,-0.0022784496822604305
Z_noise2,X_syn2,5,3,1,7,0.49972164759228127,0.5016483189498144,0.0019266713575331607
Z_noise2,Z_noise1,5,4,1,7,0.49730718692306203,0.500859317722294,0.003552130799231945
Z_noise2,Z_noise3,5,6,1,7,0.49760276729167485,0.4965704148591253,-0.0010323524325495659
Z_noise3,X_causal,6,0,1,7,0.4988795642369392,0.49859232388725255,-0.0002872403496866349
Z_noise3,X_conf,6,1,1,7,0.44623629629195755,0.5013014608000912,0.055065164508133646
Z_noise3,X_syn1,6,2,1,7,0.4997210253887294,0.49782406213709096,-0.0018969632516384616
Z_noise3,X_syn2,6,3,1,7,0.5003280010599661,0.49978909060445187,-0.000538910455514241
Z_noise3,Z_noise1,6,4,1,7,0.4956650856534974,0.4973500262942155,0.0016849406407181133
Z_noise3,Z_noise2,6,5,1,7,0.4975472904172909,0.4997236918055892,0.002176401388298277
X_causal,X_conf,0,1,1,8,0.4234767428250062,0.5030131407228724,0.0795363978978662
X_causal,X_syn1,0,2,1,8,0.4949904144993811,0.49793161093069954,0.00294119643131846
X_causal,X_syn2,0,3,1,8,0.4955473114568811,0.4930993015014281,-0.0024480099554529677
X_causal,Z_noise1,0,4,1,8,0.49559087019039805,0.49671381057259806,0.0011229403822000106
X_causal,Z_noise2,0,5,1,8,0.4972975515005363,0.49513653698177035,-0.0021610145187659358
X_causal,Z_noise3,0,6,1,8,0.4960199183401422,0.4965264011820061,0.0005064828418638867
X_conf,X_causal,1,0,1,8,0.42386370602446727,0.4294814786635408,0.005617772639073537
X_conf,X_syn1,1,2,1,8,0.42509875232344063,0.4253029621720227,0.00020420984858204871
X_conf,X_syn2,1,3,1,8,0.4244660999296571,0.4266715500703889,0.0022054501407318128
X_conf,Z_noise1,1,4,1,8,0.4294374599731658,0.4271711659729311,-0.002266294000234703
X_conf,Z_noise2,1,5,1,8,0.4284486511845595,0.42593273754246364,-0.002515913642095857
X_conf,Z_noise3,1,6,1,8,0.4295991001061842,0.4304439133518213,0.0008448132456371216
X_syn1,X_causal,2,0,1,8,0.49427377422427227,0.4960342267138371,0.0017604524895648566
X_syn1,X_conf,2,1,1,8,0.42521551229962234,0.4999389283381263,0.07472341603850396
X_syn1,X_syn2,2,3,1,8,0.4730382251124464,0.4988881282069135,0.025849903094467053
X_syn1,Z_noise1,2,4,1,8,0.5026886533352182,0.4953632078722317,-0.0073254454629864685
X_syn1,Z_noise2,2,5,1,8,0.49420472895468487,0.4957502457346704,0.0015455167799855452
X_syn1,Z_noise3,2,6,1,8,0.49580932124523036,0.4988062351788355,0.0029969139336051276
X_syn2,X_causal,3,0,1,8,0.49560291277512103,0.4994197733331128,0.003816860557991797
X_syn2,X_conf,3,1,1,8,0.42430690287066164,0.5010380428371963,0.07673113996653469
X_syn2,X_syn1,3,2,1,8,0.4717662260920979,0.49941598758409755,0.027649761491999658
X_syn2,Z_noise1,3,4,1,8,0.49213164684070193,0.49943526671229477,0.007303619871592837
X_syn2,Z_noise2,3,5,1,8,0.4949835104786791,0.4956821255357136,0.0006986150570345018
X_syn2,Z_noise3,3,6,1,8,0.49361349918727004,0.4952405794670647,0.0016270802797946349
Z_noise1,X_causal,4,0,1,8,0.4960258203683483,0.49849090065496643,0.0024650802866181265
Z_noise1,X_conf,4,1,1,8,0.42942732539168793,0.4969055292104205,0.0674782038187326
Z_noise1,X_syn1,4,2,1,8,0.5022384340574889,0.49598780384980606,-0.00625063020768285
Z_noise1,X_syn2,4,3,1,8,0.49235680681757815,0.4935838434793556,0.0012270366617774253
Z_noise1,Z_noise2,4,5,1,8,0.49310113495345476,0.49623051687390957,0.00312938192045481
Z_noise1,Z_noise3,4,6,1,8,0.49532899822180526,0.4940747668089518,-0.0012542314128534682
Z_noise2,X_causal,5,0,1,8,0.49678565823141824,0.4964204584306167,-0.0003651998008015189
Z_noise2,X_conf,5,1,1,8,0.4275094073032847,0.49668061530421564,0.06917120800093096
Z_noise2,X_syn1,5,2,1,8,0.4945039928083579,0.4998583517466241,0.0053543589382661905
Z_noise2,X_syn2,5,3,1,8,0.4954035248143986,0.495207800929049,-0.00019572388534960794
Z_noise2,Z_noise1,5,4,1,8,0.49257935355409993,0.4970750741476202,0.004495720593520269
Z_noise2,Z_noise3,5,6,1,8,0.4932824093527309,0.49685970974743465,0.003577300394703775
Z_noise3,X_causal,6,0,1,8,0.4964888378914554,0.4962267151537472,-0.0002621227377082036
Z_noise3,X_conf,6,1,1,8,0.43008478659249705,0.4955024127818376,0.06541762618934055
Z_noise3,X_syn1,6,2,1,8,0.49657796325931475,0.495957600776138,-0.0006203624831767618
Z_noise3,X_syn2,6,3,1,8,0.4943963613361593,0.49337829152628293,-0.001018069809876343
Z_noise3,Z_noise1,6,4,1,8,0.49529962393244825,0.49110832364078166,-0.004191300291666589
Z_noise3,Z_noise2,6,5,1,8,0.4938500057143844,0.49852404015234625,0.004674034437961827
X_causal,X_conf,0,1,1,9,0.43227641009140505,0.49903979292883693,0.06676338283743188
X_causal,X_syn1,0,2,1,9,0.4985242177055897,0.49933538619576495,0.0008111684901752625
X_causal,X_syn2,0,3,1,9,0.5006111535653879,0.4972229297654776,-0.0033882237999102727
X_causal,Z_noise1,0,4,1,9,0.5009066793473593,0.4975015943144334,-0.003405085032925914
X_causal,Z_noise2,0,5,1,9,0.4983388646693494,0.4988695443775125,0.0005306797081631176
X_causal,Z_noise3,0,6,1,9,0.5005702002994717,0.4998169991497785,-0.0007532011496932389
X_conf,X_causal,1,0,1,9,0.43117778959928554,0.43138816603028135,0.00021037643099580672
X_conf,X_syn1,1,2,1,9,0.43311146893173486,0.4298871177794786,-0.0032243511522562773
X_conf,X_syn2,1,3,1,9,0.43018391928149385,0.42785124664772645,-0.0023326726337674075
X_conf,Z_noise1,1,4,1,9,0.428801187771494,0.42990310238854645,0.0011019146170524463
X_conf,Z_noise2,1,5,1,9,0.42895422055477817,0.42957637730092885,0.0006221567461506816
X_conf,Z_noise3,1,6,1,9,0.4273259404939662,0.4321260116590401,0.00480007116507386
X_syn1,X_causal,2,0,1,9,0.4992867002017549,0.4930044626607507,-0.00628223754100421
X_syn1,X_conf,2,1,1,9,0.4335193364027922,0.4985209019708953,0.0650015655681031
X_syn1,X_syn2,2,3,1,9,0.4790786119493823,0.49176084300376477,0.012682231054382487
X_syn1,Z_noise1,2,4,1,9,0.49808267743281376,0.4981055426971568,2.286526434303049e-05
X_syn1,Z_noise2,2,5,1,9,0.495262348441243,0.4981937689355122,0.002931420494269199
X_syn1,Z_noise3,2,6,1,9,0.4940795436479106,0.49831369343473064,0.004234149786820018
X_syn2,X_causal,3,0,1,9,0.5007026706293164,0.49749895843470693,-0.003203712194609465
X_syn2,X_conf,3,1,1,9,0.43103160466514595,0.4999897807294459,0.06895817606429994
X_syn2,X_syn1,3,2,1,9,0.4786427258338703,0.4960842284191615,0.017441502585291202
X_syn2,Z_noise1,3,4,1,9,0.49949179452658554,0.5009615865306289,0.001469792004043402
X_syn2,Z_noise2,3,5,1,9,0.4981130886902743,0.49204629204292055,-0.006066796647353767
X_syn2,Z_noise3,3,6,1,9,0.4946906096474564,0.49897662242473223,0.004286012777275805
Z_noise1,X_causal,4,0,1,9,0.5013072334719816,0.4945236119694999,-0.006783621502481685
Z_noise1,X_conf,4,1,1,9,0.4290803798809646,0.49468032844828214,0.06559994856731755
Z_noise1,X_syn1,4,2,1,9,0.49755690371854533,0.4980011471174005,0.00044424339885518194
Z_noise1,X_syn2,4,3,1,9,0.4979125131281503,0.4914744456642592,-0.0064380674638911395
Z_noise1,Z_noise2,4,5,1,9,0.4937245824717635,0.4950454298852686,0.001320847413505133
Z_noise1,Z_noise3,4,6,1,9,0.49692805977888016,0.49828791714441634,0.0013598573655361768
Z_noise2,X_causal,5,0,1,9,0.49797662660712555,0.4916438656486848,-0.006332760958440764
Z_noise2,X_conf,5,1,1,9,0.4297215761445131,0.5000959777967562,0.07037440165224307
Z_noise2,X_syn1,5,2,1,9,0.4946764121720959,0.4949498640911189,0.0002734519190230045
Z_noise2,X_syn2,5,3,1,9,0.4985337279596842,0.4961812697213016,-0.002352458238382593
Z_noise2,Z_noise1,5,4,1,9,0.49356641870311424,0.4942008296364033,0.0006344109332890868
Z_noise2,Z_noise3,5,6,1,9,0.49832469209080776,0.4963823850155835,-0.0019423070752242477
Z_noise3,X_causal,6,0,1,9,0.5005822004941642,0.49524301297170825,-0.00533918752245599
Z_noise3,X_conf,6,1,1,9,0.4269522595638501,0.4920323237822324,0.0650800642183823
Z_noise3,X_syn1,6,2,1,9,0.4947694310145096,0.49706106996488186,0.0022916389503722656
Z_noise3,X_syn2,6,3,1,9,0.4935353429321981,0.4945880970884261,0.0010527541562280196
Z_noise3,Z_noise1,6,4,1,9,0.49691255496948894,0.4946788554851131,-0.0022336994843758506
Z_noise3,Z_noise2,6,5,1,9,0.4982168034757498,0.4931361760370734,-0.005080627438676433
X_causal,X_conf,0,1,2,0,0.4309991655567345,0.4918653642828315,0.060866198726097
X_causal,X_syn1,0,2,2,0,0.49137666470970437,0.4933423228969135,0.0019656581872091183
X_causal,X_syn2,0,3,2,0,0.4954033093086278,0.49371704492251817,-0.0016862643861096371
X_causal,Z_noise1,0,4,2,0,0.4933295738492654,0.49374778831488614,0.0004182144656207365
X_causal,Z_noise2,0,5,2,0,0.49379240848016653,0.4943453016878614,0.0005528932076948601
X_causal,Z_noise3,0,6,2,0,0.49422395849708767,0.49316829110240035,-0.0010556673946873207
X_conf,X_causal,1,0,2,0,0.43067320163466233,0.43192800957005556,0.0012548079353932318
X_conf,X_syn1,1,2,2,0,0.42839628703684435,0.43058579348209597,0.002189506445251621
X_conf,X_syn2,1,3,2,0,0.43122618004333035,0.42698279815728124,-0.0042433818860491135
X_conf,Z_noise1,1,4,2,0,0.4307087371845641,0.43129483317829215,0.000586095993728053
X_conf,Z_noise2,1,5,2,0,0.4293668445041319,0.4334840927096424,0.004117248205510515
X_conf,Z_noise3,1,6,2,0,0.43065335764142243,0.43005124085788193,-0.0006021167835404961
X_syn1,X_causal,2,0,2,0,0.4921736323231922,0.4959201466697725,0.0037465143465802986
X_syn1,X_conf,2,1,2,0,0.42934632070311796,0.4920591469188217,0.06271282621570373
X_syn1,X_syn2,2,3,2,0,0.47264593130809057,0.49076517527280533,0.01811924396471476
X_syn1,Z_noise1,2,4,2,0,0.49629081695587995,0.4961198441025453,-0.00017097285333467216
X_syn1,Z_noise2,2,5,2,0,0.4924040458336778,0.49138925778190223,-0.0010147880517755725
X_syn1,Z_noise3,2,6,2,0,0.4923551664070992,0.4919343823856124,-0.0004207840214868197
X_syn2,X_causal,3,0,2,0,0.4952567478485661,0.49686187266407633,0.0016051248155102282
X_syn2,X_conf,3,1,2,0,0.430668259651451,0.4939260652588583,0.06325780560740729
X_syn2,X_syn1,3,2,2,0,0.4719117053340688,0.4942765433830833,0.022364838049014513
X_syn2,Z_noise1,3,4,2,0,0.4946777037052545,0.49513709670108336,0.0004593929958288667
X_syn2,Z_noise2,3,5,2,0,0.4974865385575066,0.49624629200677206,-0.001240246550734514
X_syn2,Z_noise3,3,6,2,0,0.4955923670574799,0.49432059651595084,-0.0012717705415290492
Z_noise1,X_causal,4,0,2,0,0.49373373955164024,0.49570009516307156,0.001966355611431325
Z_noise1,X_conf,4,1,2,0,0.4300167966582146,0.49421628213714874,0.06419948547893417
Z_noise1,X_syn1,4,2,2,0,0.49598371780196704,0.49476418956878293,-0.0012195282331841084
Z_noise1,X_syn2,4,3,2,0,0.49480554327637705,0.49615547089486967,0.001349927618492619
Z_noise1,Z_noise2,4,5,2,0,0.49345362089294653,0.49371717375610497,0.00026355286315843385
Z_noise1,Z_noise3,4,6,2,0,0.49472844521435594,0.49785059392440234,0.003122148710046402
Z_noise2,X_causal,5,0,2,0,0.49330734521629127,0.4989067043467828,0.0055993591304915324
Z_noise2,X_conf,5,1,2,0,0.42980515648856166,0.49436413372344123,0.06455897723487958
Z_noise2,X_syn1,5,2,2,0,0.4915977753556945,0.4932880312623224,0.0016902559066279133
Z_noise2,X_syn2,5,3,2,0,0.49877881055405676,0.4973320129837606,-0.0014467975702961433
Z_noise2,Z_noise1,5,4,2,0,0.49467256882524524,0.49774581035343146,0.0030732415281862213
Z_noise2,Z_noise3,5,6,2,0,0.4968595270096404,0.4955720818754549,-0.0012874451341855497
Z_noise3,X_causal,6,0,2,0,0.4937712974146682,0.49344633511048386,-0.0003249623041843286
Z_noise3,X_conf,6,1,2,0,0.4301543993861925,0.49311365769353066,0.06295925830733817
Z_noise3,X_syn1,6,2,2,0,0.49092714097218115,0.49757763958901835,0.006650498616837197
Z_noise3,X_syn2,6,3,2,0,0.495182137666874,0.49692207632155905,0.0017399386546850248
Z_noise3,Z_noise1,6,4,2,0,0.4947992136300564,0.4966917329596114,0.0018925193295549758
Z_noise3,Z_noise2,6,5,2,0,0.49673197258301066,0.4923427513426049,-0.00438922124040575
X_causal,X_conf,0,1,2,1,0.44474445191185075,0.49273816702253476,0.04799371511068401
X_causal,X_syn1,0,2,2,1,0.4979316200319447,0.49763155912718027,-0.00030006090476442093
X_causal,X_syn2,0,3,2,1,0.4980202471673616,0.4986191939622798,0.0005989467949182314
X_causal,Z_noise1,0,4,2,1,0.4979386695791402,0.4952125828449632,-0.002726086734176958
X_causal,Z_noise2,0,5,2,1,0.4935761517746094,0.49433226096919997,0.0007561091945905707
X_causal,Z_noise3,0,6,2,1,0.49241601333214874,0.4979929853772643,0.005576972045115536
X_conf,X_causal,1,0,2,1,0.4453804132389861,0.4380438550945672,-0.007336558144418859
X_conf,X_syn1,1,2,2,1,0.44495789959670634,0.439508192746334,-0.005449706850372327
X_conf,X_syn2,1,3,2,1,0.44758274332244713,0.4487034590951869,0.0011207157727397554
X_conf,Z_noise1,1,4,2,1,0.4472367630350956,0.43695462351950803,-0.01028213951558754
X_conf,Z_noise2,1,5,2,1,0.44275414509615857,0.4431658239392873,0.0004116788431287044
X_conf,Z_noise3,1,6,2,1,0.4429751578424571,0.4414568439855247,-0.0015183138569324073
X_syn1,X_causal,2,0,2,1,0.4975198173637731,0.4963187561485198,-0.0012010612152533184
X_syn1,X_conf,2,1,2,1,0.4443426446132345,0.49930459831298524,0.05496195369975071
X_syn1,X_syn2,2,3,2,1,0.4606736104856417,0.49805062206288897,0.037377011577247266
X_syn1,Z_noise1,2,4,2,1,0.49770040678208094,0.4963617178194217,-0.0013386889626592624
X_syn1,Z_noise2,2,5,2,1,0.49385932899063795,0.49648881744712287,0.0026294884564849186
X_syn1,Z_noise3,2,6,2,1,0.49649527077684935,0.4980245348853783,0.0015292641085289382
X_syn2,X_causal,3,0,2,1,0.4980076030992234,0.49524010210239844,-0.0027675009968249342
X_syn2,X_conf,3,1,2,1,0.4474962184261949,0.49760431081586415,0.050108092389669234
X_syn2,X_syn1,3,2,2,1,0.46177304328442087,0.4984705704292445,0.036697527144823605
X_syn2,Z_noise1,3,4,2,1,0.49596707400512285,0.49422512874733426,-0.0017419452577885908
X_syn2,Z_noise2,3,5,2,1,0.4965661170475423,0.4972434880752339,0.000677371027691609
X_syn2,Z_noise3,3,6,2,1,0.493835308999989,0.498697168337161,0.004861859337171981
Z_noise1,X_causal,4,0,2,1,0.49756215271481347,0.5022869130703361,0.004724760355522661
Z_noise1,X_conf,4,1,2,1,0.4471755564788513,0.4942444793107418,0.04706892283189046
Z_noise1,X_syn1,4,2,2,1,0.498938857599507,0.49779046928155934,-0.0011483883179476684
Z_noise1,X_syn2,4,3,2,1,0.49564997778223274,0.5007228400302415,0.005072862248008736
Z_noise1,Z_noise2,4,5,2,1,0.49618605588315523,0.49486842186416885,-0.00131763401898638
Z_noise1,Z_noise3,4,6,2,1,0.4969502101988649,0.4987008771052146,0.0017506669063497293
Z_noise2,X_causal,5,0,2,1,0.4929792527813801,0.4952123225792119,0.002233069797831777
Z_noise2,X_conf,5,1,2,1,0.44170328267983466,0.49535234935505335,0.05364906667521868
Z_noise2,X_syn1,5,2,2,1,0.4927662740570667,0.49532361586406953,0.002557341807002844
Z_noise2,X_syn2,5,3,2,1,0.4953421209245264,0.4970663881607113,0.0017242672361849065
Z_noise2,Z_noise1,5,4,2,1,0.4960444050218782,0.49543858340857605,-0.0006058216133021377
Z_noise2,Z_noise3,5,6,2,1,0.4916480304613378,0.49798266374372935,0.006334633282391533
Z_noise3,X_causal,6,0,2,1,0.49253306519270085,0.49325855785236544,0.000725492659664595
Z_noise3,X_conf,6,1,2,1,0.4427231975606837,0.5000809582558322,0.05735776069514853
Z_noise3,X_syn1,6,2,2,1,0.4956623369874685,0.4984461384795512,0.002783801492082738
Z_noise3,X_syn2,6,3,2,1,0.4938554364093948,0.49781515438233787,0.003959717972943089
Z_noise3,Z_noise1,6,4,2,1,0.4968039463657526,0.49536735489536987,-0.0014365914703827198
Z_noise3,Z_noise2,6,5,2,1,0.4914284589802478,0.494292297382166,0.0028638384019182284
X_causal,X_conf,0,1,2,2,0.43098224433269666,0.494489542439906,0.06350729810720934
X_causal,X_syn1,0,2,2,2,0.4933011818028312,0.49596262414567466,0.002661442342843434
X_causal,X_syn2,0,3,2,2,0.4938280814898323,0.49555866295365597,0.001730581463823655
X_causal,Z_noise1,0,4,2,2,0.4935615556624334,0.498020563318019,0.004459007655585601
X_causal,Z_noise2,0,5,2,2,0.49538827198958785,0.4970517728072191,0.0016635008176312804
X_causal,Z_noise3,0,6,2,2,0.4976689810659388,0.49699917341943806,-0.0006698076465007641
X_conf,X_causal,1,0,2,2,0.43070502854735415,0.43089031114281034,0.0001852825954561932
X_conf,X_syn1,1,2,2,2,0.4312980152146417,0.42840228946305287,-0.002895725751588807
X_conf,X_syn2,1,3,2,2,0.4259250473331485,0.42855685304061353,0.002631805707465018
X_conf,Z_noise1,1,4,2,2,0.4308042535817689,0.42442906941595904,-0.006375184165809844
X_conf,Z_noise2,1,5,2,2,0.4279034007175026,0.429876236213909,0.001972835496406422
X_conf,Z_noise3,1,6,2,2,0.4276438978238232,0.4290534468848991,0.0014095490610758765
X_syn1,X_causal,2,0,2,2,0.4939649238940451,0.49327660371637766,-0.0006883201776674563
X_syn1,X_conf,2,1,2,2,0.4304753350239886,0.498285705293938,0.0678103702699494
X_syn1,X_syn2,2,3,2,2,0.4696039274288083,0.49314496549248915,0.023541038063680852
X_syn1,Z_noise1,2,4,2,2,0.4946358453511375,0.49504045622626525,0.00040461087512772
X_syn1,Z_noise2,2,5,2,2,0.4943868714199354,0.4952099647265364,0.0008230933066009638
X_syn1,Z_noise3,2,6,2,2,0.4987347677082,0.4948550630851671,-0.0038797046230329424
X_syn2,X_causal,3,0,2,2,0.4938585758844822,0.49176265903352834,-0.0020959168509538384
X_syn2,X_conf,3,1,2,2,0.424695886124603,0.49367901314038687,0.06898312701578385
X_syn2,X_syn1,3,2,2,2,0.47116885645491496,0.49480580634397997,0.023636949889065006
X_syn2,Z_noise1,3,4,2,2,0.4932174557180767,0.4925617185114426,-0.0006557372066340883
X_syn2,Z_noise2,3,5,2,2,0.4972413233798924,0.49550900097883627,-0.001732322401056141
X_syn2,Z_noise3,3,6,2,2,0.4962660048051565,0.49688194070639713,0.0006159359012406496
Z_noise1,X_causal,4,0,2,2,0.4940798740993261,0.4929567023507752,-0.0011231717485508663
Z_noise1,X_conf,4,1,2,2,0.43114741536712997,0.49399586164176157,0.0628484462746316
Z_noise1,X_syn1,4,2,2,2,0.494047264040954,0.4933033399807673,-0.0007439240601866959
Z_noise1,X_syn2,4,3,2,2,0.49316588511184134,0.49385633144232355,0.0006904463304822084
Z_noise1,Z_noise2,4,5,2,2,0.4905969348743741,0.49857952853632564,0.007982593661951531
Z_noise1,Z_noise3,4,6,2,2,0.4924376184737892,0.4925839319973509,0.00014631352356170302
Z_noise2,X_causal,5,0,2,2,0.495323186705437,0.49465263308875124,-0.0006705536166857762
Z_noise2,X_conf,5,1,2,2,0.4280366305891917,0.4980234225533985,0.06998679196420676
Z_noise2,X_syn1,5,2,2,2,0.49521730494117194,0.49429677772610175,-0.0009205272150701882
Z_noise2,X_syn2,5,3,2,2,0.4984621734074141,0.4961793818655231,-0.0022827915418910383
Z_noise2,Z_noise1,5,4,2,2,0.4915120692705222,0.49482333404916673,0.003311264778644518
Z_noise2,Z_noise3,5,6,2,2,0.4956338182164962,0.49025335527010744,-0.005380462946388775
Z_noise3,X_causal,6,0,2,2,0.49805619669821544,0.4945513942901677,-0.003504802408047736
Z_noise3,X_conf,6,1,2,2,0.4279963070238385,0.49464659634820246,0.06665028932436395
Z_noise3,X_syn1,6,2,2,2,0.4985414474987621,0.4973464617498924,-0.0011949857488697258
Z_noise3,X_syn2,6,3,2,2,0.49663624722746447,0.498148211896248,0.0015119646687835608
Z_noise3,Z_noise1,6,4,2,2,0.4930057955409997,0.49533565754823794,0.002329862007238226
Z_noise3,Z_noise2,6,5,2,2,0.4958388013054072,0.500036842079573,0.004198040774165801
X_causal,X_conf,0,1,2,3,0.43925955316554877,0.49504363075639524,0.05578407759084647
X_causal,X_syn1,0,2,2,3,0.4936869995586533,0.4967890237701649,0.003102024211511567
X_causal,X_syn2,0,3,2,3,0.4942149726065161,0.4935110044973103,-0.0007039681092058103
X_causal,Z_noise1,0,4,2,3,0.49521309433015215,0.49529225726593745,7.916293578530409e-05
X_causal,Z_noise2,0,5,2,3,0.497667148286357,0.49696697348673774,-0.0007001747996192575
X_causal,Z_noise3,0,6,2,3,0.49587034130449714,0.49373405191827036,-0.002136289386226786
X_conf,X_causal,1,0,2,3,0.43954771380818697,0.4349785413324998,-0.0045691724756871666
X_conf,X_syn1,1,2,2,3,0.43979431766967836,0.43598324068469013,-0.0038110769849882264
X_conf,X_syn2,1,3,2,3,0.4390384394457335,0.43813091679139643,-0.0009075226543370785
X_conf,Z_noise1,1,4,2,3,0.4434533477410203,0.43583068893435084,-0.007622658806669458
X_conf,Z_noise2,1,5,2,3,0.4385168911594287,0.44364597045306897,0.00512907929364026
X_conf,Z_noise3,1,6,2,3,0.4408013181901639,0.43819441587877583,-0.0026069023113880485
X_syn1,X_causal,2,0,2,3,0.4924112866808305,0.4938976533595332,0.0014863666787026664
X_syn1,X_conf,2,1,2,3,0.4409109219767198,0.496379182745985,0.0554682607692652
X_syn1,X_syn2,2,3,2,3,0.4702976672872116,0.4933017449763832,0.023004077689171565
X_syn1,Z_noise1,2,4,2,3,0.49144205362256543,0.48986658912029435,-0.0015754645022710845
X_syn1,Z_noise2,2,5,2,3,0.4945954670858951,0.4961780940474241,0.001582626961528999
X_syn1,Z_noise3,2,6,2,3,0.4927295146675517,0.49372818698510895,0.0009986723175572365
X_syn2,X_causal,3,0,2,3,0.49385357490855464,0.4972236295547084,0.003370054646153753
X_syn2,X_conf,3,1,2,3,0.4390088986907248,0.49748827385926536,0.05847937516854057
X_syn2,X_syn1,3,2,2,3,0.47061356956458894,0.49577424838755885,0.025160678822969906
X_syn2,Z_noise1,3,4,2,3,0.4981794284279022,0.4928557355027643,-0.005323692925137902
X_syn2,Z_noise2,3,5,2,3,0.49675369351734805,0.4983197299173139,0.001566036399965831
X_syn2,Z_noise3,3,6,2,3,0.496029638259421,0.4918827369553127,-0.004146901304108275
Z_noise1,X_causal,4,0,2,3,0.4953661924379815,0.4959164137112969,0.0005502212733153877
Z_noise1,X_conf,4,1,2,3,0.44326129041282675,0.4974307356819306,0.05416944526910383
Z_noise1,X_syn1,4,2,2,3,0.4918852979970743,0.4982628713178903,0.00637757332081601
Z_noise1,X_syn2,4,3,2,3,0.49791718313476807,0.49450832821053736,-0.0034088549242307087
Z_noise1,Z_noise2,4,5,2,3,0.49903350848201455,0.4991372907015974,0.00010378221958284861
Z_noise1,Z_noise3,4,6,2,3,0.4950647938617332,0.49590692917306456,0.0008421353113313712
Z_noise2,X_causal,5,0,2,3,0.4976431506313334,0.49660484065920574,-0.0010383099721276712
Z_noise2,X_conf,5,1,2,3,0.43817770442901205,0.49903395365465997,0.06085624922564792
Z_noise2,X_syn1,5,2,2,3,0.4948852045405533,0.49900754758463894,0.004122343044085652
Z_noise2,X_syn2,5,3,2,3,0.49767596240884937,0.4991638724848916,0.0014879100760422093
Z_noise2,Z_noise1,5,4,2,3,0.49945687053870025,0.49928895790042715,-0.00016791263827309333
Z_noise2,Z_noise3,5,6,2,3,0.4986959377214224,0.49423257075282007,-0.004463366968602334
Z_noise3,X_causal,6,0,2,3,0.49663156993482505,0.49629135154087356,-0.0003402183939514858
Z_noise3,X_conf,6,1,2,3,0.4408641471684592,0.49671204520125695,0.05584789803279777
Z_noise3,X_syn1,6,2,2,3,0.49309317766495553,0.497090754133374,0.003997576468418473
Z_noise3,X_syn2,6,3,2,3,0.49611977145081054,0.49590074162824876,-0.00021902982256177816
Z_noise3,Z_noise1,6,4,2,3,0.49565646190707,0.4972200178324268,0.0015635559253567854
Z_noise3,Z_noise2,6,5,2,3,0.4987107315608997,0.4954697160392376,-0.0032410155216620606
X_causal,X_conf,0,1,2,4,0.4418124074056221,0.5000928705469952,0.05828046314137314
X_causal,X_syn1,0,2,2,4,0.49665975848408306,0.4935178906489514,-0.003141867835131651
X_causal,X_syn2,0,3,2,4,0.49590566988684964,0.4944896719346727,-0.0014159979521769506
X_causal,Z_noise1,0,4,2,4,0.4979749017018023,0.49678333548776304,-0.0011915662140392635
X_causal,Z_noise2,0,5,2,4,0.49549340700058275,0.49580967923233277,0.0003162722317500144
X_causal,Z_noise3,0,6,2,4,0.4983634432464228,0.4974282938140424,-0.0009351494323803777
X_conf,X_causal,1,0,2,4,0.4412942342761048,0.4467051879727599,0.005410953696655063
X_conf,X_syn1,1,2,2,4,0.44678229057037044,0.4381671751679098,-0.008615115402460627
X_conf,X_syn2,1,3,2,4,0.4387441954084668,0.440352754575826,0.0016085591673591915
X_conf,Z_noise1,1,4,2,4,0.4423987128765525,0.4407484856949737,-0.0016502271815788117
X_conf,Z_noise2,1,5,2,4,0.4452850229467265,0.4414524119577361,-0.0038326109889904036
X_conf,Z_noise3,1,6,2,4,0.4412167686847445,0.44211490302172657,0.0008981343369820483
X_syn1,X_causal,2,0,2,4,0.497080604035734,0.496047594154952,-0.001033009880782032
X_syn1,X_conf,2,1,2,4,0.4477185322069175,0.500141647470992,0.052423115264074505
X_syn1,X_syn2,2,3,2,4,0.463460921842584,0.4949033462884543,0.03144242444587031
X_syn1,Z_noise1,2,4,2,4,0.498907101672929,0.49969501295546315,0.0007879112825341372
X_syn1,Z_noise2,2,5,2,4,0.49854607753809865,0.49136505036330974,-0.007181027174788912
X_syn1,Z_noise3,2,6,2,4,0.49894320324411506,0.49910766149682406,0.00016445825270899883
X_syn2,X_causal,3,0,2,4,0.49668084875083407,0.49437297316753975,-0.0023078755832943165
X_syn2,X_conf,3,1,2,4,0.43823909817518075,0.4982112111071488,0.059972112931968025
X_syn2,X_syn1,3,2,2,4,0.46297977015722896,0.4933673338508655,0.030387563693636543
X_syn2,Z_noise1,3,4,2,4,0.498947833913438,0.4943239765321624,-0.004623857381275576
X_syn2,Z_noise2,3,5,2,4,0.49349483473377187,0.4914356416098107,-0.0020591931239611894
X_syn2,Z_noise3,3,6,2,4,0.4955921710741543,0.4959100481699457,0.0003178770957913968
Z_noise1,X_causal,4,0,2,4,0.4978353683727903,0.49667186195605906,-0.0011635064167312414
Z_noise1,X_conf,4,1,2,4,0.4431915502580407,0.4994029786927728,0.05621142843473209
Z_noise1,X_syn1,4,2,2,4,0.4992366085146406,0.49531415261752926,-0.003922455897111321
Z_noise1,X_syn2,4,3,2,4,0.4997901370204637,0.4944077280248598,-0.005382408995603882
Z_noise1,Z_noise2,4,5,2,4,0.49410689256922147,0.4966065506676052,0.002499658098383706
Z_noise1,Z_noise3,4,6,2,4,0.4987583192540838,0.49991565374269303,0.0011573344886092185
Z_noise2,X_causal,5,0,2,4,0.49522112453187894,0.4996415499745636,0.004420425442684672
Z_noise2,X_conf,5,1,2,4,0.44656358703290366,0.49701874466011314,0.05045515762720948
Z_noise2,X_syn1,5,2,2,4,0.4985787253058345,0.4956856450383389,-0.002893080267495629
Z_noise2,X_syn2,5,3,2,4,0.4934156567111497,0.49409113265143434,0.0006754759402846644
Z_noise2,Z_noise1,5,4,2,4,0.49413581861234046,0.4981058881906275,0.00397006957828705
Z_noise2,Z_noise3,5,6,2,4,0.4981670857283898,0.4982150713866149,4.798565822511369e-05
Z_noise3,X_causal,6,0,2,4,0.49864897270959263,0.5045270785613054,0.005878105851712778
Z_noise3,X_conf,6,1,2,4,0.44005204159036126,0.5011379755074677,0.06108593391710648
Z_noise3,X_syn1,6,2,2,4,0.49766081419725117,0.4958901748479751,-0.0017706393492760708
Z_noise3,X_syn2,6,3,2,4,0.49669162670586003,0.4957065384175485,-0.0009850882883115086
Z_noise3,Z_noise1,6,4,2,4,0.4988271652667606,0.4956418448927068,-0.0031853203740537794
Z_noise3,Z_noise2,6,5,2,4,0.49845005642663337,0.49356620757828695,-0.004883848848346417
X_causal,X_conf,0,1,2,5,0.44159634213726595,0.49613947871197184,0.054543136574705886
X_causal,X_syn1,0,2,2,5,0.49592460809634575,0.49685169167350846,0.0009270835771627017
X_causal,X_syn2,0,3,2,5,0.49481592981369965,0.4960153213115778,0.0011993914978781217
X_causal,Z_noise1,0,4,2,5,0.4984710343011046,0.4962329879452922,-0.0022380463558124286
X_causal,Z_noise2,0,5,2,5,0.49921110586832135,0.49687778978254926,-0.002333316085772086
X_causal,Z_noise3,0,6,2,5,0.4960064005154753,0.49643753366561866,0.00043113315014337017
X_conf,X_causal,1,0,2,5,0.4414147798947734,0.443528528147886,0.002113748253112613
X_conf,X_syn1,1,2,2,5,0.44684644815378805,0.44494898825902846,-0.00189745989475959
X_conf,X_syn2,1,3,2,5,0.443898511215512,0.44375014565366355,-0.0001483655618484403
X_conf,Z_noise1,1,4,2,5,0.44811175801783554,0.4446860643756481,-0.003425693642187422
X_conf,Z_noise2,1,5,2,5,0.44580382293535653,0.44669028011959167,0.0008864571842351343
X_conf,Z_noise3,1,6,2,5,0.4449528435812752,0.44455701743260967,-0.00039582614866551236
X_syn1,X_causal,2,0,2,5,0.4963582532797558,0.49471327677539156,-0.0016449765043642373
X_syn1,X_conf,2,1,2,5,0.44646461055296377,0.4938536623296035,0.04738905177663971
X_syn1,X_syn2,2,3,2,5,0.47820353536667454,0.49547944247215253,0.017275907105477994
X_syn1,Z_noise1,2,4,2,5,0.497813228643049,0.49281572146918845,-0.004997507173860549
X_syn1,Z_noise2,2,5,2,5,0.4951904279842827,0.4929592779739211,-0.0022311500103616155
X_syn1,Z_noise3,2,6,2,5,0.4959718002264686,0.4971040315120046,0.0011322312855360228
X_syn2,X_causal,3,0,2,5,0.49542119915739435,0.4920954478350847,-0.003325751322309667
X_syn2,X_conf,3,1,2,5,0.44448074279806227,0.4926277349017929,0.048146992103730635
X_syn2,X_syn1,3,2,2,5,0.4784682017798093,0.49469364102253094,0.01622543924272163
X_syn2,Z_noise1,3,4,2,5,0.4961027410427116,0.49023403319613684,-0.005868707846574783
X_syn2,Z_noise2,3,5,2,5,0.4974157669012241,0.49576681329716377,-0.0016489536040603103
X_syn2,Z_noise3,3,6,2,5,0.49901942967367185,0.49661695765513425,-0.0024024720185376047
Z_noise1,X_causal,4,0,2,5,0.49797075392074164,0.5014092126135021,0.003438458692760493
Z_noise1,X_conf,4,1,2,5,0.4479437391313759,0.49849681794248846,0.05055307881111254
Z_noise1,X_syn1,4,2,2,5,0.4982008650211404,0.5009325189721683,0.002731653951027868
Z_noise1,X_syn2,4,3,2,5,0.4960366697530025,0.5024670086352151,0.006430338882212616
Z_noise1,Z_noise2,4,5,2,5,0.4963872122000944,0.5006645902588933,0.0042773780587989085
Z_noise1,Z_noise3,4,6,2,5,0.5070367471272965,0.497188204404154,-0.009848542723142506
Z_noise2,X_causal,5,0,2,5,0.49871999062192407,0.50210568625698,0.003385695635055974
Z_noise2,X_conf,5,1,2,5,0.44529067347345735,0.5016676122459877,0.056376938772530305
Z_noise2,X_syn1,5,2,2,5,0.4959013262382047,0.4999609748012998,0.004059648563095097
Z_noise2,X_syn2,5,3,2,5,0.49716284204335087,0.49443001906351136,-0.002732822979839511
Z_noise2,Z_noise1,5,4,2,5,0.4956997638298483,0.4996327596480663,0.003932995818217988
Z_noise2,Z_noise3,5,6,2,5,0.49818536854541035,0.49827121951901165,8.585097360130911e-05
Z_noise3,X_causal,6,0,2,5,0.4965397080435039,0.49843131855909556,0.0018916105155916685
Z_noise3,X_conf,6,1,2,5,0.4457655025630514,0.4954150711391025,0.04964956857605107
Z_noise3,X_syn1,6,2,2,5,0.4953238307591358,0.4970860082630152,0.001762177503879414
Z_noise3,X_syn2,6,3,2,5,0.4986274430603165,0.5005575348718232,0.0019300918115067178
Z_noise3,Z_noise1,6,4,2,5,0.5079524068276458,0.4979935543523795,-0.009958852475266233
Z_noise3,Z_noise2,6,5,2,5,0.4984445919055514,0.4994480937068575,0.0010035018013060948
X_causal,X_conf,0,1,2,6,0.4481070199620251,0.49586419869499115,0.04775717873296603
X_causal,X_syn1,0,2,2,6,0.4978478753112192,0.4966166994813907,-0.0012311758298285125
X_causal,X_syn2,0,3,2,6,0.4982546584413168,0.49854416869123486,0.00028951024991807905
X_causal,Z_noise1,0,4,2,6,0.49849414752097865,0.5010989795159332,0.0026048319949545373
X_causal,Z_noise2,0,5,2,6,0.49968520408298456,0.49775024511825294,-0.0019349589647316146
X_causal,Z_noise3,0,6,2,6,0.5016121637503438,0.4973522457566186,-0.00425991799372516
X_conf,X_causal,1,0,2,6,0.4484460305813563,0.4452369028959658,-0.0032091276853905004
X_conf,X_syn1,1,2,2,6,0.4447508112047311,0.4469862830580346,0.002235471853303528
X_conf,X_syn2,1,3,2,6,0.4495223983138697,0.4459939545935773,-0.0035284437202923735
X_conf,Z_noise1,1,4,2,6,0.44525299396720763,0.4479397373047153,0.00268674333750768
X_conf,Z_noise2,1,5,2,6,0.44712482095179257,0.4472790516747215,0.00015423072292891638
X_conf,Z_noise3,1,6,2,6,0.4472152290165728,0.44463766485633394,-0.0025775641602388544
X_syn1,X_causal,2,0,2,6,0.4980358585338096,0.4970869837166229,-0.0009488748171866956
X_syn1,X_conf,2,1,2,6,0.4448653308195062,0.49911207010018804,0.054246739280681855
X_syn1,X_syn2,2,3,2,6,0.4780018182111828,0.5006325924880592,0.02263077427687643
X_syn1,Z_noise1,2,4,2,6,0.49733177145234814,0.49396365803945824,-0.003368113412889895
X_syn1,Z_noise2,2,5,2,6,0.49737205672325047,0.4960635699173962,-0.0013084868058542698
X_syn1,Z_noise3,2,6,2,6,0.503256449127491,0.49930412192289086,-0.003952327204600148
X_syn2,X_causal,3,0,2,6,0.49774924457179437,0.49705533839808064,-0.000693906173713732
X_syn2,X_conf,3,1,2,6,0.44832966891182935,0.4965303783742066,0.048200709462377256
X_syn2,X_syn1,3,2,2,6,0.4787646277306917,0.5020264681831719,0.023261840452480143
X_syn2,Z_noise1,3,4,2,6,0.49973242297733844,0.4991034470617535,-0.0006289759155849173
X_syn2,Z_noise2,3,5,2,6,0.49859309618319897,0.5005368713909683,0.0019437752077692827
X_syn2,Z_noise3,3,6,2,6,0.500286933866192,0.5024382405597727,0.002151306693580657
Z_noise1,X_causal,4,0,2,6,0.49875051368171497,0.49445876747045103,-0.004291746211263936
Z_noise1,X_conf,4,1,2,6,0.4446344594729596,0.49774599797752767,0.05311153850456807
Z_noise1,X_syn1,4,2,2,6,0.497324982629496,0.498725423676139,0.0014004410466429973
Z_noise1,X_syn2,4,3,2,6,0.49962226654962755,0.4957408616080354,-0.0038814049415921703
Z_noise1,Z_noise2,4,5,2,6,0.4964030821271379,0.5025311037276138,0.006128021600475875
Z_noise1,Z_noise3,4,6,2,6,0.5024997509804557,0.5003252812318759,-0.0021744697485798214
Z_noise2,X_causal,5,0,2,6,0.4995943953595923,0.49930269474062056,-0.0002917006189717686
Z_noise2,X_conf,5,1,2,6,0.446774504633946,0.495939544686633,0.04916504005268696
Z_noise2,X_syn1,5,2,2,6,0.4969964501587744,0.5003549471460551,0.0033584969872806902
Z_noise2,X_syn2,5,3,2,6,0.49878469549555476,0.49784053318189575,-0.0009441623136590138
Z_noise2,Z_noise1,5,4,2,6,0.4966967465475112,0.5004481065096316,0.0037513599621203375
Z_noise2,Z_noise3,5,6,2,6,0.49883143728211354,0.5016985165598873,0.002867079277773743
Z_noise3,X_causal,6,0,2,6,0.5006359245079436,0.49473788225966336,-0.005898042248280222
Z_noise3,X_conf,6,1,2,6,0.44617983772830927,0.49661342777484235,0.05043359004653308
Z_noise3,X_syn1,6,2,2,6,0.5024491006940994,0.5019851496100425,-0.00046395108405694607
Z_noise3,X_syn2,6,3,2,6,0.4997887384730675,0.5020080455269837,0.002219307053916264
Z_noise3,Z_noise1,6,4,2,6,0.5030023585635574,0.4976321590783337,-0.005370199485223659
Z_noise3,Z_noise2,6,5,2,6,0.49932409389769367,0.49588033035432855,-0.0034437635433651193
X_causal,X_conf,0,1,2,7,0.45093926040373766,0.49578542889238664,0.044846168488648974
X_causal,X_syn1,0,2,2,7,0.4951797249755549,0.4981623547953919,0.0029826298198369905
X_causal,X_syn2,0,3,2,7,0.5004654605880865,0.5019361413571397,0.001470680769053212
X_causal,Z_noise1,0,4,2,7,0.4987844972940937,0.5004126090785731,0.0016281117844794135
X_causal,Z_noise2,0,5,2,7,0.5021204242212355,0.5020755130606684,-4.4911160567040476e-05
X_causal,Z_noise3,0,6,2,7,0.49910844068499405,0.4988487280709297,-0.00025971261406432244
X_conf,X_causal,1,0,2,7,0.4516997322158418,0.44507269661850063,-0.00662703559734118
X_conf,X_syn1,1,2,2,7,0.45204884831631026,0.4454967678288201,-0.006552080487490175
X_conf,X_syn2,1,3,2,7,0.4426022183514987,0.4464722719308585,0.003870053579359767
X_conf,Z_noise1,1,4,2,7,0.44223440885014065,0.4477834547288304,0.005549045878689762
X_conf,Z_noise2,1,5,2,7,0.4426531842889384,0.4477143649531349,0.005061180664196474
X_conf,Z_noise3,1,6,2,7,0.44613868452715455,0.44257162624343793,-0.0035670582837166176
X_syn1,X_causal,2,0,2,7,0.49557497793287336,0.4961523506881286,0.0005773727552552121
X_syn1,X_conf,2,1,2,7,0.4520290464059825,0.49374708391658256,0.04171803751060005
X_syn1,X_syn2,2,3,2,7,0.4774672050677278,0.49604725365912733,0.018580048591399556
X_syn1,Z_noise1,2,4,2,7,0.48889713099421783,0.49283494112504234,0.003937810130824504
X_syn1,Z_noise2,2,5,2,7,0.495908229944158,0.4953115517611354,-0.0005966781830226142
X_syn1,Z_noise3,2,6,2,7,0.4956190231766687,0.49702257733973704,0.0014035541630683102
X_syn2,X_causal,3,0,2,7,0.5012753148182608,0.49674033867839756,-0.004534976139863256
X_syn2,X_conf,3,1,2,7,0.44131306337916004,0.48966668023697246,0.04835361685781242
X_syn2,X_syn1,3,2,2,7,0.4766328592830976,0.49067515157968755,0.014042292296589931
X_syn2,Z_noise1,3,4,2,7,0.4904618658791742,0.49392495192736374,0.0034630860481895676
X_syn2,Z_noise2,3,5,2,7,0.49882775579803473,0.49612319545035577,-0.0027045603476789637
X_syn2,Z_noise3,3,6,2,7,0.49625323517860404,0.4943730036805048,-0.0018802314980992385
Z_noise1,X_causal,4,0,2,7,0.49858941990956784,0.4946170614015278,-0.003972358508040064
Z_noise1,X_conf,4,1,2,7,0.4420788595159519,0.49330623849890165,0.05122737898294977
Z_noise1,X_syn1,4,2,2,7,0.4899309140746415,0.488717308336073,-0.0012136057385684906
Z_noise1,X_syn2,4,3,2,7,0.49096548199037976,0.4948407604230593,0.003875278432679541
Z_noise1,Z_noise2,4,5,2,7,0.4967071523916678,0.49417306390872234,-0.0025340884829454513
Z_noise1,Z_noise3,4,6,2,7,0.49533680130429286,0.4945629040578528,-0.0007738972464400584
Z_noise2,X_causal,5,0,2,7,0.5020413046825182,0.4933722621624689,-0.008669042520049297
Z_noise2,X_conf,5,1,2,7,0.44419050270208466,0.4975583967966468,0.05336789409456216
Z_noise2,X_syn1,5,2,2,7,0.49550067950896465,0.4924668767510625,-0.00303380275790216
Z_noise2,X_syn2,5,3,2,7,0.4987981325097842,0.49835236874157623,-0.00044576376820798513
Z_noise2,Z_noise1,5,4,2,7,0.49604122316528365,0.49469667601511375,-0.0013445471501699058
Z_noise2,Z_noise3,5,6,2,7,0.49555497648084207,0.4975312566975278,0.001976280216685722
Z_noise3,X_causal,6,0,2,7,0.49868443073500257,0.49615868791392415,-0.002525742821078425
Z_noise3,X_conf,6,1,2,7,0.44705920009846617,0.49306185871910346,0.04600265862063729
Z_noise3,X_syn1,6,2,2,7,0.49459355416576845,0.4915804463062079,-0.0030131078595605487
Z_noise3,X_syn2,6,3,2,7,0.49637534627337715,0.4941021198906766,-0.002273226382700555
Z_noise3,Z_noise1,6,4,2,7,0.49517405077960375,0.49343256289418314,-0.0017414878854206117
Z_noise3,Z_noise2,6,5,2,7,0.4961779198061097,0.494624652100306,-0.001553267705803718
X_causal,X_conf,0,1,2,8,0.43757356830342975,0.4991421754788025,0.06156860717537277
X_causal,X_syn1,0,2,2,8,0.49542520440888327,0.492677656113738,-0.0027475482951452856
X_causal,X_syn2,0,3,2,8,0.4976421401830715,0.495743415796659,-0.0018987243864125314
X_causal,Z_noise1,0,4,2,8,0.49564420240786666,0.49747487678997454,0.0018306743821078775
X_causal,Z_noise2,0,5,2,8,0.4959868022813435,0.4963322737227966,0.0003454714414530824
X_causal,Z_noise3,0,6,2,8,0.49917415922261543,0.49503869624576463,-0.004135462976850801
X_conf,X_causal,1,0,2,8,0.4374307861826873,0.4383635474840781,0.0009327613013907499
X_conf,X_syn1,1,2,2,8,0.44420976074210416,0.44415951391982594,-5.0246822278221526e-05
X_conf,X_syn2,1,3,2,8,0.4447433630901248,0.44483780970257597,9.444661245117114e-05
X_conf,Z_noise1,1,4,2,8,0.4428553869593133,0.4438645464198472,0.0010091594605338705
X_conf,Z_noise2,1,5,2,8,0.44444328921099374,0.4445559762157709,0.00011268700477717886
X_conf,Z_noise3,1,6,2,8,0.44382781281138134,0.43767313844912836,-0.0061546743622529765
X_syn1,X_causal,2,0,2,8,0.4954941051321395,0.49422167034214803,-0.00127243478999145
X_syn1,X_conf,2,1,2,8,0.4423747538931754,0.49528564538219505,0.052910891489019674
X_syn1,X_syn2,2,3,2,8,0.47320676812802537,0.49740289407616717,0.0241961259481418
X_syn1,Z_noise1,2,4,2,8,0.49497524739482474,0.49770557298542956,0.0027303255906048207
X_syn1,Z_noise2,2,5,2,8,0.4960050069811875,0.49386442398794456,-0.0021405829932429343
X_syn1,Z_noise3,2,6,2,8,0.498283296105288,0.4985963141602315,0.00031301805494349244
X_syn2,X_causal,3,0,2,8,0.49847101524350873,0.49747506127329144,-0.0009959539702172893
X_syn2,X_conf,3,1,2,8,0.4453640130997253,0.49626742431821963,0.05090341121849434
X_syn2,X_syn1,3,2,2,8,0.4732605421175313,0.5005405774147983,0.02728003529726697
X_syn2,Z_noise1,3,4,2,8,0.49119983161626146,0.49468463696889403,0.0034848053526325695
X_syn2,Z_noise2,3,5,2,8,0.4986988760351067,0.4963627730487017,-0.00233610298640502
X_syn2,Z_noise3,3,6,2,8,0.4987015333677755,0.49995786273680204,0.001256329369026532
Z_noise1,X_causal,4,0,2,8,0.49537241254464437,0.4924632802877724,-0.002909132256871949
Z_noise1,X_conf,4,1,2,8,0.4415184889457955,0.4948584915869176,0.0533400026411221
Z_noise1,X_syn1,4,2,2,8,0.4945266092589415,0.4955030413685442,0.0009764321096026873
Z_noise1,X_syn2,4,3,2,8,0.4918472710696337,0.4906312973550683,-0.0012159737145654437
Z_noise1,Z_noise2,4,5,2,8,0.49300500021582594,0.49404419907971564,0.001039198863889701
Z_noise1,Z_noise3,4,6,2,8,0.4966771611286927,0.4966512435042213,-2.5917624471405443e-05
Z_noise2,X_causal,5,0,2,8,0.4964665601480704,0.4983498435751013,0.001883283427030924
Z_noise2,X_conf,5,1,2,8,0.4445288499005106,0.49720834819461524,0.05267949829410462
Z_noise2,X_syn1,5,2,2,8,0.4966805710099495,0.4972654816652657,0.0005849106553161842
Z_noise2,X_syn2,5,3,2,8,0.4989455683135465,0.49454873507569486,-0.004396833237851616
Z_noise2,Z_noise1,5,4,2,8,0.4927687705692911,0.4989187807899898,0.006150010220698721
Z_noise2,Z_noise3,5,6,2,8,0.4948438327525141,0.4961267827363595,0.0012829499838454272
Z_noise3,X_causal,6,0,2,8,0.4991216559100733,0.4965064412066111,-0.0026152147034622097
Z_noise3,X_conf,6,1,2,8,0.4443300514231984,0.4961540308193015,0.05182397939610306
Z_noise3,X_syn1,6,2,2,8,0.49839888742335176,0.49902453523822665,0.0006256478148748967
Z_noise3,X_syn2,6,3,2,8,0.4994658873858849,0.49803329084683823,-0.0014325965390466489
Z_noise3,Z_noise1,6,4,2,8,0.49668533652830876,0.49913755475809235,0.002452218229783587
Z_noise3,Z_noise2,6,5,2,8,0.4952143612160663,0.4998898622612155,0.0046755010451491885
X_causal,X_conf,0,1,2,9,0.4424626626790342,0.49363566445333107,0.051173001774296845
X_causal,X_syn1,0,2,2,9,0.4951107721406028,0.4932695312736391,-0.0018412408669636893
X_causal,X_syn2,0,3,2,9,0.48992806002026557,0.49216192764532635,0.0022338676250607814
X_causal,Z_noise1,0,4,2,9,0.4960150503883286,0.49060308300368966,-0.005411967384638949
X_causal,Z_noise2,0,5,2,9,0.49342509707701526,0.4952636582198218,0.0018385611428065607
X_causal,Z_noise3,0,6,2,9,0.49323867195601323,0.4902830195616597,-0.002955652394353525
X_conf,X_causal,1,0,2,9,0.44172535580232225,0.446344001295604,0.004618645493281726
X_conf,X_syn1,1,2,2,9,0.4494110547391767,0.45308596309330873,0.0036749083541320338
X_conf,X_syn2,1,3,2,9,0.4486089193027043,0.4488904368686242,0.0002815175659198754
X_conf,Z_noise1,1,4,2,9,0.45161800840920013,0.449039105849049,-0.0025789025601511417
X_conf,Z_noise2,1,5,2,9,0.447449415067539,0.44444029171682076,-0.0030091233507182347
X_conf,Z_noise3,1,6,2,9,0.452825011435873,0.44215227500887155,-0.01067273642700145
X_syn1,X_causal,2,0,2,9,0.4950691977604597,0.499619896364892,0.004550698604432302
X_syn1,X_conf,2,1,2,9,0.4489430892788661,0.49514985471022044,0.046206765431354324
X_syn1,X_syn2,2,3,2,9,0.47578052326133446,0.4966831082264474,0.020902584965112936
X_syn1,Z_noise1,2,4,2,9,0.4992106205322123,0.49180179499922294,-0.007408825532989383
X_syn1,Z_noise2,2,5,2,9,0.49274790889477355,0.49587114564448015,0.003123236749706604
X_syn1,Z_noise3,2,6,2,9,0.49814481069838945,0.49414350011174285,-0.0040013105866466
X_syn2,X_causal,3,0,2,9,0.4890145702111252,0.49675456377124194,0.007739993560116731
X_syn2,X_conf,3,1,2,9,0.4485347752494423,0.4960367939034693,0.04750201865402698
X_syn2,X_syn1,3,2,2,9,0.47560340712787375,0.4935899092284972,0.01798650210062347
X_syn2,Z_noise1,3,4,2,9,0.4973287333343346,0.4927149647013933,-0.004613768632941273
X_syn2,Z_noise2,3,5,2,9,0.4965256751356794,0.49725496636274713,0.0007292912270677188
X_syn2,Z_noise3,3,6,2,9,0.49429409221026754,0.493252312969312,-0.0010417792409555537
Z_noise1,X_causal,4,0,2,9,0.49673450965304144,0.5032498497374257,0.006515340084384258
Z_noise1,X_conf,4,1,2,9,0.45213091384547754,0.4977414332676124,0.04561051942213484
Z_noise1,X_syn1,4,2,2,9,0.4995139840987892,0.49679822623842684,-0.0027157578603623778
Z_noise1,X_syn2,4,3,2,9,0.49864888739685453,0.4951709793263452,-0.00347790807050935
Z_noise1,Z_noise2,4,5,2,9,0.4944187362922954,0.49607330298547075,0.0016545666931753744
Z_noise1,Z_noise3,4,6,2,9,0.4954672844983112,0.49499409629629987,-0.00047318820201130984
Z_noise2,X_causal,5,0,2,9,0.4939807989216531,0.49339469862164687,-0.0005861003000062204
Z_noise2,X_conf,5,1,2,9,0.4479842865698692,0.49412730502150365,0.04614301845163443
Z_noise2,X_syn1,5,2,2,9,0.49324109459002946,0.49354071126995014,0.00029961667992067786
Z_noise2,X_syn2,5,3,2,9,0.49609832786675034,0.4989017920979937,0.0028034642312433355
Z_noise2,Z_noise1,5,4,2,9,0.4945458577244115,0.49488212073460136,0.0003362630101898523
Z_noise2,Z_noise3,5,6,2,9,0.49554473295238965,0.4910826928973154,-0.004462040055074279
Z_noise3,X_causal,6,0,2,9,0.49238516316784314,0.4977720625068922,0.005386899339049067
Z_noise3,X_conf,6,1,2,9,0.4526748986075657,0.4951626083095281,0.04248770970196236
Z_noise3,X_syn1,6,2,2,9,0.49719489733584266,0.49839581163911967,0.001200914303277012
Z_noise3,X_syn2,6,3,2,9,0.4944184697590086,0.4977597843015263,0.0033413145425176816
Z_noise3,Z_noise1,6,4,2,9,0.4958824789092049,0.49157244266001315,-0.00431003624919174
Z_noise3,Z_noise2,6,5,2,9,0.49592320939577467,0.49740419450977164,0.0014809851139969687
X_causal,X_conf,0,1,3,0,0.45068936184081754,0.49182502051754357,0.04113565867672603
X_causal,X_syn1,0,2,3,0,0.4926797727320291,0.4987308788462309,0.0060511061142017875
X_causal,X_syn2,0,3,3,0,0.494292218818436,0.4977820826088671,0.0034898637904310914
X_causal,Z_noise1,0,4,3,0,0.4977076045009257,0.49322229995883177,-0.004485304542093949
X_causal,Z_noise2,0,5,3,0,0.4970350804178812,0.4918345688888849,-0.00520051152899631
X_causal,Z_noise3,0,6,3,0,0.49634678485927364,0.4938839739708967,-0.002462810888376965
X_conf,X_causal,1,0,3,0,0.4517278313697053,0.44403220018165784,-0.007695631188047447
X_conf,X_syn1,1,2,3,0,0.44930061612522537,0.4443687075714834,-0.0049319085537419816
X_conf,X_syn2,1,3,3,0,0.4541482313438049,0.45145168841675354,-0.0026965429270513486
X_conf,Z_noise1,1,4,3,0,0.45097158027796536,0.44796494047900265,-0.003006639798962707
X_conf,Z_noise2,1,5,3,0,0.4484227887391131,0.4475173894185511,-0.0009053993205619948
X_conf,Z_noise3,1,6,3,0,0.4516292285389788,0.44631179969673485,-0.005317428842243954
X_syn1,X_causal,2,0,3,0,0.49350388352733077,0.4960552084657644,0.00255132493843363
X_syn1,X_conf,2,1,3,0,0.4494961030776168,0.49195236233852946,0.04245625926091268
X_syn1,X_syn2,2,3,3,0,0.4738762570182805,0.49045791931417726,0.01658166229589675
X_syn1,Z_noise1,2,4,3,0,0.500264035996909,0.49727087907550915,-0.0029931569213998976
X_syn1,Z_noise2,2,5,3,0,0.49653125756620825,0.4943325323446129,-0.0021987252215953657
X_syn1,Z_noise3,2,6,3,0,0.4987528204166271,0.49320450646044117,-0.005548313956185935
X_syn2,X_causal,3,0,3,0,0.493641058639956,0.49627606928214546,0.0026350106421894615
X_syn2,X_conf,3,1,3,0,0.45476211712779635,0.49222980631142826,0.037467689183631914
X_syn2,X_syn1,3,2,3,0,0.47528949972043455,0.49422976758995424,0.01894026786951969
X_syn2,Z_noise1,3,4,3,0,0.4982916759269552,0.49388469971012927,-0.004406976216825953
X_syn2,Z_noise2,3,5,3,0,0.4979235118624282,0.49128416331179325,-0.006639348550634971
X_syn2,Z_noise3,3,6,3,0,0.4986422307402985,0.49404421185508685,-0.004598018885211663
Z_noise1,X_causal,4,0,3,0,0.4967197550967591,0.5007483379960744,0.004028582899315347
Z_noise1,X_conf,4,1,3,0,0.4507576311521835,0.4981128852591124,0.04735525410692892
Z_noise1,X_syn1,4,2,3,0,0.4997483091431323,0.5005901018280794,0.0008417926849471069
Z_noise1,X_syn2,4,3,3,0,0.4982182465023361,0.4983708164155893,0.00015256991325318658
Z_noise1,Z_noise2,4,5,3,0,0.5027600982713373,0.5008641810583194,-0.0018959172130178503
Z_noise1,Z_noise3,4,6,3,0,0.4987820140158472,0.4985778337739937,-0.00020418024185353545
Z_noise2,X_causal,5,0,3,0,0.4970687607858985,0.502132286300097,0.005063525514198475
Z_noise2,X_conf,5,1,3,0,0.44900483995373097,0.49365306103493045,0.04464822108119948
Z_noise2,X_syn1,5,2,3,0,0.4959811610631958,0.4992248179943705,0.003243656931174732
Z_noise2,X_syn2,5,3,3,0,0.4977904868114977,0.4944326536255127,-0.003357833185984982
Z_noise2,Z_noise1,5,4,3,0,0.5031714209252054,0.49717194987867297,-0.005999471046532423
Z_noise2,Z_noise3,5,6,3,0,0.4957858187779842,0.49314198935759807,-0.0026438294203861568
Z_noise3,X_causal,6,0,3,0,0.49631008231934565,0.5000274168618467,0.0037173345425010607
Z_noise3,X_conf,6,1,3,0,0.45097767850445153,0.4935502146621823,0.04257253615773077
Z_noise3,X_syn1,6,2,3,0,0.4989167673104563,0.5010830937083067,0.0021663263978504155
Z_noise3,X_syn2,6,3,3,0,0.4989204885565091,0.49817798303695626,-0.0007425055195528496
Z_noise3,Z_noise1,6,4,3,0,0.49863044096192916,0.4966680251715007,-0.00196241579042844
Z_noise3,Z_noise2,6,5,3,0,0.4947669158503022,0.49508973586337796,0.00032282001307576413
X_causal,X_conf,0,1,3,1,0.43820687868852753,0.4949597815910162,0.05675290290248869
X_causal,X_syn1,0,2,3,1,0.49590276092548563,0.4964816372567081,0.0005788763312224443
X_causal,X_syn2,0,3,3,1,0.4985561314401743,0.4972014947313946,-0.0013546367087797218
X_causal,Z_noise1,0,4,3,1,0.5014626375965181,0.49614289819006246,-0.005319739406455637
X_causal,Z_noise2,0,5,3,1,0.4986174587510354,0.49998722375023485,0.001369764999199441
X_causal,Z_noise3,0,6,3,1,0.49496258753281597,0.4964458541008174,0.0014832665680014068
X_conf,X_causal,1,0,3,1,0.43718829925122615,0.4390521174713182,0.0018638182200920728
X_conf,X_syn1,1,2,3,1,0.4367418673269065,0.4340891433339254,-0.0026527239929811097
X_conf,X_syn2,1,3,3,1,0.4394137416777304,0.4405114735280825,0.0010977318503521127
X_conf,Z_noise1,1,4,3,1,0.4400384984845109,0.43428833980840986,-0.005750158676101014
X_conf,Z_noise2,1,5,3,1,0.4347632156626063,0.43502829660760894,0.00026508094500266033
X_conf,Z_noise3,1,6,3,1,0.43916449075176744,0.4426973436156132,0.003532852863845748
X_syn1,X_causal,2,0,3,1,0.49460534277982343,0.4912171284193892,-0.0033882143604342385
X_syn1,X_conf,2,1,3,1,0.4360859729562264,0.48697822859414935,0.050892255637922934
X_syn1,X_syn2,2,3,3,1,0.47570210392579787,0.49630243492511494,0.020600330999317074
X_syn1,Z_noise1,2,4,3,1,0.495382321171457,0.49118753722165603,-0.00419478394980094
X_syn1,Z_noise2,2,5,3,1,0.4953462831867956,0.4985483751028639,0.0032020919160683503
X_syn1,Z_noise3,2,6,3,1,0.49474343584927954,0.4936715464745854,-0.0010718893746941571
X_syn2,X_causal,3,0,3,1,0.4987561898917049,0.4991879240881313,0.0004317341964263921
X_syn2,X_conf,3,1,3,1,0.4384790889325875,0.501146995863351,0.06266790693076346
X_syn2,X_syn1,3,2,3,1,0.47603067045495945,0.49598057901381054,0.019949908558851093
X_syn2,Z_noise1,3,4,3,1,0.5017271074398381,0.4944237566818258,-0.00730335075801225
X_syn2,Z_noise2,3,5,3,1,0.5001267067780792,0.4990917568750646,-0.0010349499030146703
X_syn2,Z_noise3,3,6,3,1,0.49766855324038173,0.5017734772313043,0.004104923990922549
Z_noise1,X_causal,4,0,3,1,0.5020125965783314,0.4991665786354994,-0.002846017942832013
Z_noise1,X_conf,4,1,3,1,0.4400504556114846,0.4963391914978704,0.05628873588638583
Z_noise1,X_syn1,4,2,3,1,0.4957895513595579,0.49970374029425807,0.003914188934700191
Z_noise1,X_syn2,4,3,3,1,0.5022536506650175,0.5021146350811608,-0.0001390155838566498
Z_noise1,Z_noise2,4,5,3,1,0.4970323315185275,0.49806631425137754,0.0010339827328500473
Z_noise1,Z_noise3,4,6,3,1,0.49313590932909773,0.49723966791473423,0.004103758585636497
Z_noise2,X_causal,5,0,3,1,0.49848364198896117,0.5005229447846843,0.002039302795723119
Z_noise2,X_conf,5,1,3,1,0.4357727269200237,0.4954553566340495,0.05968262971402577
Z_noise2,X_syn1,5,2,3,1,0.49446349302751547,0.4952945606966043,0.0008310676690888585
Z_noise2,X_syn2,5,3,3,1,0.5001647113842734,0.49748774468031703,-0.002676966703956396
Z_noise2,Z_noise1,5,4,3,1,0.4977805815181889,0.4944102169860836,-0.0033703645321052633
Z_noise2,Z_noise3,5,6,3,1,0.49461016587768064,0.4992435720990981,0.0046334062214174465
Z_noise3,X_causal,6,0,3,1,0.49488092317764326,0.49490299612056443,2.207294292116968e-05
Z_noise3,X_conf,6,1,3,1,0.4378283837929905,0.4922721361067976,0.0544437523138071
Z_noise3,X_syn1,6,2,3,1,0.4941085243080085,0.4933551130189626,-0.00075341128904588
Z_noise3,X_syn2,6,3,3,1,0.4976443596951928,0.4960354241422624,-0.0016089355529303462
Z_noise3,Z_noise1,6,4,3,1,0.4939149611309513,0.48865250839857916,-0.005262452732372136
Z_noise3,Z_noise2,6,5,3,1,0.49498515628310996,0.4934642659447173,-0.0015208903383926442
X_causal,X_conf,0,1,3,2,0.4277657989988432,0.4935547945806066,0.06578899558176338
X_causal,X_syn1,0,2,3,2,0.49509527040424917,0.5002883280347354,0.005193057630486275
X_causal,X_syn2,0,3,3,2,0.4946571999226626,0.49595257726347064,0.001295377340808035
X_causal,Z_noise1,0,4,3,2,0.49374239928049035,0.49728320366863354,0.0035408043881431928
X_causal,Z_noise2,0,5,3,2,0.4956331910578567,0.4959409211961333,0.00030773013827661844
X_causal,Z_noise3,0,6,3,2,0.4948385742762231,0.4965195008731494,0.0016809265969263132
X_conf,X_causal,1,0,3,2,0.42768084992360983,0.42962308133612565,0.0019422314125158158
X_conf,X_syn1,1,2,3,2,0.433323540241204,0.43637211460042047,0.0030485743592164605
X_conf,X_syn2,1,3,3,2,0.4240198260669679,0.4337274482531299,0.009707622186162002
X_conf,Z_noise1,1,4,3,2,0.42751067848605,0.43359705877518,0.00608638028913
X_conf,Z_noise2,1,5,3,2,0.43267334340302077,0.43383970646392617,0.0011663630609053954
X_conf,Z_noise3,1,6,3,2,0.4301469143070154,0.43198494544765015,0.0018380311406347438
X_syn1,X_causal,2,0,3,2,0.49432755151646873,0.49201059712178274,-0.0023169543946859883
X_syn1,X_conf,2,1,3,2,0.4329608411624814,0.49513101868301806,0.06217017752053666
X_syn1,X_syn2,2,3,3,2,0.47490308631439154,0.49692053477003917,0.022017448455647626
X_syn1,Z_noise1,2,4,3,2,0.49887329019814336,0.4999539738961795,0.0010806836980361556
X_syn1,Z_noise2,2,5,3,2,0.49677990290982166,0.49925623669823493,0.0024763337884132763
X_syn1,Z_noise3,2,6,3,2,0.49643809484930507,0.4979874886764829,0.0015493938271778362
X_syn2,X_causal,3,0,3,2,0.49473202683837914,0.495799172900877,0.001067146062497859
X_syn2,X_conf,3,1,3,2,0.4245872941221608,0.49251236569671114,0.06792507157455036
X_syn2,X_syn1,3,2,3,2,0.4763796533822883,0.4994677049948486,0.02308805161256028
X_syn2,Z_noise1,3,4,3,2,0.49580733100591656,0.49602107659384964,0.00021374558793307852
X_syn2,Z_noise2,3,5,3,2,0.49647342400449834,0.49453852648270363,-0.0019348975217947095
X_syn2,Z_noise3,3,6,3,2,0.49615344200731626,0.49566025276889697,-0.0004931892384192893
Z_noise1,X_causal,4,0,3,2,0.49399134539430795,0.4933370160365831,-0.0006543293577248588
Z_noise1,X_conf,4,1,3,2,0.42738461095313707,0.4966448755142354,0.06926026456109835
Z_noise1,X_syn1,4,2,3,2,0.499200424730721,0.499487841756445,0.0002874170257239905
Z_noise1,X_syn2,4,3,3,2,0.49551115659432843,0.4959117463189915,0.00040058972466305853
Z_noise1,Z_noise2,4,5,3,2,0.4890614236854854,0.49286233589732026,0.0038009122118348726
Z_noise1,Z_noise3,4,6,3,2,0.4971384091421159,0.49430855602810553,-0.00282985311401035
Z_noise2,X_causal,5,0,3,2,0.4949632857414581,0.4967656188054371,0.0018023330639790336
Z_noise2,X_conf,5,1,3,2,0.43317095223286745,0.4957033666499324,0.06253241441706497
Z_noise2,X_syn1,5,2,3,2,0.4972948672588347,0.49914824263008456,0.0018533753712498546
Z_noise2,X_syn2,5,3,3,2,0.49582069267883344,0.4965289883237713,0.0007082956449378508
Z_noise2,Z_noise1,5,4,3,2,0.48953092931958664,0.49887711707042864,0.009346187750842005
Z_noise2,Z_noise3,5,6,3,2,0.4966008303661703,0.4968893277677808,0.0002884974016104658
Z_noise3,X_causal,6,0,3,2,0.4950612201737142,0.4949005695577282,-0.00016065061598596886
Z_noise3,X_conf,6,1,3,2,0.4312311026629133,0.4967755145915582,0.06554441192864491
Z_noise3,X_syn1,6,2,3,2,0.4969603243557976,0.5023045588404167,0.00534423448461907
Z_noise3,X_syn2,6,3,3,2,0.4966213370833573,0.49746917331821106,0.0008478362348537383
Z_noise3,Z_noise1,6,4,3,2,0.49731043415467013,0.4985620522363609,0.0012516180816907752
Z_noise3,Z_noise2,6,5,3,2,0.49715366953214535,0.4977509049009374,0.0005972353687920262
X_causal,X_conf,0,1,3,3,0.4436926259376883,0.4983225482863954,0.05462992234870706
X_causal,X_syn1,0,2,3,3,0.5012116785765158,0.49275977587151476,-0.008451902705001069
X_causal,X_syn2,0,3,3,3,0.4932957178248011,0.4952038482808156,0.0019081304560145118
X_causal,Z_noise1,0,4,3,3,0.4962174213648186,0.4976875532145334,0.0014701318497147842
X_causal,Z_noise2,0,5,3,3,0.49661157182259597,0.4988132294673689,0.0022016576447729252
X_causal,Z_noise3,0,6,3,3,0.49432193774662053,0.4973213937627872,0.0029994560161666906
X_conf,X_causal,1,0,3,3,0.4443721757689785,0.4422716965186354,-0.002100479250343068
X_conf,X_syn1,1,2,3,3,0.4409379011624872,0.44182347415529766,0.0008855729928104461
X_conf,X_syn2,1,3,3,3,0.43821274767656415,0.4434468435211199,0.005234095844555753
X_conf,Z_noise1,1,4,3,3,0.4373183223841706,0.441731935944075,0.0044136135599043835
X_conf,Z_noise2,1,5,3,3,0.44590011710484634,0.4450023017296474,-0.0008978153751989515
X_conf,Z_noise3,1,6,3,3,0.4421768980187155,0.44481374695273174,0.0026368489340162227
X_syn1,X_causal,2,0,3,3,0.5006764602381087,0.4986802268925567,-0.0019962333455520453
X_syn1,X_conf,2,1,3,3,0.4401582054928316,0.49901707926288286,0.05885887377005128
X_syn1,X_syn2,2,3,3,3,0.46615406742102194,0.4977543667249235,0.03160029930390157
X_syn1,Z_noise1,2,4,3,3,0.4891918423036791,0.49427769752000744,0.005085855216328317
X_syn1,Z_noise2,2,5,3,3,0.4934084527940833,0.4957397703607068,0.0023313175666235253
X_syn1,Z_noise3,2,6,3,3,0.492788122101461,0.49349468732009777,0.0007065652186367677
X_syn2,X_causal,3,0,3,3,0.4940111216788467,0.4904398239795208,-0.003571297699325904
X_syn2,X_conf,3,1,3,3,0.4371106255229257,0.4981259907425554,0.06101536521962975
X_syn2,X_syn1,3,2,3,3,0.46538933119503534,0.49301334651466705,0.027624015319631712
X_syn2,Z_noise1,3,4,3,3,0.49385346734097807,0.4927915269741355,-0.0010619403668425953
X_syn2,Z_noise2,3,5,3,3,0.4968534249692283,0.4964644185811741,-0.00038900638805416943
X_syn2,Z_noise3,3,6,3,3,0.4907483038837008,0.48954088577152344,-0.0012074181121773386
Z_noise1,X_causal,4,0,3,3,0.49678198700148307,0.4957261525803953,-0.0010558344210877535
Z_noise1,X_conf,4,1,3,3,0.4378711967741256,0.49512074090078806,0.057249544126662444
Z_noise1,X_syn1,4,2,3,3,0.48975546732757647,0.4908391447794461,0.001083677451869658
Z_noise1,X_syn2,4,3,3,3,0.49397993770155746,0.4956410256203832,0.0016610879188257432
Z_noise1,Z_noise2,4,5,3,3,0.4952764118697944,0.4924406824277371,-0.0028357294420572887
Z_noise1,Z_noise3,4,6,3,3,0.4939384124966513,0.49358732245348313,-0.0003510900431681896
Z_noise2,X_causal,5,0,3,3,0.4960949576481511,0.4941006623721769,-0.0019942952759741672
Z_noise2,X_conf,5,1,3,3,0.4465577567201793,0.4961128531019232,0.049555096381743935
Z_noise2,X_syn1,5,2,3,3,0.49273227859339574,0.4958499410189597,0.0031176624255639385
Z_noise2,X_syn2,5,3,3,3,0.49747709022029485,0.4938408503020409,-0.0036362399182539584
Z_noise2,Z_noise1,5,4,3,3,0.49506875511110576,0.4956147793657215,0.0005460242546157512
Z_noise2,Z_noise3,5,6,3,3,0.4953403203240645,0.49466601819530454,-0.0006743021287599626
Z_noise3,X_causal,6,0,3,3,0.4947553214184555,0.49685286704164217,0.0020975456231866474
Z_noise3,X_conf,6,1,3,3,0.4429655232940583,0.4963972462960598,0.0534317230020015
Z_noise3,X_syn1,6,2,3,3,0.4938168586919609,0.4923209435934497,-0.0014959150985112135
Z_noise3,X_syn2,6,3,3,3,0.49078150067426524,0.49327979314863596,0.0024982924743707224
Z_noise3,Z_noise1,6,4,3,3,0.4938798469827771,0.49285956766237454,-0.0010202793204025506
Z_noise3,Z_noise2,6,5,3,3,0.49576229034818015,0.4919767426173634,-0.0037855477308167407
X_causal,X_conf,0,1,3,4,0.4472393517459709,0.49857150056739613,0.05133214882142523
X_causal,X_syn1,0,2,3,4,0.49864461728333936,0.4998518522808149,0.001207234997475548
X_causal,X_syn2,0,3,3,4,0.4988948927657374,0.49696329441982556,-0.0019315983459118335
X_causal,Z_noise1,0,4,3,4,0.49980732252437376,0.503423500577648,0.0036161780532741883
X_causal,Z_noise2,0,5,3,4,0.5017376802187392,0.49589475135903466,-0.005842928859704555
X_causal,Z_noise3,0,6,3,4,0.5028705827577238,0.49475094514226364,-0.00811963761546014
X_conf,X_causal,1,0,3,4,0.446558289272332,0.44647783577801614,-8.045349431584636e-05
X_conf,X_syn1,1,2,3,4,0.44154686276690314,0.4480797690180612,0.006532906251158044
X_conf,X_syn2,1,3,3,4,0.4407978482563147,0.44112396807074183,0.00032611981442715043
X_conf,Z_noise1,1,4,3,4,0.44446205674116196,0.44932141375904694,0.00485935701788498
X_conf,Z_noise2,1,5,3,4,0.444280559627859,0.4386317997283889,-0.005648759899470113
X_conf,Z_noise3,1,6,3,4,0.44358613602535163,0.44135115375308126,-0.0022349822722703694
X_syn1,X_causal,2,0,3,4,0.4993110395276817,0.4943408541725072,-0.004970185355174461
X_syn1,X_conf,2,1,3,4,0.440112429274463,0.49384775498805566,0.053735325713592685
X_syn1,X_syn2,2,3,3,4,0.46357021727244657,0.4958074012091049,0.03223718393665831
X_syn1,Z_noise1,2,4,3,4,0.49471394981946887,0.5030119956856492,0.008298045866180381
X_syn1,Z_noise2,2,5,3,4,0.4990508126451941,0.4933607588159249,-0.005690053829269182
X_syn1,Z_noise3,2,6,3,4,0.4953894254669628,0.49005187413926266,-0.005337551327700141
X_syn2,X_causal,3,0,3,4,0.4988954736188655,0.49885471627472266,-4.075734414282772e-05
X_syn2,X_conf,3,1,3,4,0.4414355182377307,0.4987087697925966,0.0572732515548659
X_syn2,X_syn1,3,2,3,4,0.46425568582585325,0.5004279551412526,0.03617226931539935
X_syn2,Z_noise1,3,4,3,4,0.5001613019958977,0.5004433869085397,0.0002820849126420333
X_syn2,Z_noise2,3,5,3,4,0.5008487818097277,0.4906571715350423,-0.010191610274685403
X_syn2,Z_noise3,3,6,3,4,0.49848737942218274,0.4900124380009887,-0.008474941421194038
Z_noise1,X_causal,4,0,3,4,0.49950313645004296,0.4990386645911402,-0.00046447185890274856
Z_noise1,X_conf,4,1,3,4,0.44415320188953916,0.49881783183677764,0.054664629947238474
Z_noise1,X_syn1,4,2,3,4,0.4941157768947719,0.4985499991733666,0.004434222278594746
Z_noise1,X_syn2,4,3,3,4,0.49954634396914505,0.4977881573812561,-0.0017581865878889547
Z_noise1,Z_noise2,4,5,3,4,0.4990244028299816,0.49427685155211765,-0.004747551277863971
Z_noise1,Z_noise3,4,6,3,4,0.5010183804502586,0.49230058440066504,-0.008717796049593551
Z_noise2,X_causal,5,0,3,4,0.5018111301774001,0.4982249620869293,-0.003586168090470798
Z_noise2,X_conf,5,1,3,4,0.44462930246841537,0.4954658282267256,0.050836525758310214
Z_noise2,X_syn1,5,2,3,4,0.49882406185959727,0.49937525967359775,0.0005511978140004814
Z_noise2,X_syn2,5,3,3,4,0.5003632930795352,0.49520946586110215,-0.005153827218433049
Z_noise2,Z_noise1,5,4,3,4,0.4983974246385639,0.5027985441726087,0.004401119534044817
Z_noise2,Z_noise3,5,6,3,4,0.4991531189303498,0.4955687015904509,-0.0035844173398988932
Z_noise3,X_causal,6,0,3,4,0.5020451887005408,0.4982161527832062,-0.0038290359173346333
Z_noise3,X_conf,6,1,3,4,0.4445280028875222,0.4974747847621762,0.052946781874654014
Z_noise3,X_syn1,6,2,3,4,0.4970325191640121,0.498446209165655,0.001413690001642931
Z_noise3,X_syn2,6,3,3,4,0.49827714878555074,0.4986686827036857,0.0003915339181349564
Z_noise3,Z_noise1,6,4,3,4,0.50086996815609,0.5023890581049915,0.0015190899489014864
Z_noise3,Z_noise2,6,5,3,4,0.499177426676343,0.498985321178754,-0.0001921054975890235
X_causal,X_conf,0,1,3,5,0.4531860506106031,0.49258111428787515,0.03939506367727208
X_causal,X_syn1,0,2,3,5,0.49359746544491784,0.4945970759510659,0.000999610506148052
X_causal,X_syn2,0,3,3,5,0.4955480838586649,0.4987959163744566,0.003247832515791693
X_causal,Z_noise1,0,4,3,5,0.4968729444656256,0.4980570410864745,0.0011840966208488957
X_causal,Z_noise2,0,5,3,5,0.4964784242297697,0.4935589950865676,-0.0029194291432020902
X_causal,Z_noise3,0,6,3,5,0.49710861388997685,0.4979107730681348,0.0008021591781579573
X_conf,X_causal,1,0,3,5,0.4527774964122305,0.4578464285822481,0.005068932170017637
X_conf,X_syn1,1,2,3,5,0.46060854892270936,0.45039136073139313,-0.010217188191316229
X_conf,X_syn2,1,3,3,5,0.4561830376571711,0.45712402147620085,0.0009409838190297393
X_conf,Z_noise1,1,4,3,5,0.4561793159603931,0.4575425938115256,0.0013632778511325494
X_conf,Z_noise2,1,5,3,5,0.4537033056540779,0.4545424835162725,0.0008391778621946178
X_conf,Z_noise3,1,6,3,5,0.4551384307860084,0.45890016258255767,0.0037617317965492614
X_syn1,X_causal,2,0,3,5,0.4938213091443365,0.4914910695673616,-0.0023302395769748685
X_syn1,X_conf,2,1,3,5,0.46010728492352615,0.4997905257019814,0.03968324077845525
X_syn1,X_syn2,2,3,3,5,0.4756112717687682,0.4979555680800912,0.02234429631132301
X_syn1,Z_noise1,2,4,3,5,0.49568182972180336,0.4987045875787857,0.003022757856982361
X_syn1,Z_noise2,2,5,3,5,0.5004702672919731,0.49685520494262053,-0.003615062349352549
X_syn1,Z_noise3,2,6,3,5,0.5010094839922177,0.49611820357888536,-0.004891280413332311
X_syn2,X_causal,3,0,3,5,0.4954238453820661,0.4973958888355864,0.0019720434535203113
X_syn2,X_conf,3,1,3,5,0.457086892943652,0.49762349225293834,0.040536599309286325
X_syn2,X_syn1,3,2,3,5,0.4751851592308221,0.4962280317589413,0.021042872528119205
X_syn2,Z_noise1,3,4,3,5,0.4905672941624999,0.5003941867311499,0.009826892568649992
X_syn2,Z_noise2,3,5,3,5,0.49463162733921223,0.495465891660811,0.0008342643215987766
X_syn2,Z_noise3,3,6,3,5,0.49406167753214525,0.4983892836645968,0.004327606132451534
Z_noise1,X_causal,4,0,3,5,0.4965013933187675,0.493848178533092,-0.0026532147856755395
Z_noise1,X_conf,4,1,3,5,0.4559013631889484,0.4957913713421052,0.0398900081531568
Z_noise1,X_syn1,4,2,3,5,0.49572993984744923,0.49307447247657066,-0.0026554673708785725
Z_noise1,X_syn2,4,3,3,5,0.4913706457385266,0.49988631659994726,0.008515670861420632
Z_noise1,Z_noise2,4,5,3,5,0.49565486859344676,0.4929189241797612,-0.002735944413685576
Z_noise1,Z_noise3,4,6,3,5,0.49588908549417365,0.4963988408220069,0.0005097553278332612
Z_noise2,X_causal,5,0,3,5,0.49687636648603284,0.49799848743549613,0.00112212094946329
Z_noise2,X_conf,5,1,3,5,0.45392623360368806,0.49573116022108,0.041804926617391935
Z_noise2,X_syn1,5,2,3,5,0.5012522465703095,0.4976495242310405,-0.00360272233926906
Z_noise2,X_syn2,5,3,3,5,0.49480102632390743,0.4980726272869124,0.003271600963004939
Z_noise2,Z_noise1,5,4,3,5,0.4950854319724615,0.4965994625008969,0.001514030528435406
Z_noise2,Z_noise3,5,6,3,5,0.4979783141770164,0.49765354758252794,-0.0003247665944884348
Z_noise3,X_causal,6,0,3,5,0.49751963610887684,0.49355736578251197,-0.0039622703263648695
Z_noise3,X_conf,6,1,3,5,0.45439821789073287,0.4950418848058859,0.04064366691515303
Z_noise3,X_syn1,6,2,3,5,0.5003493782609425,0.49461977343607544,-0.005729604824867063
Z_noise3,X_syn2,6,3,3,5,0.4950143075834018,0.49643281350575236,0.0014185059223505436
Z_noise3,Z_noise1,6,4,3,5,0.49436197361654055,0.4956891596990869,0.0013271860825463389
Z_noise3,Z_noise2,6,5,3,5,0.4986462917107473,0.49653075940665814,-0.002115532304089174
X_causal,X_conf,0,1,3,6,0.4355703189142049,0.4952616131976856,0.05969129428348069
X_causal,X_syn1,0,2,3,6,0.4920878467816102,0.4931373254395621,0.0010494786579519078
X_causal,X_syn2,0,3,3,6,0.49381596757378743,0.49613465337203905,0.0023186857982516185
X_causal,Z_noise1,0,4,3,6,0.49573038107213946,0.4985545323175297,0.0028241512453902606
X_causal,Z_noise2,0,5,3,6,0.49526889550010134,0.49334439052404405,-0.001924504976057284
X_causal,Z_noise3,0,6,3,6,0.4935132855286218,0.4928049630460996,-0.0007083224825221723
X_conf,X_causal,1,0,3,6,0.43662278802466215,0.4362963716307943,-0.0003264163938678233
X_conf,X_syn1,1,2,3,6,0.43150660385014683,0.4365351283129965,0.005028524462849682
X_conf,X_syn2,1,3,3,6,0.4332811759390818,0.4371858826997415,0.0039047067606597374
X_conf,Z_noise1,1,4,3,6,0.4362120853766577,0.4378633549479395,0.0016512695712818104
X_conf,Z_noise2,1,5,3,6,0.43813477307391485,0.4369996754182605,-0.001135097655654338
X_conf,Z_noise3,1,6,3,6,0.43850903798207264,0.43158487726444533,-0.0069241607176273035
X_syn1,X_causal,2,0,3,6,0.49194270578511756,0.49347161884820756,0.0015289130630899983
X_syn1,X_conf,2,1,3,6,0.4322082028783701,0.49518287747020356,0.06297467459183348
X_syn1,X_syn2,2,3,3,6,0.4712245411247863,0.4917141045743224,0.02048956344953612
X_syn1,Z_noise1,2,4,3,6,0.49202137493752485,0.49696205487571543,0.004940679938190584
X_syn1,Z_noise2,2,5,3,6,0.49439672527110073,0.48893392566541377,-0.005462799605686963
X_syn1,Z_noise3,2,6,3,6,0.4925687242971443,0.4953266380819955,0.0027579137848511848
X_syn2,X_causal,3,0,3,6,0.4933303072340025,0.49296820561713056,-0.000362101616871946
X_syn2,X_conf,3,1,3,6,0.43355526801345873,0.4982689157983827,0.064713647784924
X_syn2,X_syn1,3,2,3,6,0.4707107190816881,0.49561392296211715,0.024903203880429048
X_syn2,Z_noise1,3,4,3,6,0.4933184101525139,0.49928981705052367,0.00597140689800979
X_syn2,Z_noise2,3,5,3,6,0.49826437953796493,0.49743521084894216,-0.0008291686890227745
X_syn2,Z_noise3,3,6,3,6,0.49632413886794924,0.49692300798324973,0.0005988691153004932
Z_noise1,X_causal,4,0,3,6,0.49540395171831053,0.4922276958230393,-0.0031762558952712072
Z_noise1,X_conf,4,1,3,6,0.4349036539101734,0.49887633674341464,0.06397268283324126
Z_noise1,X_syn1,4,2,3,6,0.49246147683336355,0.4943275791101037,0.001866102276740167
Z_noise1,X_syn2,4,3,3,6,0.49355003244863244,0.4971035270304573,0.0035534945818248564
Z_noise1,Z_noise2,4,5,3,6,0.4940839776814674,0.49092907694818594,-0.0031549007332814516
Z_noise1,Z_noise3,4,6,3,6,0.49464864906791034,0.4968339339619604,0.0021852848940500658
Z_noise2,X_causal,5,0,3,6,0.49424341917366904,0.49870304553667355,0.00445962636300451
Z_noise2,X_conf,5,1,3,6,0.4388589525100111,0.49910234536376546,0.06024339285375435
Z_noise2,X_syn1,5,2,3,6,0.49405978842166626,0.49503234627010245,0.0009725578484361952
Z_noise2,X_syn2,5,3,3,6,0.49824161669380246,0.5020054015908638,0.003763784897061362
Z_noise2,Z_noise1,5,4,3,6,0.49359227358830265,0.4990843310937787,0.0054920575054760445
Z_noise2,Z_noise3,5,6,3,6,0.49685020528694607,0.49638388973468206,-0.0004663155522640072
Z_noise3,X_causal,6,0,3,6,0.4927899235878861,0.4948951352357053,0.002105211647819183
Z_noise3,X_conf,6,1,3,6,0.43775675423213584,0.4994654276013366,0.06170867336920077
Z_noise3,X_syn1,6,2,3,6,0.4927066983112144,0.4949442058138189,0.002237507502604541
Z_noise3,X_syn2,6,3,3,6,0.49626051389731163,0.4992204321731905,0.002959918275878881
Z_noise3,Z_noise1,6,4,3,6,0.49522054856286635,0.5009633749215294,0.005742826358663078
Z_noise3,Z_noise2,6,5,3,6,0.49611861841806676,0.4954240079101525,-0.0006946105079142506
X_causal,X_conf,0,1,3,7,0.4447910856380473,0.4998870256581221,0.055095940020074785
X_causal,X_syn1,0,2,3,7,0.500547694375885,0.4966491719772176,-0.0038985223986673923
X_causal,X_syn2,0,3,3,7,0.5000544171420807,0.49271212746802084,-0.00734228967405981
X_causal,Z_noise1,0,4,3,7,0.49852144199080234,0.5028564530788361,0.004335011088033747
X_causal,Z_noise2,0,5,3,7,0.4961777335938771,0.49787211981882595,0.0016943862249488295
X_causal,Z_noise3,0,6,3,7,0.501201569926642,0.49237757798534315,-0.008823991941298848
X_conf,X_causal,1,0,3,7,0.44548946390999566,0.445562062094728,7.259818473231983e-05
X_conf,X_syn1,1,2,3,7,0.4494021586904989,0.44549892173421823,-0.0039032369562806424
X_conf,X_syn2,1,3,3,7,0.44580729777287154,0.4390144164190586,-0.006792881353812952
X_conf,Z_noise1,1,4,3,7,0.45354400678027373,0.44439152395857495,-0.009152482821698782
X_conf,Z_noise2,1,5,3,7,0.44371813030610563,0.44204971523151876,-0.0016684150745868709
X_conf,Z_noise3,1,6,3,7,0.4458860883051955,0.4419500956143615,-0.003935992690834
X_syn1,X_causal,2,0,3,7,0.49954479625927745,0.4995949761246308,5.017986535332808e-05
X_syn1,X_conf,2,1,3,7,0.44883379765004816,0.4950192252402097,0.04618542759016153
X_syn1,X_syn2,2,3,3,7,0.4831392108917872,0.49570152517984784,0.01256231428806065
X_syn1,Z_noise1,2,4,3,7,0.4997108819390938,0.4995400166297905,-0.00017086530930332522
X_syn1,Z_noise2,2,5,3,7,0.4973739976002303,0.4972051318131006,-0.00016886578712971279
X_syn1,Z_noise3,2,6,3,7,0.49932185855842126,0.498678570298424,-0.0006432882599972656
X_syn2,X_causal,3,0,3,7,0.5001879586884695,0.49620640086833623,-0.003981557820133319
X_syn2,X_conf,3,1,3,7,0.4462296941039925,0.4951123457011877,0.04888265159719518
X_syn2,X_syn1,3,2,3,7,0.4824548759166645,0.4991938178151116,0.016738941898447046
X_syn2,Z_noise1,3,4,3,7,0.4981636201653581,0.4955184945376807,-0.0026451256276773805
X_syn2,Z_noise2,3,5,3,7,0.49706654425482827,0.4977804841109471,0.0007139398561188393
X_syn2,Z_noise3,3,6,3,7,0.5005857772636912,0.49748371723673773,-0.0031020600269535126
Z_noise1,X_causal,4,0,3,7,0.498625646888398,0.4987584317295199,0.00013278484112189126
Z_noise1,X_conf,4,1,3,7,0.45435717637612083,0.49504921510523564,0.04069203872911481
Z_noise1,X_syn1,4,2,3,7,0.5009939144472986,0.4944761131599668,-0.006517801287331759
Z_noise1,X_syn2,4,3,3,7,0.4972735995505151,0.4954571980669471,-0.0018164014835679865
Z_noise1,Z_noise2,4,5,3,7,0.49627491066529256,0.49666090478183,0.000385994116537447
Z_noise1,Z_noise3,4,6,3,7,0.501392802379777,0.49298925612391137,-0.008403546255865646
Z_noise2,X_causal,5,0,3,7,0.4965991571315915,0.49867708533288874,0.0020779282012972633
Z_noise2,X_conf,5,1,3,7,0.4446089127490554,0.49430723957637085,0.04969832682731545
Z_noise2,X_syn1,5,2,3,7,0.49683895054175814,0.49572347459960747,-0.0011154759421506677
Z_noise2,X_syn2,5,3,3,7,0.4969829783787192,0.49608067272416506,-0.0009023056545541253
Z_noise2,Z_noise1,5,4,3,7,0.4959871599976804,0.49932471853505095,0.003337558537370555
Z_noise2,Z_noise3,5,6,3,7,0.4983683480602745,0.4971649391151022,-0.0012034089451723462
Z_noise3,X_causal,6,0,3,7,0.5010671726249901,0.49971280954329905,-0.001354363081691068
Z_noise3,X_conf,6,1,3,7,0.4448911345564261,0.4978051890935185,0.052914054537092414
Z_noise3,X_syn1,6,2,3,7,0.5000749610110766,0.49868236742036204,-0.0013925935907145859
Z_noise3,X_syn2,6,3,3,7,0.5006330031367868,0.4964173988739295,-0.004215604262857331
Z_noise3,Z_noise1,6,4,3,7,0.5014796033242079,0.5014703470533539,-9.256270854018922e-06
Z_noise3,Z_noise2,6,5,3,7,0.49823248850147783,0.4961616045093253,-0.00207088399215255
X_causal,X_conf,0,1,3,8,0.44109890840944954,0.4958229547726751,0.05472404636322553
X_causal,X_syn1,0,2,3,8,0.49273096780353365,0.4934354473835401,0.0007044795800064674
X_causal,X_syn2,0,3,3,8,0.49491884211922227,0.49625632194807523,0.001337479828852961
X_causal,Z_noise1,0,4,3,8,0.49437931046936207,0.4950441238710416,0.0006648134016795093
X_causal,Z_noise2,0,5,3,8,0.4931998497348791,0.4936726327465415,0.0004727830116623699
X_causal,Z_noise3,0,6,3,8,0.4922579732358576,0.49953000971989475,0.0072720364840371254
X_conf,X_causal,1,0,3,8,0.4413694771760731,0.4424030893069817,0.0010336121309085788
X_conf,X_syn1,1,2,3,8,0.44750411529849304,0.4403972971415478,-0.007106818156945249
X_conf,X_syn2,1,3,3,8,0.43897248188387017,0.4425167751085125,0.0035442932246423364
X_conf,Z_noise1,1,4,3,8,0.4461030976115714,0.4366953392616738,-0.0094077583498976
X_conf,Z_noise2,1,5,3,8,0.43726330377437755,0.4384993353245669,0.0012360315501893648
X_conf,Z_noise3,1,6,3,8,0.4405070855917281,0.4408999125503968,0.00039282695866871276
X_syn1,X_causal,2,0,3,8,0.4930359412025834,0.4967028690765154,0.003666927873931969
X_syn1,X_conf,2,1,3,8,0.44670222010499316,0.48847841807047504,0.041776197965481876
X_syn1,X_syn2,2,3,3,8,0.46760297390002153,0.4947265850664738,0.02712361116645229
X_syn1,Z_noise1,2,4,3,8,0.49103376958734923,0.4918494421677979,0.0008156725804486786
X_syn1,Z_noise2,2,5,3,8,0.49153337896675076,0.49101335866896395,-0.0005200202977868051
X_syn1,Z_noise3,2,6,3,8,0.496758809596305,0.4958602623959197,-0.0008985472003852912
X_syn2,X_causal,3,0,3,8,0.4952808330388279,0.4942822630576701,-0.0009985699811578264
X_syn2,X_conf,3,1,3,8,0.43892702783456916,0.4975354466888995,0.058608418854330324
X_syn2,X_syn1,3,2,3,8,0.4667023165839277,0.49587468621849584,0.02917236963456815
X_syn2,Z_noise1,3,4,3,8,0.49388886492469025,0.4949459609828316,0.0010570960581413602
X_syn2,Z_noise2,3,5,3,8,0.49655141904195327,0.49473562312804314,-0.0018157959139101232
X_syn2,Z_noise3,3,6,3,8,0.49261948318205306,0.4945168535326125,0.0018973703505594242
Z_noise1,X_causal,4,0,3,8,0.4952364472306943,0.49328375194970814,-0.001952695280986183
Z_noise1,X_conf,4,1,3,8,0.44424419333709836,0.4951000950737144,0.05085590173661603
Z_noise1,X_syn1,4,2,3,8,0.4911047542869274,0.4936374006662062,0.0025326463792788023
Z_noise1,X_syn2,4,3,3,8,0.49329174734839387,0.4955566152808193,0.0022648679324254184
Z_noise1,Z_noise2,4,5,3,8,0.4911385104749115,0.4927376868027513,0.0015991763278397908
Z_noise1,Z_noise3,4,6,3,8,0.4939892346469227,0.4949236116306383,0.0009343769837156235
Z_noise2,X_causal,5,0,3,8,0.4939357332468383,0.4939793718768232,4.363862998491008e-05
Z_noise2,X_conf,5,1,3,8,0.4365702895805226,0.49370234230010784,0.05713205271958527
Z_noise2,X_syn1,5,2,3,8,0.4915255203730861,0.4954073071085001,0.0038817867354140057
Z_noise2,X_syn2,5,3,3,8,0.4959584994463849,0.4926369733827267,-0.003321526063658209
Z_noise2,Z_noise1,5,4,3,8,0.4909402335669561,0.49122651725920763,0.00028628369225153216
Z_noise2,Z_noise3,5,6,3,8,0.49222869624438836,0.4952912982067517,0.003062601962363354
Z_noise3,X_causal,6,0,3,8,0.4924300221459306,0.49205162474172087,-0.00037839740420975154
Z_noise3,X_conf,6,1,3,8,0.4400477350479558,0.4949796846798274,0.05493194963187159
Z_noise3,X_syn1,6,2,3,8,0.49647878685097474,0.4940737201298811,-0.0024050667210936405
Z_noise3,X_syn2,6,3,3,8,0.4928717006992972,0.4935902453396651,0.000718544640367913
Z_noise3,Z_noise1,6,4,3,8,0.49402794727848615,0.49180907418887193,-0.002218873089614215
Z_noise3,Z_noise2,6,5,3,8,0.49213648884670463,0.4941134845773998,0.0019769957306951524
X_causal,X_conf,0,1,3,9,0.4349266223928392,0.4937599234465458,0.0588333010537066
X_causal,X_syn1,0,2,3,9,0.49313529421721997,0.4917316694472627,-0.0014036247699572568
X_causal,X_syn2,0,3,3,9,0.4920074460281559,0.4904821409246646,-0.0015253051034913034
X_causal,Z_noise1,0,4,3,9,0.4954429626898069,0.4952586325034244,-0.00018433018638253085
X_causal,Z_noise2,0,5,3,9,0.4951551941660088,0.489118362717154,-0.006036831448854807
X_causal,Z_noise3,0,6,3,9,0.49470905529378223,0.49330139906276127,-0.0014076562310209595
X_conf,X_causal,1,0,3,9,0.4345549176628785,0.43575164816365786,0.0011967305007793416
X_conf,X_syn1,1,2,3,9,0.4363385201613545,0.43353287933565676,-0.0028056408256977305
X_conf,X_syn2,1,3,3,9,0.4357655523248497,0.4344791679893101,-0.0012863843355396254
X_conf,Z_noise1,1,4,3,9,0.4420501061801211,0.4358369522758308,-0.006213153904290281
X_conf,Z_noise2,1,5,3,9,0.43403922483527907,0.4332645507052322,-0.0007746741300468929
X_conf,Z_noise3,1,6,3,9,0.43748931620916914,0.43471300341392577,-0.002776312795243374
X_syn1,X_causal,2,0,3,9,0.4930685506206848,0.49425542227336033,0.0011868716526755585
X_syn1,X_conf,2,1,3,9,0.43718085448762073,0.4860200714747182,0.04883921698709748
X_syn1,X_syn2,2,3,3,9,0.48131255134272144,0.4950847800906267,0.013772228747905235
X_syn1,Z_noise1,2,4,3,9,0.4969606740633226,0.4945016577023589,-0.0024590163609637394
X_syn1,Z_noise2,2,5,3,9,0.49320404851889027,0.49163759658024314,-0.0015664519386471287
X_syn1,Z_noise3,2,6,3,9,0.4977649859163273,0.494808318913687,-0.002956667002640301
X_syn2,X_causal,3,0,3,9,0.4922477468008173,0.49688650490237035,0.004638758101553064
X_syn2,X_conf,3,1,3,9,0.4354477045219675,0.49524107182937116,0.059793367307403644
X_syn2,X_syn1,3,2,3,9,0.4813699706156383,0.49338164635615644,0.012011675740518146
X_syn2,Z_noise1,3,4,3,9,0.4957180626094276,0.49561863052496985,-9.9432084457729e-05
X_syn2,Z_noise2,3,5,3,9,0.4958218129356201,0.4926968701366677,-0.0031249427989524237
X_syn2,Z_noise3,3,6,3,9,0.49692501914423176,0.4965950442313458,-0.00032997491288594416
Z_noise1,X_causal,4,0,3,9,0.4958158163433317,0.49674144289949684,0.0009256265561651267
Z_noise1,X_conf,4,1,3,9,0.441684351067243,0.4912107511081265,0.04952640004088349
Z_noise1,X_syn1,4,2,3,9,0.4964645462821089,0.49432921683890824,-0.002135329443200662
Z_noise1,X_syn2,4,3,3,9,0.4962082483123929,0.4963468492708627,0.00013860095846979226
Z_noise1,Z_noise2,4,5,3,9,0.4969007279800226,0.49315789692967105,-0.0037428310503515583
Z_noise1,Z_noise3,4,6,3,9,0.5020596929358059,0.4970192614081397,-0.0050404315276662
Z_noise2,X_causal,5,0,3,9,0.4952726187838718,0.4991855910495895,0.003912972265717685
Z_noise2,X_conf,5,1,3,9,0.4340073153431211,0.49408213755942565,0.06007482221630456
Z_noise2,X_syn1,5,2,3,9,0.4929013698644073,0.49244272307667675,-0.00045864678773055445
Z_noise2,X_syn2,5,3,3,9,0.4963051994415443,0.49668512056629716,0.00037992112475288
Z_noise2,Z_noise1,5,4,3,9,0.4972869090945757,0.4974661512631147,0.00017924216853903996
Z_noise2,Z_noise3,5,6,3,9,0.49780049240974666,0.4995919362120786,0.0017914438023319268
Z_noise3,X_causal,6,0,3,9,0.4943783649779352,0.49847071138295534,0.004092346405020153
Z_noise3,X_conf,6,1,3,9,0.43775952593577755,0.495359223725269,0.05759969778949148
Z_noise3,X_syn1,6,2,3,9,0.4978448081186736,0.4935283546297677,-0.004316453488905914
Z_noise3,X_syn2,6,3,3,9,0.496475156445968,0.4988186616819951,0.0023435052360271103
Z_noise3,Z_noise1,6,4,3,9,0.5018776894591959,0.49963503801709264,-0.0022426514421032273
Z_noise3,Z_noise2,6,5,3,9,0.4980513026576359,0.4950059463142163,-0.003045356343419625
X_causal,X_conf,0,1,4,0,0.45062275305814264,0.4945959721699243,0.04397321911178165
X_causal,X_syn1,0,2,4,0,0.4930143140939549,0.49582948039584857,0.002815166301893657
X_causal,X_syn2,0,3,4,0,0.4912184713438765,0.4965004901658707,0.00528201882199425
X_causal,Z_noise1,0,4,4,0,0.5014812059217664,0.49239908546300565,-0.009082120458760723
X_causal,Z_noise2,0,5,4,0,0.49835547654966217,0.49246136813707586,-0.0058941084125863075
X_causal,Z_noise3,0,6,4,0,0.496973068343365,0.4966460704516237,-0.00032699789174134297
X_conf,X_causal,1,0,4,0,0.44970519584450913,0.45813553492285514,0.008430339078346005
X_conf,X_syn1,1,2,4,0,0.4523997191711412,0.4541113551364865,0.0017116359653452928
X_conf,X_syn2,1,3,4,0,0.448925079022154,0.4475125336991887,-0.0014125453229653084
X_conf,Z_noise1,1,4,4,0,0.4521134924972049,0.45085733774933545,-0.0012561547478694424
X_conf,Z_noise2,1,5,4,0,0.45185687515862216,0.4527966139943895,0.000939738835767312
X_conf,Z_noise3,1,6,4,0,0.45291946899679103,0.453633220234438,0.0007137512376469424
X_syn1,X_causal,2,0,4,0,0.4922810141523578,0.4936546877904186,0.0013736736380607906
X_syn1,X_conf,2,1,4,0,0.45383932445417063,0.49208957460009395,0.038250250145923315
X_syn1,X_syn2,2,3,4,0,0.4730439727659497,0.4910190177803505,0.01797504501440078
X_syn1,Z_noise1,2,4,4,0,0.49541368411372977,0.49414720214585073,-0.0012664819678790407
X_syn1,Z_noise2,2,5,4,0,0.49548929484343923,0.49583369958832735,0.000344404744888116
X_syn1,Z_noise3,2,6,4,0,0.4945193755775806,0.4940094042554127,-0.0005099713221679014
X_syn2,X_causal,3,0,4,0,0.4912270771182241,0.4973979897809749,0.0061709126627507715
X_syn2,X_conf,3,1,4,0,0.44732607240591205,0.4945761413070675,0.04725006890115546
X_syn2,X_syn1,3,2,4,0,0.474154280720335,0.49362469658848956,0.019470415868154567
X_syn2,Z_noise1,3,4,4,0,0.49656185922264273,0.49284216015885746,-0.0037196990637852756
X_syn2,Z_noise2,3,5,4,0,0.49899398018814983,0.49238775220320447,-0.0066062279849453676
X_syn2,Z_noise3,3,6,4,0,0.49613090996186765,0.49731088659611594,0.001179976634248292
Z_noise1,X_causal,4,0,4,0,0.5011174803338467,0.5003699160176412,-0.0007475643162054846
Z_noise1,X_conf,4,1,4,0,0.45235334912180275,0.49537022341526116,0.04301687429345841
Z_noise1,X_syn1,4,2,4,0,0.4955238997150999,0.4996734646376144,0.004149564922514504
Z_noise1,X_syn2,4,3,4,0,0.49584886160133873,0.49751226248989183,0.0016634008885531015
Z_noise1,Z_noise2,4,5,4,0,0.4967848052723382,0.4989803768549076,0.002195571582569389
Z_noise1,Z_noise3,4,6,4,0,0.5024032160343835,0.4987004941754068,-0.003702721858976743
Z_noise2,X_causal,5,0,4,0,0.49716093833629604,0.4987293125010483,0.0015683741647522509
Z_noise2,X_conf,5,1,4,0,0.45206574062302496,0.4972549434090792,0.04518920278605426
Z_noise2,X_syn1,5,2,4,0,0.49562329902980856,0.49410912250427746,-0.0015141765255310968
Z_noise2,X_syn2,5,3,4,0,0.4995256554013738,0.494969738962436,-0.004555916438937768
Z_noise2,Z_noise1,5,4,4,0,0.4964690729576607,0.49593193325282947,-0.0005371397048312132
Z_noise2,Z_noise3,5,6,4,0,0.49693577880095247,0.4980041099567602,0.0010683311558077335
Z_noise3,X_causal,6,0,4,0,0.4957262449475157,0.49336825988959826,-0.0023579850579174555
Z_noise3,X_conf,6,1,4,0,0.4525684549336687,0.4969315465304324,0.044363091596763715
Z_noise3,X_syn1,6,2,4,0,0.49512857797463855,0.4942094136645593,-0.0009191643100792679
Z_noise3,X_syn2,6,3,4,0,0.49539277397055353,0.49693902676480317,0.0015462527942496362
Z_noise3,Z_noise1,6,4,4,0,0.5023130439943511,0.49406332724631163,-0.008249716748039426
Z_noise3,Z_noise2,6,5,4,0,0.4968064732001878,0.4957421959455625,-0.0010642772546252677
X_causal,X_conf,0,1,4,1,0.4453811346622804,0.4968848614899926,0.051503726827712204
X_causal,X_syn1,0,2,4,1,0.4960432464819658,0.4942956472959428,-0.0017475991860230189
X_causal,X_syn2,0,3,4,1,0.4994299077736181,0.4962630023070555,-0.0031669054665626195
X_causal,Z_noise1,0,4,4,1,0.5000532206934645,0.5004300668697723,0.00037684617630784345
X_causal,Z_noise2,0,5,4,1,0.4971687394218629,0.4981425599477691,0.0009738205259062216
X_causal,Z_noise3,0,6,4,1,0.49436070378458946,0.49737299604227936,0.003012292257689897
X_conf,X_causal,1,0,4,1,0.4442170678067895,0.4487195732919987,0.004502505485209196
X_conf,X_syn1,1,2,4,1,0.4490739324168747,0.44553862029211555,-0.00353531212475916
X_conf,X_syn2,1,3,4,1,0.44701066470197576,0.4445169446264842,-0.0024937200754915345
X_conf,Z_noise1,1,4,4,1,0.44216886767656544,0.44891530192757717,0.006746434251011735
X_conf,Z_noise2,1,5,4,1,0.44609911314159156,0.4464611921851068,0.0003620790435152621
X_conf,Z_noise3,1,6,4,1,0.4486458521200345,0.44251421691361936,-0.006131635206415131
X_syn1,X_causal,2,0,4,1,0.49594924687385433,0.49837577081507334,0.0024265239412190054
X_syn1,X_conf,2,1,4,1,0.4493043689639931,0.5015682466961727,0.05226387773217961
X_syn1,X_syn2,2,3,4,1,0.47417386878728834,0.5025436294566672,0.028369760669378852
X_syn1,Z_noise1,2,4,4,1,0.49300158055953586,0.5028592397582965,0.009857659198760638
X_syn1,Z_noise2,2,5,4,1,0.4940486970584338,0.4954347373072206,0.0013860402487868018
X_syn1,Z_noise3,2,6,4,1,0.4988657097797722,0.49793678491218946,-0.0009289248675827255
X_syn2,X_causal,3,0,4,1,0.49975683836177237,0.4997716456343908,1.4807272618433398e-05
X_syn2,X_conf,3,1,4,1,0.44829572058939804,0.4989034944755066,0.05060777388610854
X_syn2,X_syn1,3,2,4,1,0.47574214369094775,0.4926117985242419,0.016869654833294168
X_syn2,Z_noise1,3,4,4,1,0.4936370830791173,0.4992087497428102,0.005571666663692909
X_syn2,Z_noise2,3,5,4,1,0.49338285615383753,0.4964917087559638,0.0031088526021262886
X_syn2,Z_noise3,3,6,4,1,0.49696051155694376,0.49887066249556505,0.0019101509386212912
Z_noise1,X_causal,4,0,4,1,0.5002806391252016,0.4942683102812936,-0.00601232884390801
Z_noise1,X_conf,4,1,4,1,0.4415369558976408,0.4931414419813603,0.05160448608371948
Z_noise1,X_syn1,4,2,4,1,0.49344648128522123,0.49011590400458976,-0.0033305772806314637
Z_noise1,X_syn2,4,3,4,1,0.4934079386446572,0.491136628689331,-0.002271309955326206
Z_noise1,Z_noise2,4,5,4,1,0.48888317391870306,0.49140367103561916,0.0025204971169160983
Z_noise1,Z_noise3,4,6,4,1,0.49122269648363237,0.4923191061104926,0.0010964096268602508
Z_noise2,X_causal,5,0,4,1,0.49710132021696185,0.48957407991124263,-0.007527240305719218
Z_noise2,X_conf,5,1,4,1,0.4451374078319612,0.4954415653016211,0.05030415746965988
Z_noise2,X_syn1,5,2,4,1,0.4941490103142469,0.4902591810580852,-0.0038898292561617143
Z_noise2,X_syn2,5,3,4,1,0.49384396366253963,0.4930821780993413,-0.0007617855631983361
Z_noise2,Z_noise1,5,4,4,1,0.48846638908807727,0.49816048594820556,0.009694096860128287
Z_noise2,Z_noise3,5,6,4,1,0.49227997462248596,0.4908811680410546,-0.0013988065814313777
Z_noise3,X_causal,6,0,4,1,0.49603136699356254,0.4927516860374482,-0.0032796809561143614
Z_noise3,X_conf,6,1,4,1,0.4489084506161608,0.49580292082796457,0.04689447021180376
Z_noise3,X_syn1,6,2,4,1,0.49978983939788657,0.49424043941379603,-0.005549399984090542
Z_noise3,X_syn2,6,3,4,1,0.49760503789930627,0.49491721664713056,-0.002687821252175704
Z_noise3,Z_noise1,6,4,4,1,0.49169741702694925,0.4967348860377113,0.0050374690107620745
Z_noise3,Z_noise2,6,5,4,1,0.4912641693273986,0.49300847127270453,0.0017443019453059483
X_causal,X_conf,0,1,4,2,0.44953447375143024,0.4937014378274983,0.04416696407606807
X_causal,X_syn1,0,2,4,2,0.49030181069156037,0.4963701353271979,0.006068324635637556
X_causal,X_syn2,0,3,4,2,0.4945268804175827,0.4940496563687656,-0.00047722404881711533
X_causal,Z_noise1,0,4,4,2,0.49524923098279733,0.4929513201733788,-0.0022979108094185463
X_causal,Z_noise2,0,5,4,2,0.4930652644909404,0.49230250576532597,-0.0007627587256144319
X_causal,Z_noise3,0,6,4,2,0.493176014441782,0.4938911868123569,0.0007151723705748902
X_conf,X_causal,1,0,4,2,0.44854649231551524,0.44426895851762493,-0.004277533797890309
X_conf,X_syn1,1,2,4,2,0.4518229398698683,0.4486647097306647,-0.0031582301392036327
X_conf,X_syn2,1,3,4,2,0.44597523600793737,0.4489490394376806,0.002973803429743238
X_conf,Z_noise1,1,4,4,2,0.4492746981701816,0.4542957814130816,0.00502108324289996
X_conf,Z_noise2,1,5,4,2,0.4460697108760528,0.4479462941816625,0.0018765833056096914
X_conf,Z_noise3,1,6,4,2,0.44626258006321534,0.45101445610238294,0.004751876039167602
X_syn1,X_causal,2,0,4,2,0.48942676660934925,0.4886652499478962,-0.0007615166614530766
X_syn1,X_conf,2,1,4,2,0.45112394995985466,0.4914245648036394,0.04030061484378472
X_syn1,X_syn2,2,3,4,2,0.47099132027653845,0.49497000777934397,0.023978687502805518
X_syn1,Z_noise1,2,4,4,2,0.4962724047749044,0.49746385531226167,0.0011914505373572526
X_syn1,Z_noise2,2,5,4,2,0.49372756876465296,0.4914740644423005,-0.00225350432235244
X_syn1,Z_noise3,2,6,4,2,0.49452197905849105,0.49630280327003257,0.0017808242115415207
X_syn2,X_causal,3,0,4,2,0.4944559961710224,0.4928972037813622,-0.001558792389660224
X_syn2,X_conf,3,1,4,2,0.4463662932444451,0.4961104636333918,0.049744170388946685
X_syn2,X_syn1,3,2,4,2,0.47057552342482933,0.49708982383646944,0.0265143004116401
X_syn2,Z_noise1,3,4,4,2,0.4972594686218544,0.49539709885817196,-0.0018623697636824255
X_syn2,Z_noise2,3,5,4,2,0.4974655623548152,0.49418024381797965,-0.0032853185368355575
X_syn2,Z_noise3,3,6,4,2,0.49626704455795667,0.49573225613433197,-0.0005347884236246991
Z_noise1,X_causal,4,0,4,2,0.4950228106653613,0.4954978460513774,0.0004750353860161205
Z_noise1,X_conf,4,1,4,2,0.45009056107925816,0.4976623299902294,0.04757176891097126
Z_noise1,X_syn1,4,2,4,2,0.4955177584334087,0.5013684835249802,0.005850725091571529
Z_noise1,X_syn2,4,3,4,2,0.4973729963570575,0.49937415416475056,0.0020011578076930547
Z_noise1,Z_noise2,4,5,4,2,0.4995906716443226,0.49864983836832133,-0.0009408332760012517
Z_noise1,Z_noise3,4,6,4,2,0.4968748064078564,0.4980836473678827,0.0012088409600262695
Z_noise2,X_causal,5,0,4,2,0.49318434363910235,0.4934677613322847,0.0002834176931823529
Z_noise2,X_conf,5,1,4,2,0.4456548571247077,0.4938302962645399,0.04817543913983219
Z_noise2,X_syn1,5,2,4,2,0.4930295968448072,0.49654056158322685,0.003510964738419664
Z_noise2,X_syn2,5,3,4,2,0.49707134262002833,0.5007908234493642,0.003719480829335875
Z_noise2,Z_noise1,5,4,4,2,0.4993165954772877,0.49423168081128255,-0.005084914666005136
Z_noise2,Z_noise3,5,6,4,2,0.49524464209878244,0.49734867063371835,0.002104028534935909
Z_noise3,X_causal,6,0,4,2,0.49296159559045805,0.49519054100921045,0.002228945418752404
Z_noise3,X_conf,6,1,4,2,0.446881537581984,0.49506684685729296,0.04818530927530895
Z_noise3,X_syn1,6,2,4,2,0.49495410866257816,0.4987640411517283,0.003809932489150125
Z_noise3,X_syn2,6,3,4,2,0.49601275877603485,0.4933303779023315,-0.0026823808737033716
Z_noise3,Z_noise1,6,4,4,2,0.4974845500147884,0.49467586335542024,-0.002808686659368176
Z_noise3,Z_noise2,6,5,4,2,0.4959454329102036,0.49803650148716233,0.0020910685769587323
X_causal,X_conf,0,1,4,3,0.43942461513018277,0.49541618883361793,0.05599157370343516
X_causal,X_syn1,0,2,4,3,0.49786692314382114,0.5025181868687663,0.0046512637249451205
X_causal,X_syn2,0,3,4,3,0.49532664121508857,0.4971269331504163,0.0018002919353277136
X_causal,Z_noise1,0,4,4,3,0.4948154251376045,0.5020256538478629,0.007210228710258393
X_causal,Z_noise2,0,5,4,3,0.4944455284518262,0.4953634989926062,0.0009179705407799665
X_causal,Z_noise3,0,6,4,3,0.5002863982353363,0.49735100826347456,-0.0029353899718617127
X_conf,X_causal,1,0,4,3,0.4391927491905562,0.43643970871142046,-0.0027530404791357155
X_conf,X_syn1,1,2,4,3,0.4394965590507611,0.4394099297018263,-8.662934893483021e-05
X_conf,X_syn2,1,3,4,3,0.43794693311359806,0.4435312870126301,0.005584353899032057
X_conf,Z_noise1,1,4,4,3,0.4383770707839915,0.4439995601119354,0.0056224893279439025
X_conf,Z_noise2,1,5,4,3,0.43719082264016096,0.44122911130124876,0.004038288661087797
X_conf,Z_noise3,1,6,4,3,0.44206829944493603,0.4412990323511693,-0.0007692670937667345
X_syn1,X_causal,2,0,4,3,0.49824613807956736,0.4913501260234337,-0.00689601205613366
X_syn1,X_conf,2,1,4,3,0.4386982800107525,0.4951270941059692,0.05642881409521672
X_syn1,X_syn2,2,3,4,3,0.46911816631991526,0.49643484884760714,0.02731668252769187
X_syn1,Z_noise1,2,4,4,3,0.4921898355990106,0.5033991064591294,0.011209270860118858
X_syn1,Z_noise2,2,5,4,3,0.49479650778161166,0.495282159028723,0.00048565124711136276
X_syn1,Z_noise3,2,6,4,3,0.49806284017848645,0.49420009650247243,-0.0038627436760140244
X_syn2,X_causal,3,0,4,3,0.49457370307738124,0.4921884039063698,-0.0023852991710114346
X_syn2,X_conf,3,1,4,3,0.43828187986144057,0.495060571428438,0.05677869156699744
X_syn2,X_syn1,3,2,4,3,0.4697846002563776,0.49336223289009395,0.023577632633716372
X_syn2,Z_noise1,3,4,4,3,0.49190449361844896,0.5002236017970124,0.008319108178563461
X_syn2,Z_noise2,3,5,4,3,0.4944389030731678,0.4909681131104591,-0.0034707899627086647
X_syn2,Z_noise3,3,6,4,3,0.49851632725410894,0.49393738080585253,-0.004578946448256405
Z_noise1,X_causal,4,0,4,3,0.49473201616727586,0.4931046307040183,-0.0016273854632575802
Z_noise1,X_conf,4,1,4,3,0.4387704296412212,0.49099406320929123,0.05222363356807003
Z_noise1,X_syn1,4,2,4,3,0.4921855470150592,0.5005540534975179,0.008368506482458737
Z_noise1,X_syn2,4,3,4,3,0.4911808256769781,0.49455996192946533,0.003379136252487258
Z_noise1,Z_noise2,4,5,4,3,0.49042118136524504,0.49135216125313297,0.0009309798878879283
Z_noise1,Z_noise3,4,6,4,3,0.4960482350437898,0.49453940883263864,-0.0015088262111511708
Z_noise2,X_causal,5,0,4,3,0.4948731483709823,0.49514152684674456,0.00026837847576227647
Z_noise2,X_conf,5,1,4,3,0.4366291227561619,0.49179507604308476,0.055165953286922864
Z_noise2,X_syn1,5,2,4,3,0.49433555141562935,0.49725987124241705,0.0029243198267877024
Z_noise2,X_syn2,5,3,4,3,0.494072792121122,0.4925738350187577,-0.0014989571023643067
Z_noise2,Z_noise1,5,4,4,3,0.49007005895421457,0.5016659883927718,0.011595929438557195
Z_noise2,Z_noise3,5,6,4,3,0.49742229692679013,0.493419813263066,-0.004002483663724132
Z_noise3,X_causal,6,0,4,3,0.5008437136810908,0.49849005792928114,-0.00235365575180968
Z_noise3,X_conf,6,1,4,3,0.44183437332960734,0.4973607361236223,0.05552636279401496
Z_noise3,X_syn1,6,2,4,3,0.4979956547767759,0.49972076279539696,0.0017251080186210799
Z_noise3,X_syn2,6,3,4,3,0.4985985229716933,0.5011239874590613,0.0025254644873679566
Z_noise3,Z_noise1,6,4,4,3,0.49699148365174733,0.5045190127377741,0.007527529086026774
Z_noise3,Z_noise2,6,5,4,3,0.4983004987479183,0.49741938591918616,-0.0008811128287321557
X_causal,X_conf,0,1,4,4,0.4417497671176183,0.4952768348374707,0.053527067719852384
X_causal,X_syn1,0,2,4,4,0.49254387379865044,0.4988343655369323,0.006290491738281834
X_causal,X_syn2,0,3,4,4,0.49902417981133274,0.4952998846103016,-0.0037242952010311248
X_causal,Z_noise1,0,4,4,4,0.49440205523576736,0.49929746043968215,0.004895405203914793
X_causal,Z_noise2,0,5,4,4,0.4940927870528467,0.49510172978722405,0.0010089427343773494
X_causal,Z_noise3,0,6,4,4,0.49528555571928917,0.498122369091132,0.002836813371842828
X_conf,X_causal,1,0,4,4,0.4426618302904356,0.4370351008056967,-0.005626729484738913
X_conf,X_syn1,1,2,4,4,0.4353368775460966,0.4441224961959975,0.00878561864990085
X_conf,X_syn2,1,3,4,4,0.4414056558580795,0.4435362315956965,0.002130575737616991
X_conf,Z_noise1,1,4,4,4,0.4428316567685793,0.43809548520362107,-0.004736171564958203
X_conf,Z_noise2,1,5,4,4,0.4414655741166068,0.436529064900338,-0.004936509216268814
X_conf,Z_noise3,1,6,4,4,0.43973383784574066,0.43657891150564376,-0.0031549263400968974
X_syn1,X_causal,2,0,4,4,0.4938749816142993,0.4978107499387168,0.003935768324417499
X_syn1,X_conf,2,1,4,4,0.4354582259206841,0.4889808588383229,0.05352263291763876
X_syn1,X_syn2,2,3,4,4,0.4701014230845807,0.493682884145238,0.023581461060657283
X_syn1,Z_noise1,2,4,4,4,0.49288914278181734,0.4961067439718357,0.0032176011900183488
X_syn1,Z_noise2,2,5,4,4,0.49351980294822717,0.49227022577285184,-0.001249577175375327
X_syn1,Z_noise3,2,6,4,4,0.4924423032427585,0.4950072649142381,0.002564961671479571
X_syn2,X_causal,3,0,4,4,0.49795098426793855,0.4999624911432424,0.002011506875303881
X_syn2,X_conf,3,1,4,4,0.44332578812658924,0.49380131014957357,0.05047552202298433
X_syn2,X_syn1,3,2,4,4,0.4704007056937077,0.49401642659071,0.023615720897002312
X_syn2,Z_noise1,3,4,4,4,0.49303759220338056,0.4988295336732886,0.005791941469908024
X_syn2,Z_noise2,3,5,4,4,0.4972524743405456,0.49857198626394833,0.0013195119234027386
X_syn2,Z_noise3,3,6,4,4,0.4952777094208033,0.49819708334884705,0.002919373928043756
Z_noise1,X_causal,4,0,4,4,0.49393899031693583,0.49820931368643523,0.004270323369499396
Z_noise1,X_conf,4,1,4,4,0.4417650241151634,0.4964728483762525,0.05470782426108911
Z_noise1,X_syn1,4,2,4,4,0.49252852411964243,0.49820519769255844,0.005676673572916013
Z_noise1,X_syn2,4,3,4,4,0.4935412783013912,0.49055109161840116,-0.002990186682990059
Z_noise1,Z_noise2,4,5,4,4,0.4954597122397126,0.49619042612587466,0.0007307138861620821
Z_noise1,Z_noise3,4,6,4,4,0.49780319898832365,0.4957568896048821,-0.0020463093834415247
Z_noise2,X_causal,5,0,4,4,0.49360630307680337,0.5012326439903064,0.00762634091350306
Z_noise2,X_conf,5,1,4,4,0.44159508939453634,0.49910940733835574,0.05751431794381939
Z_noise2,X_syn1,5,2,4,4,0.4940181104513468,0.49749265947729304,0.0034745490259462386
Z_noise2,X_syn2,5,3,4,4,0.4967896835006498,0.4960915954056519,-0.000698088094997884
Z_noise2,Z_noise1,5,4,4,4,0.49544030348152673,0.4986601689949046,0.003219865513377884
Z_noise2,Z_noise3,5,6,4,4,0.4957213822043711,0.4972853137879416,0.0015639315835704881
Z_noise3,X_causal,6,0,4,4,0.4958839545919241,0.4951027484597136,-0.0007812061322104991
Z_noise3,X_conf,6,1,4,4,0.43943858168711436,0.49680378260616237,0.05736520091904801
Z_noise3,X_syn1,6,2,4,4,0.4919725771859005,0.495458996814035,0.0034864196281345072
Z_noise3,X_syn2,6,3,4,4,0.49445840032478655,0.4938106863687106,-0.0006477139560759348
Z_noise3,Z_noise1,6,4,4,4,0.4984128342992989,0.4942836333240601,-0.004129200975238778
Z_noise3,Z_noise2,6,5,4,4,0.49539803117272324,0.493208868767909,-0.00218916240481426
X_causal,X_conf,0,1,4,5,0.43258849969333224,0.49001838524436775,0.05742988555103551
X_causal,X_syn1,0,2,4,5,0.49317481421798554,0.49745120339053084,0.004276389172545303
X_causal,X_syn2,0,3,4,5,0.4928407429224635,0.49527725179480825,0.002436508872344756
X_causal,Z_noise1,0,4,4,5,0.5001283820131442,0.4954132157393454,-0.004715166273798865
X_causal,Z_noise2,0,5,4,5,0.49543286022070987,0.4928349599545986,-0.002597900266111286
X_causal,Z_noise3,0,6,4,5,0.49696478564032354,0.49688674243963427,-7.804320068927062e-05
X_conf,X_causal,1,0,4,5,0.43192859478290296,0.43186829529835086,-6.029948455210654e-05
X_conf,X_syn1,1,2,4,5,0.437852716810838,0.43714973362329096,-0.0007029831875470238
X_conf,X_syn2,1,3,4,5,0.4343547027886409,0.43132575060238804,-0.0030289521862528757
X_conf,Z_noise1,1,4,4,5,0.4390174924054737,0.4326580507989363,-0.006359441606537397
X_conf,Z_noise2,1,5,4,5,0.4392045819642632,0.4349524610886162,-0.004252120875647025
X_conf,Z_noise3,1,6,4,5,0.4344420339675975,0.43810350672662823,0.003661472759030726
X_syn1,X_causal,2,0,4,5,0.4926994983757547,0.4949622286423329,0.0022627302665781945
X_syn1,X_conf,2,1,4,5,0.4372344074161935,0.4933252047593767,0.056090797343183174
X_syn1,X_syn2,2,3,4,5,0.4792093855946159,0.49527221646070585,0.01606283086608995
X_syn1,Z_noise1,2,4,4,5,0.4974544823604956,0.49431608971042257,-0.003138392650073041
X_syn1,Z_noise2,2,5,4,5,0.49461324700153786,0.4949030794938247,0.0002898324922868678
X_syn1,Z_noise3,2,6,4,5,0.49788071076786733,0.49316315074603523,-0.004717560021832101
X_syn2,X_causal,3,0,4,5,0.4924292524582777,0.49253709209601365,0.0001078396377359736
X_syn2,X_conf,3,1,4,5,0.43501168182364264,0.49091335755122006,0.05590167572757743
X_syn2,X_syn1,3,2,4,5,0.4774542291435607,0.4937513864390428,0.01629715729548209
X_syn2,Z_noise1,3,4,4,5,0.49732046356071197,0.4900324199021529,-0.0072880436585590624
X_syn2,Z_noise2,3,5,4,5,0.4944377530855499,0.4933996775987543,-0.0010380754867955755
X_syn2,Z_noise3,3,6,4,5,0.4926042261648853,0.4949955545717132,0.002391328406827875
Z_noise1,X_causal,4,0,4,5,0.4996861409972172,0.49871172912301914,-0.0009744118741980556
Z_noise1,X_conf,4,1,4,5,0.4391330109356433,0.4948756333184736,0.05574262238283034
Z_noise1,X_syn1,4,2,4,5,0.4969379217643829,0.5019927078069585,0.0050547860425755875
Z_noise1,X_syn2,4,3,4,5,0.497464943613703,0.49796567885439524,0.0005007352406922183
Z_noise1,Z_noise2,4,5,4,5,0.5030736469256016,0.49812388209128206,-0.004949764834319581
Z_noise1,Z_noise3,4,6,4,5,0.5016229228512704,0.4997084320853006,-0.001914490765969834
Z_noise2,X_causal,5,0,4,5,0.4954863833351516,0.4934337641761975,-0.0020526191589541054
Z_noise2,X_conf,5,1,4,5,0.4393729009195587,0.4954816887251045,0.05610878780554579
Z_noise2,X_syn1,5,2,4,5,0.49513770455484496,0.5006139378865393,0.005476233331694336
Z_noise2,X_syn2,5,3,4,5,0.4934312393343865,0.4977128913154158,0.004281651981029311
Z_noise2,Z_noise1,5,4,4,5,0.5036091757349503,0.4950384107275198,-0.008570765007430536
Z_noise2,Z_noise3,5,6,4,5,0.49335064908342485,0.4969984402839323,0.0036477912005074553
Z_noise3,X_causal,6,0,4,5,0.4960034566661769,0.49451044239043807,-0.0014930142757388354
Z_noise3,X_conf,6,1,4,5,0.4333269819492711,0.49964742645392396,0.06632044450465285
Z_noise3,X_syn1,6,2,4,5,0.4975674138878795,0.49588308275133486,-0.0016843311365446478
Z_noise3,X_syn2,6,3,4,5,0.4917130943687076,0.4943663531690965,0.0026532588003889135
Z_noise3,Z_noise1,6,4,4,5,0.5014823224235041,0.4929462434773945,-0.008536078946109582
Z_noise3,Z_noise2,6,5,4,5,0.4929525894920946,0.49632816388047174,0.003375574388377156
X_causal,X_conf,0,1,4,6,0.4294057149623066,0.49638530860585367,0.06697959364354705
X_causal,X_syn1,0,2,4,6,0.5004864240814101,0.49690599124310275,-0.0035804328383073347
X_causal,X_syn2,0,3,4,6,0.49518628184246705,0.4945432865519148,-0.0006429952905522285
X_causal,Z_noise1,0,4,4,6,0.4934898055241583,0.4915712013544115,-0.0019186041697467626
X_causal,Z_noise2,0,5,4,6,0.49855298966695794,0.49747843671417785,-0.0010745529527800834
X_causal,Z_noise3,0,6,4,6,0.4967273410574086,0.49614517822388654,-0.0005821628335220819
X_conf,X_causal,1,0,4,6,0.4292537444326897,0.43191789266840863,0.0026641482357189217
X_conf,X_syn1,1,2,4,6,0.43257163657468883,0.43024371989430316,-0.0023279166803856777
X_conf,X_syn2,1,3,4,6,0.4245089128035385,0.4329548821255166,0.008445969321978108
X_conf,Z_noise1,1,4,4,6,0.4341080162076748,0.43162153645459334,-0.002486479753081472
X_conf,Z_noise2,1,5,4,6,0.4322053332730611,0.42362502154174947,-0.00858031173131163
X_conf,Z_noise3,1,6,4,6,0.43520164785145926,0.43069165401656095,-0.004509993834898307
X_syn1,X_causal,2,0,4,6,0.49986657113239513,0.4957151832404537,-0.004151387891941416
X_syn1,X_conf,2,1,4,6,0.4328862500416992,0.49632682740531386,0.06344057736361464
X_syn1,X_syn2,2,3,4,6,0.47207243423705,0.494526038067449,0.022453603830399016
X_syn1,Z_noise1,2,4,4,6,0.4926847472986045,0.49824880085371176,0.005564053555107251
X_syn1,Z_noise2,2,5,4,6,0.49508898596893736,0.49389364299102956,-0.0011953429779077984
X_syn1,Z_noise3,2,6,4,6,0.49609709631851534,0.4971331242413022,0.0010360279227868419
X_syn2,X_causal,3,0,4,6,0.49588724811556834,0.49504348667428544,-0.0008437614412828975
X_syn2,X_conf,3,1,4,6,0.42404133547099665,0.4921612949526731,0.06811995948167643
X_syn2,X_syn1,3,2,4,6,0.4714866988479001,0.49642575080095785,0.024939051953057734
X_syn2,Z_noise1,3,4,4,6,0.49023787909534494,0.49018487929233745,-5.299980300749185e-05
X_syn2,Z_noise2,3,5,4,6,0.4978211650351721,0.49529919456884347,-0.002521970466328627
X_syn2,Z_noise3,3,6,4,6,0.49186444245267164,0.49128179406918476,-0.0005826483834868723
Z_noise1,X_causal,4,0,4,6,0.49257464985678584,0.4946566208472569,0.0020819709904710826
Z_noise1,X_conf,4,1,4,6,0.43371730795002955,0.49241656750303403,0.05869925955300448
Z_noise1,X_syn1,4,2,4,6,0.4928716817701759,0.4921677289847869,-0.0007039527853889838
Z_noise1,X_syn2,4,3,4,6,0.4906147984824776,0.49305316174804176,0.0024383632655641807
Z_noise1,Z_noise2,4,5,4,6,0.4897863444734528,0.4961418385789378,0.006355494105484971
Z_noise1,Z_noise3,4,6,4,6,0.49202946349425775,0.49517646823305755,0.003147004738799808
Z_noise2,X_causal,5,0,4,6,0.4977860603804741,0.4962325008366825,-0.001553559543791605
Z_noise2,X_conf,5,1,4,6,0.431397177714117,0.49743991996794457,0.06604274225382756
Z_noise2,X_syn1,5,2,4,6,0.4941640615347339,0.4962292609611066,0.002065199426372677
Z_noise2,X_syn2,5,3,4,6,0.4974768222915245,0.49760533431255977,0.00012851202103525416
Z_noise2,Z_noise1,5,4,4,6,0.4904904735616642,0.49515004022429143,0.004659566662627235
Z_noise2,Z_noise3,5,6,4,6,0.49883803254294695,0.49309711768267006,-0.005740914860276891
Z_noise3,X_causal,6,0,4,6,0.4967988091805743,0.498777079800077,0.001978270619502731
Z_noise3,X_conf,6,1,4,6,0.43598845261773517,0.49438083564758806,0.05839238302985289
Z_noise3,X_syn1,6,2,4,6,0.49675511594144856,0.4966637328701644,-9.138307128414569e-05
Z_noise3,X_syn2,6,3,4,6,0.4919579163259868,0.5006148966784073,0.008656980352420518
Z_noise3,Z_noise1,6,4,4,6,0.49211788548882074,0.4970737570797517,0.004955871590930971
Z_noise3,Z_noise2,6,5,4,6,0.4982987158198229,0.5016596399639612,0.0033609241441383553
X_causal,X_conf,0,1,4,7,0.4444497304148739,0.49933827390119195,0.05488854348631805
X_causal,X_syn1,0,2,4,7,0.4971537722546839,0.49759935078887263,0.0004455785341887508
X_causal,X_syn2,0,3,4,7,0.4970809862669401,0.497476389576103,0.00039540330916293387
X_causal,Z_noise1,0,4,4,7,0.49508747711692525,0.4990072345414537,0.003919757424528436
X_causal,Z_noise2,0,5,4,7,0.4957136648910768,0.49829165425324123,0.0025779893621644123
X_causal,Z_noise3,0,6,4,7,0.4938485086521267,0.4952006087388835,0.0013521000867567912
X_conf,X_causal,1,0,4,7,0.44441087512902067,0.4438823431976843,-0.0005285319313363401
X_conf,X_syn1,1,2,4,7,0.4456421173207008,0.44305515478752827,-0.002586962533172532
X_conf,X_syn2,1,3,4,7,0.4477572142447894,0.4492010006938715,0.0014437864490820518
X_conf,Z_noise1,1,4,4,7,0.44491057228131875,0.4436045608688132,-0.0013060114125055255
X_conf,Z_noise2,1,5,4,7,0.4454331543913394,0.4449027557355728,-0.0005303986557665952
X_conf,Z_noise3,1,6,4,7,0.4481182079835901,0.44351243189550954,-0.004605776088080549
X_syn1,X_causal,2,0,4,7,0.49750179468360944,0.49881382891843384,0.0013120342348243996
X_syn1,X_conf,2,1,4,7,0.4452446847389269,0.4976488106823883,0.05240412594346139
X_syn1,X_syn2,2,3,4,7,0.47613718245640474,0.49754472613386136,0.02140754367745662
X_syn1,Z_noise1,2,4,4,7,0.4945007800341906,0.5001033478512601,0.00560256781706947
X_syn1,Z_noise2,2,5,4,7,0.49723743792783026,0.49786688281682967,0.0006294448889994086
X_syn1,Z_noise3,2,6,4,7,0.4978578997887884,0.4957384828428505,-0.002119416945937924
X_syn2,X_causal,3,0,4,7,0.49658800656268953,0.4966234372461538,3.5430683464288126e-05
X_syn2,X_conf,3,1,4,7,0.44709710350315024,0.4998970137780607,0.05279991027491043
X_syn2,X_syn1,3,2,4,7,0.4760070423835228,0.49676174158256725,0.020754699199044435
X_syn2,Z_noise1,3,4,4,7,0.49725311138287653,0.4978910669474064,0.0006379555645298907
X_syn2,Z_noise2,3,5,4,7,0.4958510139910995,0.49336221579236145,-0.0024887981987380403
X_syn2,Z_noise3,3,6,4,7,0.4978436796485308,0.49744611547094253,-0.0003975641775882943
Z_noise1,X_causal,4,0,4,7,0.4946706487319473,0.4951942284027682,0.0005235796708208951
Z_noise1,X_conf,4,1,4,7,0.4459559888788519,0.4983161823016534,0.052360193422801515
Z_noise1,X_syn1,4,2,4,7,0.49451865465361783,0.49685264592969125,0.0023339912760734216
Z_noise1,X_syn2,4,3,4,7,0.4969727010675049,0.4994915159066251,0.002518814839120198
Z_noise1,Z_noise2,4,5,4,7,0.4934928861372755,0.4984229604040096,0.004930074266734086
Z_noise1,Z_noise3,4,6,4,7,0.49484429731617074,0.4939385372718744,-0.0009057600442963221
Z_noise2,X_causal,5,0,4,7,0.4962158024655601,0.49520616583847843,-0.0010096366270816448
Z_noise2,X_conf,5,1,4,7,0.44528003499373003,0.4976288400434577,0.052348805049727665
Z_noise2,X_syn1,5,2,4,7,0.4968272094685528,0.49588860690965963,-0.0009386025588931646
Z_noise2,X_syn2,5,3,4,7,0.4961183812973719,0.4931624785345069,-0.0029559027628650036
Z_noise2,Z_noise1,5,4,4,7,0.49275817372670827,0.49265785157761405,-0.00010032214909422299
Z_noise2,Z_noise3,5,6,4,7,0.500189345087366,0.4945159358383566,-0.005673409249009387
Z_noise3,X_causal,6,0,4,7,0.4948933694033553,0.497085881485371,0.002192512082015652
Z_noise3,X_conf,6,1,4,7,0.4477392764099331,0.5012886626057539,0.05354938619582078
Z_noise3,X_syn1,6,2,4,7,0.4978276869674471,0.49999417182926176,0.0021664848618146437
Z_noise3,X_syn2,6,3,4,7,0.4975059227090268,0.49963240228035005,0.0021264795713232254
Z_noise3,Z_noise1,6,4,4,7,0.4939875273142481,0.49555489113523127,0.0015673638209831586
Z_noise3,Z_noise2,6,5,4,7,0.5002745070161736,0.49335725940189146,-0.00691724761428214
X_causal,X_conf,0,1,4,8,0.45213677764360505,0.4988127391891868,0.046675961545581734
X_causal,X_syn1,0,2,4,8,0.4952394482174089,0.49767658317177826,0.0024371349543693688
X_causal,X_syn2,0,3,4,8,0.4990706129573843,0.4996349723230104,0.0005643593656260992
X_causal,Z_noise1,0,4,4,8,0.5008852646118284,0.5001582165568839,-0.0007270480549445013
X_causal,Z_noise2,0,5,4,8,0.5003647056865815,0.49714987705109825,-0.00321482863548328
X_causal,Z_noise3,0,6,4,8,0.5005476591847381,0.4936257074747675,-0.006921951709970564
X_conf,X_causal,1,0,4,8,0.4525271943913559,0.44408905983587815,-0.008438134555477761
X_conf,X_syn1,1,2,4,8,0.4511459203675429,0.4455659412024286,-0.005579979165114324
X_conf,X_syn2,1,3,4,8,0.4511203442524841,0.4464704418852322,-0.004649902367251879
X_conf,Z_noise1,1,4,4,8,0.4492169577000905,0.4444873224380406,-0.004729635262049892
X_conf,Z_noise2,1,5,4,8,0.44601927935009766,0.4426036425982474,-0.0034156367518502484
X_conf,Z_noise3,1,6,4,8,0.44753027384987776,0.44368832664705915,-0.0038419472028186075
X_syn1,X_causal,2,0,4,8,0.4960854380419653,0.49417628713020173,-0.0019091509117635796
X_syn1,X_conf,2,1,4,8,0.45019709628583904,0.49643091247341864,0.0462338161875796
X_syn1,X_syn2,2,3,4,8,0.4584699561689157,0.49498876957458976,0.03651881340567403
X_syn1,Z_noise1,2,4,4,8,0.49951523808849096,0.4965297145182262,-0.0029855235702647698
X_syn1,Z_noise2,2,5,4,8,0.49483196351827224,0.4932943089488189,-0.0015376545694533172
X_syn1,Z_noise3,2,6,4,8,0.49610321112726347,0.4882017135095784,-0.00790149761768505
X_syn2,X_causal,3,0,4,8,0.4987520884578765,0.4998161327513802,0.0010640442935037076
X_syn2,X_conf,3,1,4,8,0.4511948324133856,0.49655173498936495,0.04535690257597935
X_syn2,X_syn1,3,2,4,8,0.45804546675907704,0.49283799597360545,0.03479252921452841
X_syn2,Z_noise1,3,4,4,8,0.5029776706626231,0.4934819280010928,-0.009495742661530304
X_syn2,Z_noise2,3,5,4,8,0.5016625857460669,0.49303718416525305,-0.008625401580813874
X_syn2,Z_noise3,3,6,4,8,0.49977930153286576,0.49303914192100473,-0.00674015961186103
Z_noise1,X_causal,4,0,4,8,0.5007635460899044,0.5011852440507111,0.0004216979608067106
Z_noise1,X_conf,4,1,4,8,0.44890367661532515,0.49979045719461473,0.05088678057928958
Z_noise1,X_syn1,4,2,4,8,0.49984259073477255,0.4954409239582043,-0.004401666776568225
Z_noise1,X_syn2,4,3,4,8,0.5030246900126111,0.500993840017245,-0.0020308499953660686
Z_noise1,Z_noise2,4,5,4,8,0.49988333880218666,0.4959337563893338,-0.00394958241285287
Z_noise1,Z_noise3,4,6,4,8,0.5009726215526817,0.4987468318424089,-0.0022257897102728186
Z_noise2,X_causal,5,0,4,8,0.5002359336797454,0.49662471432121846,-0.003611219358526929
Z_noise2,X_conf,5,1,4,8,0.4470731305793103,0.4971326343530233,0.05005950377371299
Z_noise2,X_syn1,5,2,4,8,0.49533438120129764,0.4970255437329135,0.0016911625316158863
Z_noise2,X_syn2,5,3,4,8,0.5006027328760103,0.5005948733004815,-7.859575528845753e-06
Z_noise2,Z_noise1,5,4,4,8,0.4994181570287924,0.4944367096969848,-0.004981447331807609
Z_noise2,Z_noise3,5,6,4,8,0.4990903839756012,0.49584009940718865,-0.0032502845684125314
Z_noise3,X_causal,6,0,4,8,0.5008034634514184,0.49988859294172355,-0.0009148705096947984
Z_noise3,X_conf,6,1,4,8,0.44663568670957593,0.49686781979146716,0.05023213308189123
Z_noise3,X_syn1,6,2,4,8,0.49686899146759295,0.4975546984813726,0.0006857070137796795
Z_noise3,X_syn2,6,3,4,8,0.5008841346400725,0.49728432452471283,-0.003599810115359703
Z_noise3,Z_noise1,6,4,4,8,0.5013679763646128,0.5004199739887005,-0.0009480023759123046
Z_noise3,Z_noise2,6,5,4,8,0.49851448333097953,0.4973161362463091,-0.0011983470846704258
X_causal,X_conf,0,1,4,9,0.43152886376673866,0.4960439277769681,0.06451506401022944
X_causal,X_syn1,0,2,4,9,0.4966719319226666,0.4975229095754354,0.0008509776527687585
X_causal,X_syn2,0,3,4,9,0.4963704330325736,0.4920538473434208,-0.00431658568915283
X_causal,Z_noise1,0,4,4,9,0.49471412509356355,0.4965364523045005,0.001822327210936947
X_causal,Z_noise2,0,5,4,9,0.49559840630805835,0.48723906112521065,-0.0083593451828477
X_causal,Z_noise3,0,6,4,9,0.49897741615072705,0.49803508521944223,-0.0009423309312848183
X_conf,X_causal,1,0,4,9,0.4321456827994914,0.430292447242299,-0.001853235557192412
X_conf,X_syn1,1,2,4,9,0.4328969446195265,0.428823654188287,-0.004073290431239496
X_conf,X_syn2,1,3,4,9,0.4344826883215048,0.4353396321073338,0.0008569437858290119
X_conf,Z_noise1,1,4,4,9,0.4346674651151378,0.43154087954293485,-0.0031265855722029667
X_conf,Z_noise2,1,5,4,9,0.4305778576807485,0.42636447747414363,-0.004213380206604889
X_conf,Z_noise3,1,6,4,9,0.43542814074860986,0.4360273658236721,0.0005992250750622152
X_syn1,X_causal,2,0,4,9,0.49596811080267267,0.4968737985989151,0.0009056877962424492
X_syn1,X_conf,2,1,4,9,0.4329805941412186,0.49437923685465146,0.06139864271343287
X_syn1,X_syn2,2,3,4,9,0.47735427677082254,0.49552679743966693,0.018172520668844394
X_syn1,Z_noise1,2,4,4,9,0.4989388549881817,0.4991640884201955,0.00022523343201380497
X_syn1,Z_noise2,2,5,4,9,0.4959418551693873,0.4943419786901664,-0.0015998764792209408
X_syn1,Z_noise3,2,6,4,9,0.49459336841486695,0.496646979715743,0.002053611300876057
X_syn2,X_causal,3,0,4,9,0.49678406140148046,0.5008639169334156,0.004079855531935128
X_syn2,X_conf,3,1,4,9,0.43512936239792327,0.4981724499281458,0.06304308753022253
X_syn2,X_syn1,3,2,4,9,0.4770403383952031,0.4968400895850168,0.019799751189813697
X_syn2,Z_noise1,3,4,4,9,0.4977821858977994,0.4956397460401909,-0.00214243985760848
X_syn2,Z_noise2,3,5,4,9,0.4984151928771006,0.492126392035044,-0.00628880084205663
X_syn2,Z_noise3,3,6,4,9,0.49914400055555597,0.4958856596628428,-0.003258340892713152
Z_noise1,X_causal,4,0,4,9,0.49456208376648486,0.4975316493330794,0.0029695655665945564
Z_noise1,X_conf,4,1,4,9,0.4342530556284673,0.4947433410926158,0.06049028546414853
Z_noise1,X_syn1,4,2,4,9,0.49913676428849707,0.49628806859583063,-0.0028486956926664364
Z_noise1,X_syn2,4,3,4,9,0.49795564850770696,0.49635890974439195,-0.0015967387633150087
Z_noise1,Z_noise2,4,5,4,9,0.4947146782312655,0.49060346321719417,-0.004111215014071357
Z_noise1,Z_noise3,4,6,4,9,0.4973725428271274,0.4969333562089794,-0.0004391866181480131
Z_noise2,X_causal,5,0,4,9,0.4953168857862975,0.49814762656235734,0.0028307407760598258
Z_noise2,X_conf,5,1,4,9,0.42989866511087965,0.49592096247826156,0.06602229736738191
Z_noise2,X_syn1,5,2,4,9,0.4965183770307721,0.4953461370748467,-0.0011722399559254137
Z_noise2,X_syn2,5,3,4,9,0.4982767214650149,0.49404458009314073,-0.004232141371874165
Z_noise2,Z_noise1,5,4,4,9,0.49510337964995,0.49816649829256743,0.003063118642617435
Z_noise2,Z_noise3,5,6,4,9,0.4951349701568058,0.4946843186658634,-0.00045065149094242196
Z_noise3,X_causal,6,0,4,9,0.49972632578209175,0.49753109204108376,-0.002195233741007996
Z_noise3,X_conf,6,1,4,9,0.4355770774757468,0.4944290744835787,0.05885199700783189
Z_noise3,X_syn1,6,2,4,9,0.4955600757081528,0.49737048768045167,0.0018104119722988643
Z_noise3,X_syn2,6,3,4,9,0.5000875657512366,0.49531971034937217,-0.004767855401864418
Z_noise3,Z_noise1,6,4,4,9,0.49685152395694526,0.4969603423160512,0.00010881835910592219
Z_noise3,Z_noise2,6,5,4,9,0.49606825473876576,0.4946921887063324,-0.001376066032433343
X_causal,X_conf,0,1,5,0,0.43374142613191896,0.492062981006558,0.058321554874639026
X_causal,X_syn1,0,2,5,0,0.498726955838618,0.4937715709625209,-0.004955384876097091
X_causal,X_syn2,0,3,5,0,0.4932915420632052,0.49363785164414276,0.0003463095809375649
X_causal,Z_noise1,0,4,5,0,0.4925038785995587,0.49137711052238875,-0.0011267680771699373
X_causal,Z_noise2,0,5,5,0,0.49634539804385275,0.4953832440692478,-0.0009621539746049734
X_causal,Z_noise3,0,6,5,0,0.4967521350309729,0.498632714633522,0.001880579602549115
X_conf,X_causal,1,0,5,0,0.4342945710205842,0.43308231426800015,-0.0012122567525840733
X_conf,X_syn1,1,2,5,0,0.441064469225188,0.4382199328614772,-0.0028445363637107923
X_conf,X_syn2,1,3,5,0,0.43392290199416217,0.4320171478643288,-0.001905754129833348
X_conf,Z_noise1,1,4,5,0,0.44305082299226667,0.4319112971012162,-0.011139525891050495
X_conf,Z_noise2,1,5,5,0,0.43563548329663576,0.43285444000535955,-0.0027810432912762084
X_conf,Z_noise3,1,6,5,0,0.43572254864131416,0.4363601278801409,0.0006375792388267354
X_syn1,X_causal,2,0,5,0,0.4977251292907227,0.49568013163231517,-0.0020449976584075436
X_syn1,X_conf,2,1,5,0,0.44085353961949136,0.5022455029521694,0.061391963332678046
X_syn1,X_syn2,2,3,5,0,0.48218203745936117,0.5022886657717818,0.020106628312420605
X_syn1,Z_noise1,2,4,5,0,0.4981818907221363,0.49826328210348025,8.139138134394264e-05
X_syn1,Z_noise2,2,5,5,0,0.5001437160681441,0.49907643017995224,-0.0010672858881918823
X_syn1,Z_noise3,2,6,5,0,0.501372707684963,0.5048550683950043,0.0034823607100412657
X_syn2,X_causal,3,0,5,0,0.4938860766689114,0.49224981510966653,-0.0016362615592448448
X_syn2,X_conf,3,1,5,0,0.43436619113855096,0.49102110248088193,0.05665491134233097
X_syn2,X_syn1,3,2,5,0,0.481966144064723,0.4992106702244016,0.017244526159678586
X_syn2,Z_noise1,3,4,5,0,0.4918803778879006,0.4874876718951067,-0.004392705992793899
X_syn2,Z_noise2,3,5,5,0,0.49625687993153655,0.49491243633366716,-0.0013444435978693936
X_syn2,Z_noise3,3,6,5,0,0.4967942401959015,0.4975456868060459,0.0007514466101443684
Z_noise1,X_causal,4,0,5,0,0.49251993364084345,0.49253009495117756,1.0161310334100282e-05
Z_noise1,X_conf,4,1,5,0,0.4422633709404934,0.4965679784682541,0.05430460752776073
Z_noise1,X_syn1,4,2,5,0,0.4997462357356452,0.49377415356178006,-0.005972082173865134
Z_noise1,X_syn2,4,3,5,0,0.4920746287214316,0.49408949323303697,0.0020148645116053743
Z_noise1,Z_noise2,4,5,5,0,0.4931995470425701,0.49801989694229554,0.004820349899725462
Z_noise1,Z_noise3,4,6,5,0,0.4935182899655301,0.49722014168863266,0.003701851723102556
Z_noise2,X_causal,5,0,5,0,0.4965386283598088,0.4933825479330613,-0.0031560804267474762
Z_noise2,X_conf,5,1,5,0,0.43523287356705986,0.49727506304790164,0.06204218948084178
Z_noise2,X_syn1,5,2,5,0,0.4992759136822139,0.49735457758674506,-0.0019213360954688508
Z_noise2,X_syn2,5,3,5,0,0.49657528184439664,0.4966789589112206,0.0001036770668239595
Z_noise2,Z_noise1,5,4,5,0,0.49220157056982544,0.49213040447207423,-7.116609775120741e-05
Z_noise2,Z_noise3,5,6,5,0,0.49419064800590273,0.4977861598737396,0.0035955118678368536
Z_noise3,X_causal,6,0,5,0,0.49614948383394814,0.49153238491932505,-0.004617098914623086
Z_noise3,X_conf,6,1,5,0,0.43521524204363354,0.4973030318990736,0.062087789855440056
Z_noise3,X_syn1,6,2,5,0,0.5002322491303816,0.4969241864958027,-0.0033080626345788344
Z_noise3,X_syn2,6,3,5,0,0.4963530576244334,0.4967895204844973,0.0004364628600639353
Z_noise3,Z_noise1,6,4,5,0,0.4933210324761148,0.49049998643158754,-0.0028210460445272645
Z_noise3,Z_noise2,6,5,5,0,0.49540534621387244,0.4959975450606002,0.0005921988467277317
X_causal,X_conf,0,1,5,1,0.4275645802614261,0.49993172854021417,0.0723671482787881
X_causal,X_syn1,0,2,5,1,0.4973010497421882,0.49564839050870957,-0.001652659233478626
X_causal,X_syn2,0,3,5,1,0.49331018073641275,0.49933171027049855,0.006021529534085801
X_causal,Z_noise1,0,4,5,1,0.4934809058088538,0.4946402179576747,0.0011593121488209235
X_causal,Z_noise2,0,5,5,1,0.494606826402871,0.4960534994297643,0.0014466730268932748
X_causal,Z_noise3,0,6,5,1,0.4938293782143807,0.4960556835618752,0.0022263053474944616
X_conf,X_causal,1,0,5,1,0.4268743034829199,0.43074498227603825,0.003870678793118365
X_conf,X_syn1,1,2,5,1,0.4333028450981811,0.434057247090799,0.0007544019926178924
X_conf,X_syn2,1,3,5,1,0.4322529487870882,0.4315910024998804,-0.0006619462872077819
X_conf,Z_noise1,1,4,5,1,0.43161469676408953,0.43356574912845713,0.0019510523643676003
X_conf,Z_noise2,1,5,5,1,0.4355632676627146,0.43651923486879074,0.0009559672060761581
X_conf,Z_noise3,1,6,5,1,0.4302952693378399,0.4359540725375764,0.005658803199736495
X_syn1,X_causal,2,0,5,1,0.49712099742699956,0.4963390099791595,-0.0007819874478400823
X_syn1,X_conf,2,1,5,1,0.43447183492963753,0.49935664011761094,0.0648848051879734
X_syn1,X_syn2,2,3,5,1,0.45160028891183973,0.49892792608000613,0.0473276371681664
X_syn1,Z_noise1,2,4,5,1,0.4963291718857742,0.5001206238163436,0.0037914519305694006
X_syn1,Z_noise2,2,5,5,1,0.4964483143053949,0.4995721466544408,0.0031238323490458964
X_syn1,Z_noise3,2,6,5,1,0.4965345240680131,0.4983415497555964,0.0018070256875833413
X_syn2,X_causal,3,0,5,1,0.49354850865579847,0.4954312237049339,0.0018827150491354527
X_syn2,X_conf,3,1,5,1,0.43110279860430745,0.5058691081909271,0.07476630958661967
X_syn2,X_syn1,3,2,5,1,0.4522514527618031,0.4982916347262402,0.0460401819644371
X_syn2,Z_noise1,3,4,5,1,0.49175470974256535,0.49762212014035934,0.005867410397793982
X_syn2,Z_noise2,3,5,5,1,0.4945626371124204,0.49834599408819824,0.003783356975777863
X_syn2,Z_noise3,3,6,5,1,0.4922564047010113,0.4971205000307429,0.004864095329731588
Z_noise1,X_causal,4,0,5,1,0.49279303470924346,0.4920748951613013,-0.0007181395479421426
Z_noise1,X_conf,4,1,5,1,0.4319063025268826,0.501433127290166,0.06952682476328337
Z_noise1,X_syn1,4,2,5,1,0.4953431460539873,0.4948860293675772,-0.0004571166864101306
Z_noise1,X_syn2,4,3,5,1,0.49132339290904126,0.5002537862119117,0.008930393302870487
Z_noise1,Z_noise2,4,5,5,1,0.4921415565014768,0.49224835953954205,0.00010680303806526181
Z_noise1,Z_noise3,4,6,5,1,0.4942905520023684,0.49194164071263097,-0.00234891128973741
Z_noise2,X_causal,5,0,5,1,0.49331229717764646,0.49382544241374643,0.0005131452360999655
Z_noise2,X_conf,5,1,5,1,0.4356045536387104,0.5019425555326916,0.0663380018939812
Z_noise2,X_syn1,5,2,5,1,0.4979676271646478,0.4960222004046334,-0.0019454267600144126
Z_noise2,X_syn2,5,3,5,1,0.49479526340946883,0.4977484188218611,0.002953155412392272
Z_noise2,Z_noise1,5,4,5,1,0.4930160331045068,0.495763089599809,0.0027470564953022136
Z_noise2,Z_noise3,5,6,5,1,0.49427486130147674,0.4960445534938708,0.0017696921923940345
Z_noise3,X_causal,6,0,5,1,0.49430915357226357,0.49541226057316196,0.0011031070008983845
Z_noise3,X_conf,6,1,5,1,0.43119741465390127,0.5022493777228004,0.07105196306889916
Z_noise3,X_syn1,6,2,5,1,0.4970204240066756,0.49512522234009,-0.001895201666585633
Z_noise3,X_syn2,6,3,5,1,0.492868564586512,0.49643419701022723,0.003565632423715215
Z_noise3,Z_noise1,6,4,5,1,0.49487463560426276,0.4957739838946126,0.0008993482903498218
Z_noise3,Z_noise2,6,5,5,1,0.4944466676028998,0.4960910887667248,0.0016444211638250161
X_causal,X_conf,0,1,5,2,0.4317600889432028,0.4971046374909551,0.06534454854775235
X_causal,X_syn1,0,2,5,2,0.49428731708058904,0.49320556549755135,-0.0010817515830376934
X_causal,X_syn2,0,3,5,2,0.494283653360212,0.4979884126459287,0.0037047592857166745
X_causal,Z_noise1,0,4,5,2,0.49814337915120194,0.4977307190016332,-0.0004126601495687554
X_causal,Z_noise2,0,5,5,2,0.49502274829445425,0.49571861978866955,0.0006958714942152944
X_causal,Z_noise3,0,6,5,2,0.49462785061301584,0.4944138684171322,-0.0002139821958836441
X_conf,X_causal,1,0,5,2,0.43172636936764214,0.4306763964480048,-0.0010499729196373209
X_conf,X_syn1,1,2,5,2,0.42767413624802264,0.4341600761330206,0.00648593988499796
X_conf,X_syn2,1,3,5,2,0.4274842810137063,0.4288668152100562,0.0013825341963499271
X_conf,Z_noise1,1,4,5,2,0.4236835208017431,0.4310346524549532,0.007351131653210108
X_conf,Z_noise2,1,5,5,2,0.42587321975157433,0.42895080805359354,0.0030775883020192074
X_conf,Z_noise3,1,6,5,2,0.424953613894598,0.4272064396129482,0.002252825718350171
X_syn1,X_causal,2,0,5,2,0.4930071282560962,0.4877351975976235,-0.005271930658472701
X_syn1,X_conf,2,1,5,2,0.42712409136022966,0.4939579541806717,0.06683386282044201
X_syn1,X_syn2,2,3,5,2,0.48776442964453953,0.49739581197672167,0.009631382332182137
X_syn1,Z_noise1,2,4,5,2,0.49405885782363484,0.49526374558327935,0.0012048877596445018
X_syn1,Z_noise2,2,5,5,2,0.4943170354355828,0.4957559614656382,0.0014389260300554096
X_syn1,Z_noise3,2,6,5,2,0.4946743203150527,0.49381689934912487,-0.0008574209659278353
X_syn2,X_causal,3,0,5,2,0.49400163498816135,0.49624352603112065,0.0022418910429592986
X_syn2,X_conf,3,1,5,2,0.42771639445481713,0.4933009740333879,0.06558457957857078
X_syn2,X_syn1,3,2,5,2,0.4869052708337633,0.4949622584792319,0.008056987645468638
X_syn2,Z_noise1,3,4,5,2,0.49707717032150406,0.4945807585557677,-0.0024964117657363394
X_syn2,Z_noise2,3,5,5,2,0.4956110496776774,0.49360713971056625,-0.0020039099671111393
X_syn2,Z_noise3,3,6,5,2,0.4930760913751791,0.4969159936952488,0.003839902320069699
Z_noise1,X_causal,4,0,5,2,0.49839513170891686,0.4939806371499208,-0.004414494558996063
Z_noise1,X_conf,4,1,5,2,0.42257814248228626,0.4882388008828551,0.06566065840056884
Z_noise1,X_syn1,4,2,5,2,0.4931663748258435,0.49055250627652314,-0.002613868549320386
Z_noise1,X_syn2,4,3,5,2,0.4968270384584839,0.4926204668391992,-0.004206571619284727
Z_noise1,Z_noise2,4,5,5,2,0.4908569519569386,0.49208705642896194,0.001230104472023319
Z_noise1,Z_noise3,4,6,5,2,0.4879823417886216,0.4911350430938979,0.0031527013052762842
Z_noise2,X_causal,5,0,5,2,0.4951692511112641,0.49436221369384814,-0.0008070374174159456
Z_noise2,X_conf,5,1,5,2,0.42570072099080725,0.4922980519425036,0.06659733095169634
Z_noise2,X_syn1,5,2,5,2,0.4936441340708771,0.4920003973891572,-0.0016437366817199095
Z_noise2,X_syn2,5,3,5,2,0.49613675732346163,0.4957125496293407,-0.0004242076941209372
Z_noise2,Z_noise1,5,4,5,2,0.4904782994958283,0.494131021570211,0.0036527220743827193
Z_noise2,Z_noise3,5,6,5,2,0.4927071037049388,0.49158516423706106,-0.0011219394678777528
Z_noise3,X_causal,6,0,5,2,0.4947651236408614,0.4925532719686757,-0.002211851672185683
Z_noise3,X_conf,6,1,5,2,0.4239214137088901,0.4928903560986654,0.0689689423897753
Z_noise3,X_syn1,6,2,5,2,0.4953677005274029,0.4905529092613817,-0.0048147912660212455
Z_noise3,X_syn2,6,3,5,2,0.4928523205997465,0.4946741439954574,0.0018218233957109087
Z_noise3,Z_noise1,6,4,5,2,0.4877920260323518,0.49232088284926645,0.004528856816914673
Z_noise3,Z_noise2,6,5,5,2,0.49280774007261396,0.48664612255403816,-0.0061616175185758015
X_causal,X_conf,0,1,5,3,0.4421729979001445,0.49027090038656274,0.04809790248641821
X_causal,X_syn1,0,2,5,3,0.4929990295624099,0.496710243722536,0.003711214160126153
X_causal,X_syn2,0,3,5,3,0.49299815520165946,0.4949161719857597,0.0019180167841002516
X_causal,Z_noise1,0,4,5,3,0.49725871051638887,0.49338226801984886,-0.0038764424965400113
X_causal,Z_noise2,0,5,5,3,0.49396285606415447,0.4910046270513581,-0.002958229012796354
X_causal,Z_noise3,0,6,5,3,0.4934290307918727,0.49626911970763976,0.002840088915767036
X_conf,X_causal,1,0,5,3,0.4426203298790534,0.4450919513015941,0.002471621422540704
X_conf,X_syn1,1,2,5,3,0.4400595427782965,0.4464073818854779,0.006347839107181397
X_conf,X_syn2,1,3,5,3,0.44302040801209414,0.445183035462829,0.0021626274507348664
X_conf,Z_noise1,1,4,5,3,0.44731502116909905,0.4396117320453259,-0.0077032891237731604
X_conf,Z_noise2,1,5,5,3,0.4405133386231562,0.4380872896382896,-0.0024260489848666467
X_conf,Z_noise3,1,6,5,3,0.44768704977705054,0.4437154188711651,-0.003971630905885426
X_syn1,X_causal,2,0,5,3,0.4935546322734708,0.49339893502366855,-0.00015569724980224464
X_syn1,X_conf,2,1,5,3,0.4408285267457894,0.49359701683042645,0.052768490084637076
X_syn1,X_syn2,2,3,5,3,0.4635694134560323,0.4927537309356071,0.029184317479574784
X_syn1,Z_noise1,2,4,5,3,0.49553164833128716,0.48858189155661785,-0.006949756774669302
X_syn1,Z_noise2,2,5,5,3,0.49468485504580884,0.48830783735154276,-0.006377017694266074
X_syn1,Z_noise3,2,6,5,3,0.4973305291331017,0.4967033925008833,-0.0006271366322184169
X_syn2,X_causal,3,0,5,3,0.49385871668032244,0.49402001788582167,0.00016130120549923133
X_syn2,X_conf,3,1,5,3,0.44303125235623436,0.4953147559544441,0.05228350359820971
X_syn2,X_syn1,3,2,5,3,0.46336174631696136,0.4990617253119484,0.03569997899498706
X_syn2,Z_noise1,3,4,5,3,0.4952042142386684,0.4938873224088702,-0.0013168918297982168
X_syn2,Z_noise2,3,5,5,3,0.49446129325181365,0.4951204555187634,0.000659162266949731
X_syn2,Z_noise3,3,6,5,3,0.4969432876088126,0.4958507354520321,-0.0010925521567805019
Z_noise1,X_causal,4,0,5,3,0.49738215839954775,0.5017423357010157,0.004360177301467927
Z_noise1,X_conf,4,1,5,3,0.44691848577886295,0.4947250433005454,0.04780655752168245
Z_noise1,X_syn1,4,2,5,3,0.49563694286539905,0.4982602108309116,0.0026232679655125435
Z_noise1,X_syn2,4,3,5,3,0.4950252605415539,0.4940573689153252,-0.0009678916262286785
Z_noise1,Z_noise2,4,5,5,3,0.4932856663034244,0.4931917258343147,-9.39404691097101e-05
Z_noise1,Z_noise3,4,6,5,3,0.5041891892040842,0.4964733414614244,-0.007715847742659765
Z_noise2,X_causal,5,0,5,3,0.4935182430143781,0.49568639085161614,0.002168147837238066
Z_noise2,X_conf,5,1,5,3,0.44154784237847505,0.48831882441135777,0.04677098203288271
Z_noise2,X_syn1,5,2,5,3,0.49421651233155595,0.496556497582087,0.0023399852505310292
Z_noise2,X_syn2,5,3,5,3,0.4936214335501899,0.49707500067590693,0.0034535671257170386
Z_noise2,Z_noise1,5,4,5,3,0.49343802531051806,0.4907111080342602,-0.0027269172762578453
Z_noise2,Z_noise3,5,6,5,3,0.4956227074837659,0.49551033762051294,-0.00011236986325297016
Z_noise3,X_causal,6,0,5,3,0.493484007054123,0.4965704159616667,0.003086408907543692
Z_noise3,X_conf,6,1,5,3,0.4469872611543258,0.49796987443594937,0.05098261328162357
Z_noise3,X_syn1,6,2,5,3,0.49634022799877603,0.5019525039004131,0.005612275901637098
Z_noise3,X_syn2,6,3,5,3,0.49667841557250075,0.4952311526251656,-0.0014472629473351595
Z_noise3,Z_noise1,6,4,5,3,0.5035700071169954,0.4949046376703241,-0.00866536944667129
Z_noise3,Z_noise2,6,5,5,3,0.4958295157506086,0.4929486807730056,-0.0028808349776029973
X_causal,X_conf,0,1,5,4,0.4494885235141103,0.4994539063553275,0.04996538284121721
X_causal,X_syn1,0,2,5,4,0.49294748942318056,0.4943212424259535,0.0013737530027729261
X_causal,X_syn2,0,3,5,4,0.49819126838889133,0.4969977822228593,-0.0011934861660320428
X_causal,Z_noise1,0,4,5,4,0.4936545772589884,0.4944657338298287,0.000811156570840299
X_causal,Z_noise2,0,5,5,4,0.4980067872244751,0.4955853341295393,-0.0024214530949357993
X_causal,Z_noise3,0,6,5,4,0.49938696917753617,0.4962746792160066,-0.0031122899615295685
X_conf,X_causal,1,0,5,4,0.4497933175068447,0.4514487969926419,0.0016554794857971955
X_conf,X_syn1,1,2,5,4,0.4503130207963209,0.45044377947843955,0.00013075868211864794
X_conf,X_syn2,1,3,5,4,0.44498918763617945,0.4540677451045091,0.00907855746832964
X_conf,Z_noise1,1,4,5,4,0.4479516761994069,0.4490472137314252,0.001095537532018298
X_conf,Z_noise2,1,5,5,4,0.4505400616305979,0.4486969088234819,-0.0018431528071159997
X_conf,Z_noise3,1,6,5,4,0.45303151110736584,0.453093798006116,6.228689875015236e-05
X_syn1,X_causal,2,0,5,4,0.49300121600585917,0.4949690859383969,0.0019678699325377247
X_syn1,X_conf,2,1,5,4,0.4511274131358454,0.4997106085922211,0.04858319545637568
X_syn1,X_syn2,2,3,5,4,0.47837828258337073,0.49360177720927545,0.015223494625904721
X_syn1,Z_noise1,2,4,5,4,0.4923797306294325,0.4908134946901575,-0.001566235939275018
X_syn1,Z_noise2,2,5,5,4,0.49439760281118306,0.49332205556368336,-0.0010755472474996974
X_syn1,Z_noise3,2,6,5,4,0.4998547130847974,0.4949771464899483,-0.004877566594849114
X_syn2,X_causal,3,0,5,4,0.49768075625210606,0.4969587882496939,-0.0007219680024121433
X_syn2,X_conf,3,1,5,4,0.4447197708445125,0.4960057006104436,0.051285929765931104
X_syn2,X_syn1,3,2,5,4,0.4778231871751456,0.4962977833331507,0.01847459615800512
X_syn2,Z_noise1,3,4,5,4,0.4972037330672845,0.49428598981635613,-0.002917743250928362
X_syn2,Z_noise2,3,5,5,4,0.4988274431726712,0.49644987238224014,-0.0023775707904310495
X_syn2,Z_noise3,3,6,5,4,0.5039676608091518,0.4952551495848647,-0.008712511224287067
Z_noise1,X_causal,4,0,5,4,0.49267571580343744,0.493996838331084,0.0013211225276465455
Z_noise1,X_conf,4,1,5,4,0.44830203988117284,0.49516814544774407,0.046866105566571226
Z_noise1,X_syn1,4,2,5,4,0.49247964401171107,0.49225146226101674,-0.000228181750694334
Z_noise1,X_syn2,4,3,5,4,0.496099727558264,0.49323822055158667,-0.0028615070066773107
Z_noise1,Z_noise2,4,5,5,4,0.4949901203915624,0.4904784633183462,-0.004511657073216213
Z_noise1,Z_noise3,4,6,5,4,0.49988678838145945,0.49484536272990115,-0.005041425651558296
Z_noise2,X_causal,5,0,5,4,0.4973658000742428,0.4967706457512443,-0.0005951543229985035
Z_noise2,X_conf,5,1,5,4,0.4496131587309797,0.4973412472597629,0.04772808852878324
Z_noise2,X_syn1,5,2,5,4,0.49440271040395556,0.49494024383704766,0.0005375334330920967
Z_noise2,X_syn2,5,3,5,4,0.49901052282033354,0.5003301159697751,0.0013195931494415225
Z_noise2,Z_noise1,5,4,5,4,0.49474034799836364,0.493017706004687,-0.0017226419936766657
Z_noise2,Z_noise3,5,6,5,4,0.5019471006738281,0.4987851385447852,-0.0031619621290429056
Z_noise3,X_causal,6,0,5,4,0.500083382577007,0.50188350841705,0.0018001258400429654
Z_noise3,X_conf,6,1,5,4,0.45275857685448445,0.5007178393374929,0.04795926248300847
Z_noise3,X_syn1,6,2,5,4,0.5006647228745719,0.5002140070106271,-0.0004507158639447395
Z_noise3,X_syn2,6,3,5,4,0.5040204867835975,0.497614736884723,-0.0064057498988744355
Z_noise3,Z_noise1,6,4,5,4,0.49901236331452486,0.4986539065814623,-0.0003584567330625621
Z_noise3,Z_noise2,6,5,5,4,0.5017657180165577,0.501869990521,0.0001042725044423376
X_causal,X_conf,0,1,5,5,0.4426533955685336,0.49579550319543214,0.05314210762689853
X_causal,X_syn1,0,2,5,5,0.4965209384890263,0.4971664141161556,0.0006454756271292994
X_causal,X_syn2,0,3,5,5,0.49590288947328165,0.49520617687811436,-0.0006967125951672926
X_causal,Z_noise1,0,4,5,5,0.49401216872818154,0.49697154382324116,0.002959375095059613
X_causal,Z_noise2,0,5,5,5,0.49535079052252334,0.49377164571918336,-0.0015791448033399824
X_causal,Z_noise3,0,6,5,5,0.4938558583522113,0.49411342358154564,0.00025756522933434445
X_conf,X_causal,1,0,5,5,0.44308306772818445,0.4496278340775477,0.00654476634936324
X_conf,X_syn1,1,2,5,5,0.4462810912075345,0.44241133060943055,-0.003869760598103955
X_conf,X_syn2,1,3,5,5,0.44314419789390574,0.43917131560047523,-0.003972882293430513
X_conf,Z_noise1,1,4,5,5,0.4437370858459054,0.44163300639037767,-0.0021040794555277076
X_conf,Z_noise2,1,5,5,5,0.44138601813935274,0.44010210207282674,-0.001283916066526003
X_conf,Z_noise3,1,6,5,5,0.44786764444027394,0.4396948826785707,-0.008172761761703229
X_syn1,X_causal,2,0,5,5,0.4954321749120336,0.49767424826840295,0.002242073356369334
X_syn1,X_conf,2,1,5,5,0.4460645914559211,0.4965129823157738,0.0504483908598527
X_syn1,X_syn2,2,3,5,5,0.4698663946785469,0.49343148124791414,0.023565086569367233
X_syn1,Z_noise1,2,4,5,5,0.4932976361573912,0.49645968927104206,0.0031620531136508645
X_syn1,Z_noise2,2,5,5,5,0.4947172640037304,0.49609211714241014,0.0013748531386797436
X_syn1,Z_noise3,2,6,5,5,0.4960428717157665,0.49536391855877415,-0.0006789531569923457
X_syn2,X_causal,3,0,5,5,0.4957837657711636,0.49905474402287064,0.003270978251707024
X_syn2,X_conf,3,1,5,5,0.4439308594073442,0.4985614391420065,0.05463057973466229
X_syn2,X_syn1,3,2,5,5,0.4704191890876508,0.4957563739008432,0.025337184813192415
X_syn2,Z_noise1,3,4,5,5,0.49438108384290624,0.4980183577359377,0.0036372738930314785
X_syn2,Z_noise2,3,5,5,5,0.4967166649652844,0.4954515723533575,-0.0012650926119268657
X_syn2,Z_noise3,3,6,5,5,0.4980872435253489,0.4935699170606057,-0.0045173264647431766
Z_noise1,X_causal,4,0,5,5,0.49385664545778535,0.49391225129837696,5.5605840591610445e-05
Z_noise1,X_conf,4,1,5,5,0.44372319167497476,0.5006361393559136,0.0569129476809388
Z_noise1,X_syn1,4,2,5,5,0.49398395776227183,0.49670547293499684,0.0027215151727250086
Z_noise1,X_syn2,4,3,5,5,0.4946257671585313,0.49606075012406514,0.0014349829655338486
Z_noise1,Z_noise2,4,5,5,5,0.49141378476486414,0.49610706364642143,0.0046932788815572946
Z_noise1,Z_noise3,4,6,5,5,0.4973371001924102,0.4999251447789167,0.0025880445865065216
Z_noise2,X_causal,5,0,5,5,0.49487230447404484,0.4956584189404914,0.0007861144664465525
Z_noise2,X_conf,5,1,5,5,0.44125597201479266,0.49765286738151865,0.056396895366725985
Z_noise2,X_syn1,5,2,5,5,0.49489746860530154,0.49294018671835,-0.001957281886951545
Z_noise2,X_syn2,5,3,5,5,0.4962564068439642,0.49433216075491543,-0.0019242460890487867
Z_noise2,Z_noise1,5,4,5,5,0.4920472132895022,0.49428873855549577,0.0022415252659935825
Z_noise2,Z_noise3,5,6,5,5,0.49551871218802,0.49208427300388613,-0.003434439184133886
Z_noise3,X_causal,6,0,5,5,0.49464083478311727,0.4926766967788792,-0.0019641380042380585
Z_noise3,X_conf,6,1,5,5,0.44744560509401377,0.4992498230082369,0.05180421791422313
Z_noise3,X_syn1,6,2,5,5,0.4947727094631338,0.49620300523063593,0.0014302957675021433
Z_noise3,X_syn2,6,3,5,5,0.49729041113098044,0.4925726132835912,-0.004717797847389238
Z_noise3,Z_noise1,6,4,5,5,0.49740176447476325,0.49412764398896625,-0.003274120485797005
Z_noise3,Z_noise2,6,5,5,5,0.495723667538583,0.4930766237639265,-0.0026470437746564657
X_causal,X_conf,0,1,5,6,0.45112105545852776,0.49956156501550625,0.048440509556978484
X_causal,X_syn1,0,2,5,6,0.4975333563271545,0.4982507354863494,0.0007173791591948975
X_causal,X_syn2,0,3,5,6,0.49865108818798654,0.5002067212992946,0.001555633111308019
X_causal,Z_noise1,0,4,5,6,0.4985217367614293,0.500181423307944,0.001659686546514716
X_causal,Z_noise2,0,5,5,6,0.49914701398615974,0.5000860956641442,0.0009390816779844546
X_causal,Z_noise3,0,6,5,6,0.5008095102365361,0.49572472142871615,-0.005084788807819929
X_conf,X_causal,1,0,5,6,0.45019608426950986,0.44490887507641114,-0.005287209193098719
X_conf,X_syn1,1,2,5,6,0.4461612808772306,0.4416280201589272,-0.0045332607183034
X_conf,X_syn2,1,3,5,6,0.4464510824115821,0.4470881966259019,0.0006371142143197783
X_conf,Z_noise1,1,4,5,6,0.4484949492283451,0.4451941067052142,-0.003300842523130898
X_conf,Z_noise2,1,5,5,6,0.44311282802488655,0.43964470864524324,-0.0034681193796433085
X_conf,Z_noise3,1,6,5,6,0.4458829741534658,0.4422995015267741,-0.003583472626691675
X_syn1,X_causal,2,0,5,6,0.49780633887009823,0.49811806953127863,0.00031173066118039827
X_syn1,X_conf,2,1,5,6,0.4464293731897515,0.4973047712186605,0.050875398028909
X_syn1,X_syn2,2,3,5,6,0.479729450983856,0.4990616851864358,0.01933223420257979
X_syn1,Z_noise1,2,4,5,6,0.49874617532932486,0.49369368752426274,-0.0050524878050621225
X_syn1,Z_noise2,2,5,5,6,0.5016479635565277,0.4978959518028964,-0.0037520117536313236
X_syn1,Z_noise3,2,6,5,6,0.49992678848560995,0.49259015223327224,-0.007336636252337714
X_syn2,X_causal,3,0,5,6,0.49940012004515516,0.4975941077929016,-0.0018060122522535749
X_syn2,X_conf,3,1,5,6,0.44591508507373395,0.49700802188898213,0.05109293681524818
X_syn2,X_syn1,3,2,5,6,0.4803047995070511,0.4942644730186146,0.01395967351156352
X_syn2,Z_noise1,3,4,5,6,0.4965889583628149,0.49699108447347223,0.0004021261106573193
X_syn2,Z_noise2,3,5,5,6,0.49639038151192805,0.49492464383244256,-0.0014657376794854904
X_syn2,Z_noise3,3,6,5,6,0.4972517054514173,0.4916098926739393,-0.005641812777477995
Z_noise1,X_causal,4,0,5,6,0.4979238926160161,0.4977703181115022,-0.0001535745045139203
Z_noise1,X_conf,4,1,5,6,0.4478281919524237,0.4984464407389481,0.050618248786524433
Z_noise1,X_syn1,4,2,5,6,0.49867613517660897,0.4961991453891303,-0.0024769897874786784
Z_noise1,X_syn2,4,3,5,6,0.49639742841666673,0.497459317404516,0.0010618889878492577
Z_noise1,Z_noise2,4,5,5,6,0.495685394164497,0.4989498150548922,0.0032644208903952476
Z_noise1,Z_noise3,4,6,5,6,0.5000310979632092,0.49893435168016936,-0.0010967462830398511
Z_noise2,X_causal,5,0,5,6,0.49914168131081277,0.4979562641044712,-0.0011854172063415769
Z_noise2,X_conf,5,1,5,6,0.4433624211301054,0.4966002263846815,0.05323780525457611
Z_noise2,X_syn1,5,2,5,6,0.5018272976767402,0.4956830823551007,-0.006144215321639446
Z_noise2,X_syn2,5,3,5,6,0.4967503426738467,0.4980509998029606,0.001300657129113869
Z_noise2,Z_noise1,5,4,5,6,0.49565015652465944,0.49929143565645945,0.0036412791318000126
Z_noise2,Z_noise3,5,6,5,6,0.5001361749707726,0.4954220352991892,-0.0047141396715833506
Z_noise3,X_causal,6,0,5,6,0.5005823335273866,0.5019935378165118,0.001411204289125223
Z_noise3,X_conf,6,1,5,6,0.44550690708010215,0.4961959157972562,0.05068900871715404
Z_noise3,X_syn1,6,2,5,6,0.4988049610750199,0.5003170610351242,0.0015120999601042628
Z_noise3,X_syn2,6,3,5,6,0.4974678704024085,0.5028794329553411,0.005411562552932625
Z_noise3,Z_noise1,6,4,5,6,0.5004215607550883,0.4973778864424914,-0.0030436743125968335
Z_noise3,Z_noise2,6,5,5,6,0.5000160509650633,0.4967160018255439,-0.003300049139519423
X_causal,X_conf,0,1,5,7,0.45584690395363164,0.4949154747275196,0.03906857077388798
X_causal,X_syn1,0,2,5,7,0.4951658805695867,0.4954355042575964,0.0002696236880097014
X_causal,X_syn2,0,3,5,7,0.498521788362615,0.4957151700922715,-0.0028066182703435083
X_causal,Z_noise1,0,4,5,7,0.4994002866988679,0.49700888063348075,-0.002391406065387125
X_causal,Z_noise2,0,5,5,7,0.4955462229766622,0.49617526809002754,0.0006290451133653674
X_causal,Z_noise3,0,6,5,7,0.4975906637093505,0.4963878261929789,-0.0012028375163716243
X_conf,X_causal,1,0,5,7,0.455383648792159,0.4508599442428847,-0.0045237045492742545
X_conf,X_syn1,1,2,5,7,0.45987705471033247,0.4537631432875343,-0.006113911422798157
X_conf,X_syn2,1,3,5,7,0.45594494320127343,0.45922520320956556,0.003280260008292124
X_conf,Z_noise1,1,4,5,7,0.45487573012367744,0.4498520385884762,-0.0050236915352012135
X_conf,Z_noise2,1,5,5,7,0.45101411852404205,0.45251586882388195,0.001501750299839899
X_conf,Z_noise3,1,6,5,7,0.4533143387874451,0.45567639043827113,0.002362051650826036
X_syn1,X_causal,2,0,5,7,0.49435944078051597,0.4929322813739116,-0.0014271594066043725
X_syn1,X_conf,2,1,5,7,0.4605908703449421,0.4948816650559854,0.03429079471104329
X_syn1,X_syn2,2,3,5,7,0.46923510607515756,0.4979728007316958,0.02873769465653825
X_syn1,Z_noise1,2,4,5,7,0.4981292984723517,0.49547984769276265,-0.0026494507795890576
X_syn1,Z_noise2,2,5,5,7,0.49529448727066916,0.49476433296847183,-0.0005301543021973276
X_syn1,Z_noise3,2,6,5,7,0.49537367251799086,0.49366490709635263,-0.0017087654216382253
X_syn2,X_causal,3,0,5,7,0.4986357453843353,0.49628359269839006,-0.0023521526859452413
X_syn2,X_conf,3,1,5,7,0.45615424731313525,0.49973540739808525,0.04358116008495
X_syn2,X_syn1,3,2,5,7,0.4693255554391218,0.4970029875064999,0.027677432067378105
X_syn2,Z_noise1,3,4,5,7,0.4955169562487516,0.4959716951585477,0.0004547389097961374
X_syn2,Z_noise2,3,5,5,7,0.49966130605402126,0.497057221946292,-0.0026040841077292765
X_syn2,Z_noise3,3,6,5,7,0.4991532387539591,0.49664740005867264,-0.0025058386952864775
Z_noise1,X_causal,4,0,5,7,0.49958927010430004,0.49873999645476164,-0.0008492736495384068
Z_noise1,X_conf,4,1,5,7,0.4542120874106646,0.4998214691522211,0.04560938174155649
Z_noise1,X_syn1,4,2,5,7,0.4986186845913004,0.49705289759595334,-0.0015657869953470405
Z_noise1,X_syn2,4,3,5,7,0.4953584253954664,0.49945710323575604,0.004098677840289666
Z_noise1,Z_noise2,4,5,5,7,0.495316092488578,0.49588959859650644,0.0005735061079284454
Z_noise1,Z_noise3,4,6,5,7,0.4993326580435874,0.5003862765240811,0.0010536184804936788
Z_noise2,X_causal,5,0,5,7,0.4954930467635981,0.4949095464271555,-0.0005835003364426106
Z_noise2,X_conf,5,1,5,7,0.45141281025632535,0.4960609897314091,0.04464817947508376
Z_noise2,X_syn1,5,2,5,7,0.49460801072076,0.49649885481721084,0.00189084409645085
Z_noise2,X_syn2,5,3,5,7,0.49888447015121723,0.49507517244779264,-0.0038092977034245856
Z_noise2,Z_noise1,5,4,5,7,0.495403862894384,0.4935523340572499,-0.0018515288371340755
Z_noise2,Z_noise3,5,6,5,7,0.4941369045716595,0.49253220852072754,-0.001604696050931942
Z_noise3,X_causal,6,0,5,7,0.49763854141976266,0.4933906670387631,-0.00424787438099955
Z_noise3,X_conf,6,1,5,7,0.4527040107555789,0.49472354294093956,0.04201953218536064
Z_noise3,X_syn1,6,2,5,7,0.49535433170910514,0.49152664804025076,-0.003827683668854387
Z_noise3,X_syn2,6,3,5,7,0.49870089859596534,0.4965482441101256,-0.0021526544858397334
Z_noise3,Z_noise1,6,4,5,7,0.4978628093086431,0.49444531900270217,-0.0034174903059409067
Z_noise3,Z_noise2,6,5,5,7,0.49353879493043074,0.49617656940452287,0.002637774474092136
X_causal,X_conf,0,1,5,8,0.42178041671939376,0.4987198853915286,0.07693946867213486
X_causal,X_syn1,0,2,5,8,0.495819016859949,0.5004040253226145,0.0045850084626655185
X_causal,X_syn2,0,3,5,8,0.4949328109469265,0.4943017851463408,-0.0006310258005856606
X_causal,Z_noise1,0,4,5,8,0.5015932220117366,0.49567709279721894,-0.005916129214517674
X_causal,Z_noise2,0,5,5,8,0.49743868419810844,0.4940795512198346,-0.0033591329782738377
X_causal,Z_noise3,0,6,5,8,0.4953602161287052,0.4974950563534706,0.0021348402247653997
X_conf,X_causal,1,0,5,8,0.42195848395771135,0.42500545542982116,0.003046971472109805
X_conf,X_syn1,1,2,5,8,0.42735971460279565,0.4365800636611173,0.009220349058321642
X_conf,X_syn2,1,3,5,8,0.4302949325029483,0.4315388384740026,0.0012439059710542821
X_conf,Z_noise1,1,4,5,8,0.43047282587621166,0.4318719559820378,0.0013991301058261518
X_conf,Z_noise2,1,5,5,8,0.4278543470736605,0.4310978931453028,0.0032435460716422893
X_conf,Z_noise3,1,6,5,8,0.4353919565240398,0.4293911028024317,-0.006000853721608079
X_syn1,X_causal,2,0,5,8,0.49565985960254105,0.4942591027226552,-0.0014007568798858339
X_syn1,X_conf,2,1,5,8,0.4263472621848373,0.4979161124310665,0.07156885024622917
X_syn1,X_syn2,2,3,5,8,0.4754750968323746,0.49340331475728294,0.01792821792490834
X_syn1,Z_noise1,2,4,5,8,0.4965221806942392,0.4938107376480176,-0.0027114430462216177
X_syn1,Z_noise2,2,5,5,8,0.49380474133734903,0.491523942831183,-0.0022807985061660263
X_syn1,Z_noise3,2,6,5,8,0.49326943204797097,0.49582160226494904,0.002552170216978067
X_syn2,X_causal,3,0,5,8,0.4945398821964463,0.4955250721984003,0.0009851900019540172
X_syn2,X_conf,3,1,5,8,0.43012777212499737,0.49587980972922147,0.0657520376042241
X_syn2,X_syn1,3,2,5,8,0.4750984927604313,0.4927917745499908,0.01769328178955948
X_syn2,Z_noise1,3,4,5,8,0.49738603091624234,0.493264332051197,-0.00412169886504532
X_syn2,Z_noise2,3,5,5,8,0.49532456415123427,0.4928211647494566,-0.002503399401777684
X_syn2,Z_noise3,3,6,5,8,0.4949130141811685,0.4926052487074089,-0.0023077654737596043
Z_noise1,X_causal,4,0,5,8,0.5014468672859368,0.49941771401914886,-0.002029153266787931
Z_noise1,X_conf,4,1,5,8,0.42931403462073064,0.49686540401215995,0.0675513693914293
Z_noise1,X_syn1,4,2,5,8,0.4951855497225442,0.5010602643229287,0.005874714600384523
Z_noise1,X_syn2,4,3,5,8,0.4986012644119116,0.5004968947987031,0.0018956303867914692
Z_noise1,Z_noise2,4,5,5,8,0.49974209239826967,0.49763112908287244,-0.0021109633153972296
Z_noise1,Z_noise3,4,6,5,8,0.5001942353178206,0.49930321453821247,-0.0008910207796081204
Z_noise2,X_causal,5,0,5,8,0.49750991569380604,0.5004508571994096,0.0029409415056035892
Z_noise2,X_conf,5,1,5,8,0.4278198062646185,0.49901519714779635,0.07119539088317783
Z_noise2,X_syn1,5,2,5,8,0.49277475664229703,0.49898702158926167,0.006212264946964641
Z_noise2,X_syn2,5,3,5,8,0.49499208684184265,0.4973750798652056,0.002382993023362978
Z_noise2,Z_noise1,5,4,5,8,0.5000268008968205,0.49777533678149827,-0.0022514641153222326
Z_noise2,Z_noise3,5,6,5,8,0.4961052120252494,0.4968621408381559,0.0007569288129065099
Z_noise3,X_causal,6,0,5,8,0.4953256611503216,0.49901124477971437,0.0036855836293927524
Z_noise3,X_conf,6,1,5,8,0.4349883025469049,0.4984414182825747,0.06345311573566981
Z_noise3,X_syn1,6,2,5,8,0.49394346992130705,0.5044282765559419,0.010484806634634858
Z_noise3,X_syn2,6,3,5,8,0.49513387645678075,0.4979135509876978,0.0027796745309170423
Z_noise3,Z_noise1,6,4,5,8,0.5003160888371188,0.49739105492204816,-0.002925033915070596
Z_noise3,Z_noise2,6,5,5,8,0.4957239605912099,0.4973545799579599,0.001630619366750019
X_causal,X_conf,0,1,5,9,0.45670046945527526,0.4980417211376276,0.041341251682352365
X_causal,X_syn1,0,2,5,9,0.5015551355210381,0.500903594627095,-0.0006515408939431477
X_causal,X_syn2,0,3,5,9,0.4990473065859966,0.5019321117040706,0.0028848051180739853
X_causal,Z_noise1,0,4,5,9,0.5045240878504325,0.49862514385486584,-0.005898943995566619
X_causal,Z_noise2,0,5,5,9,0.5013763708277829,0.49747867986898076,-0.0038976909588021025
X_causal,Z_noise3,0,6,5,9,0.5014035513470146,0.5026574780282806,0.0012539266812660044
X_conf,X_causal,1,0,5,9,0.45704941872051075,0.4531905122335547,-0.0038589064869560263
X_conf,X_syn1,1,2,5,9,0.4570306230540848,0.45380519803920116,-0.003225425014883654
X_conf,X_syn2,1,3,5,9,0.45096307312495143,0.45525796563175874,0.004294892506807313
X_conf,Z_noise1,1,4,5,9,0.4571677245801615,0.4554462595546399,-0.001721465025521618
X_conf,Z_noise2,1,5,5,9,0.452587673131383,0.448854804650551,-0.0037328684808319856
X_conf,Z_noise3,1,6,5,9,0.4516070736013618,0.45104870498307886,-0.0005583686182829561
X_syn1,X_causal,2,0,5,9,0.5015459306533839,0.498970155423185,-0.002575775230198918
X_syn1,X_conf,2,1,5,9,0.4567905416531681,0.49615945251250343,0.039368910859335304
X_syn1,X_syn2,2,3,5,9,0.47024669838198113,0.49729406087629324,0.02704736249431211
X_syn1,Z_noise1,2,4,5,9,0.4963109525139152,0.4967829922725414,0.00047203975862619707
X_syn1,Z_noise2,2,5,5,9,0.49655262749207835,0.49628791250136145,-0.00026471499071689664
X_syn1,Z_noise3,2,6,5,9,0.4937234204805608,0.49946723909526314,0.005743818614702356
X_syn2,X_causal,3,0,5,9,0.49862346265987834,0.5023849627593463,0.0037615000994679626
X_syn2,X_conf,3,1,5,9,0.45045953254353627,0.4976098936583229,0.047150361114786654
X_syn2,X_syn1,3,2,5,9,0.46915712942668797,0.4977330818068127,0.028575952380124725
X_syn2,Z_noise1,3,4,5,9,0.5009046545110569,0.5003955172170828,-0.0005091372939741712
X_syn2,Z_noise2,3,5,5,9,0.5006322695426095,0.49873659555315286,-0.0018956739894566699
X_syn2,Z_noise3,3,6,5,9,0.4966948770728302,0.4999229003482397,0.0032280232754094973
Z_noise1,X_causal,4,0,5,9,0.5043602624362146,0.5001736795865459,-0.004186582849668663
Z_noise1,X_conf,4,1,5,9,0.4570587817732394,0.5007204995176576,0.04366171774441824
Z_noise1,X_syn1,4,2,5,9,0.49655611618124557,0.4980981335797221,0.0015420173984765362
Z_noise1,X_syn2,4,3,5,9,0.5009177043471068,0.49704605126012774,-0.0038716530869790655
Z_noise1,Z_noise2,4,5,5,9,0.5015210753408135,0.5014820807300285,-3.8994610784937045e-05
Z_noise1,Z_noise3,4,6,5,9,0.4966069146816286,0.5000944248011205,0.0034875101194919433
Z_noise2,X_causal,5,0,5,9,0.5013982410845147,0.49873435300302094,-0.0026638880814937593
Z_noise2,X_conf,5,1,5,9,0.4524715923798169,0.5024255152376991,0.049953922857882194
Z_noise2,X_syn1,5,2,5,9,0.49632148326125536,0.501338701920393,0.005017218659137623
Z_noise2,X_syn2,5,3,5,9,0.5002866060712483,0.49807229752474547,-0.002214308546502841
Z_noise2,Z_noise1,5,4,5,9,0.5005161437768311,0.5031410846376579,0.0026249408608268743
Z_noise2,Z_noise3,5,6,5,9,0.5010894727206859,0.49897324505819335,-0.002116227662492587
Z_noise3,X_causal,6,0,5,9,0.5008066779274859,0.4977546557655024,-0.0030520221619835253
Z_noise3,X_conf,6,1,5,9,0.45036997700496934,0.49613774751356776,0.04576777050859843
Z_noise3,X_syn1,6,2,5,9,0.49397153417875234,0.49640714221783006,0.002435608039077719
Z_noise3,X_syn2,6,3,5,9,0.49728926695891024,0.49716298219835586,-0.00012628476055437377
Z_noise3,Z_noise1,6,4,5,9,0.49669240445335466,0.497389292889437,0.0006968884360823435
Z_noise3,Z_noise2,6,5,5,9,0.5018106292595155,0.49859680883307383,-0.003213820426441638
X_causal,X_conf,0,1,6,0,0.44570973017907406,0.49477590561648405,0.04906617543740999
X_causal,X_syn1,0,2,6,0,0.49523332396766734,0.4960621424728818,0.0008288185052144348
X_causal,X_syn2,0,3,6,0,0.4952270937734199,0.49015087248564887,-0.005076221287771021
X_causal,Z_noise1,0,4,6,0,0.4968606399014891,0.4978940806098322,0.001033440708343103
X_causal,Z_noise2,0,5,6,0,0.49539647232426887,0.4921573853486001,-0.00323908697566877
X_causal,Z_noise3,0,6,6,0,0.49685813278336216,0.49407682192501334,-0.0027813108583488177
X_conf,X_causal,1,0,6,0,0.4458590342005157,0.4449844866817636,-0.0008745475187521001
X_conf,X_syn1,1,2,6,0,0.4478487201748675,0.44551220051816126,-0.0023365196567062263
X_conf,X_syn2,1,3,6,0,0.44649674623735935,0.44104776348786334,-0.005448982749496012
X_conf,Z_noise1,1,4,6,0,0.44615523270318963,0.456236156406793,0.010080923703603362
X_conf,Z_noise2,1,5,6,0,0.4492476184247725,0.4502360509760055,0.0009884325512329872
X_conf,Z_noise3,1,6,6,0,0.4461732595904554,0.44385028433020485,-0.0023229752602505482
X_syn1,X_causal,2,0,6,0,0.495891044898322,0.49519734582578073,-0.0006936990725412429
X_syn1,X_conf,2,1,6,0,0.4485468544130506,0.49637970648739366,0.04783285207434307
X_syn1,X_syn2,2,3,6,0,0.46737608593408336,0.4923619315471329,0.024985845613049562
X_syn1,Z_noise1,2,4,6,0,0.4933711425630517,0.49853298017576725,0.005161837612715547
X_syn1,Z_noise2,2,5,6,0,0.4951326495325192,0.4944775669368367,-0.0006550825956824768
X_syn1,Z_noise3,2,6,6,0,0.49487551644889927,0.49647269449236586,0.001597178043466596
X_syn2,X_causal,3,0,6,0,0.49571067567894633,0.4970542137459713,0.0013435380670249741
X_syn2,X_conf,3,1,6,0,0.446998599311262,0.49775289583543186,0.05075429652416985
X_syn2,X_syn1,3,2,6,0,0.4687162866076283,0.5001794444615429,0.031463157853914625
X_syn2,Z_noise1,3,4,6,0,0.49728127061094185,0.5009365192306628,0.0036552486197209966
X_syn2,Z_noise2,3,5,6,0,0.4976788238048098,0.4958953432573009,-0.001783480547508931
X_syn2,Z_noise3,3,6,6,0,0.5056247939693599,0.49726683197150345,-0.008357961997856433
Z_noise1,X_causal,4,0,6,0,0.49719129742297774,0.4969894135976512,-0.00020188382532654314
Z_noise1,X_conf,4,1,6,0,0.4451967597020952,0.49480474693707366,0.049607987234978446
Z_noise1,X_syn1,4,2,6,0,0.4940371107914421,0.4967273010764193,0.002690190284977245
Z_noise1,X_syn2,4,3,6,0,0.49718757486198817,0.49378322108130024,-0.00340435378068793
Z_noise1,Z_noise2,4,5,6,0,0.4957046167190768,0.4975576784116729,0.0018530616925961363
Z_noise1,Z_noise3,4,6,6,0,0.49712613480409806,0.49891116646355776,0.0017850316594597015
Z_noise2,X_causal,5,0,6,0,0.4951081125177284,0.4955190841875729,0.0004109716698444954
Z_noise2,X_conf,5,1,6,0,0.44928733079442623,0.4937951548123617,0.04450782401793546
Z_noise2,X_syn1,5,2,6,0,0.49542550954986536,0.4966688146939601,0.001243305144094764
Z_noise2,X_syn2,5,3,6,0,0.4980092218756033,0.49285702969633993,-0.005152192179263382
Z_noise2,Z_noise1,5,4,6,0,0.4950827612784985,0.49975023238015676,0.0046674711016582715
Z_noise2,Z_noise3,5,6,6,0,0.4998025668889699,0.49367729383285325,-0.0061252730561166535
Z_noise3,X_causal,6,0,6,0,0.49622005542932107,0.4962465595195301,2.6504090209045206e-05
Z_noise3,X_conf,6,1,6,0,0.44623887320655875,0.49794433547708916,0.05170546227053041
Z_noise3,X_syn1,6,2,6,0,0.4944129118015823,0.5000631923620892,0.005650280560506871
Z_noise3,X_syn2,6,3,6,0,0.5065083059015737,0.49887253365520723,-0.007635772246366468
Z_noise3,Z_noise1,6,4,6,0,0.49809522353982394,0.5058410398979581,0.0077458163581342054
Z_noise3,Z_noise2,6,5,6,0,0.4993551195108166,0.4979626833412158,-0.0013924361696008303
X_causal,X_conf,0,1,6,1,0.4365414233576165,0.4949509264285512,0.05840950307093473
X_causal,X_syn1,0,2,6,1,0.4939349411232986,0.49777013406594345,0.0038351929426448383
X_causal,X_syn2,0,3,6,1,0.4946872070917271,0.49745938936748424,0.0027721822757571513
X_causal,Z_noise1,0,4,6,1,0.497644850758352,0.4952833318295985,-0.0023615189287535254
X_causal,Z_noise2,0,5,6,1,0.4967705563931267,0.49220869277456153,-0.004561863618565198
X_causal,Z_noise3,0,6,6,1,0.49630150768545644,0.49718975057105574,0.0008882428855992996
X_conf,X_causal,1,0,6,1,0.4364949082053751,0.43987778154295626,0.003382873337581138
X_conf,X_syn1,1,2,6,1,0.44011938784808435,0.4421207771560119,0.002001389307927537
X_conf,X_syn2,1,3,6,1,0.4415922588239161,0.44278102562656896,0.0011887668026528408
X_conf,Z_noise1,1,4,6,1,0.441644356781555,0.44048509192325885,-0.0011592648582961496
X_conf,Z_noise2,1,5,6,1,0.4401057191352435,0.4356429547496709,-0.004462764385572582
X_conf,Z_noise3,1,6,6,1,0.44363867134115603,0.4438975035921282,0.0002588322509721741
X_syn1,X_causal,2,0,6,1,0.4933771320625341,0.498498130192884,0.005120998130349941
X_syn1,X_conf,2,1,6,1,0.4398405342954502,0.4993889913312809,0.05954845703583067
X_syn1,X_syn2,2,3,6,1,0.48704376222013984,0.5003065728895787,0.013262810669438851
X_syn1,Z_noise1,2,4,6,1,0.4970551756426867,0.5008665007132753,0.0038113250705886226
X_syn1,Z_noise2,2,5,6,1,0.496239402429438,0.49176871618356355,-0.004470686245874433
X_syn1,Z_noise3,2,6,6,1,0.49832279546699093,0.4994806171497809,0.0011578216827899945
X_syn2,X_causal,3,0,6,1,0.49431366074260824,0.49370756344082783,-0.0006060973017804061
X_syn2,X_conf,3,1,6,1,0.44171129434103046,0.49613945451727753,0.054428160176247076
X_syn2,X_syn1,3,2,6,1,0.4879710295029546,0.4965119959804313,0.008540966477476652
X_syn2,Z_noise1,3,4,6,1,0.4951872698898677,0.4983931082794407,0.0032058383895730014
X_syn2,Z_noise2,3,5,6,1,0.49412928456339983,0.49346412228939046,-0.0006651622740093677
X_syn2,Z_noise3,3,6,6,1,0.49788559409893024,0.4977135755486819,-0.0001720185502483429
Z_noise1,X_causal,4,0,6,1,0.49736575737231614,0.4958109004965964,-0.0015548568757197678
Z_noise1,X_conf,4,1,6,1,0.44103508271429626,0.4971051529564117,0.056070070242115466
Z_noise1,X_syn1,4,2,6,1,0.49693582936738323,0.49414839333471866,-0.0027874360326645697
Z_noise1,X_syn2,4,3,6,1,0.4954624298446133,0.49964250134132066,0.004180071496707349
Z_noise1,Z_noise2,4,5,6,1,0.49681765124453625,0.49673967418305653,-7.797706147971706e-05
Z_noise1,Z_noise3,4,6,6,1,0.4960426505798809,0.49730724254466363,0.0012645919647827353
Z_noise2,X_causal,5,0,6,1,0.4959628536228938,0.4940369160962029,-0.0019259375266908463
Z_noise2,X_conf,5,1,6,1,0.4397180985539142,0.496775835439302,0.05705773688538779
Z_noise2,X_syn1,5,2,6,1,0.49648103636948415,0.4984967145347067,0.002015678165222523
Z_noise2,X_syn2,5,3,6,1,0.4937986024704645,0.4998148869623566,0.006016284491892121
Z_noise2,Z_noise1,5,4,6,1,0.4966297724468785,0.4989982143274663,0.002368441880587824
Z_noise2,Z_noise3,5,6,6,1,0.49300327629565976,0.4997359187793258,0.0067326424836660625
Z_noise3,X_causal,6,0,6,1,0.4967689356046225,0.494052436570751,-0.0027164990338715
Z_noise3,X_conf,6,1,6,1,0.4430731916540004,0.49877866734473175,0.055705475690731365
Z_noise3,X_syn1,6,2,6,1,0.49775856126272383,0.49797145904356777,0.00021289778084393474
Z_noise3,X_syn2,6,3,6,1,0.4976425010986103,0.49850154352092907,0.0008590424223187676
Z_noise3,Z_noise1,6,4,6,1,0.495970147943948,0.49582356258799837,-0.0001465853559496355
Z_noise3,Z_noise2,6,5,6,1,0.4929119329911217,0.49270242240657053,-0.00020951058455115357
X_causal,X_conf,0,1,6,2,0.43556600742836515,0.49633889702928136,0.0607728896009162
X_causal,X_syn1,0,2,6,2,0.4897511608870629,0.5014770871525819,0.011725926265518993
X_causal,X_syn2,0,3,6,2,0.49876231792702397,0.4955679871035257,-0.0031943308234982926
X_causal,Z_noise1,0,4,6,2,0.49405976269444524,0.49892335704707086,0.004863594352625622
X_causal,Z_noise2,0,5,6,2,0.49928494425444014,0.49458467217247704,-0.004700272081963108
X_causal,Z_noise3,0,6,6,2,0.49893847384578127,0.4946426673825374,-0.004295806463243845
X_conf,X_causal,1,0,6,2,0.4351581240680043,0.4351957595473498,3.7635479345488054e-05
X_conf,X_syn1,1,2,6,2,0.4370485457392015,0.43967092413408193,0.0026223783948804424
X_conf,X_syn2,1,3,6,2,0.4325985559513219,0.4343890641618466,0.0017905082105246772
X_conf,Z_noise1,1,4,6,2,0.4389123489716629,0.43506234355558776,-0.003850005416075164
X_conf,Z_noise2,1,5,6,2,0.43486853912879536,0.44023187296572414,0.005363333836928774
X_conf,Z_noise3,1,6,6,2,0.4353167837033729,0.4298760060605605,-0.005440777642812422
X_syn1,X_causal,2,0,6,2,0.48964305372188643,0.49169715835837857,0.002054104636492138
X_syn1,X_conf,2,1,6,2,0.43577692691740705,0.49681472201641536,0.06103779509900831
X_syn1,X_syn2,2,3,6,2,0.47660032747781117,0.49256616816870996,0.01596584069089879
X_syn1,Z_noise1,2,4,6,2,0.4918294267170559,0.498347234404209,0.006517807687153154
X_syn1,Z_noise2,2,5,6,2,0.49633324443031324,0.4930672008611535,-0.0032660435691597156
X_syn1,Z_noise3,2,6,6,2,0.4959496789725525,0.49114394672353356,-0.004805732249018924
X_syn2,X_causal,3,0,6,2,0.49833187712811666,0.49639647892151073,-0.0019353982066059316
X_syn2,X_conf,3,1,6,2,0.43165279355368336,0.4975818600143251,0.06592906646064173
X_syn2,X_syn1,3,2,6,2,0.478990374642236,0.5004330103711191,0.021442635728883108
X_syn2,Z_noise1,3,4,6,2,0.49316430255435595,0.4950573986392248,0.0018930960848688727
X_syn2,Z_noise2,3,5,6,2,0.499032935210297,0.4967580707100287,-0.0022748645002683143
X_syn2,Z_noise3,3,6,6,2,0.4957057430889438,0.4953224786079776,-0.00038326448096615007
Z_noise1,X_causal,4,0,6,2,0.49435991621378134,0.4920783534165196,-0.002281562797261716
Z_noise1,X_conf,4,1,6,2,0.4385162332245113,0.4939610639638108,0.05544483073929951
Z_noise1,X_syn1,4,2,6,2,0.490344546744546,0.4975661098904031,0.007221563145857146
Z_noise1,X_syn2,4,3,6,2,0.493374690944435,0.4941787689833489,0.0008040780389139135
Z_noise1,Z_noise2,4,5,6,2,0.49629993965240693,0.4943921830590273,-0.001907756593379606
Z_noise1,Z_noise3,4,6,6,2,0.4950431385684036,0.49438278068120683,-0.0006603578871967608
Z_noise2,X_causal,5,0,6,2,0.49833236067593656,0.49668689162247426,-0.0016454690534623007
Z_noise2,X_conf,5,1,6,2,0.4355042240135261,0.4993269874870615,0.06382276347353538
Z_noise2,X_syn1,5,2,6,2,0.49795040474465796,0.4970593337059075,-0.0008910710387504683
Z_noise2,X_syn2,5,3,6,2,0.49893832382377845,0.4983838298893361,-0.0005544939344423461
Z_noise2,Z_noise1,5,4,6,2,0.4953857772161733,0.5020199488621941,0.00663417164602087
Z_noise2,Z_noise3,5,6,6,2,0.5008971523739537,0.4973950577802339,-0.0035020945937198067
Z_noise3,X_causal,6,0,6,2,0.49792961452303713,0.4976851251870956,-0.00024448933594151123
Z_noise3,X_conf,6,1,6,2,0.43540807407576343,0.4958483651481814,0.060440291072417995
Z_noise3,X_syn1,6,2,6,2,0.4961527537904182,0.49955294288073643,0.003400189090318251
Z_noise3,X_syn2,6,3,6,2,0.49558420655278423,0.4968266233906645,0.0012424168378802891
Z_noise3,Z_noise1,6,4,6,2,0.4947850009584143,0.5019520464073022,0.007167045448887854
Z_noise3,Z_noise2,6,5,6,2,0.5008024439954095,0.49583775282366177,-0.004964691171747748
X_causal,X_conf,0,1,6,3,0.43579138009434815,0.4930375676764837,0.057246187582135566
X_causal,X_syn1,0,2,6,3,0.4961705809105461,0.49838405116417855,0.0022134702536324435
X_causal,X_syn2,0,3,6,3,0.4980507748804993,0.4964922445640131,-0.0015585303164862285
X_causal,Z_noise1,0,4,6,3,0.49580788986681856,0.4933566677021167,-0.0024512221647018384
X_causal,Z_noise2,0,5,6,3,0.4994837297888318,0.49527086348582355,-0.004212866303008267
X_causal,Z_noise3,0,6,6,3,0.4989345987015976,0.49238140417269916,-0.006553194528898465
X_conf,X_causal,1,0,6,3,0.4354695458791956,0.43775362616340974,0.0022840802842141184
X_conf,X_syn1,1,2,6,3,0.4392935878760562,0.44321078752003906,0.003917199643982849
X_conf,X_syn2,1,3,6,3,0.43645286139614636,0.4370216203831918,0.0005687589870454479
X_conf,Z_noise1,1,4,6,3,0.43591034906155823,0.43881348797934927,0.002903138917791037
X_conf,Z_noise2,1,5,6,3,0.4306484337181369,0.4386264526439455,0.007978018925808628
X_conf,Z_noise3,1,6,6,3,0.4452554447964453,0.4349926201589885,-0.010262824637456813
X_syn1,X_causal,2,0,6,3,0.4968467228489255,0.49262956664301877,-0.004217156205906736
X_syn1,X_conf,2,1,6,3,0.4380118316602197,0.49141470216791944,0.05340287050769976
X_syn1,X_syn2,2,3,6,3,0.4698530699511564,0.5000420608546206,0.030188990903464163
X_syn1,Z_noise1,2,4,6,3,0.4948117929484607,0.4928992235952595,-0.0019125693532012211
X_syn1,Z_noise2,2,5,6,3,0.4944548440299186,0.49399645999831326,-0.00045838403160536334
X_syn1,Z_noise3,2,6,6,3,0.4964908867687629,0.49251622783687915,-0.003974658931883757
X_syn2,X_causal,3,0,6,3,0.49856327720312454,0.49595914812547426,-0.0026041290776502857
X_syn2,X_conf,3,1,6,3,0.4359791170997152,0.4906879720125819,0.0547088549128667
X_syn2,X_syn1,3,2,6,3,0.46959405913442903,0.4991005950299993,0.029506535895570285
X_syn2,Z_noise1,3,4,6,3,0.4965730385118508,0.4955442003627829,-0.001028838149067901
X_syn2,Z_noise2,3,5,6,3,0.49892923790512295,0.49539151664497205,-0.0035377212601508945
X_syn2,Z_noise3,3,6,6,3,0.4993085675106784,0.49307632055938305,-0.006232246951295373
Z_noise1,X_causal,4,0,6,3,0.49571911511009714,0.49869112630662477,0.002972011196527624
Z_noise1,X_conf,4,1,6,3,0.4355626269775038,0.4893389156319776,0.053776288654473814
Z_noise1,X_syn1,4,2,6,3,0.49448306204301884,0.4947211510704966,0.0002380890274777392
Z_noise1,X_syn2,4,3,6,3,0.49692715319707526,0.49979776509006313,0.0028706118929878732
Z_noise1,Z_noise2,4,5,6,3,0.49390787215754434,0.4964788765540423,0.002571004396497989
Z_noise1,Z_noise3,4,6,6,3,0.4944193648751216,0.4953669834161738,0.0009476185410521865
Z_noise2,X_causal,5,0,6,3,0.49980691187431886,0.49311803895024653,-0.006688872924072331
Z_noise2,X_conf,5,1,6,3,0.4316104433946255,0.4918862212689832,0.06027577787435767
Z_noise2,X_syn1,5,2,6,3,0.4947617300309921,0.49987635444770284,0.0051146244167107335
Z_noise2,X_syn2,5,3,6,3,0.4987692987177375,0.5022288311832098,0.0034595324654723147
Z_noise2,Z_noise1,5,4,6,3,0.49446706856482825,0.4934395065304465,-0.001027562034381757
Z_noise2,Z_noise3,5,6,6,3,0.4971400815314704,0.4979753616826834,0.0008352801512130359
Z_noise3,X_causal,6,0,6,3,0.4987161495753542,0.4945795738201526,-0.004136575755201599
Z_noise3,X_conf,6,1,6,3,0.4452669232703121,0.496449116074663,0.051182192804350934
Z_noise3,X_syn1,6,2,6,3,0.49709887745401055,0.5006458096434274,0.0035469321894168737
Z_noise3,X_syn2,6,3,6,3,0.5004735976239817,0.498523376162391,-0.0019502214615906843
Z_noise3,Z_noise1,6,4,6,3,0.4950984841117059,0.494604984042646,-0.0004935000690599045
Z_noise3,Z_noise2,6,5,6,3,0.49644424086150857,0.4938702020278556,-0.0025740388336529807
X_causal,X_conf,0,1,6,4,0.44151316413250546,0.4944538836280066,0.05294071949550111
X_causal,X_syn1,0,2,6,4,0.498076073630537,0.4979220862283299,-0.00015398740220712304
X_causal,X_syn2,0,3,6,4,0.49109298255281275,0.4946774715545502,0.0035844890017374675
X_causal,Z_noise1,0,4,6,4,0.4945286445044687,0.49486345705093693,0.00033481254646822167
X_causal,Z_noise2,0,5,6,4,0.4916503681019157,0.49494569428773316,0.00329532618581746
X_causal,Z_noise3,0,6,6,4,0.4944797185780878,0.4933303782083974,-0.001149340369690388
X_conf,X_causal,1,0,6,4,0.4421861103370647,0.4412739598704255,-0.0009121504666391722
X_conf,X_syn1,1,2,6,4,0.44147533951277557,0.4405148495717246,-0.0009604899410509682
X_conf,X_syn2,1,3,6,4,0.4384736575439683,0.4415117556166985,0.0030380980727302
X_conf,Z_noise1,1,4,6,4,0.4447644166055628,0.4430065181094969,-0.0017578984960658905
X_conf,Z_noise2,1,5,6,4,0.43858511615907675,0.4412259686081402,0.0026408524490634244
X_conf,Z_noise3,1,6,6,4,0.4398117336604312,0.44026560831847966,0.0004538746580484698
X_syn1,X_causal,2,0,6,4,0.4978887179734825,0.49276250947928657,-0.005126208494195927
X_syn1,X_conf,2,1,6,4,0.43971159386080433,0.4917041533479242,0.051992559487119894
X_syn1,X_syn2,2,3,6,4,0.46534053497695793,0.4924948446121488,0.027154309635190887
X_syn1,Z_noise1,2,4,6,4,0.492822034460185,0.4954323080753297,0.0026102736151446537
X_syn1,Z_noise2,2,5,6,4,0.48976213899466875,0.4912293023934418,0.0014671633987730637
X_syn1,Z_noise3,2,6,6,4,0.4891255304312778,0.4931934958543876,0.004067965423109776
X_syn2,X_causal,3,0,6,4,0.49158258995776094,0.49652566268986836,0.004943072732107423
X_syn2,X_conf,3,1,6,4,0.4403623228987019,0.49239899272846,0.052036669829758075
X_syn2,X_syn1,3,2,6,4,0.4657354512853491,0.49096043069800627,0.025224979412657167
X_syn2,Z_noise1,3,4,6,4,0.4922806269998529,0.4929536121251797,0.0006729851253267638
X_syn2,Z_noise2,3,5,6,4,0.4941751144512007,0.49291406278727895,-0.001261051663921764
X_syn2,Z_noise3,3,6,6,4,0.4888920746343517,0.49545973960322554,0.006567664968873843
Z_noise1,X_causal,4,0,6,4,0.49511888411410443,0.48946309148786743,-0.0056557926262369995
Z_noise1,X_conf,4,1,6,4,0.44626178975288605,0.49553531194297284,0.049273522190086794
Z_noise1,X_syn1,4,2,6,4,0.4928924051953971,0.4961649019544267,0.003272496759029575
Z_noise1,X_syn2,4,3,6,4,0.491983799714463,0.4939913029934722,0.002007503279009226
Z_noise1,Z_noise2,4,5,6,4,0.4923599808752466,0.493897999939295,0.0015380190640484348
Z_noise1,Z_noise3,4,6,6,4,0.4923777414794157,0.49406288680415067,0.0016851453247349601
Z_noise2,X_causal,5,0,6,4,0.4917818303313002,0.49234016902704264,0.0005583386957424552
Z_noise2,X_conf,5,1,6,4,0.43828923300103584,0.49407224109349157,0.05578300809245573
Z_noise2,X_syn1,5,2,6,4,0.48989292910695975,0.49413690571050145,0.004243976603541699
Z_noise2,X_syn2,5,3,6,4,0.49266757108457504,0.49243226268982687,-0.00023530839474816823
Z_noise2,Z_noise1,5,4,6,4,0.4917795533065306,0.4954683749628066,0.003688821656275987
Z_noise2,Z_noise3,5,6,6,4,0.4913544522303688,0.49392017977274216,0.002565727542373386
Z_noise3,X_causal,6,0,6,4,0.49407693013999837,0.49002389730484897,-0.004053032835149406
Z_noise3,X_conf,6,1,6,4,0.440152496072947,0.4911578926557819,0.05100539658283493
Z_noise3,X_syn1,6,2,6,4,0.4898815560174878,0.49308010708340433,0.003198551065916544
Z_noise3,X_syn2,6,3,6,4,0.4878172037710336,0.4961684059562035,0.008351202185169881
Z_noise3,Z_noise1,6,4,6,4,0.49313455002763495,0.4936905208493769,0.000555970821741969
Z_noise3,Z_noise2,6,5,6,4,0.4906551217892107,0.4935354367075415,0.0028803149183307952
X_causal,X_conf,0,1,6,5,0.42894013252532814,0.4985105969334093,0.06957046440808118
X_causal,X_syn1,0,2,6,5,0.4976548689173882,0.49918814269434486,0.0015332737769566673
X_causal,X_syn2,0,3,6,5,0.4988060143894105,0.4994381588208352,0.0006321444314246749
X_causal,Z_noise1,0,4,6,5,0.4976189378846234,0.5001939590959901,0.002575021211366657
X_causal,Z_noise2,0,5,6,5,0.4994256657246753,0.5024513524351972,0.0030256867105219465
X_causal,Z_noise3,0,6,6,5,0.5005504467046902,0.5069960969102963,0.006445650205606168
X_conf,X_causal,1,0,6,5,0.42874574098878293,0.4264262456310187,-0.002319495357764212
X_conf,X_syn1,1,2,6,5,0.4244534807896947,0.42227881589026134,-0.002174664899433354
X_conf,X_syn2,1,3,6,5,0.42602959985644023,0.42467053612235317,-0.0013590637340870626
X_conf,Z_noise1,1,4,6,5,0.4214625682126463,0.42595536456747657,0.004492796354830242
X_conf,Z_noise2,1,5,6,5,0.420897518474166,0.4265538747461327,0.0056563562719667
X_conf,Z_noise3,1,6,6,5,0.4290638021584605,0.42580237694893447,-0.0032614252095260476
X_syn1,X_causal,2,0,6,5,0.49696822522044737,0.4984025521571948,0.0014343269367474432
X_syn1,X_conf,2,1,6,5,0.42377088904709204,0.49710265462821696,0.07333176558112492
X_syn1,X_syn2,2,3,6,5,0.4641798568327324,0.4960794349598112,0.03189957812707883
X_syn1,Z_noise1,2,4,6,5,0.49444155785835253,0.4953100617859072,0.0008685039275546647
X_syn1,Z_noise2,2,5,6,5,0.4923355900401216,0.4968570948450127,0.004521504804891108
X_syn1,Z_noise3,2,6,6,5,0.4999721128863962,0.5014036443366279,0.0014315314502316712
X_syn2,X_causal,3,0,6,5,0.4992206943028862,0.494784663339188,-0.0044360309636981565
X_syn2,X_conf,3,1,6,5,0.42581194425866276,0.5001794139579999,0.07436746969933716
X_syn2,X_syn1,3,2,6,5,0.46451603708691663,0.4912018458313075,0.02668580874439086
X_syn2,Z_noise1,3,4,6,5,0.49721781731322645,0.4956380572026576,-0.001579760110568873
X_syn2,Z_noise2,3,5,6,5,0.496631803185578,0.4986840584847115,0.0020522552991334986
X_syn2,Z_noise3,3,6,6,5,0.4998273302808111,0.49920356165291485,-0.0006237686278962595
Z_noise1,X_causal,4,0,6,5,0.4982195539415866,0.49788869793739904,-0.0003308560041875852
Z_noise1,X_conf,4,1,6,5,0.4212412860557511,0.49513134216509064,0.07389005610933952
Z_noise1,X_syn1,4,2,6,5,0.49283800071314116,0.4934771363912648,0.0006391356781236257
Z_noise1,X_syn2,4,3,6,5,0.49757172194598887,0.49575552782254984,-0.00181619412343903
Z_noise1,Z_noise2,4,5,6,5,0.49569512923534703,0.5002082467240112,0.004513117488664176
Z_noise1,Z_noise3,4,6,6,5,0.49829937975617977,0.503863642865385,0.005564263109205214
Z_noise2,X_causal,5,0,6,5,0.4993809918522801,0.4930816204261166,-0.0062993714261634914
Z_noise2,X_conf,5,1,6,5,0.4205264581129189,0.4976876454709818,0.07716118735806293
Z_noise2,X_syn1,5,2,6,5,0.4925862255251219,0.49409230210062366,0.0015060765755017802
Z_noise2,X_syn2,5,3,6,5,0.49597257163943537,0.49610891698352494,0.00013634534408957233
Z_noise2,Z_noise1,5,4,6,5,0.4957521826550605,0.4973684095998445,0.0016162269447840272
Z_noise2,Z_noise3,5,6,6,5,0.49921721133473335,0.5023656164184283,0.003148405083694905
Z_noise3,X_causal,6,0,6,5,0.5004508245179078,0.4985371267418988,-0.0019136977760089713
Z_noise3,X_conf,6,1,6,5,0.42910693649110515,0.4997578900503067,0.07065095355920153
Z_noise3,X_syn1,6,2,6,5,0.4998381824294957,0.4987182944834567,-0.0011198879460389555
Z_noise3,X_syn2,6,3,6,5,0.49984241305108057,0.4966367020800276,-0.0032057109710529885
Z_noise3,Z_noise1,6,4,6,5,0.49774595662491605,0.5019486422360114,0.00420268561109538
Z_noise3,Z_noise2,6,5,6,5,0.4985369523285983,0.5024614165903385,0.0039244642617402015
X_causal,X_conf,0,1,6,6,0.45207296361201676,0.49627068275733927,0.0441977191453225
X_causal,X_syn1,0,2,6,6,0.4955535181719904,0.49750993280214617,0.0019564146301557783
X_causal,X_syn2,0,3,6,6,0.49440609902250676,0.491713062865521,-0.0026930361569857397
X_causal,Z_noise1,0,4,6,6,0.49507212725714794,0.4961019688754626,0.001029841618314653
X_causal,Z_noise2,0,5,6,6,0.4945796880774604,0.49868556893594257,0.00410588085848218
X_causal,Z_noise3,0,6,6,6,0.49303596848834014,0.4936978197804227,0.0006618512920825714
X_conf,X_causal,1,0,6,6,0.4511263850020249,0.4551147008475607,0.003988315845535828
X_conf,X_syn1,1,2,6,6,0.46257882113462595,0.4535958958485767,-0.00898292528604927
X_conf,X_syn2,1,3,6,6,0.4576192344625926,0.4529277543753796,-0.00469148008721304
X_conf,Z_noise1,1,4,6,6,0.454560247668618,0.45762090295471286,0.0030606552860948377
X_conf,Z_noise2,1,5,6,6,0.4552433954832655,0.455018082261025,-0.00022531322224045303
X_conf,Z_noise3,1,6,6,6,0.4525092871415913,0.4578264985332264,0.005317211391635102
X_syn1,X_causal,2,0,6,6,0.49610917276203437,0.4924296249405881,-0.0036795478214462496
X_syn1,X_conf,2,1,6,6,0.4616595498648585,0.49875035447197447,0.037090804607115946
X_syn1,X_syn2,2,3,6,6,0.4758601786214232,0.4944275553729701,0.018567376751546905
X_syn1,Z_noise1,2,4,6,6,0.49785447634925983,0.49896046448022535,0.0011059881309655184
X_syn1,Z_noise2,2,5,6,6,0.4999335944640266,0.49833934708428634,-0.0015942473797402323
X_syn1,Z_noise3,2,6,6,6,0.49817360204928074,0.49306451123278017,-0.005109090816500572
X_syn2,X_causal,3,0,6,6,0.49409591014180093,0.49765719509293954,0.00356128495113861
X_syn2,X_conf,3,1,6,6,0.4583262654375743,0.498740092930856,0.04041382749328171
X_syn2,X_syn1,3,2,6,6,0.4757665356970786,0.4999900311448842,0.02422349544780561
X_syn2,Z_noise1,3,4,6,6,0.4960879926414461,0.501220639309945,0.005132646668498886
X_syn2,Z_noise2,3,5,6,6,0.5022133819560644,0.4945780668809467,-0.007635315075117666
X_syn2,Z_noise3,3,6,6,6,0.49706988896226234,0.4968777079494893,-0.00019218101277301836
Z_noise1,X_causal,4,0,6,6,0.4953103614044761,0.4970522974631181,0.0017419360586419796
Z_noise1,X_conf,4,1,6,6,0.45339689239012687,0.49587398103381003,0.04247708864368316
Z_noise1,X_syn1,4,2,6,6,0.4980884705453716,0.5007008238068743,0.00261235326150272
Z_noise1,X_syn2,4,3,6,6,0.496284212025615,0.4916089349866145,-0.004675277039000503
Z_noise1,Z_noise2,4,5,6,6,0.4968177643463868,0.49836497854645806,0.0015472142000712563
Z_noise1,Z_noise3,4,6,6,6,0.4975588183459689,0.49620825069990593,-0.00135056764606295
Z_noise2,X_causal,5,0,6,6,0.4938946099472914,0.49798783747614206,0.0040932275288506625
Z_noise2,X_conf,5,1,6,6,0.4550797273191674,0.49913607246645464,0.044056345147287235
Z_noise2,X_syn1,5,2,6,6,0.49931762654778544,0.49611406457369134,-0.0032035619740941046
Z_noise2,X_syn2,5,3,6,6,0.5012720883555757,0.4950283666105561,-0.0062437217450195814
Z_noise2,Z_noise1,5,4,6,6,0.4959268590160171,0.49974443056892454,0.0038175715529074616
Z_noise2,Z_noise3,5,6,6,6,0.49471571292046845,0.49772096480449135,0.003005251884022897
Z_noise3,X_causal,6,0,6,6,0.492786262196663,0.49519138386995154,0.002405121673288546
Z_noise3,X_conf,6,1,6,6,0.4523054612222442,0.49832912970955573,0.04602366848731154
Z_noise3,X_syn1,6,2,6,6,0.4984756609232435,0.4964574972338385,-0.0020181636894050503
Z_noise3,X_syn2,6,3,6,6,0.4980231585967064,0.49319573921275334,-0.0048274193839530355
Z_noise3,Z_noise1,6,4,6,6,0.4980066644460019,0.4964621270630479,-0.0015445373829540143
Z_noise3,Z_noise2,6,5,6,6,0.4959372547054135,0.4959152414258761,-2.2013279537380637e-05
X_causal,X_conf,0,1,6,7,0.44231485026651607,0.4972958725984138,0.05498102233189772
X_causal,X_syn1,0,2,6,7,0.5004953161356112,0.4924905479932579,-0.008004768142353236
X_causal,X_syn2,0,3,6,7,0.49571635895629457,0.49459443050448165,-0.0011219284518129147
X_causal,Z_noise1,0,4,6,7,0.4966875468526171,0.49569486524593476,-0.0009926816066823663
X_causal,Z_noise2,0,5,6,7,0.4961335386719099,0.49319132619901385,-0.0029422124728960553
X_causal,Z_noise3,0,6,6,7,0.4978906441143649,0.4941346904852645,-0.003755953629100417
X_conf,X_causal,1,0,6,7,0.4425627628899694,0.43527834235739016,-0.007284420532579217
X_conf,X_syn1,1,2,6,7,0.4427275877884113,0.4366875269040475,-0.006040060884363818
X_conf,X_syn2,1,3,6,7,0.4424588278759042,0.439053378976845,-0.0034054488990591936
X_conf,Z_noise1,1,4,6,7,0.44224937331381464,0.438076888507316,-0.004172484806498622
X_conf,Z_noise2,1,5,6,7,0.43737792178177337,0.4388319236472412,0.0014540018654678466
X_conf,Z_noise3,1,6,6,7,0.4421629468378843,0.4369588513514424,-0.0052040954864419064
X_syn1,X_causal,2,0,6,7,0.5006289364326149,0.501021644900824,0.0003927084682091575
X_syn1,X_conf,2,1,6,7,0.44199714959521796,0.5020975388956085,0.06010038930039052
X_syn1,X_syn2,2,3,6,7,0.48320925447869517,0.5007027537570349,0.017493499278339708
X_syn1,Z_noise1,2,4,6,7,0.49747176393791936,0.49900903104241695,0.001537267104497586
X_syn1,Z_noise2,2,5,6,7,0.49874415247411624,0.49919233984202666,0.00044818736791041314
X_syn1,Z_noise3,2,6,6,7,0.5005539449987955,0.4973051156022304,-0.003248829396565067
X_syn2,X_causal,3,0,6,7,0.495023818906691,0.4995903981164675,0.004566579209776489
X_syn2,X_conf,3,1,6,7,0.4420071456966914,0.49847780747900255,0.05647066178231114
X_syn2,X_syn1,3,2,6,7,0.48398941200264006,0.49632193694046517,0.012332524937825107
X_syn2,Z_noise1,3,4,6,7,0.4972194009571781,0.5006037309082366,0.003384329951058529
X_syn2,Z_noise2,3,5,6,7,0.49687372521849205,0.4985665131188559,0.001692787900363868
X_syn2,Z_noise3,3,6,6,7,0.493505512112779,0.49505049135699025,0.0015449792442112642
Z_noise1,X_causal,4,0,6,7,0.4959969084759649,0.4958055916967507,-0.0001913167792141901
Z_noise1,X_conf,4,1,6,7,0.4430989532695544,0.49660089628375265,0.05350194301419825
Z_noise1,X_syn1,4,2,6,7,0.4972902578218445,0.49658140588601735,-0.0007088519358271483
Z_noise1,X_syn2,4,3,6,7,0.49674034065030703,0.49672311679750086,-1.722385280616967e-05
Z_noise1,Z_noise2,4,5,6,7,0.4916011486730102,0.49669536326656877,0.005094214593558577
Z_noise1,Z_noise3,4,6,6,7,0.49588279012330244,0.4971070017934709,0.0012242116701684513
Z_noise2,X_causal,5,0,6,7,0.49630957038018464,0.49472338018233597,-0.0015861901978486692
Z_noise2,X_conf,5,1,6,7,0.43897440727120407,0.4964267448714106,0.057452337600206516
Z_noise2,X_syn1,5,2,6,7,0.49778784861919134,0.4918831431714187,-0.005904705447772662
Z_noise2,X_syn2,5,3,6,7,0.49697027999520743,0.4940854302898856,-0.0028848497053218236
Z_noise2,Z_noise1,5,4,6,7,0.492454086437353,0.49857207463560077,0.00611798819824777
Z_noise2,Z_noise3,5,6,6,7,0.49612993686757084,0.4928777572065864,-0.0032521796609844555
Z_noise3,X_causal,6,0,6,7,0.49810078947350855,0.49781539738072234,-0.0002853920927862186
Z_noise3,X_conf,6,1,6,7,0.44205326089641983,0.4940240628501997,0.051970801953779844
Z_noise3,X_syn1,6,2,6,7,0.5009022189991326,0.49380834272309077,-0.0070938762760417995
Z_noise3,X_syn2,6,3,6,7,0.49345395157881955,0.494472161663905,0.001018210085085458
Z_noise3,Z_noise1,6,4,6,7,0.4962043103396258,0.49719998307410684,0.0009956727344810345
Z_noise3,Z_noise2,6,5,6,7,0.4951071682548218,0.4953707346602457,0.0002635664054239095
X_causal,X_conf,0,1,6,8,0.4647299556808613,0.49942961123879964,0.03469965555793836
X_causal,X_syn1,0,2,6,8,0.4986986466470149,0.5000371423182256,0.0013384956712106932
X_causal,X_syn2,0,3,6,8,0.49726867928075463,0.49895853793778466,0.00168985865703003
X_causal,Z_noise1,0,4,6,8,0.4998559304060256,0.5001846222749808,0.00032869186895523317
X_causal,Z_noise2,0,5,6,8,0.5026322081308233,0.49598458263688794,-0.006647625493935383
X_causal,Z_noise3,0,6,6,8,0.5008355197426995,0.4991995158195439,-0.001636003923155549
X_conf,X_causal,1,0,6,8,0.465133791761656,0.46562074111767504,0.00048694935601906186
X_conf,X_syn1,1,2,6,8,0.46509278943840676,0.46501373740214114,-7.905203626562551e-05
X_conf,X_syn2,1,3,6,8,0.46047380956685124,0.461979655027642,0.0015058454607907445
X_conf,Z_noise1,1,4,6,8,0.4654823133147403,0.4644602475451029,-0.0010220657696374258
X_conf,Z_noise2,1,5,6,8,0.4655687149019001,0.4655968114736192,2.8096571719093966e-05
X_conf,Z_noise3,1,6,6,8,0.46003860587793843,0.4616605320945212,0.0016219262165827475
X_syn1,X_causal,2,0,6,8,0.4987424524227999,0.49332225838842464,-0.00542019403437527
X_syn1,X_conf,2,1,6,8,0.46329642782371944,0.4993530253440027,0.036056597520283284
X_syn1,X_syn2,2,3,6,8,0.46682316553719233,0.49428526611283796,0.02746210057564563
X_syn1,Z_noise1,2,4,6,8,0.4949004370554549,0.4941018014441766,-0.0007986356112782977
X_syn1,Z_noise2,2,5,6,8,0.5018922180285963,0.4968161285790455,-0.005076089449550791
X_syn1,Z_noise3,2,6,6,8,0.4966378919424991,0.49531035226961745,-0.001327539672881628
X_syn2,X_causal,3,0,6,8,0.4982668850368209,0.4954298435378099,-0.002837041499010984
X_syn2,X_conf,3,1,6,8,0.459979726376594,0.49424314934651187,0.034263422969917856
X_syn2,X_syn1,3,2,6,8,0.4674240616444995,0.4948630183440376,0.02743895669953811
X_syn2,Z_noise1,3,4,6,8,0.49199579952222466,0.494550879898977,0.002555080376752339
X_syn2,Z_noise2,3,5,6,8,0.4993081509317986,0.49695740403000477,-0.002350746901793821
X_syn2,Z_noise3,3,6,6,8,0.49774982952249375,0.4938664273838369,-0.003883402138656844
Z_noise1,X_causal,4,0,6,8,0.4998424935721583,0.49467352387865926,-0.005168969693499059
Z_noise1,X_conf,4,1,6,8,0.46413600108669784,0.4952472142305123,0.031111213143814487
Z_noise1,X_syn1,4,2,6,8,0.49515398850755193,0.49423973159599754,-0.0009142569115543897
Z_noise1,X_syn2,4,3,6,8,0.4916920421812877,0.49800292509582067,0.006310882914532967
Z_noise1,Z_noise2,4,5,6,8,0.49307701776250035,0.4946857212598071,0.0016087034973067404
Z_noise1,Z_noise3,4,6,6,8,0.4955141420123733,0.4909339901010165,-0.0045801519113568
Z_noise2,X_causal,5,0,6,8,0.5019009087732761,0.5012633302314702,-0.0006375785418059055
Z_noise2,X_conf,5,1,6,8,0.46490113404455097,0.49564179235271716,0.03074065830816619
Z_noise2,X_syn1,5,2,6,8,0.5016187108713751,0.49768252788258033,-0.003936182988794779
Z_noise2,X_syn2,5,3,6,8,0.4987965338147555,0.5014300002982491,0.0026334664834936072
Z_noise2,Z_noise1,5,4,6,8,0.49162136801737105,0.49832691936274953,0.00670555134537848
Z_noise2,Z_noise3,5,6,6,8,0.5002762717079494,0.4977892005889353,-0.0024870711190141392
Z_noise3,X_causal,6,0,6,8,0.5007674501318482,0.4969734407655167,-0.0037940093663315078
Z_noise3,X_conf,6,1,6,8,0.4595513434109973,0.493306284888532,0.03375494147753472
Z_noise3,X_syn1,6,2,6,8,0.49675170421640635,0.49723738385958904,0.0004856796431826904
Z_noise3,X_syn2,6,3,6,8,0.4977087071251077,0.4961338559065932,-0.0015748512185144725
Z_noise3,Z_noise1,6,4,6,8,0.49611182918734653,0.49841155706917334,0.0022997278818268074
Z_noise3,Z_noise2,6,5,6,8,0.5001771158058236,0.4956369887664528,-0.004540127039370789
X_causal,X_conf,0,1,6,9,0.43475431430458533,0.4955098573412932,0.06075554303670788
X_causal,X_syn1,0,2,6,9,0.4978548402865425,0.4956623870410736,-0.0021924532454688506
X_causal,X_syn2,0,3,6,9,0.49237003352881303,0.49795060285706644,0.005580569328253404
X_causal,Z_noise1,0,4,6,9,0.498005466840948,0.49319452115534673,-0.004810945685601253
X_causal,Z_noise2,0,5,6,9,0.4957894541014097,0.49679009473861363,0.0010006406372039534
X_causal,Z_noise3,0,6,6,9,0.49625899169341,0.48999623206751947,-0.006262759625890513
X_conf,X_causal,1,0,6,9,0.4336959817666925,0.43858682381471037,0.004890842048017874
X_conf,X_syn1,1,2,6,9,0.43452117777083377,0.4348042400266638,0.0002830622558300244
X_conf,X_syn2,1,3,6,9,0.4311426519762954,0.4371522935863013,0.006009641610005889
X_conf,Z_noise1,1,4,6,9,0.4352565590607962,0.4274282701653315,-0.007828288895464663
X_conf,Z_noise2,1,5,6,9,0.4351823653882712,0.43822031951099816,0.003037954122726949
X_conf,Z_noise3,1,6,6,9,0.4379634292779641,0.4352956817283867,-0.002667747549577437
X_syn1,X_causal,2,0,6,9,0.49695437526428193,0.4937007670691421,-0.003253608195139812
X_syn1,X_conf,2,1,6,9,0.43481608729870436,0.49604038646870396,0.06122429916999961
X_syn1,X_syn2,2,3,6,9,0.4672822316028587,0.49612396739299686,0.028841735790138157
X_syn1,Z_noise1,2,4,6,9,0.4963534394610364,0.4909892684116976,-0.005364171049338784
X_syn1,Z_noise2,2,5,6,9,0.49387765183342347,0.4934213016588028,-0.00045635017462064553
X_syn1,Z_noise3,2,6,6,9,0.49403160687808106,0.490167554529553,-0.0038640523485280465
X_syn2,X_causal,3,0,6,9,0.4931158660014044,0.493579754982573,0.0004638889811686142
X_syn2,X_conf,3,1,6,9,0.43240042110184285,0.4966835894380551,0.06428316833621223
X_syn2,X_syn1,3,2,6,9,0.4672805815494105,0.4930364968759856,0.02575591532657512
X_syn2,Z_noise1,3,4,6,9,0.49546013047112364,0.4886621326157921,-0.006797997855331528
X_syn2,Z_noise2,3,5,6,9,0.4940378240981315,0.4943866381428189,0.0003488140446873955
X_syn2,Z_noise3,3,6,6,9,0.4918435780096052,0.4889144429123933,-0.0029291350972119323
Z_noise1,X_causal,4,0,6,9,0.4978895065968309,0.4957563007100558,-0.0021332058867751247
Z_noise1,X_conf,4,1,6,9,0.43453169148287585,0.49765044150601073,0.06311875002313488
Z_noise1,X_syn1,4,2,6,9,0.49593376158558833,0.49390814650389664,-0.0020256150816916896
Z_noise1,X_syn2,4,3,6,9,0.4954714475985385,0.5000735611050601,0.004602113506521566
Z_noise1,Z_noise2,4,5,6,9,0.4927774038246948,0.49632470216916297,0.0035472983444681527
Z_noise1,Z_noise3,4,6,6,9,0.49958531201534395,0.49354887579495577,-0.006036436220388186
Z_noise2,X_causal,5,0,6,9,0.4950492775305657,0.4963038288422593,0.001254551311693608
Z_noise2,X_conf,5,1,6,9,0.43470109712144267,0.4963547738936203,0.061653676772177646
Z_noise2,X_syn1,5,2,6,9,0.49416960988256087,0.4962656779439939,0.002096068061433032
Z_noise2,X_syn2,5,3,6,9,0.4934928770354407,0.5005060172232768,0.007013140187836109
Z_noise2,Z_noise1,5,4,6,9,0.49320981781948636,0.49372471767663767,0.0005148998571513075
Z_noise2,Z_noise3,5,6,6,9,0.4968084001238791,0.49346759615608465,-0.003340803967794459
Z_noise3,X_causal,6,0,6,9,0.4960580840875315,0.4989473956537076,0.0028893115661761115
Z_noise3,X_conf,6,1,6,9,0.43655859394985225,0.49353895484491006,0.05698036089505781
Z_noise3,X_syn1,6,2,6,9,0.4943982348266452,0.49529302215424154,0.0008947873275963469
Z_noise3,X_syn2,6,3,6,9,0.49111793735517656,0.49878670477849885,0.007668767423322287
Z_noise3,Z_noise1,6,4,6,9,0.5017841110340185,0.49531200846142126,-0.0064721025725972825
Z_noise3,Z_noise2,6,5,6,9,0.49729196759282407,0.4922752779323586,-0.005016689660465479
X_causal,X_conf,0,1,7,0,0.4665934004336097,0.49783588427610453,0.03124248384249484
X_causal,X_syn1,0,2,7,0,0.4956165699810508,0.49350218319195077,-0.002114386789100031
X_causal,X_syn2,0,3,7,0,0.49626534685624224,0.4991406349614547,0.0028752881052124812
X_causal,Z_noise1,0,4,7,0,0.495708791322779,0.49792921451717564,0.002220423194396637
X_causal,Z_noise2,0,5,7,0,0.4955510969560982,0.49858626028779063,0.003035163331692403
X_causal,Z_noise3,0,6,7,0,0.49826005932966666,0.49781528979845174,-0.0004447695312149169
X_conf,X_causal,1,0,7,0,0.46711238709615377,0.46403121313397305,-0.0030811739621807166
X_conf,X_syn1,1,2,7,0,0.46723999062967586,0.4665031964159454,-0.0007367942137304628
X_conf,X_syn2,1,3,7,0,0.46519211733242427,0.46228986916395975,-0.0029022481684645163
X_conf,Z_noise1,1,4,7,0,0.46468512413201624,0.4636185739619028,-0.0010665501701134228
X_conf,Z_noise2,1,5,7,0,0.4637477710075827,0.4610860224559809,-0.0026617485516017836
X_conf,Z_noise3,1,6,7,0,0.46304768752989894,0.46612797094843783,0.003080283418538887
X_syn1,X_causal,2,0,7,0,0.49564929793592827,0.4976869319319905,0.002037633996062216
X_syn1,X_conf,2,1,7,0,0.4671900726220088,0.5022666286617314,0.03507655603972265
X_syn1,X_syn2,2,3,7,0,0.4743075230848552,0.4959998924467228,0.021692369361867636
X_syn1,Z_noise1,2,4,7,0,0.49652246117175364,0.49732504506231917,0.0008025838905655336
X_syn1,Z_noise2,2,5,7,0,0.49971128268002046,0.500464312693172,0.0007530300131515788
X_syn1,Z_noise3,2,6,7,0,0.5005751313900049,0.4959295900152258,-0.004645541374779072
X_syn2,X_causal,3,0,7,0,0.4961532467700212,0.49608991085644594,-6.333591357526869e-05
X_syn2,X_conf,3,1,7,0,0.4665337367463538,0.49883431628324393,0.03230057953689014
X_syn2,X_syn1,3,2,7,0,0.47337897480681346,0.4976242688143492,0.024245294007535723
X_syn2,Z_noise1,3,4,7,0,0.4937988408879812,0.5023801536751838,0.008581312787202644
X_syn2,Z_noise2,3,5,7,0,0.4970026500754082,0.49607293017375964,-0.0009297199016485846
X_syn2,Z_noise3,3,6,7,0,0.49790263621730135,0.4976248358460068,-0.0002778003712945454
Z_noise1,X_causal,4,0,7,0,0.4959906791677192,0.4926245230912178,-0.0033661560765014253
Z_noise1,X_conf,4,1,7,0,0.4658003880287197,0.49745739159278396,0.03165700356406426
Z_noise1,X_syn1,4,2,7,0,0.4966860648369575,0.4962764540338672,-0.00040961080309026565
Z_noise1,X_syn2,4,3,7,0,0.49404404731674295,0.4955070425605421,0.00146299524379917
Z_noise1,Z_noise2,4,5,7,0,0.49135262922180134,0.4949959506764307,0.003643321454629367
Z_noise1,Z_noise3,4,6,7,0,0.4978560747810018,0.49751030269399216,-0.0003457720870096437
Z_noise2,X_causal,5,0,7,0,0.4951376214106155,0.49495232090022345,-0.0001853005103920613
Z_noise2,X_conf,5,1,7,0,0.4635114782268989,0.49781868278307057,0.034307204556171644
Z_noise2,X_syn1,5,2,7,0,0.4996213275390473,0.4972229083674276,-0.0023984191716197034
Z_noise2,X_syn2,5,3,7,0,0.49765464494492334,0.4935801951068972,-0.0040744498380261285
Z_noise2,Z_noise1,5,4,7,0,0.4917485852739736,0.4986566651568423,0.006908079882868734
Z_noise2,Z_noise3,5,6,7,0,0.49460331972930227,0.4965498917380618,0.0019465720087595284
Z_noise3,X_causal,6,0,7,0,0.49798006725892313,0.4931256125526107,-0.0048544547063124055
Z_noise3,X_conf,6,1,7,0,0.46338544574189533,0.49921035344660597,0.03582490770471064
Z_noise3,X_syn1,6,2,7,0,0.5001816991451519,0.497440943070702,-0.002740756074449846
Z_noise3,X_syn2,6,3,7,0,0.4970305575548815,0.4939391038959725,-0.0030914536589090047
Z_noise3,Z_noise1,6,4,7,0,0.4980084209558876,0.4992577382206512,0.0012493172647636275
Z_noise3,Z_noise2,6,5,7,0,0.494534501858184,0.49780157555467563,0.0032670736964916514
X_causal,X_conf,0,1,7,1,0.44159454375092044,0.49359641412708316,0.05200187037616272
X_causal,X_syn1,0,2,7,1,0.4963029470181118,0.5000475498188176,0.0037446028007058207
X_causal,X_syn2,0,3,7,1,0.493511772547649,0.4925770378399759,-0.0009347347076730794
X_causal,Z_noise1,0,4,7,1,0.4914711748803064,0.49486027255231857,0.0033890976720121757
X_causal,Z_noise2,0,5,7,1,0.49881321203400336,0.49733476551756883,-0.0014784465164345284
X_causal,Z_noise3,0,6,7,1,0.49318326969774773,0.49489591867635196,0.0017126489786042365
X_conf,X_causal,1,0,7,1,0.442458872241415,0.4379550721887715,-0.004503800052643503
X_conf,X_syn1,1,2,7,1,0.4418157801113706,0.44453164817549196,0.0027158680641213295
X_conf,X_syn2,1,3,7,1,0.44003868364591964,0.4480759665403234,0.008037282894403752
X_conf,Z_noise1,1,4,7,1,0.44360888493794454,0.44362864461951146,1.9759681566922094e-05
X_conf,Z_noise2,1,5,7,1,0.44350041397590484,0.44082057208308645,-0.002679841892818391
X_conf,Z_noise3,1,6,7,1,0.44431095778089036,0.44093906705790853,-0.0033718907229818296
X_syn1,X_causal,2,0,7,1,0.4956842999882656,0.4922429113023469,-0.0034413886859187004
X_syn1,X_conf,2,1,7,1,0.44151905647472905,0.49528509264617254,0.05376603617144349
X_syn1,X_syn2,2,3,7,1,0.48139084220819334,0.4985094623866944,0.017118620178501076
X_syn1,Z_noise1,2,4,7,1,0.49455361623350025,0.5010793909298257,0.006525774696325426
X_syn1,Z_noise2,2,5,7,1,0.4948486889362953,0.501032075636788,0.006183386700492677
X_syn1,Z_noise3,2,6,7,1,0.498167772290786,0.49656545058888735,-0.001602321701898668
X_syn2,X_causal,3,0,7,1,0.494309539085754,0.4943972704583381,8.773137258411001e-05
X_syn2,X_conf,3,1,7,1,0.4396072863206093,0.4956343130201084,0.056027026699499105
X_syn2,X_syn1,3,2,7,1,0.480476379533489,0.4977690801702236,0.017292700636734604
X_syn2,Z_noise1,3,4,7,1,0.4860012644340051,0.4947172807062729,0.008716016272267813
X_syn2,Z_noise2,3,5,7,1,0.4963460218611875,0.494277253611658,-0.0020687682495295068
X_syn2,Z_noise3,3,6,7,1,0.49649734437050846,0.49699102925085487,0.0004936848803464011
Z_noise1,X_causal,4,0,7,1,0.4925446112900927,0.488383832385635,-0.004160778904457707
Z_noise1,X_conf,4,1,7,1,0.44396761145829383,0.4898650252645348,0.04589741380624096
Z_noise1,X_syn1,4,2,7,1,0.4947765250082389,0.4917556125432754,-0.003020912464963499
Z_noise1,X_syn2,4,3,7,1,0.4865879081799979,0.49230188627546895,0.005713978095471028
Z_noise1,Z_noise2,4,5,7,1,0.49145875241044085,0.4931400452092398,0.0016812927987989723
Z_noise1,Z_noise3,4,6,7,1,0.4915622430689213,0.4924423908829166,0.0008801478139952579
Z_noise2,X_causal,5,0,7,1,0.49848842613274796,0.49216332674825575,-0.0063250993844922165
Z_noise2,X_conf,5,1,7,1,0.443745424485204,0.4949035912007525,0.051158166715548514
Z_noise2,X_syn1,5,2,7,1,0.4951336314190249,0.4988075033316497,0.0036738719126248043
Z_noise2,X_syn2,5,3,7,1,0.49588355368432346,0.49831976510958187,0.0024362114252584055
Z_noise2,Z_noise1,5,4,7,1,0.4916216966328952,0.49394994486077126,0.002328248227876084
Z_noise2,Z_noise3,5,6,7,1,0.49518785925260944,0.4969649885206071,0.001777129267997668
Z_noise3,X_causal,6,0,7,1,0.49305692847379234,0.49293498723080864,-0.00012194124298370301
Z_noise3,X_conf,6,1,7,1,0.44394943810559556,0.49287079526365096,0.0489213571580554
Z_noise3,X_syn1,6,2,7,1,0.49809999996338145,0.4982790676117544,0.00017906764837294364
Z_noise3,X_syn2,6,3,7,1,0.496738700368476,0.4933134474488561,-0.0034252529196199255
Z_noise3,Z_noise1,6,4,7,1,0.49042445597440726,0.4919707324790181,0.0015462765046108662
Z_noise3,Z_noise2,6,5,7,1,0.49480507550584424,0.4969914281908105,0.002186352684966253
X_causal,X_conf,0,1,7,2,0.4307480130527027,0.4959498295692049,0.0652018165165022
X_causal,X_syn1,0,2,7,2,0.49855698702923695,0.4925279131586482,-0.006029073870588764
X_causal,X_syn2,0,3,7,2,0.4921231085325413,0.4935995345338844,0.0014764260013430675
X_causal,Z_noise1,0,4,7,2,0.4938822920823101,0.4924828754133025,-0.0013994166690076137
X_causal,Z_noise2,0,5,7,2,0.4916266314961843,0.49232330030385346,0.0006966688076691652
X_causal,Z_noise3,0,6,7,2,0.494475850001102,0.49452286815903157,4.7018157929568094e-05
X_conf,X_causal,1,0,7,2,0.4300193890168305,0.4304752507734084,0.0004558617565779133
X_conf,X_syn1,1,2,7,2,0.4326530579378663,0.42526992076579856,-0.007383137172067733
X_conf,X_syn2,1,3,7,2,0.4278047968149619,0.43469240849407026,0.006887611679108341
X_conf,Z_noise1,1,4,7,2,0.43160054680833565,0.42602256379572934,-0.0055779830126063135
X_conf,Z_noise2,1,5,7,2,0.42861575706930016,0.4355224910808037,0.006906734011503546
X_conf,Z_noise3,1,6,7,2,0.4337625537262486,0.42748196885508843,-0.0062805848711601775
X_syn1,X_causal,2,0,7,2,0.4974819665193245,0.48942297612560914,-0.008058990393715382
X_syn1,X_conf,2,1,7,2,0.43255424596660114,0.4900645439247437,0.05751029795814255
X_syn1,X_syn2,2,3,7,2,0.4767872601123364,0.49291315908907996,0.016125898976743547
X_syn1,Z_noise1,2,4,7,2,0.49012829167011207,0.4930944155567361,0.002966123886624039
X_syn1,Z_noise2,2,5,7,2,0.4975068461287998,0.49488233720983527,-0.002624508918964541
X_syn1,Z_noise3,2,6,7,2,0.495607896454944,0.4928322424602281,-0.00277565399471591
X_syn2,X_causal,3,0,7,2,0.4922214605650145,0.49572668074831755,0.0035052201833030705
X_syn2,X_conf,3,1,7,2,0.4282584689242867,0.49487723897666763,0.06661877005238093
X_syn2,X_syn1,3,2,7,2,0.4779576649194531,0.49376762662665474,0.01580996170720167
X_syn2,Z_noise1,3,4,7,2,0.4915808466438938,0.4935564183660728,0.0019755717221789926
X_syn2,Z_noise2,3,5,7,2,0.4953010048681153,0.4990777158214218,0.0037767109533065057
X_syn2,Z_noise3,3,6,7,2,0.49627423448088676,0.49239565954610354,-0.003878574934783219
Z_noise1,X_causal,4,0,7,2,0.4946005800110295,0.49202961119768385,-0.0025709688133456754
Z_noise1,X_conf,4,1,7,2,0.43111751380241764,0.4931056352181884,0.06198812141577076
Z_noise1,X_syn1,4,2,7,2,0.4902370949475635,0.48901709431584045,-0.0012200006317230616
Z_noise1,X_syn2,4,3,7,2,0.49154545127029875,0.4919705441535043,0.0004250928832055245
Z_noise1,Z_noise2,4,5,7,2,0.4900017996025995,0.4915976535422326,0.0015958539396331295
Z_noise1,Z_noise3,4,6,7,2,0.49443051093083284,0.49219357460943913,-0.002236936321393712
Z_noise2,X_causal,5,0,7,2,0.4919665458735466,0.4924375879057989,0.000471042032252289
Z_noise2,X_conf,5,1,7,2,0.4289427090489701,0.49848957784549525,0.06954686879652516
Z_noise2,X_syn1,5,2,7,2,0.4982990603591922,0.49303808308736674,-0.005260977271825451
Z_noise2,X_syn2,5,3,7,2,0.49559092000409866,0.490534136149461,-0.005056783854637648
Z_noise2,Z_noise1,5,4,7,2,0.49058238770465895,0.4923069187877567,0.0017245310830977245
Z_noise2,Z_noise3,5,6,7,2,0.4932187575522284,0.49075485295265386,-0.002463904599574518
Z_noise3,X_causal,6,0,7,2,0.494687059388218,0.491772634324177,-0.002914425064040993
Z_noise3,X_conf,6,1,7,2,0.43388488826871907,0.5005197359075153,0.06663484763879624
Z_noise3,X_syn1,6,2,7,2,0.4955178219310443,0.4951634975049297,-0.000354324426114605
Z_noise3,X_syn2,6,3,7,2,0.4962577978987075,0.49736625592088357,0.0011084580221760731
Z_noise3,Z_noise1,6,4,7,2,0.4940788486289793,0.49567978837331644,0.001600939744337171
Z_noise3,Z_noise2,6,5,7,2,0.4929624741260774,0.4979026988551972,0.004940224729119813
X_causal,X_conf,0,1,7,3,0.4520621867459979,0.5001305822651377,0.04806839551913983
X_causal,X_syn1,0,2,7,3,0.4933668180904897,0.4944792208201639,0.0011124027296741668
X_causal,X_syn2,0,3,7,3,0.4943468325620325,0.49903300606910983,0.00468617350707734
X_causal,Z_noise1,0,4,7,3,0.4946343046853488,0.4953034980907321,0.0006691934053832949
X_causal,Z_noise2,0,5,7,3,0.494071166174454,0.4983841439958498,0.00431297782139578
X_causal,Z_noise3,0,6,7,3,0.49602447750248013,0.4928017357840929,-0.003222741718387212
X_conf,X_causal,1,0,7,3,0.45259983839330786,0.45117413565994446,-0.0014257027333633987
X_conf,X_syn1,1,2,7,3,0.45227980065211054,0.45403612832175605,0.0017563276696455077
X_conf,X_syn2,1,3,7,3,0.454849516696735,0.45310833662992284,-0.0017411800668121757
X_conf,Z_noise1,1,4,7,3,0.45011431718672806,0.453469209346293,0.003354892159564915
X_conf,Z_noise2,1,5,7,3,0.45139041977140965,0.45068208385521646,-0.0007083359161931813
X_conf,Z_noise3,1,6,7,3,0.45354405134288867,0.45066571482033424,-0.0028783365225544255
X_syn1,X_causal,2,0,7,3,0.4930887675805311,0.4922722132229826,-0.0008165543575485157
X_syn1,X_conf,2,1,7,3,0.4517159470472368,0.4969595992816068,0.045243652234370046
X_syn1,X_syn2,2,3,7,3,0.47296626554921267,0.4956781472516954,0.022711881702482728
X_syn1,Z_noise1,2,4,7,3,0.49404828047781124,0.4941401897089596,9.190923114837934e-05
X_syn1,Z_noise2,2,5,7,3,0.4903856705500356,0.49433521453733525,0.003949543987299631
X_syn1,Z_noise3,2,6,7,3,0.49678806573061257,0.49560928050101316,-0.0011787852295994106
X_syn2,X_causal,3,0,7,3,0.4940666575880688,0.494878149991683,0.0008114924036142224
X_syn2,X_conf,3,1,7,3,0.4544032322641593,0.4949962556085709,0.040593023344411616
X_syn2,X_syn1,3,2,7,3,0.4726673684609348,0.5013380425300176,0.028670674069082747
X_syn2,Z_noise1,3,4,7,3,0.49307055491137364,0.4924673179832161,-0.0006032369281575578
X_syn2,Z_noise2,3,5,7,3,0.4949707559880346,0.49350666796506,-0.0014640880229745967
X_syn2,Z_noise3,3,6,7,3,0.4956948555323573,0.49242501682209616,-0.0032698387102611526
Z_noise1,X_causal,4,0,7,3,0.494484179545933,0.49719352141409406,0.002709341868161075
Z_noise1,X_conf,4,1,7,3,0.4504316639392363,0.49548913661050237,0.045057472671266086
Z_noise1,X_syn1,4,2,7,3,0.49430810419396687,0.49689302025640525,0.0025849160624383805
Z_noise1,X_syn2,4,3,7,3,0.4934218753421935,0.49890401288919756,0.005482137547004051
Z_noise1,Z_noise2,4,5,7,3,0.4923435167996602,0.49826195000176837,0.005918433202108164
Z_noise1,Z_noise3,4,6,7,3,0.5004529841307289,0.493984141125067,-0.006468843005661917
Z_noise2,X_causal,5,0,7,3,0.494179331237645,0.4976272017176017,0.003447870479956705
Z_noise2,X_conf,5,1,7,3,0.45175004595715684,0.4974280530332766,0.04567800707611974
Z_noise2,X_syn1,5,2,7,3,0.49049187275573425,0.49622589551567664,0.005734022759942392
Z_noise2,X_syn2,5,3,7,3,0.49467671419877596,0.4965763597554852,0.0018996455567092396
Z_noise2,Z_noise1,5,4,7,3,0.4931245867868561,0.4933439096352528,0.00021932284839670801
Z_noise2,Z_noise3,5,6,7,3,0.4964774934422644,0.4941529012790952,-0.002324592163169159
Z_noise3,X_causal,6,0,7,3,0.49651971453521376,0.49755720473753295,0.0010374902023191912
Z_noise3,X_conf,6,1,7,3,0.45383211280901603,0.4964023281417511,0.042570215332735084
Z_noise3,X_syn1,6,2,7,3,0.4963277705371109,0.49704918392630093,0.0007214133891900176
Z_noise3,X_syn2,6,3,7,3,0.4964825777948163,0.49936653984854185,0.0028839620537255417
Z_noise3,Z_noise1,6,4,7,3,0.4998131729296488,0.49236104120163626,-0.007452131728012512
Z_noise3,Z_noise2,6,5,7,3,0.4965195056449221,0.4995720634099523,0.003052557765030217
X_causal,X_conf,0,1,7,4,0.4287124540920481,0.49637362753087405,0.06766117343882594
X_causal,X_syn1,0,2,7,4,0.49560734068629886,0.49471524584771703,-0.000892094838581825
X_causal,X_syn2,0,3,7,4,0.49470423542641206,0.4942262515333378,-0.00047798389307424083
X_causal,Z_noise1,0,4,7,4,0.4961741346686314,0.4946973341174858,-0.0014768005511456295
X_causal,Z_noise2,0,5,7,4,0.4963828890315148,0.4958801235744633,-0.0005027654570514684
X_causal,Z_noise3,0,6,7,4,0.4967862985405775,0.4940525507942893,-0.0027337477462882065
X_conf,X_causal,1,0,7,4,0.42920632688993543,0.4345367747713459,0.0053304478814104606
X_conf,X_syn1,1,2,7,4,0.4316060107301569,0.43024582272036777,-0.0013601880097891539
X_conf,X_syn2,1,3,7,4,0.43124830542913,0.4328797670513631,0.001631461622233099
X_conf,Z_noise1,1,4,7,4,0.4354401936067662,0.431860285279292,-0.003579908327474235
X_conf,Z_noise2,1,5,7,4,0.4322219681564877,0.43069939587664563,-0.0015225722798420938
X_conf,Z_noise3,1,6,7,4,0.4360188075259753,0.43347128645119465,-0.0025475210747806787
X_syn1,X_causal,2,0,7,4,0.49454494137727784,0.49518531600404364,0.000640374626765805
X_syn1,X_conf,2,1,7,4,0.4313884585325634,0.49756611971739756,0.06617766118483415
X_syn1,X_syn2,2,3,7,4,0.4769278377553066,0.49266989483344265,0.01574205707813603
X_syn1,Z_noise1,2,4,7,4,0.49714395686635543,0.50149129444382,0.004347337577464583
X_syn1,Z_noise2,2,5,7,4,0.4956356708468955,0.494878020445442,-0.0007576504014535357
X_syn1,Z_noise3,2,6,7,4,0.49817080653507,0.49465594538570523,-0.0035148611493647786
X_syn2,X_causal,3,0,7,4,0.4950278800640298,0.49586509081067776,0.0008372107466479428
X_syn2,X_conf,3,1,7,4,0.4312869602854864,0.498291213690409,0.06700425340492261
X_syn2,X_syn1,3,2,7,4,0.47728549292004346,0.4967312121746446,0.019445719254601146
X_syn2,Z_noise1,3,4,7,4,0.49526646078154796,0.49702139314222166,0.0017549323606737
X_syn2,Z_noise2,3,5,7,4,0.4987883086972694,0.4965840816117867,-0.002204227085482735
X_syn2,Z_noise3,3,6,7,4,0.49776933359611875,0.49613830674503095,-0.0016310268510877912
Z_noise1,X_causal,4,0,7,4,0.4962948697361635,0.49451114164996846,-0.0017837280861950355
Z_noise1,X_conf,4,1,7,4,0.4348250883157229,0.49597893439053636,0.061153846074813445
Z_noise1,X_syn1,4,2,7,4,0.49739549751741047,0.4990736797355686,0.0016781822181581307
Z_noise1,X_syn2,4,3,7,4,0.4954435582273157,0.4917064117757633,-0.0037371464515523756
Z_noise1,Z_noise2,4,5,7,4,0.49852190182359896,0.49692703332502836,-0.0015948684985706008
Z_noise1,Z_noise3,4,6,7,4,0.5014073187777162,0.49778525557696995,-0.003622063200746206
Z_noise2,X_causal,5,0,7,4,0.49764548003879466,0.49652457931570687,-0.001120900723087792
Z_noise2,X_conf,5,1,7,4,0.4313278240159671,0.4956302484862874,0.06430242447032031
Z_noise2,X_syn1,5,2,7,4,0.49625205502278963,0.495438308415471,-0.0008137466073186439
Z_noise2,X_syn2,5,3,7,4,0.4987188596131737,0.4956986912369591,-0.0030201683762146048
Z_noise2,Z_noise1,5,4,7,4,0.4966015627538924,0.4955130597495881,-0.0010885030043042976
Z_noise2,Z_noise3,5,6,7,4,0.5010614127345343,0.4940316430235098,-0.0070297697110244806
Z_noise3,X_causal,6,0,7,4,0.49622785318991475,0.4998505200724561,0.00362266688254137
Z_noise3,X_conf,6,1,7,4,0.4348003971294704,0.4990483617715708,0.06424796464210042
Z_noise3,X_syn1,6,2,7,4,0.49816610944418677,0.4987820424900111,0.0006159330458243573
Z_noise3,X_syn2,6,3,7,4,0.49786121510147396,0.49650790267173167,-0.0013533124297422927
Z_noise3,Z_noise1,6,4,7,4,0.5020068060572481,0.4967285024283654,-0.005278303628882708
Z_noise3,Z_noise2,6,5,7,4,0.5017151791661897,0.4986549571087322,-0.0030602220574574845
X_causal,X_conf,0,1,7,5,0.44282092546299223,0.49403829632884605,0.05121737086585382
X_causal,X_syn1,0,2,7,5,0.4912954584549484,0.4936689513779047,0.0023734929229562995
X_causal,X_syn2,0,3,7,5,0.489213355571644,0.4983858192041765,0.00917246363253249
X_causal,Z_noise1,0,4,7,5,0.4950717564651005,0.49505226350515597,-1.9492959944522603e-05
X_causal,Z_noise2,0,5,7,5,0.4983718883354582,0.49846154448898444,8.965615352624079e-05
X_causal,Z_noise3,0,6,7,5,0.4961502660872503,0.49590099368442103,-0.00024927240282929253
X_conf,X_causal,1,0,7,5,0.44253131061162876,0.44853216003645907,0.006000849424830312
X_conf,X_syn1,1,2,7,5,0.44834236557303053,0.4495940172251305,0.0012516516520999499
X_conf,X_syn2,1,3,7,5,0.44560205430687455,0.44357963588426963,-0.0020224184226049213
X_conf,Z_noise1,1,4,7,5,0.44642365348570434,0.4445431413965619,-0.0018805120891424165
X_conf,Z_noise2,1,5,7,5,0.44366008490485676,0.44883541163576285,0.0051753267309060935
X_conf,Z_noise3,1,6,7,5,0.44729416487336443,0.44421091672196394,-0.003083248151400486
X_syn1,X_causal,2,0,7,5,0.49138036227810555,0.4935823979925214,0.002202035714415851
X_syn1,X_conf,2,1,7,5,0.4497514400243769,0.49198791191680497,0.042236471892428074
X_syn1,X_syn2,2,3,7,5,0.46805607098597246,0.4950741989571991,0.027018127971226658
X_syn1,Z_noise1,2,4,7,5,0.4966811953936823,0.4954236391884702,-0.0012575562052120626
X_syn1,Z_noise2,2,5,7,5,0.4967484487984449,0.4971180991795586,0.0003696503811137508
X_syn1,Z_noise3,2,6,7,5,0.49765304059913545,0.4912993576170897,-0.00635368298204575
X_syn2,X_causal,3,0,7,5,0.4903906301964179,0.49577083159726815,0.005380201400850271
X_syn2,X_conf,3,1,7,5,0.44653364233151477,0.49726643622131994,0.05073279388980517
X_syn2,X_syn1,3,2,7,5,0.46690053287198524,0.49746802382051736,0.030567490948532117
X_syn2,Z_noise1,3,4,7,5,0.49559124089723455,0.49405398013311497,-0.0015372607641195857
X_syn2,Z_noise2,3,5,7,5,0.49750060500318766,0.49443992925713337,-0.0030606757460542866
X_syn2,Z_noise3,3,6,7,5,0.4957440731630797,0.49649890282224535,0.0007548296591656234
Z_noise1,X_causal,4,0,7,5,0.4953221132983787,0.4985440664021697,0.0032219531037909754
Z_noise1,X_conf,4,1,7,5,0.44710269130920294,0.49636750081785,0.04926480950864709
Z_noise1,X_syn1,4,2,7,5,0.49669479003397965,0.49802660343646576,0.001331813402486115
Z_noise1,X_syn2,4,3,7,5,0.4946618835885343,0.498893565663981,0.004231682075446719
Z_noise1,Z_noise2,4,5,7,5,0.49826388229012897,0.5006159168462759,0.0023520345561469647
Z_noise1,Z_noise3,4,6,7,5,0.49649290317694317,0.4954359214411264,-0.0010569817358167533
Z_noise2,X_causal,5,0,7,5,0.49894004296159494,0.4982611423236058,-0.0006789006379891438
Z_noise2,X_conf,5,1,7,5,0.44401901793467186,0.4990691589266987,0.05505014099202682
Z_noise2,X_syn1,5,2,7,5,0.49624873220115817,0.5005428811726734,0.004294148971515255
Z_noise2,X_syn2,5,3,7,5,0.4972856496789148,0.49906827772145107,0.0017826280425362606
Z_noise2,Z_noise1,5,4,7,5,0.4981164249128366,0.4995330091263608,0.0014165842135241968
Z_noise2,Z_noise3,5,6,7,5,0.49781588480139244,0.5002888408331485,0.0024729560317560684
Z_noise3,X_causal,6,0,7,5,0.49625935688945705,0.4986799142697529,0.0024205573802958402
Z_noise3,X_conf,6,1,7,5,0.4473025922673387,0.49595746002235935,0.04865486775502065
Z_noise3,X_syn1,6,2,7,5,0.49718167720291734,0.5003464176540112,0.0031647404510938837
Z_noise3,X_syn2,6,3,7,5,0.4957508159926268,0.4972027476552159,0.0014519316625890566
Z_noise3,Z_noise1,6,4,7,5,0.49739933464838354,0.49717114511955385,-0.000228189528829692
Z_noise3,Z_noise2,6,5,7,5,0.4977497404415059,0.5003281291794772,0.0025783887379713377
X_causal,X_conf,0,1,7,6,0.44269252428269973,0.49662617102350626,0.05393364674080653
X_causal,X_syn1,0,2,7,6,0.49490995087336076,0.5002760327217816,0.005366081848420801
X_causal,X_syn2,0,3,7,6,0.4984775489605672,0.500358111668579,0.0018805627080118459
X_causal,Z_noise1,0,4,7,6,0.49819137146652337,0.502235586396118,0.004044214929594614
X_causal,Z_noise2,0,5,7,6,0.5009509485061956,0.5018953568743786,0.0009444083681829918
X_causal,Z_noise3,0,6,7,6,0.501632089662149,0.4952618663411687,-0.006370223320980306
X_conf,X_causal,1,0,7,6,0.442685119403284,0.4477571026052985,0.005071983202014518
X_conf,X_syn1,1,2,7,6,0.44313658232229475,0.4433670550845681,0.00023047276227333713
X_conf,X_syn2,1,3,7,6,0.44147551132399165,0.44481784685583353,0.003342335531841878
X_conf,Z_noise1,1,4,7,6,0.4471723566663686,0.4476339792810847,0.0004616226147161062
X_conf,Z_noise2,1,5,7,6,0.43873266808799516,0.44185334191735387,0.003120673829358711
X_conf,Z_noise3,1,6,7,6,0.44099709312136676,0.44509308948568593,0.004095996364319177
X_syn1,X_causal,2,0,7,6,0.4957257502024472,0.4937756012899257,-0.0019501489125214877
X_syn1,X_conf,2,1,7,6,0.4440786872004964,0.495669041091859,0.05159035389136257
X_syn1,X_syn2,2,3,7,6,0.45469362777036343,0.4965594867521844,0.04186585898182099
X_syn1,Z_noise1,2,4,7,6,0.492338056279631,0.4936536411945666,0.001315584914935608
X_syn1,Z_noise2,2,5,7,6,0.4980705809709689,0.4977071543061605,-0.00036342666480837504
X_syn1,Z_noise3,2,6,7,6,0.4961285336880587,0.4923246205495165,-0.0038039131385422253
X_syn2,X_causal,3,0,7,6,0.49897395817561535,0.49774742211665524,-0.0012265360589601149
X_syn2,X_conf,3,1,7,6,0.44025789747930344,0.493656446975208,0.05339854949590456
X_syn2,X_syn1,3,2,7,6,0.4548515179701418,0.49701820671584496,0.042166688745703174
X_syn2,Z_noise1,3,4,7,6,0.4974206433526239,0.4993880120072766,0.0019673686546526903
X_syn2,Z_noise2,3,5,7,6,0.49861827226901584,0.4993320853650514,0.000713813096035576
X_syn2,Z_noise3,3,6,7,6,0.4979346035447394,0.49442842919174107,-0.003506174352998326
Z_noise1,X_causal,4,0,7,6,0.4977177171237539,0.503004220833419,0.005286503709665102
Z_noise1,X_conf,4,1,7,6,0.4464176865186438,0.5011008457910123,0.05468315927236855
Z_noise1,X_syn1,4,2,7,6,0.4913293343547912,0.49774034191879546,0.006411007564004256
Z_noise1,X_syn2,4,3,7,6,0.4979554145441102,0.5009890596872975,0.003033645143187269
Z_noise1,Z_noise2,4,5,7,6,0.4977341870122083,0.5043145858962907,0.006580398884082461
Z_noise1,Z_noise3,4,6,7,6,0.5010612377667472,0.4985864010319373,-0.00247483673480986
Z_noise2,X_causal,5,0,7,6,0.5004790570584742,0.5004133243071502,-6.573275132393253e-05
Z_noise2,X_conf,5,1,7,6,0.4397593483252176,0.4985921243943397,0.05883277606912207
Z_noise2,X_syn1,5,2,7,6,0.49857294905171523,0.4999551664969438,0.0013822174452285951
Z_noise2,X_syn2,5,3,7,6,0.4973655195789395,0.5017490603537944,0.0043835407748549216
Z_noise2,Z_noise1,5,4,7,6,0.49815603909865613,0.5020452114454376,0.003889172346781433
Z_noise2,Z_noise3,5,6,7,6,0.5028225250060263,0.4988538621526523,-0.003968662853373994
Z_noise3,X_causal,6,0,7,6,0.502356562119596,0.5026565451033413,0.0002999829837453394
Z_noise3,X_conf,6,1,7,6,0.4420430568230559,0.4955093151233879,0.053466258300332026
Z_noise3,X_syn1,6,2,7,6,0.49618449797130304,0.4967004791077721,0.000515981136469057
Z_noise3,X_syn2,6,3,7,6,0.49805844543577593,0.5039235855828259,0.005865140147049974
Z_noise3,Z_noise1,6,4,7,6,0.501116976760751,0.4969080355975192,-0.0042089411632317275
Z_noise3,Z_noise2,6,5,7,6,0.5025762923968231,0.5013627392015891,-0.001213553195233974
X_causal,X_conf,0,1,7,7,0.4448149952868315,0.4942384807872181,0.04942348550038661
X_causal,X_syn1,0,2,7,7,0.4941289171100132,0.49783272036443704,0.003703803254423821
X_causal,X_syn2,0,3,7,7,0.49886461260645487,0.4975889165531508,-0.0012756960533040762
X_causal,Z_noise1,0,4,7,7,0.5025469493082971,0.49382261021109175,-0.00872433909720538
X_causal,Z_noise2,0,5,7,7,0.49817433370571956,0.4954481802608302,-0.0027261534448893565
X_causal,Z_noise3,0,6,7,7,0.49472541340160653,0.4969501894186797,0.00222477601707316
X_conf,X_causal,1,0,7,7,0.44495070543807574,0.4458641014039296,0.0009133959658538804
X_conf,X_syn1,1,2,7,7,0.4471739740073298,0.4425777356898045,-0.004596238317525259
X_conf,X_syn2,1,3,7,7,0.44420653889629946,0.44307378463476904,-0.001132754261530422
X_conf,Z_noise1,1,4,7,7,0.44614957690417384,0.4436113106894507,-0.0025382662147231394
X_conf,Z_noise2,1,5,7,7,0.4425409767824725,0.443649738551396,0.001108761768923494
X_conf,Z_noise3,1,6,7,7,0.4426096909942614,0.4468677507649269,0.004258059770665512
X_syn1,X_causal,2,0,7,7,0.49576363722340266,0.490431468313038,-0.005332168910364643
X_syn1,X_conf,2,1,7,7,0.44785981338898123,0.4937166034104156,0.04585679002143439
X_syn1,X_syn2,2,3,7,7,0.4699820745785208,0.4996697689346599,0.029687694356139105
X_syn1,Z_noise1,2,4,7,7,0.4977342646350097,0.4929210552819601,-0.0048132093530495745
X_syn1,Z_noise2,2,5,7,7,0.49137103758424927,0.49239904716849764,0.0010280095842483683
X_syn1,Z_noise3,2,6,7,7,0.49109487066562474,0.49560239460659455,0.004507523940969815
X_syn2,X_causal,3,0,7,7,0.4998492002130053,0.4915828058387141,-0.008266394374291164
X_syn2,X_conf,3,1,7,7,0.44450463747647123,0.4934010910614737,0.04889645358500244
X_syn2,X_syn1,3,2,7,7,0.46891637023855304,0.4940231084976267,0.02510673825907367
X_syn2,Z_noise1,3,4,7,7,0.4973906341869044,0.49283603037726054,-0.004554603809643842
X_syn2,Z_noise2,3,5,7,7,0.4951679478627003,0.49282265140474496,-0.002345296457955337
X_syn2,Z_noise3,3,6,7,7,0.4913167881921103,0.49781022892659277,0.006493440734482492
Z_noise1,X_causal,4,0,7,7,0.5026500469031168,0.49654358124953113,-0.006106465653585635
Z_noise1,X_conf,4,1,7,7,0.44636628985218163,0.5022264245689063,0.055860134716724685
Z_noise1,X_syn1,4,2,7,7,0.49701860217611615,0.4980692877604595,0.0010506855843433471
Z_noise1,X_syn2,4,3,7,7,0.49742041504343565,0.49751749178676474,9.707674332909422e-05
Z_noise1,Z_noise2,4,5,7,7,0.4947156615752195,0.5006980520950036,0.005982390519784109
Z_noise1,Z_noise3,4,6,7,7,0.4941723212077692,0.4984563325807684,0.004284011372999164
Z_noise2,X_causal,5,0,7,7,0.49854578529159604,0.49519257331306527,-0.003353211978530779
Z_noise2,X_conf,5,1,7,7,0.44394987081669685,0.4951772506166984,0.05122737980000153
Z_noise2,X_syn1,5,2,7,7,0.4914668834152091,0.49303849734184163,0.0015716139266325202
Z_noise2,X_syn2,5,3,7,7,0.4951193014559746,0.49981640040790315,0.004697098951928547
Z_noise2,Z_noise1,5,4,7,7,0.49587578633645013,0.4960067063323382,0.00013091999588804581
Z_noise2,Z_noise3,5,6,7,7,0.4922062445518047,0.4966414441995113,0.004435199647706611
Z_noise3,X_causal,6,0,7,7,0.4955808215455171,0.4933450046494013,-0.0022358168961157943
Z_noise3,X_conf,6,1,7,7,0.4427383836495611,0.48849429170247793,0.04575590805291685
Z_noise3,X_syn1,6,2,7,7,0.4904201848147549,0.4933755090210931,0.0029553242063382057
Z_noise3,X_syn2,6,3,7,7,0.4917757259365364,0.49490001431888686,0.0031242883823504597
Z_noise3,Z_noise1,6,4,7,7,0.49533080410867086,0.49126438115366466,-0.004066422955006199
Z_noise3,Z_noise2,6,5,7,7,0.4923424642986621,0.49120487406187285,-0.001137590236789221
X_causal,X_conf,0,1,7,8,0.42666497487438904,0.49729440691228355,0.07062943203789451
X_causal,X_syn1,0,2,7,8,0.4941418467343831,0.49286655250830724,-0.0012752942260758626
X_causal,X_syn2,0,3,7,8,0.4987672698008218,0.495510640967933,-0.003256628832888797
X_causal,Z_noise1,0,4,7,8,0.4957626059619838,0.4996892332353609,0.003926627273377115
X_causal,Z_noise2,0,5,7,8,0.49796035866481436,0.49785918803674284,-0.000101170628071523
X_causal,Z_noise3,0,6,7,8,0.496262431912176,0.49473030450297695,-0.0015321274091990578
X_conf,X_causal,1,0,7,8,0.4272490027632068,0.4313077702715161,0.004058767508309302
X_conf,X_syn1,1,2,7,8,0.43457927577479705,0.4284195795404552,-0.0061596962343418715
X_conf,X_syn2,1,3,7,8,0.42890768281290076,0.4301179239626465,0.0012102411497457166
X_conf,Z_noise1,1,4,7,8,0.4283198712180281,0.428783033429964,0.0004631622119358747
X_conf,Z_noise2,1,5,7,8,0.43028925629948783,0.4354170748270035,0.0051278185275156485
X_conf,Z_noise3,1,6,7,8,0.4334422762340913,0.42710824106926215,-0.006334035164829166
X_syn1,X_causal,2,0,7,8,0.4940274692129233,0.49576711077417185,0.0017396415612485616
X_syn1,X_conf,2,1,7,8,0.4337161424686702,0.49857047560093315,0.06485433313226296
X_syn1,X_syn2,2,3,7,8,0.47546152759071875,0.49239196144905684,0.01693043385833809
X_syn1,Z_noise1,2,4,7,8,0.4981074276179924,0.49533669458118185,-0.00277073303681058
X_syn1,Z_noise2,2,5,7,8,0.4958319723428965,0.4982282062393,0.002396233896403477
X_syn1,Z_noise3,2,6,7,8,0.4975479546223979,0.4916351675403144,-0.005912787082083537
X_syn2,X_causal,3,0,7,8,0.49849143165434034,0.496683713113573,-0.0018077185407673335
X_syn2,X_conf,3,1,7,8,0.4288533096662519,0.5017607029312044,0.07290739326495255
X_syn2,X_syn1,3,2,7,8,0.47595019352418433,0.4941956014868956,0.01824540796271129
X_syn2,Z_noise1,3,4,7,8,0.4973126918335443,0.4977525633132151,0.00043987147967078366
X_syn2,Z_noise2,3,5,7,8,0.4989336040475985,0.5044490889511652,0.005515484903566736
X_syn2,Z_noise3,3,6,7,8,0.5038245513897691,0.48961930191635905,-0.014205249473410064
Z_noise1,X_causal,4,0,7,8,0.49628752690811556,0.4939579115322021,-0.002329615375913474
Z_noise1,X_conf,4,1,7,8,0.42929132691449123,0.49692251214662614,0.0676311852321349
Z_noise1,X_syn1,4,2,7,8,0.4981483286421715,0.4960460188892592,-0.0021023097529123125
Z_noise1,X_syn2,4,3,7,8,0.4969481650667808,0.49322202666455184,-0.0037261384022289623
Z_noise1,Z_noise2,4,5,7,8,0.4948612563824425,0.49713293381993046,0.0022716774374879622
Z_noise1,Z_noise3,4,6,7,8,0.5013369447711917,0.4913199722289213,-0.010016972542270408
Z_noise2,X_causal,5,0,7,8,0.4973494082387268,0.49646136991891865,-0.0008880383198081598
Z_noise2,X_conf,5,1,7,8,0.4307227160400758,0.5003090814630249,0.0695863654229491
Z_noise2,X_syn1,5,2,7,8,0.49663106134807766,0.4936156129283399,-0.0030154484197377762
Z_noise2,X_syn2,5,3,7,8,0.49990336770420024,0.4960219972003357,-0.0038813705038645563
Z_noise2,Z_noise1,5,4,7,8,0.4952567907833344,0.5003856601763932,0.005128869393058788
Z_noise2,Z_noise3,5,6,7,8,0.4996604907114835,0.49354265667417224,-0.006117834037311254
Z_noise3,X_causal,6,0,7,8,0.4967585016771191,0.49925937299105905,0.0025008713139399452
Z_noise3,X_conf,6,1,7,8,0.433411715248355,0.5016497955051541,0.06823808025679912
Z_noise3,X_syn1,6,2,7,8,0.4980332104313907,0.4982488917011166,0.00021568126972587587
Z_noise3,X_syn2,6,3,7,8,0.5020215806174269,0.49434044859355564,-0.007681132023871218
Z_noise3,Z_noise1,6,4,7,8,0.5023501757546109,0.49933868345974375,-0.0030114922948671907
Z_noise3,Z_noise2,6,5,7,8,0.4995198243517459,0.5003639688206961,0.0008441444689502031
X_causal,X_conf,0,1,7,9,0.4316852556045812,0.4936150500230013,0.061929794418420114
X_causal,X_syn1,0,2,7,9,0.49572636010789534,0.49691403667824163,0.0011876765703462966
X_causal,X_syn2,0,3,7,9,0.4955488253047785,0.492615132888047,-0.002933692416731526
X_causal,Z_noise1,0,4,7,9,0.4949802901829725,0.49584852113335226,0.0008682309503797447
X_causal,Z_noise2,0,5,7,9,0.49218698135953803,0.49709234833193616,0.004905366972398129
X_causal,Z_noise3,0,6,7,9,0.4935078801839407,0.4948495317871473,0.001341651603206595
X_conf,X_causal,1,0,7,9,0.43163456412627293,0.43275790352900645,0.0011233394027335142
X_conf,X_syn1,1,2,7,9,0.4317750212956674,0.4324536196659703,0.0006785983703028742
X_conf,X_syn2,1,3,7,9,0.43103928138650227,0.4304962496231239,-0.0005430317633783877
X_conf,Z_noise1,1,4,7,9,0.42943935905950076,0.4351794146343513,0.005740055574850522
X_conf,Z_noise2,1,5,7,9,0.4301799232161883,0.4319090221170837,0.0017290989008953983
X_conf,Z_noise3,1,6,7,9,0.4318191783206843,0.426502915833212,-0.005316262487472301
X_syn1,X_causal,2,0,7,9,0.4953959142022394,0.49434564216505145,-0.0010502720371879382
X_syn1,X_conf,2,1,7,9,0.43229294977675864,0.49933403490022527,0.06704108512346663
X_syn1,X_syn2,2,3,7,9,0.4691162695361538,0.49829202129858885,0.02917575176243503
X_syn1,Z_noise1,2,4,7,9,0.4944842331694159,0.4985510971277772,0.004066863958361255
X_syn1,Z_noise2,2,5,7,9,0.4916311727771142,0.4942858482099981,0.0026546754328838906
X_syn1,Z_noise3,2,6,7,9,0.493586528194575,0.49225287863377065,-0.0013336495608043397
X_syn2,X_causal,3,0,7,9,0.49491334308222423,0.4943820516205894,-0.0005312914616348308
X_syn2,X_conf,3,1,7,9,0.4300234265980551,0.49453910274544755,0.06451567614739245
X_syn2,X_syn1,3,2,7,9,0.46902583676821497,0.4963890252464298,0.02736318847821484
X_syn2,Z_noise1,3,4,7,9,0.4956551228600034,0.4957107897549548,5.5666894951400536e-05
X_syn2,Z_noise2,3,5,7,9,0.49642326062307207,0.4961658042577174,-0.0002574563653546802
X_syn2,Z_noise3,3,6,7,9,0.49198387749810607,0.4921189766831704,0.0001350991850643246
Z_noise1,X_causal,4,0,7,9,0.4937401149803548,0.49544945529417433,0.0017093403138195296
Z_noise1,X_conf,4,1,7,9,0.42865743064119727,0.4980068134819488,0.06934938284075154
Z_noise1,X_syn1,4,2,7,9,0.49481034985071404,0.49757818129305126,0.0027678314423372208
Z_noise1,X_syn2,4,3,7,9,0.4954160884510913,0.495160999591618,-0.00025508885947328475
Z_noise1,Z_noise2,4,5,7,9,0.4945193866978119,0.49736849377044917,0.002849107072637247
Z_noise1,Z_noise3,4,6,7,9,0.494151112886751,0.49695239329926133,0.0028012804125103208
Z_noise2,X_causal,5,0,7,9,0.4916415969908938,0.4949235814987189,0.0032819845078250753
Z_noise2,X_conf,5,1,7,9,0.4298461686023229,0.4949584507998095,0.0651122821974866
Z_noise2,X_syn1,5,2,7,9,0.49146250744182807,0.4967683761919413,0.005305868750113241
Z_noise2,X_syn2,5,3,7,9,0.49632882757507996,0.49606923255648877,-0.0002595950185911855
Z_noise2,Z_noise1,5,4,7,9,0.49466843492746176,0.4914456055091555,-0.003222829418306261
Z_noise2,Z_noise3,5,6,7,9,0.4921410317783993,0.49357361912810555,0.0014325873497062491
Z_noise3,X_causal,6,0,7,9,0.4938073607939863,0.49108525831112576,-0.0027221024828605334
Z_noise3,X_conf,6,1,7,9,0.4310456189037894,0.4938153064447353,0.06276968754094592
Z_noise3,X_syn1,6,2,7,9,0.49399799675288797,0.49564405993168836,0.0016460631788003943
Z_noise3,X_syn2,6,3,7,9,0.49138557100746577,0.49530044591201433,0.00391487490454856
Z_noise3,Z_noise1,6,4,7,9,0.4954962082019751,0.4976972889416441,0.0022010807396690146
Z_noise3,Z_noise2,6,5,7,9,0.4923479384440161,0.4947227323647132,0.002374793920697116
X_causal,X_conf,0,1,8,0,0.43567438488090154,0.4965033365829664,0.06082895170206487
X_causal,X_syn1,0,2,8,0,0.49343566915935616,0.5004065046527025,0.006970835493346372
X_causal,X_syn2,0,3,8,0,0.4969442924852589,0.49285518661303435,-0.004089105872224552
X_causal,Z_noise1,0,4,8,0,0.5021352170638923,0.49535313293586963,-0.00678208412802267
X_causal,Z_noise2,0,5,8,0,0.4965192901074575,0.496052179692414,-0.0004671104150434924
X_causal,Z_noise3,0,6,8,0,0.49685552066172367,0.4965464508570147,-0.0003090698047089613
X_conf,X_causal,1,0,8,0,0.436321543856332,0.43522852040057197,-0.0010930234557600116
X_conf,X_syn1,1,2,8,0,0.4324796010159606,0.4338918546097069,0.0014122535937463043
X_conf,X_syn2,1,3,8,0,0.4342295593107972,0.43089379059161087,-0.0033357687191863383
X_conf,Z_noise1,1,4,8,0,0.4403146862087638,0.43854820911097003,-0.0017664770977937616
X_conf,Z_noise2,1,5,8,0,0.4330238615660664,0.4336759010939648,0.0006520395278983848
X_conf,Z_noise3,1,6,8,0,0.435206136873972,0.43873875629597403,0.0035326194220020035
X_syn1,X_causal,2,0,8,0,0.49323667084873735,0.4940322132144642,0.0007955423657268756
X_syn1,X_conf,2,1,8,0,0.43270067770735643,0.49850947539359525,0.06580879768623882
X_syn1,X_syn2,2,3,8,0,0.4664902849853281,0.4875530487463899,0.02106276376106181
X_syn1,Z_noise1,2,4,8,0,0.497549283972081,0.49164772014075336,-0.005901563831327616
X_syn1,Z_noise2,2,5,8,0,0.49364768874135073,0.4933056309951479,-0.00034205774620282847
X_syn1,Z_noise3,2,6,8,0,0.49301502498443456,0.4926610494103324,-0.00035397557410216107
X_syn2,X_causal,3,0,8,0,0.4973377906014754,0.4962807322933955,-0.00105705830807995
X_syn2,X_conf,3,1,8,0,0.433396892090745,0.49696488437333874,0.06356799228259374
X_syn2,X_syn1,3,2,8,0,0.4664894070158598,0.5019217718142337,0.035432364798373917
X_syn2,Z_noise1,3,4,8,0,0.5041513683438521,0.49483312623120734,-0.009318242112644759
X_syn2,Z_noise2,3,5,8,0,0.49842331987683547,0.4945163970278989,-0.003906922848936567
X_syn2,Z_noise3,3,6,8,0,0.49591755860391346,0.4968310688479891,0.0009135102440756548
Z_noise1,X_causal,4,0,8,0,0.5010291637633331,0.49913680165009766,-0.0018923621132354018
Z_noise1,X_conf,4,1,8,0,0.4404256957384868,0.5002173022775636,0.05979160653907678
Z_noise1,X_syn1,4,2,8,0,0.4979517833379255,0.5042272232930964,0.006275439955170936
Z_noise1,X_syn2,4,3,8,0,0.5046941380321135,0.49847302559963347,-0.006221112432480025
Z_noise1,Z_noise2,4,5,8,0,0.4949220538238427,0.4963236729514244,0.001401619127581688
Z_noise1,Z_noise3,4,6,8,0,0.500170785577633,0.5001979775809198,2.7192003286824473e-05
Z_noise2,X_causal,5,0,8,0,0.4962064071478944,0.4974905158944369,0.0012841087465425005
Z_noise2,X_conf,5,1,8,0,0.43364186816844746,0.4963518621975905,0.06270999402914301
Z_noise2,X_syn1,5,2,8,0,0.49544777241341986,0.4973761472706538,0.001928374857233961
Z_noise2,X_syn2,5,3,8,0,0.49714197153618633,0.4919072381648959,-0.005234733371290434
Z_noise2,Z_noise1,5,4,8,0,0.49556949914806464,0.49535995735884814,-0.00020954178921650524
Z_noise2,Z_noise3,5,6,8,0,0.4971053935007506,0.4975107533446487,0.0004053598438981121
Z_noise3,X_causal,6,0,8,0,0.4966110606208754,0.49357900189268084,-0.0030320587281945643
Z_noise3,X_conf,6,1,8,0,0.43500776980359795,0.49278748089996527,0.057779711096367314
Z_noise3,X_syn1,6,2,8,0,0.4928646831135583,0.49891269255275583,0.0060480094391975325
Z_noise3,X_syn2,6,3,8,0,0.4962561441971937,0.4914039395510193,-0.004852204646174418
Z_noise3,Z_noise1,6,4,8,0,0.5003150579751359,0.49525571775956445,-0.005059340215571417
Z_noise3,Z_noise2,6,5,8,0,0.49615588276379774,0.4905157131530873,-0.005640169610710455
X_causal,X_conf,0,1,8,1,0.44377303658825845,0.4973623795936745,0.05358934300541607
X_causal,X_syn1,0,2,8,1,0.4965778069190765,0.5006396793005843,0.004061872381507792
X_causal,X_syn2,0,3,8,1,0.49664655770477756,0.49664097606984114,-5.581634936413504e-06
X_causal,Z_noise1,0,4,8,1,0.49635570741388224,0.49921996193266654,0.002864254518784304
X_causal,Z_noise2,0,5,8,1,0.49724442211057124,0.4950470305495777,-0.0021973915609935224
X_causal,Z_noise3,0,6,8,1,0.49685644038713545,0.49556404056941655,-0.0012923998177188922
X_conf,X_causal,1,0,8,1,0.44288724459974216,0.43999915185369054,-0.002888092746051618
X_conf,X_syn1,1,2,8,1,0.44399852011700636,0.4408681643753815,-0.003130355741624846
X_conf,X_syn2,1,3,8,1,0.44379018491155753,0.44063848213367945,-0.0031517027778780737
X_conf,Z_noise1,1,4,8,1,0.443568674189212,0.44144040499209614,-0.0021282691971158396
X_conf,Z_noise2,1,5,8,1,0.43818056744638517,0.44491096002519426,0.006730392578809086
X_conf,Z_noise3,1,6,8,1,0.440309688360188,0.4445540135864987,0.004244325226310686
X_syn1,X_causal,2,0,8,1,0.497281334686848,0.49693214705513533,-0.0003491876317126552
X_syn1,X_conf,2,1,8,1,0.44372966944688574,0.4986451967466058,0.054915527299720046
X_syn1,X_syn2,2,3,8,1,0.46759124119779333,0.500163059432565,0.03257181823477168
X_syn1,Z_noise1,2,4,8,1,0.4979714597597529,0.4985546826773373,0.0005832229175844472
X_syn1,Z_noise2,2,5,8,1,0.500048084585777,0.49945672050719486,-0.0005913640785821239
X_syn1,Z_noise3,2,6,8,1,0.5013451404056091,0.5020670080369328,0.0007218676313237582
X_syn2,X_causal,3,0,8,1,0.49613075115255206,0.4973420496368965,0.0012112984843444252
X_syn2,X_conf,3,1,8,1,0.44321929135206933,0.49557296970429604,0.05235367835222671
X_syn2,X_syn1,3,2,8,1,0.4664705037317972,0.49569270486063455,0.029222201128837333
X_syn2,Z_noise1,3,4,8,1,0.49694536070774176,0.49779685856774497,0.0008514978600032141
X_syn2,Z_noise2,3,5,8,1,0.4994110097327435,0.4949739060011744,-0.004437103731569081
X_syn2,Z_noise3,3,6,8,1,0.49732393424447907,0.49985615745802126,0.002532223213542184
Z_noise1,X_causal,4,0,8,1,0.49635542992710296,0.4955631845721751,-0.0007922453549278896
Z_noise1,X_conf,4,1,8,1,0.4419020406013601,0.49814409904857565,0.056242058447215526
Z_noise1,X_syn1,4,2,8,1,0.49830573864362104,0.49848989423675644,0.00018415559313539331
Z_noise1,X_syn2,4,3,8,1,0.4978052549926291,0.4985066137625161,0.0007013587698869728
Z_noise1,Z_noise2,4,5,8,1,0.49649029947817785,0.495136004703605,-0.0013542947745728284
Z_noise1,Z_noise3,4,6,8,1,0.4995788707549184,0.49983386189462486,0.0002549911397064508
Z_noise2,X_causal,5,0,8,1,0.49818224932907396,0.49746093420378956,-0.0007213151252843941
Z_noise2,X_conf,5,1,8,1,0.43886691022113,0.49776149902297157,0.05889458880184156
Z_noise2,X_syn1,5,2,8,1,0.499964121698436,0.49901892586254054,-0.0009451958358954737
Z_noise2,X_syn2,5,3,8,1,0.500055688706896,0.4994389952624863,-0.0006166934444096772
Z_noise2,Z_noise1,5,4,8,1,0.49691705888946064,0.4990132373823397,0.002096178492879075
Z_noise2,Z_noise3,5,6,8,1,0.4998728808614014,0.4988574344020005,-0.0010154464594009371
Z_noise3,X_causal,6,0,8,1,0.4977237034478062,0.5018228131218667,0.004099109674060519
Z_noise3,X_conf,6,1,8,1,0.4400914431961336,0.49791770090278953,0.05782625770665595
Z_noise3,X_syn1,6,2,8,1,0.5011755549212478,0.5006323639610524,-0.0005431909601953944
Z_noise3,X_syn2,6,3,8,1,0.4964328925513948,0.5018537070545225,0.005420814503127702
Z_noise3,Z_noise1,6,4,8,1,0.49990217709169577,0.5023522895118683,0.002450112420172512
Z_noise3,Z_noise2,6,5,8,1,0.4994573241805988,0.49530525059370545,-0.004152073586893346
X_causal,X_conf,0,1,8,2,0.4543944887358832,0.49348518584548234,0.03909069710959917
X_causal,X_syn1,0,2,8,2,0.49748402194437685,0.49273823999827937,-0.004745781946097483
X_causal,X_syn2,0,3,8,2,0.4980922744689841,0.49419043154995596,-0.00390184291902812
X_causal,Z_noise1,0,4,8,2,0.4979936389721753,0.4953168328073522,-0.0026768061648230757
X_causal,Z_noise2,0,5,8,2,0.4967930229594288,0.4962702963924936,-0.0005227265669351944
X_causal,Z_noise3,0,6,8,2,0.4976367467495855,0.49691956230710865,-0.0007171844424768703
X_conf,X_causal,1,0,8,2,0.45425687469794257,0.4523183792137748,-0.001938495484167746
X_conf,X_syn1,1,2,8,2,0.44904222824059065,0.4439609795328232,-0.005081248707767438
X_conf,X_syn2,1,3,8,2,0.4499310699721568,0.45406401688097264,0.004132946908815827
X_conf,Z_noise1,1,4,8,2,0.45177019198650653,0.45063460421983353,-0.0011355877666729963
X_conf,Z_noise2,1,5,8,2,0.4507378454831131,0.44838930709303265,-0.0023485383900804235
X_conf,Z_noise3,1,6,8,2,0.4473437938170054,0.4501980095382837,0.002854215721278308
X_syn1,X_causal,2,0,8,2,0.49697841934142667,0.49595975755573984,-0.0010186617856868252
X_syn1,X_conf,2,1,8,2,0.4490623277791758,0.49095956962243176,0.04189724184325594
X_syn1,X_syn2,2,3,8,2,0.4736114081913779,0.492405245040446,0.018793836849068102
X_syn1,Z_noise1,2,4,8,2,0.49629661626290494,0.49589635834082885,-0.0004002579220760971
X_syn1,Z_noise2,2,5,8,2,0.495093999472877,0.49047737020354604,-0.004616629269330985
X_syn1,Z_noise3,2,6,8,2,0.4920817582169679,0.492455130399118,0.00037337218215005574
X_syn2,X_causal,3,0,8,2,0.498074095746514,0.49974751230306325,0.0016734165565492343
X_syn2,X_conf,3,1,8,2,0.4490872445428324,0.49935718510480376,0.05026994056197137
X_syn2,X_syn1,3,2,8,2,0.47315125717109024,0.49053809291916717,0.017386835748076923
X_syn2,Z_noise1,3,4,8,2,0.49409533894838453,0.49725813475823183,0.0031627958098472964
X_syn2,Z_noise2,3,5,8,2,0.49888324172221593,0.495702401840476,-0.0031808398817399497
X_syn2,Z_noise3,3,6,8,2,0.4944182581813293,0.49799947659636196,0.003581218415032672
Z_noise1,X_causal,4,0,8,2,0.4983779015615406,0.49776756797387084,-0.0006103335876697646
Z_noise1,X_conf,4,1,8,2,0.452597017226228,0.4935830317675879,0.04098601454135986
Z_noise1,X_syn1,4,2,8,2,0.4960497954012323,0.49045183938008796,-0.0055979560211443236
Z_noise1,X_syn2,4,3,8,2,0.49400977953901765,0.49594441751604246,0.0019346379770248112
Z_noise1,Z_noise2,4,5,8,2,0.4953387673008202,0.4929301618621668,-0.0024086054386533995
Z_noise1,Z_noise3,4,6,8,2,0.49698251876824123,0.49558266528741923,-0.0013998534808219998
Z_noise2,X_causal,5,0,8,2,0.4977972245424054,0.4984605740127435,0.0006633494703381371
Z_noise2,X_conf,5,1,8,2,0.45011796212314914,0.49511718221320133,0.044999220090052194
Z_noise2,X_syn1,5,2,8,2,0.49510426244518363,0.4916583237273355,-0.0034459387178481515
Z_noise2,X_syn2,5,3,8,2,0.4991713097991434,0.4964002024689202,-0.0027711073302232325
Z_noise2,Z_noise1,5,4,8,2,0.4945173728417815,0.495095179405353,0.0005778065635715368
Z_noise2,Z_noise3,5,6,8,2,0.49554831078282885,0.49759232526670233,0.0020440144838734797
Z_noise3,X_causal,6,0,8,2,0.49775832837678646,0.49407932183660214,-0.0036790065401843264
Z_noise3,X_conf,6,1,8,2,0.44846812248786855,0.4919897956439031,0.04352167315603456
Z_noise3,X_syn1,6,2,8,2,0.49172820793707955,0.4903099450678719,-0.0014182628692076538
Z_noise3,X_syn2,6,3,8,2,0.49436607118820125,0.4970873598519564,0.0027212886637551503
Z_noise3,Z_noise1,6,4,8,2,0.49661225194973013,0.4951078933442018,-0.0015043586055283331
Z_noise3,Z_noise2,6,5,8,2,0.4962010671184345,0.49339507847118597,-0.002805988647248514
X_causal,X_conf,0,1,8,3,0.4378933419155617,0.4970509101118136,0.05915756819625195
X_causal,X_syn1,0,2,8,3,0.4935308454406929,0.49725350887525566,0.003722663434562734
X_causal,X_syn2,0,3,8,3,0.49978777051902123,0.5009002421757134,0.0011124716566921489
X_causal,Z_noise1,0,4,8,3,0.4954425519468334,0.5030796654640378,0.007637113517204419
X_causal,Z_noise2,0,5,8,3,0.49971644746445787,0.497484362360004,-0.0022320851044538847
X_causal,Z_noise3,0,6,8,3,0.49793777967640424,0.496959435575807,-0.000978344100597217
X_conf,X_causal,1,0,8,3,0.43835793895009145,0.4389898643218014,0.0006319253717099738
X_conf,X_syn1,1,2,8,3,0.43694303785895927,0.43561056880047444,-0.0013324690584848309
X_conf,X_syn2,1,3,8,3,0.4341978862764018,0.43536671548364225,0.0011688292072404294
X_conf,Z_noise1,1,4,8,3,0.43859950314974616,0.4401930510352658,0.0015935478855196306
X_conf,Z_noise2,1,5,8,3,0.4339697986304595,0.43328250534835433,-0.0006872932821051503
X_conf,Z_noise3,1,6,8,3,0.4417142676957858,0.43915803553036026,-0.0025562321654255538
X_syn1,X_causal,2,0,8,3,0.4934013586270916,0.49770376101704356,0.004302402389951943
X_syn1,X_conf,2,1,8,3,0.43634038072882625,0.4970917231263283,0.06075134239750207
X_syn1,X_syn2,2,3,8,3,0.4632651808708119,0.49865774012202535,0.03539255925121343
X_syn1,Z_noise1,2,4,8,3,0.49775112203756944,0.49946643442130495,0.0017153123837355122
X_syn1,Z_noise2,2,5,8,3,0.49602585113716235,0.49126955929526617,-0.0047562918418961875
X_syn1,Z_noise3,2,6,8,3,0.49472568505429354,0.4916005984281773,-0.0031250866261162136
X_syn2,X_causal,3,0,8,3,0.49939982532849364,0.49680580866902574,-0.0025940166594679015
X_syn2,X_conf,3,1,8,3,0.4346558929560887,0.49418353523999153,0.05952764228390284
X_syn2,X_syn1,3,2,8,3,0.4649637331869865,0.49316633509291546,0.028202601905928937
X_syn2,Z_noise1,3,4,8,3,0.492247070679588,0.496869673036748,0.0046226023571599995
X_syn2,Z_noise2,3,5,8,3,0.4958191209261799,0.49268912977602963,-0.0031299911501502797
X_syn2,Z_noise3,3,6,8,3,0.4959435942108504,0.4970965757241518,0.0011529815133013988
Z_noise1,X_causal,4,0,8,3,0.49486834075459135,0.49852287337728823,0.003654532622696882
Z_noise1,X_conf,4,1,8,3,0.43878225846207186,0.49381829126836113,0.05503603280628927
Z_noise1,X_syn1,4,2,8,3,0.4964649242759175,0.4951811336769085,-0.0012837905990089604
Z_noise1,X_syn2,4,3,8,3,0.4920971050410338,0.49319469801138976,0.0010975929703559428
Z_noise1,Z_noise2,4,5,8,3,0.4967437950392451,0.491079751476878,-0.005664043562367105
Z_noise1,Z_noise3,4,6,8,3,0.49849525665158423,0.49604503181837145,-0.0024502248332127774
Z_noise2,X_causal,5,0,8,3,0.49976554508496224,0.4967159925888028,-0.0030495524961594578
Z_noise2,X_conf,5,1,8,3,0.4348751545397366,0.4982113745245975,0.06333621998486094
Z_noise2,X_syn1,5,2,8,3,0.4956687511302329,0.49675583113555943,0.001087080005326535
Z_noise2,X_syn2,5,3,8,3,0.49657302896102073,0.4957748152788877,-0.0007982136821330088
Z_noise2,Z_noise1,5,4,8,3,0.4964363969669726,0.5008106231715989,0.0043742262046262415
Z_noise2,Z_noise3,5,6,8,3,0.4981929756112607,0.49659056742717567,-0.0016024081840850246
Z_noise3,X_causal,6,0,8,3,0.4985066429312913,0.4982732184539168,-0.00023342447737451089
Z_noise3,X_conf,6,1,8,3,0.44229850738316834,0.4983347788217834,0.05603627143861506
Z_noise3,X_syn1,6,2,8,3,0.4944673836798002,0.4948241392925164,0.0003567556127161975
Z_noise3,X_syn2,6,3,8,3,0.4963206081836914,0.49924787533821763,0.0029272671545262363
Z_noise3,Z_noise1,6,4,8,3,0.49820719790737966,0.4996130009074275,0.0014058030000478339
Z_noise3,Z_noise2,6,5,8,3,0.49747589315479884,0.49722774831335276,-0.0002481448414460852
X_causal,X_conf,0,1,8,4,0.4184151232789113,0.49246402841773934,0.07404890513882806
X_causal,X_syn1,0,2,8,4,0.49853661934598675,0.492002391144839,-0.00653422820114774
X_causal,X_syn2,0,3,8,4,0.4923685665549839,0.4953521785573333,0.002983612002349423
X_causal,Z_noise1,0,4,8,4,0.4919000773293451,0.4956988539493075,0.0037987766199624184
X_causal,Z_noise2,0,5,8,4,0.49359166032516105,0.49121788610450845,-0.0023737742206526025
X_causal,Z_noise3,0,6,8,4,0.498592040236611,0.48970418848582403,-0.00888785175078699
X_conf,X_causal,1,0,8,4,0.41919745929153834,0.41772655283731713,-0.0014709064542212102
X_conf,X_syn1,1,2,8,4,0.42480705825051024,0.41985696371365233,-0.0049500945368579075
X_conf,X_syn2,1,3,8,4,0.4201685178703449,0.41573563966288396,-0.004432878207460966
X_conf,Z_noise1,1,4,8,4,0.4210343843504952,0.4201951953184796,-0.0008391890320156303
X_conf,Z_noise2,1,5,8,4,0.4223291731450024,0.4230860399584223,0.0007568668134199097
X_conf,Z_noise3,1,6,8,4,0.4195756741593471,0.4228864607368505,0.0033107865775033885
X_syn1,X_causal,2,0,8,4,0.4981881807785136,0.49576141953095365,-0.002426761247559972
X_syn1,X_conf,2,1,8,4,0.4263165821478625,0.4984371547825587,0.07212057263469618
X_syn1,X_syn2,2,3,8,4,0.48255678166240806,0.49709974606867713,0.014542964406269066
X_syn1,Z_noise1,2,4,8,4,0.4965225528047324,0.4987119194301956,0.002189366625463207
X_syn1,Z_noise2,2,5,8,4,0.49070023135642576,0.49845420789362227,0.007753976537196505
X_syn1,Z_noise3,2,6,8,4,0.4973543048698001,0.4929954012303752,-0.0043589036394248715
X_syn2,X_causal,3,0,8,4,0.4914630325648135,0.49547454985787964,0.004011517293066147
X_syn2,X_conf,3,1,8,4,0.42054367555683414,0.49848489722777156,0.07794122167093742
X_syn2,X_syn1,3,2,8,4,0.48361919479280263,0.49516408896737846,0.011544894174575826
X_syn2,Z_noise1,3,4,8,4,0.48977125084652856,0.49499381722874075,0.00522256638221219
X_syn2,Z_noise2,3,5,8,4,0.4944567384011184,0.49612381538069095,0.0016670769795725238
X_syn2,Z_noise3,3,6,8,4,0.4965597473235166,0.49421102621155744,-0.0023487211119591622
Z_noise1,X_causal,4,0,8,4,0.4921524629748994,0.4903771544627607,-0.0017753085121386958
Z_noise1,X_conf,4,1,8,4,0.4210380029648991,0.4937733445676606,0.07273534160276146
Z_noise1,X_syn1,4,2,8,4,0.49529767282585774,0.49115613916148954,-0.004141533664368202
Z_noise1,X_syn2,4,3,8,4,0.4899209147270157,0.4949247254162914,0.0050038106892756895
Z_noise1,Z_noise2,4,5,8,4,0.4955015679781192,0.49370512968963903,-0.00179643828848014
Z_noise1,Z_noise3,4,6,8,4,0.49930440870569465,0.49214395556383056,-0.007160453141864087
Z_noise2,X_causal,5,0,8,4,0.49357854062766726,0.494937736923415,0.001359196295747711
Z_noise2,X_conf,5,1,8,4,0.42361217188226274,0.49376117082755017,0.07014899894528742
Z_noise2,X_syn1,5,2,8,4,0.49120819051234454,0.4959605421502958,0.004752351637951235
Z_noise2,X_syn2,5,3,8,4,0.49388005715532357,0.49514841114639185,0.0012683539910682828
Z_noise2,Z_noise1,5,4,8,4,0.49601600448667266,0.5003344754971129,0.004318471010440195
Z_noise2,Z_noise3,5,6,8,4,0.4954346066127789,0.4950523714553367,-0.00038223515744217895
Z_noise3,X_causal,6,0,8,4,0.4983235375440805,0.4966556774918445,-0.0016678600522359588
Z_noise3,X_conf,6,1,8,4,0.4192630076318139,0.497860905262002,0.0785978976301881
Z_noise3,X_syn1,6,2,8,4,0.4968741069610609,0.49560335432970104,-0.0012707526313598394
Z_noise3,X_syn2,6,3,8,4,0.49641603420502495,0.496468515223134,5.2481018109062916e-05
Z_noise3,Z_noise1,6,4,8,4,0.4995940587533519,0.497579574848447,-0.0020144839049048846
Z_noise3,Z_noise2,6,5,8,4,0.49569688949784546,0.4963743857558444,0.0006774962579989552
X_causal,X_conf,0,1,8,5,0.448979191665307,0.49863899947075313,0.049659807805446154
X_causal,X_syn1,0,2,8,5,0.4965729070127944,0.4960260206357168,-0.00054688637707756
X_causal,X_syn2,0,3,8,5,0.49599263589310927,0.4978573823675379,0.0018647464744286357
X_causal,Z_noise1,0,4,8,5,0.49321760755923416,0.5002391481308035,0.00702154057156934
X_causal,Z_noise2,0,5,8,5,0.49695261646777195,0.49839738692859126,0.0014447704608193113
X_causal,Z_noise3,0,6,8,5,0.49839858761646755,0.49623810138936253,-0.0021604862271050185
X_conf,X_causal,1,0,8,5,0.449023765808381,0.45192974578282924,0.0029059799744482473
X_conf,X_syn1,1,2,8,5,0.4550040237229265,0.45594991431475296,0.0009458905918264815
X_conf,X_syn2,1,3,8,5,0.45926771132289795,0.45333508293141145,-0.005932628391486505
X_conf,Z_noise1,1,4,8,5,0.45161628541747373,0.45234590461480406,0.0007296191973303334
X_conf,Z_noise2,1,5,8,5,0.45323573232915176,0.45555522820114064,0.0023194958719888747
X_conf,Z_noise3,1,6,8,5,0.45547847766563865,0.4491850018950984,-0.0062934757705402355
X_syn1,X_causal,2,0,8,5,0.49654880142261537,0.49182840693854224,-0.0047203944840731316
X_syn1,X_conf,2,1,8,5,0.4553580851117219,0.4958289048010311,0.04047081968930921
X_syn1,X_syn2,2,3,8,5,0.47279765970594395,0.497512117479146,0.024714457773202025
X_syn1,Z_noise1,2,4,8,5,0.48917275331059035,0.49557256658732574,0.006399813276735389
X_syn1,Z_noise2,2,5,8,5,0.49560071364848785,0.4966506793995193,0.0010499657510314453
X_syn1,Z_noise3,2,6,8,5,0.49555163050480744,0.494237171580654,-0.0013144589241534388
X_syn2,X_causal,3,0,8,5,0.49591934131348037,0.48972826864512264,-0.006191072668357722
X_syn2,X_conf,3,1,8,5,0.4593287053331625,0.49605359360454077,0.036724888271378264
X_syn2,X_syn1,3,2,8,5,0.4709485375352243,0.4993451013042633,0.028396563769038985
X_syn2,Z_noise1,3,4,8,5,0.49212203085954753,0.49450877234649576,0.0023867414869482295
X_syn2,Z_noise2,3,5,8,5,0.49633814014783706,0.49640840888405646,7.026873621940322e-05
X_syn2,Z_noise3,3,6,8,5,0.4938300556509319,0.4967108539469011,0.0028807982959692113
Z_noise1,X_causal,4,0,8,5,0.4938093024404772,0.4903818488430735,-0.003427453597403707
Z_noise1,X_conf,4,1,8,5,0.4524086310409243,0.4949131782960345,0.04250454725511016
Z_noise1,X_syn1,4,2,8,5,0.4898668671148274,0.4932517395002929,0.003384872385465476
Z_noise1,X_syn2,4,3,8,5,0.49340724032462446,0.49467121452878715,0.0012639742041626878
Z_noise1,Z_noise2,4,5,8,5,0.4919431874750307,0.49570950890627385,0.003766321431243169
Z_noise1,Z_noise3,4,6,8,5,0.49197921907349823,0.4897773616155881,-0.002201857457910128
Z_noise2,X_causal,5,0,8,5,0.49655823023899703,0.48826718711571815,-0.008291043123278885
Z_noise2,X_conf,5,1,8,5,0.4531463687171978,0.4956953647761902,0.04254899605899237
Z_noise2,X_syn1,5,2,8,5,0.49602570523474604,0.4937732101176952,-0.0022524951170508345
Z_noise2,X_syn2,5,3,8,5,0.4966636360059763,0.4933159801004627,-0.0033476559055136135
Z_noise2,Z_noise1,5,4,8,5,0.4916043236964738,0.49844163226898325,0.006837308572509471
Z_noise2,Z_noise3,5,6,8,5,0.4952329346385704,0.4946860128000942,-0.0005469218384761554
Z_noise3,X_causal,6,0,8,5,0.49789569668229045,0.4891622470505287,-0.008733449631761758
Z_noise3,X_conf,6,1,8,5,0.4555019639106845,0.4948679540420859,0.03936599013140141
Z_noise3,X_syn1,6,2,8,5,0.4958905577646626,0.49411317957908285,-0.00177737818557977
Z_noise3,X_syn2,6,3,8,5,0.4935004188370653,0.49682895647481473,0.003328537637749429
Z_noise3,Z_noise1,6,4,8,5,0.49209680562697466,0.49517104941478907,0.0030742437878144013
Z_noise3,Z_noise2,6,5,8,5,0.4943608119917463,0.4979589253727233,0.003598113380976986
X_causal,X_conf,0,1,8,6,0.43513890401087896,0.4929459297370328,0.057807025726153816
X_causal,X_syn1,0,2,8,6,0.49111918878587135,0.4928797177296414,0.0017605289437700455
X_causal,X_syn2,0,3,8,6,0.48986810869276776,0.49250759303087793,0.0026394843381101762
X_causal,Z_noise1,0,4,8,6,0.49263679422930223,0.4946191498805577,0.001982355651255485
X_causal,Z_noise2,0,5,8,6,0.49880675136265923,0.4935009467775947,-0.005305804585064522
X_causal,Z_noise3,0,6,8,6,0.4908980823460087,0.4958887850257853,0.004990702679776637
X_conf,X_causal,1,0,8,6,0.4354094271363046,0.4434825938458821,0.008073166709577528
X_conf,X_syn1,1,2,8,6,0.4403671103494106,0.43427410753235224,-0.006093002817058379
X_conf,X_syn2,1,3,8,6,0.4381363889275726,0.4409765706795735,0.002840181752000903
X_conf,Z_noise1,1,4,8,6,0.44711978168722416,0.43882239163147885,-0.008297390055745313
X_conf,Z_noise2,1,5,8,6,0.4365929423528782,0.4359864389095128,-0.0006065034433654359
X_conf,Z_noise3,1,6,8,6,0.44088252552656637,0.43613858020483903,-0.004743945321727339
X_syn1,X_causal,2,0,8,6,0.49157882146479154,0.4926275553455928,0.0010487338808012892
X_syn1,X_conf,2,1,8,6,0.4384399145619891,0.4918739207878942,0.053434006225905106
X_syn1,X_syn2,2,3,8,6,0.4712834458473985,0.49037159229495,0.01908814644755147
X_syn1,Z_noise1,2,4,8,6,0.4952605086487038,0.49044830650110405,-0.004812202147599753
X_syn1,Z_noise2,2,5,8,6,0.4971472732016783,0.49226190299484507,-0.004885370206833217
X_syn1,Z_noise3,2,6,8,6,0.4937780431716038,0.49355337753961226,-0.00022466563199152745
X_syn2,X_causal,3,0,8,6,0.4893007690847712,0.4947684428125899,0.0054676737278187
X_syn2,X_conf,3,1,8,6,0.43713426997666116,0.4943320546731312,0.05719778469647002
X_syn2,X_syn1,3,2,8,6,0.47217394342451896,0.4908827719587152,0.018708828534196253
X_syn2,Z_noise1,3,4,8,6,0.49690320875385763,0.4903422524183342,-0.006560956335523449
X_syn2,Z_noise2,3,5,8,6,0.49363956569319783,0.49187802334422914,-0.001761542348968692
X_syn2,Z_noise3,3,6,8,6,0.49305312578656424,0.4938889013230301,0.0008357755364658548
Z_noise1,X_causal,4,0,8,6,0.4934361103343486,0.49596687874280004,0.002530768408451456
Z_noise1,X_conf,4,1,8,6,0.44815198597707434,0.4957502819735567,0.047598295996482354
Z_noise1,X_syn1,4,2,8,6,0.49516514551187746,0.4972079565107908,0.002042810998913347
Z_noise1,X_syn2,4,3,8,6,0.496393656674695,0.4970919809711013,0.0006983242964063163
Z_noise1,Z_noise2,4,5,8,6,0.4945571805941224,0.4940080631136155,-0.0005491174805068999
Z_noise1,Z_noise3,4,6,8,6,0.4953030791564616,0.4957656300702613,0.0004625509137997086
Z_noise2,X_causal,5,0,8,6,0.49870103948944583,0.4956721539014695,-0.0030288855879763155
Z_noise2,X_conf,5,1,8,6,0.4359585782234044,0.49513887877075796,0.05918030054735357
Z_noise2,X_syn1,5,2,8,6,0.4973220251369381,0.4936713680627495,-0.003650657074188546
Z_noise2,X_syn2,5,3,8,6,0.49338227768528453,0.49557620960616516,0.002193931920880632
Z_noise2,Z_noise1,5,4,8,6,0.49541418666653664,0.49638948176026393,0.0009752950937272908
Z_noise2,Z_noise3,5,6,8,6,0.4955080557600147,0.494477497661491,-0.001030558098523704
Z_noise3,X_causal,6,0,8,6,0.49221612374610674,0.4952679974203591,0.003051873674252359
Z_noise3,X_conf,6,1,8,6,0.4411362989327948,0.49358448673449407,0.05244818780169924
Z_noise3,X_syn1,6,2,8,6,0.4941098122143395,0.49278488233519424,-0.0013249298791452868
Z_noise3,X_syn2,6,3,8,6,0.49290455121890236,0.49267413951455247,-0.00023041170434989766
Z_noise3,Z_noise1,6,4,8,6,0.4962314750263926,0.4974374662559418,0.0012059912295492303
Z_noise3,Z_noise2,6,5,8,6,0.4951452397716345,0.49174699494048174,-0.0033982448311527524
X_causal,X_conf,0,1,8,7,0.4381349162661167,0.4969441660667697,0.058809249800652996
X_causal,X_syn1,0,2,8,7,0.49224296493718395,0.4994780014544471,0.007235036517263149
X_causal,X_syn2,0,3,8,7,0.4954787180362184,0.4942951289411005,-0.0011835890951178984
X_causal,Z_noise1,0,4,8,7,0.49914080484104434,0.4922333967654203,-0.006907408075624066
X_causal,Z_noise2,0,5,8,7,0.4953387633423467,0.4919095951363112,-0.0034291682060355044
X_causal,Z_noise3,0,6,8,7,0.4983934470022357,0.4969696679827989,-0.0014237790194367994
X_conf,X_causal,1,0,8,7,0.4378965081144539,0.4339326364149556,-0.0039638716994983
X_conf,X_syn1,1,2,8,7,0.437984174674318,0.43800692667626995,2.275200195195337e-05
X_conf,X_syn2,1,3,8,7,0.4381638367468159,0.4411331982607875,0.002969361513971591
X_conf,Z_noise1,1,4,8,7,0.4415573820209821,0.44287626309490874,0.0013188810739266366
X_conf,Z_noise2,1,5,8,7,0.4430198005908653,0.4349289177948751,-0.00809088279599024
X_conf,Z_noise3,1,6,8,7,0.44304925933619926,0.4392322222359714,-0.003817037100227849
X_syn1,X_causal,2,0,8,7,0.4928622365609488,0.49480071375685164,0.0019384771959028435
X_syn1,X_conf,2,1,8,7,0.43782404101021427,0.4933630921962591,0.05553905118604485
X_syn1,X_syn2,2,3,8,7,0.4692793034571117,0.49178193395805525,0.022502630500943532
X_syn1,Z_noise1,2,4,8,7,0.49425466670320256,0.4967827647120862,0.00252809800888365
X_syn1,Z_noise2,2,5,8,7,0.4945668953358982,0.488750790699293,-0.005816104636605202
X_syn1,Z_noise3,2,6,8,7,0.4979608363230207,0.49604189519852293,-0.0019189411244977528
X_syn2,X_causal,3,0,8,7,0.4957638526555788,0.4958807290362076,0.00011687638062879424
X_syn2,X_conf,3,1,8,7,0.4366248773712472,0.49860590849166314,0.06198103112041592
X_syn2,X_syn1,3,2,8,7,0.469846343619371,0.4974790918010432,0.027632748181672218
X_syn2,Z_noise1,3,4,8,7,0.4936273611703473,0.49475286887110353,0.0011255077007562564
X_syn2,Z_noise2,3,5,8,7,0.49488766586827937,0.49545383144431343,0.0005661655760340611
X_syn2,Z_noise3,3,6,8,7,0.5011561118942883,0.49424678955026274,-0.006909322344025581
Z_noise1,X_causal,4,0,8,7,0.4985293372864462,0.49397957485987204,-0.004549762426574178
Z_noise1,X_conf,4,1,8,7,0.4405315074346013,0.4948628601274061,0.05433135269280481
Z_noise1,X_syn1,4,2,8,7,0.49254149479494064,0.4990048871311797,0.006463392336239049
Z_noise1,X_syn2,4,3,8,7,0.4945526796156024,0.4956004277180072,0.0010477481024048219
Z_noise1,Z_noise2,4,5,8,7,0.4932369097437785,0.49380102373732776,0.0005641139935492756
Z_noise1,Z_noise3,4,6,8,7,0.4973793808383223,0.499740108336296,0.0023607274979737247
Z_noise2,X_causal,5,0,8,7,0.49511295368014585,0.49309036449535626,-0.0020225891847895916
Z_noise2,X_conf,5,1,8,7,0.44443603542872484,0.4957466450683081,0.05131060963958328
Z_noise2,X_syn1,5,2,8,7,0.49441507541175234,0.4982774723727472,0.003862396960994885
Z_noise2,X_syn2,5,3,8,7,0.4939290060444548,0.49450922104961725,0.0005802150051624766
Z_noise2,Z_noise1,5,4,8,7,0.4930403700964872,0.49496988960648275,0.0019295195099955365
Z_noise2,Z_noise3,5,6,8,7,0.4961932331446055,0.49389316066094063,-0.0023000724836648723
Z_noise3,X_causal,6,0,8,7,0.4973177536353466,0.495552962009153,-0.0017647916261935848
Z_noise3,X_conf,6,1,8,7,0.4420794408461957,0.4980727983793247,0.05599335753312901
Z_noise3,X_syn1,6,2,8,7,0.49853329498526344,0.5005196506409993,0.0019863556557359052
Z_noise3,X_syn2,6,3,8,7,0.5005029147324972,0.4939918166077939,-0.006511098124703296
Z_noise3,Z_noise1,6,4,8,7,0.4969060427978043,0.4977459416592657,0.0008398988614614078
Z_noise3,Z_noise2,6,5,8,7,0.49700787774443306,0.4968089233975186,-0.00019895434691447056
X_causal,X_conf,0,1,8,8,0.4531274310984387,0.4959718423611953,0.042844411262756565
X_causal,X_syn1,0,2,8,8,0.49826537753244654,0.4997365783626619,0.0014712008302153468
X_causal,X_syn2,0,3,8,8,0.497500887738703,0.49482657329580354,-0.0026743144428994503
X_causal,Z_noise1,0,4,8,8,0.5012770598015324,0.49521056277298103,-0.006066497028551332
X_causal,Z_noise2,0,5,8,8,0.4967537929672402,0.49851116202301127,0.001757369055771063
X_causal,Z_noise3,0,6,8,8,0.4976855360552023,0.4958214667195092,-0.0018640693356931082
X_conf,X_causal,1,0,8,8,0.4530362145548154,0.44323090933221027,-0.009805305222605143
X_conf,X_syn1,1,2,8,8,0.44902756709013936,0.4511624400787272,0.0021348729885878326
X_conf,X_syn2,1,3,8,8,0.44757567837213563,0.4465307925620064,-0.0010448858101292369
X_conf,Z_noise1,1,4,8,8,0.44472872606026753,0.44981414769696954,0.005085421636702003
X_conf,Z_noise2,1,5,8,8,0.4461401716601425,0.4499627337597493,0.0038225620996067966
X_conf,Z_noise3,1,6,8,8,0.4498113402070581,0.4518168570784394,0.0020055168713812854
X_syn1,X_causal,2,0,8,8,0.4992676573572307,0.4958481117338831,-0.0034195456233476196
X_syn1,X_conf,2,1,8,8,0.4489436477276882,0.4975927005911236,0.048649052863435405
X_syn1,X_syn2,2,3,8,8,0.47720223809665735,0.4970615009287656,0.01985926283210826
X_syn1,Z_noise1,2,4,8,8,0.49952559534755125,0.4947255282594686,-0.004800067088082671
X_syn1,Z_noise2,2,5,8,8,0.4939089634319337,0.49983682392051765,0.005927860488583958
X_syn1,Z_noise3,2,6,8,8,0.49736125643343965,0.5003285372682416,0.002967280834801911
X_syn2,X_causal,3,0,8,8,0.4972075766548532,0.49541105830064275,-0.0017965183542104635
X_syn2,X_conf,3,1,8,8,0.4469501023852262,0.4976891141373539,0.050739011752127694
X_syn2,X_syn1,3,2,8,8,0.4771522606410118,0.49764573145564145,0.020493470814629655
X_syn2,Z_noise1,3,4,8,8,0.4994317985386078,0.49706651107955596,-0.002365287459051846
X_syn2,Z_noise2,3,5,8,8,0.4985936017291094,0.4977934491485284,-0.0008001525805809706
X_syn2,Z_noise3,3,6,8,8,0.498383819691213,0.49783198156829833,-0.0005518381229146496
Z_noise1,X_causal,4,0,8,8,0.5003129573049178,0.4968265914832629,-0.0034863658216548465
Z_noise1,X_conf,4,1,8,8,0.4436205251621883,0.5001759244545161,0.05655539929232778
Z_noise1,X_syn1,4,2,8,8,0.5000449926121333,0.49838006574773014,-0.0016649268644031712
Z_noise1,X_syn2,4,3,8,8,0.5001550465175738,0.4959173867082199,-0.004237659809353922
Z_noise1,Z_noise2,4,5,8,8,0.49751912514185287,0.5032920333828842,0.005772908241031327
Z_noise1,Z_noise3,4,6,8,8,0.5010441222375435,0.49844643785322473,-0.0025976843843187325
Z_noise2,X_causal,5,0,8,8,0.4976639909359702,0.4963648804282777,-0.0012991105076924914
Z_noise2,X_conf,5,1,8,8,0.4454025987492051,0.4955096263659065,0.05010702761670138
Z_noise2,X_syn1,5,2,8,8,0.49450612643440256,0.49509278096268755,0.0005866545282849911
Z_noise2,X_syn2,5,3,8,8,0.4968660507671855,0.4958074858320862,-0.0010585649350992599
Z_noise2,Z_noise1,5,4,8,8,0.4968700878784623,0.497115579260886,0.0002454913824236904
Z_noise2,Z_noise3,5,6,8,8,0.498757597508424,0.49765646629135785,-0.0011011312170661758
Z_noise3,X_causal,6,0,8,8,0.4973359569062833,0.4961290329082918,-0.0012069239979914936
Z_noise3,X_conf,6,1,8,8,0.44937929370090113,0.4958918380013822,0.04651254430048107
Z_noise3,X_syn1,6,2,8,8,0.4984589600112103,0.4967752105766318,-0.0016837494345784965
Z_noise3,X_syn2,6,3,8,8,0.4987030817331607,0.4964595481282536,-0.0022435336049070886
Z_noise3,Z_noise1,6,4,8,8,0.5014315739365013,0.49512594943308214,-0.006305624503419149
Z_noise3,Z_noise2,6,5,8,8,0.4988216728195508,0.5050336884145237,0.006212015594972864
X_causal,X_conf,0,1,8,9,0.44570752963342175,0.49392001423646986,0.04821248460304811
X_causal,X_syn1,0,2,8,9,0.4926968777652966,0.49642068009559764,0.0037238023303010626
X_causal,X_syn2,0,3,8,9,0.4955338056764217,0.49650227577434325,0.0009684700979215588
X_causal,Z_noise1,0,4,8,9,0.4961346104722971,0.494749733990206,-0.0013848764820911241
X_causal,Z_noise2,0,5,8,9,0.4948102693379251,0.4960949375112975,0.0012846681733724163
X_causal,Z_noise3,0,6,8,9,0.4960351521522796,0.4968614597337306,0.000826307581450969
X_conf,X_causal,1,0,8,9,0.4459151010148251,0.4483352313519179,0.002420130337092763
X_conf,X_syn1,1,2,8,9,0.4504068334105946,0.4528639198590301,0.0024570864484354527
X_conf,X_syn2,1,3,8,9,0.4498107713764406,0.44979286395385754,-1.7907422583063326e-05
X_conf,Z_noise1,1,4,8,9,0.45329964509281495,0.4464706815453279,-0.006828963547487077
X_conf,Z_noise2,1,5,8,9,0.45123441115736285,0.45190038541140576,0.0006659742540429114
X_conf,Z_noise3,1,6,8,9,0.45221653664127653,0.44892351947665177,-0.0032930171646247675
X_syn1,X_causal,2,0,8,9,0.4930437444359473,0.4952032318743326,0.002159487438385288
X_syn1,X_conf,2,1,8,9,0.44953427327508455,0.4988188141426577,0.04928454086757317
X_syn1,X_syn2,2,3,8,9,0.47925888209750483,0.4971585014248435,0.01789961932733869
X_syn1,Z_noise1,2,4,8,9,0.4969665511799189,0.49431126688527804,-0.0026552842946408473
X_syn1,Z_noise2,2,5,8,9,0.49653667585376193,0.4969131838309467,0.00037650797718474793
X_syn1,Z_noise3,2,6,8,9,0.49872561389349424,0.4945666640658133,-0.004158949827680947
X_syn2,X_causal,3,0,8,9,0.4971765831698664,0.4934598417625453,-0.003716741407321089
X_syn2,X_conf,3,1,8,9,0.4512060662245055,0.5009141485268404,0.049708082302334866
X_syn2,X_syn1,3,2,8,9,0.4792067228288981,0.4961866418965603,0.01697991906766222
X_syn2,Z_noise1,3,4,8,9,0.4989820500004396,0.4943067974601517,-0.004675252540287889
X_syn2,Z_noise2,3,5,8,9,0.49941832449215195,0.4948545374093651,-0.004563787082786874
X_syn2,Z_noise3,3,6,8,9,0.496234192029393,0.4950386647613773,-0.0011955272680156948
Z_noise1,X_causal,4,0,8,9,0.4963906809078403,0.49368185744043236,-0.002708823467407917
Z_noise1,X_conf,4,1,8,9,0.4536086517548216,0.49780851817178035,0.04419986641695872
Z_noise1,X_syn1,4,2,8,9,0.4963168459494275,0.49843664270283733,0.0021197967534098416
Z_noise1,X_syn2,4,3,8,9,0.4985108166347286,0.497622298573902,-0.0008885180608266263
Z_noise1,Z_noise2,4,5,8,9,0.49291435978820525,0.4960981192767453,0.00318375948854005
Z_noise1,Z_noise3,4,6,8,9,0.4955523983943066,0.4968836905647735,0.0013312921704669023
Z_noise2,X_causal,5,0,8,9,0.49468044886760937,0.49266893567741554,-0.0020115131901938255
Z_noise2,X_conf,5,1,8,9,0.4503221463156873,0.4974701098877595,0.04714796357207224
Z_noise2,X_syn1,5,2,8,9,0.4974037565676373,0.4951347601724757,-0.0022689963951615932
Z_noise2,X_syn2,5,3,8,9,0.49939945633756194,0.4937142731051334,-0.005685183232428559
Z_noise2,Z_noise1,5,4,8,9,0.49313547404550756,0.49770239197868793,0.00456691793318037
Z_noise2,Z_noise3,5,6,8,9,0.4970256737725224,0.49425936241383833,-0.002766311358684048
Z_noise3,X_causal,6,0,8,9,0.4951234375847224,0.49460996347611497,-0.0005134741086074146
Z_noise3,X_conf,6,1,8,9,0.45199084675934287,0.49579172412846595,0.04380087736912308
Z_noise3,X_syn1,6,2,8,9,0.4984984000527512,0.5012289305459393,0.0027305304931881103
Z_noise3,X_syn2,6,3,8,9,0.4967171354440127,0.4976911684238178,0.000974032979805084
Z_noise3,Z_noise1,6,4,8,9,0.49558069751762884,0.496586995214077,0.0010062976964481662
Z_noise3,Z_noise2,6,5,8,9,0.4976642843828072,0.49522421985388404,-0.002440064528923147
X_causal,X_conf,0,1,9,0,0.43616840929229134,0.49208695277601083,0.055918543483719496
X_causal,X_syn1,0,2,9,0,0.49195679430515177,0.49365572513723577,0.0016989308320840002
X_causal,X_syn2,0,3,9,0,0.48895570916634007,0.4923063853478433,0.0033506761815032537
X_causal,Z_noise1,0,4,9,0,0.4972537348771891,0.48979066069273647,-0.007463074184452634
X_causal,Z_noise2,0,5,9,0,0.49019439433751055,0.49020072071220855,6.326374697995796e-06
X_causal,Z_noise3,0,6,9,0,0.4946045526311514,0.49680300930941196,0.002198456678260574
X_conf,X_causal,1,0,9,0,0.4363207716594955,0.4307467479297266,-0.0055740237297688955
X_conf,X_syn1,1,2,9,0,0.439560961613167,0.4373804352567975,-0.0021805263563695054
X_conf,X_syn2,1,3,9,0,0.43197837911839887,0.4317126908574141,-0.0002656882609847755
X_conf,Z_noise1,1,4,9,0,0.43403138884858616,0.4311111931745123,-0.0029201956740738666
X_conf,Z_noise2,1,5,9,0,0.43428270546831205,0.4360873416006115,0.0018046361322994753
X_conf,Z_noise3,1,6,9,0,0.43665309895557264,0.43191206604160476,-0.00474103291396788
X_syn1,X_causal,2,0,9,0,0.4922197395138799,0.49150047946012715,-0.0007192600537527238
X_syn1,X_conf,2,1,9,0,0.43991532892839447,0.4926229886848289,0.05270765975643443
X_syn1,X_syn2,2,3,9,0,0.4694874026616082,0.48627306522217933,0.016785662560571124
X_syn1,Z_noise1,2,4,9,0,0.48994604600493424,0.49122138176248703,0.0012753357575527868
X_syn1,Z_noise2,2,5,9,0,0.4897137712428681,0.4920863362282136,0.002372564985345549
X_syn1,Z_noise3,2,6,9,0,0.495914610565437,0.4926213269821874,-0.0032932835832495955
X_syn2,X_causal,3,0,9,0,0.48931095265817737,0.4913233651127352,0.0020124124545578548
X_syn2,X_conf,3,1,9,0,0.43293658740707214,0.4924584781658969,0.05952189075882475
X_syn2,X_syn1,3,2,9,0,0.46894832291711713,0.49616994731615854,0.02722162439904141
X_syn2,Z_noise1,3,4,9,0,0.4920828386607875,0.4927389307350724,0.0006560920742849086
X_syn2,Z_noise2,3,5,9,0,0.4956909999148534,0.493903159483451,-0.0017878404314023988
X_syn2,Z_noise3,3,6,9,0,0.49119700145711787,0.49352590932877227,0.0023289078716544065
Z_noise1,X_causal,4,0,9,0,0.49722460417964637,0.4921733057927477,-0.005051298386898662
Z_noise1,X_conf,4,1,9,0,0.4326714989838435,0.4923709668106794,0.059699467826835884
Z_noise1,X_syn1,4,2,9,0,0.49035538747446733,0.49504149742191383,0.004686109947446504
Z_noise1,X_syn2,4,3,9,0,0.49193746083687134,0.4917139883633125,-0.00022347247355886113
Z_noise1,Z_noise2,4,5,9,0,0.49318502308797746,0.4923704584076374,-0.0008145646803400797
Z_noise1,Z_noise3,4,6,9,0,0.4926666885452774,0.49553697990139417,0.002870291356116772
Z_noise2,X_causal,5,0,9,0,0.48939807323879186,0.4932630356506419,0.003864962411850026
Z_noise2,X_conf,5,1,9,0,0.43458456944263535,0.49245316053965515,0.057868591097019806
Z_noise2,X_syn1,5,2,9,0,0.4897624782551876,0.4949191371014708,0.005156658846283191
Z_noise2,X_syn2,5,3,9,0,0.4950544374132959,0.49388767851741583,-0.0011667588958800823
Z_noise2,Z_noise1,5,4,9,0,0.4923112572201708,0.49413536950930315,0.0018241122891323736
Z_noise2,Z_noise3,5,6,9,0,0.4921221945696187,0.49622124472705226,0.004099050157433559
Z_noise3,X_causal,6,0,9,0,0.4946647955427011,0.4924677059113703,-0.0021970896313308064
Z_noise3,X_conf,6,1,9,0,0.4381035198807294,0.49478791231269137,0.056684392431961994
Z_noise3,X_syn1,6,2,9,0,0.49576613343076537,0.4939963722682765,-0.001769761162488892
Z_noise3,X_syn2,6,3,9,0,0.4912235044195641,0.49849014910259776,0.007266644683033674
Z_noise3,Z_noise1,6,4,9,0,0.49221507609938825,0.4942711888094068,0.002056112710018543
Z_noise3,Z_noise2,6,5,9,0,0.4920326360990075,0.497013514573727,0.004980878474719508
X_causal,X_conf,0,1,9,1,0.43697454206841085,0.5057422308897942,0.06876768882138334
X_causal,X_syn1,0,2,9,1,0.4998770215789174,0.4995858895723368,-0.0002911320065805967
X_causal,X_syn2,0,3,9,1,0.5003842599026748,0.5018205977631335,0.001436337860458714
X_causal,Z_noise1,0,4,9,1,0.4994157317142722,0.5037693993853347,0.004353667671062489
X_causal,Z_noise2,0,5,9,1,0.50031752574668,0.502191412327448,0.001873886580768036
X_causal,Z_noise3,0,6,9,1,0.5022883135657439,0.5021642434242424,-0.00012407014150150886
X_conf,X_causal,1,0,9,1,0.43673805062498877,0.4303721117343885,-0.006365938890600276
X_conf,X_syn1,1,2,9,1,0.4284569608546002,0.42969317851654515,0.0012362176619449272
X_conf,X_syn2,1,3,9,1,0.4251875399863289,0.4289959408297883,0.003808400843459403
X_conf,Z_noise1,1,4,9,1,0.4297959653220257,0.4340411495668771,0.00424518424485143
X_conf,Z_noise2,1,5,9,1,0.43091915242917034,0.43707447683506684,0.006155324405896501
X_conf,Z_noise3,1,6,9,1,0.4290789148875652,0.4294591715282475,0.00038025664068225273
X_syn1,X_causal,2,0,9,1,0.4997068927002548,0.4979802237020139,-0.0017266689982409211
X_syn1,X_conf,2,1,9,1,0.4285583753691918,0.4952140305154963,0.0666556551463045
X_syn1,X_syn2,2,3,9,1,0.4788325977876001,0.498003419922195,0.019170822134594867
X_syn1,Z_noise1,2,4,9,1,0.49610657802195113,0.49525420954995375,-0.0008523684719973779
X_syn1,Z_noise2,2,5,9,1,0.4965077908859365,0.49603502966344537,-0.00047276122249112484
X_syn1,Z_noise3,2,6,9,1,0.49336395948518963,0.4932336965687962,-0.00013026291639345322
X_syn2,X_causal,3,0,9,1,0.4999348287885587,0.49437367568386864,-0.005561153104690075
X_syn2,X_conf,3,1,9,1,0.4257597413899596,0.4943115334525448,0.06855179206258522
X_syn2,X_syn1,3,2,9,1,0.4781400116028018,0.49187973061246903,0.01373971900966725
X_syn2,Z_noise1,3,4,9,1,0.4874240492829354,0.4918723375068581,0.004448288223922681
X_syn2,Z_noise2,3,5,9,1,0.4977560885963979,0.4964941366563061,-0.001261951940091821
X_syn2,Z_noise3,3,6,9,1,0.49416111995697826,0.4926060768341317,-0.0015550431228465444
Z_noise1,X_causal,4,0,9,1,0.4989794529142425,0.49636070844563757,-0.002618744468604939
Z_noise1,X_conf,4,1,9,1,0.42976222735225156,0.4916171928985671,0.06185496554631553
Z_noise1,X_syn1,4,2,9,1,0.49592433455784435,0.4884374040487394,-0.007486930509104928
Z_noise1,X_syn2,4,3,9,1,0.48748297191809753,0.4932313059999855,0.0057483340818879625
Z_noise1,Z_noise2,4,5,9,1,0.4898169116016703,0.49442293387480873,0.004606022273138444
Z_noise1,Z_noise3,4,6,9,1,0.49344792921967084,0.4942716741848999,0.0008237449652290785
Z_noise2,X_causal,5,0,9,1,0.4991642237493626,0.49830502493516127,-0.0008591988142013229
Z_noise2,X_conf,5,1,9,1,0.430687176772589,0.49531829389980503,0.06463111712721603
Z_noise2,X_syn1,5,2,9,1,0.49637964389756634,0.4931448120163335,-0.003234831881232858
Z_noise2,X_syn2,5,3,9,1,0.4974548874953397,0.4962875092339305,-0.0011673782614092243
Z_noise2,Z_noise1,5,4,9,1,0.489898323062855,0.4955542197252749,0.00565589666241989
Z_noise2,Z_noise3,5,6,9,1,0.4963735270396039,0.499156591857716,0.00278306481811208
Z_noise3,X_causal,6,0,9,1,0.5019222194585319,0.49256206188692375,-0.00936015757160813
Z_noise3,X_conf,6,1,9,1,0.43001318349101403,0.4976224312016647,0.06760924771065069
Z_noise3,X_syn1,6,2,9,1,0.4943326168304909,0.49468677302945546,0.0003541561989645614
Z_noise3,X_syn2,6,3,9,1,0.4937415008318205,0.4952961749604944,0.001554674128673883
Z_noise3,Z_noise1,6,4,9,1,0.49300337844268227,0.4954111477208412,0.0024077692781589444
Z_noise3,Z_noise2,6,5,9,1,0.4967444122624634,0.4968817475471815,0.00013733528471809864
X_causal,X_conf,0,1,9,2,0.4411970026663557,0.4909778745926151,0.04978087192625941
X_causal,X_syn1,0,2,9,2,0.49626856186625773,0.4969651212073852,0.0006965593411274451
X_causal,X_syn2,0,3,9,2,0.49232930208982434,0.49478669840860295,0.002457396318778615
X_causal,Z_noise1,0,4,9,2,0.49436692192363335,0.4935611532516605,-0.0008057686719728507
X_causal,Z_noise2,0,5,9,2,0.49649413061462977,0.49196767376965833,-0.004526456844971438
X_causal,Z_noise3,0,6,9,2,0.4954273666290498,0.48957687683558154,-0.00585048979346825
X_conf,X_causal,1,0,9,2,0.4414919744893469,0.4411568648707304,-0.00033510961861649147
X_conf,X_syn1,1,2,9,2,0.43449572272570547,0.4390344438792008,0.004538721153495351
X_conf,X_syn2,1,3,9,2,0.4345809484183064,0.4357530315076767,0.0011720830893702794
X_conf,Z_noise1,1,4,9,2,0.4371367222971353,0.433423948122805,-0.003712774174330302
X_conf,Z_noise2,1,5,9,2,0.43711930734832993,0.4336029298854309,-0.003516377462899012
X_conf,Z_noise3,1,6,9,2,0.4374336661787791,0.43650437467170927,-0.0009292915070698293
X_syn1,X_causal,2,0,9,2,0.49621954715747085,0.49508208790688385,-0.001137459250587003
X_syn1,X_conf,2,1,9,2,0.4340316343207658,0.49209056545121366,0.058058931130447855
X_syn1,X_syn2,2,3,9,2,0.4720278922006533,0.4970332980585636,0.025005405857910334
X_syn1,Z_noise1,2,4,9,2,0.49259801466139636,0.4931237902250223,0.0005257755636259298
X_syn1,Z_noise2,2,5,9,2,0.49934748693380776,0.4945420922960249,-0.004805394637782845
X_syn1,Z_noise3,2,6,9,2,0.4986104995133268,0.4938109598004819,-0.0047995397128449135
X_syn2,X_causal,3,0,9,2,0.4911068869962672,0.49295053966344193,0.0018436526671747333
X_syn2,X_conf,3,1,9,2,0.4343025628429844,0.4899439918608399,0.055641429017855515
X_syn2,X_syn1,3,2,9,2,0.4717430759971383,0.4958422598183778,0.024099183821239545
X_syn2,Z_noise1,3,4,9,2,0.48965455832521515,0.49288739798027326,0.0032328396550581062
X_syn2,Z_noise2,3,5,9,2,0.4964812240489232,0.49463448146795713,-0.0018467425809660654
X_syn2,Z_noise3,3,6,9,2,0.496409592747581,0.48759997297395213,-0.008809619773628874
Z_noise1,X_causal,4,0,9,2,0.4947788010519076,0.49534925058963436,0.0005704495377267804
Z_noise1,X_conf,4,1,9,2,0.4373206930265111,0.4938351033038435,0.056514410277332394
Z_noise1,X_syn1,4,2,9,2,0.4923609437978666,0.49672378730956884,0.004362843511702241
Z_noise1,X_syn2,4,3,9,2,0.4892078402680621,0.49147238323586506,0.002264542967802985
Z_noise1,Z_noise2,4,5,9,2,0.49527672934279476,0.49151400741530116,-0.0037627219274936063
Z_noise1,Z_noise3,4,6,9,2,0.4957842352143025,0.49030112214933846,-0.005483113064964018
Z_noise2,X_causal,5,0,9,2,0.497367106312693,0.49736793307787946,8.267651864790615e-07
Z_noise2,X_conf,5,1,9,2,0.43669955442250663,0.49427123065355355,0.05757167623104692
Z_noise2,X_syn1,5,2,9,2,0.49956702374377165,0.5025634340999013,0.002996410356129686
Z_noise2,X_syn2,5,3,9,2,0.4965154387525482,0.496666069770001,0.00015063101745277363
Z_noise2,Z_noise1,5,4,9,2,0.49571004498914445,0.498680158561174,0.0029701135720295313
Z_noise2,Z_noise3,5,6,9,2,0.5002018854739188,0.49288134231206665,-0.0073205431618521
Z_noise3,X_causal,6,0,9,2,0.4955670566597939,0.49965733287982395,0.0040902762200300535
Z_noise3,X_conf,6,1,9,2,0.4378314422183267,0.49184051028906695,0.05400906807074024
Z_noise3,X_syn1,6,2,9,2,0.4991927053313657,0.5017825684524212,0.002589863121055469
Z_noise3,X_syn2,6,3,9,2,0.49717909902104207,0.49500850440740946,-0.002170594613632615
Z_noise3,Z_noise1,6,4,9,2,0.49515573812479985,0.4974219068909415,0.002266168766141663
Z_noise3,Z_noise2,6,5,9,2,0.5007898902660682,0.49349137338949395,-0.00729851687657429
X_causal,X_conf,0,1,9,3,0.4528184984809185,0.4968485942066111,0.04403009572569261
X_causal,X_syn1,0,2,9,3,0.494902302725615,0.4943225669916664,-0.0005797357339485942
X_causal,X_syn2,0,3,9,3,0.4978792366540973,0.4985581003528295,0.0006788636987322128
X_causal,Z_noise1,0,4,9,3,0.4991469099714351,0.494074408482292,-0.005072501489143122
X_causal,Z_noise2,0,5,9,3,0.49807630244413026,0.49502582926470107,-0.0030504731794291917
X_causal,Z_noise3,0,6,9,3,0.49608180769019444,0.4984816620870015,0.0023998543968070662
X_conf,X_causal,1,0,9,3,0.4532187925809618,0.44893954907230993,-0.0042792435086518865
X_conf,X_syn1,1,2,9,3,0.44978275374733273,0.4536035273713175,0.0038207736239847523
X_conf,X_syn2,1,3,9,3,0.4555225998047375,0.45851492787250736,0.002992328067769834
X_conf,Z_noise1,1,4,9,3,0.45434618785277103,0.4553769945381224,0.001030806685351382
X_conf,Z_noise2,1,5,9,3,0.4568986822017224,0.4509877693186225,-0.005910912883099917
X_conf,Z_noise3,1,6,9,3,0.45194498562574376,0.4550889354421675,0.003143949816423741
X_syn1,X_causal,2,0,9,3,0.4945337098490155,0.4959763396418969,0.0014426297928814003
X_syn1,X_conf,2,1,9,3,0.4489870787396319,0.4928525010510945,0.04386542231146262
X_syn1,X_syn2,2,3,9,3,0.47586917964085645,0.4965687584753654,0.020699578834508958
X_syn1,Z_noise1,2,4,9,3,0.49826864900471,0.49477290875056174,-0.003495740254148283
X_syn1,Z_noise2,2,5,9,3,0.4930925732473323,0.4944749446606567,0.0013823714133244236
X_syn1,Z_noise3,2,6,9,3,0.49552229610222703,0.490951813040231,-0.0045704830619960335
X_syn2,X_causal,3,0,9,3,0.498835793186167,0.5015379734274452,0.002702180241278218
X_syn2,X_conf,3,1,9,3,0.4554764546410079,0.4982123845827222,0.04273592994171432
X_syn2,X_syn1,3,2,9,3,0.47626582632837056,0.496053285760872,0.01978745943250143
X_syn2,Z_noise1,3,4,9,3,0.49930049713052077,0.4973310305262853,-0.0019694666042354703
X_syn2,Z_noise2,3,5,9,3,0.5014980507161618,0.49527478730288854,-0.006223263413273283
X_syn2,Z_noise3,3,6,9,3,0.49774901507450625,0.4984013609490654,0.0006523458745591459
Z_noise1,X_causal,4,0,9,3,0.4984678142261171,0.49820746066432087,-0.0002603535617962116
Z_noise1,X_conf,4,1,9,3,0.453861717564315,0.4978850367438396,0.04402331917952462
Z_noise1,X_syn1,4,2,9,3,0.498874401622034,0.4933686438422987,-0.005505757779735276
Z_noise1,X_syn2,4,3,9,3,0.4983305865039102,0.5002077285573518,0.0018771420534416383
Z_noise1,Z_noise2,4,5,9,3,0.4995079856032076,0.4919330246102733,-0.00757496099293431
Z_noise1,Z_noise3,4,6,9,3,0.5003489318511154,0.49789915297914406,-0.002449778871971342
Z_noise2,X_causal,5,0,9,3,0.4982205016990906,0.49605771657777425,-0.0021627851213163463
Z_noise2,X_conf,5,1,9,3,0.45714545896082887,0.4984758063241964,0.04133034736336755
Z_noise2,X_syn1,5,2,9,3,0.49238619941804895,0.4959490714339921,0.0035628720159431304
Z_noise2,X_syn2,5,3,9,3,0.5004804050481747,0.49644934691021836,-0.004031058137956345
Z_noise2,Z_noise1,5,4,9,3,0.4998827209137885,0.4998978396306436,1.5118716855111458e-05
Z_noise2,Z_noise3,5,6,9,3,0.4970050039470678,0.4992173556553346,0.00221235170826678
Z_noise3,X_causal,6,0,9,3,0.4966244886401442,0.49546656478304224,-0.0011579238571019501
Z_noise3,X_conf,6,1,9,3,0.4526419153264265,0.4941814037600486,0.041539488433622096
Z_noise3,X_syn1,6,2,9,3,0.4963997503268188,0.49543325235083924,-0.0009664979759795855
Z_noise3,X_syn2,6,3,9,3,0.4971926050612838,0.4992513148834721,0.002058709822188254
Z_noise3,Z_noise1,6,4,9,3,0.5010829996295944,0.4988545892920148,-0.002228410337579534
Z_noise3,Z_noise2,6,5,9,3,0.4962425434487468,0.4940065807836279,-0.0022359626651188846
X_causal,X_conf,0,1,9,4,0.44699485877013756,0.4965382569399137,0.049543398169776154
X_causal,X_syn1,0,2,9,4,0.4934957214492117,0.49742507987912316,0.003929358429911434
X_causal,X_syn2,0,3,9,4,0.49701063647743055,0.4947138621396683,-0.002296774337762264
X_causal,Z_noise1,0,4,9,4,0.4954940483042282,0.4950027047216075,-0.0004913435826207069
X_causal,Z_noise2,0,5,9,4,0.49497398411241406,0.49572814977407204,0.0007541656616579795
X_causal,Z_noise3,0,6,9,4,0.4958467967114817,0.4967838185922995,0.0009370218808177899
X_conf,X_causal,1,0,9,4,0.446679808413894,0.4404811705233362,-0.006198637890557801
X_conf,X_syn1,1,2,9,4,0.44565581723985487,0.45006357959178817,0.004407762351933298
X_conf,X_syn2,1,3,9,4,0.4517556343973198,0.4458329254250409,-0.005922708972278923
X_conf,Z_noise1,1,4,9,4,0.44461991171152515,0.44296592390437406,-0.0016539878071510916
X_conf,Z_noise2,1,5,9,4,0.4422850500216127,0.4455673984082014,0.003282348386588696
X_conf,Z_noise3,1,6,9,4,0.44804049378607896,0.4420726351222336,-0.00596785866384536
X_syn1,X_causal,2,0,9,4,0.4945973547037587,0.4936485060425345,-0.0009488486612241886
X_syn1,X_conf,2,1,9,4,0.44801767082692806,0.4967205878162226,0.04870291698929452
X_syn1,X_syn2,2,3,9,4,0.46789375643252273,0.49200171778342033,0.0241079613508976
X_syn1,Z_noise1,2,4,9,4,0.491737023744021,0.49429295379169097,0.002555930047669963
X_syn1,Z_noise2,2,5,9,4,0.4895973151395309,0.49305011695751366,0.0034528018179827424
X_syn1,Z_noise3,2,6,9,4,0.4929268765095844,0.495895512637489,0.0029686361279046003
X_syn2,X_causal,3,0,9,4,0.49646030301667365,0.49731681478081313,0.0008565117641394782
X_syn2,X_conf,3,1,9,4,0.45193178800075595,0.5007064974668528,0.048774709466096855
X_syn2,X_syn1,3,2,9,4,0.46798586264562886,0.4977623185772841,0.029776455931655232
X_syn2,Z_noise1,3,4,9,4,0.4969279788332947,0.493108532933427,-0.0038194458998677128
X_syn2,Z_noise2,3,5,9,4,0.4965506290173571,0.4972408248443847,0.0006901958270276176
X_syn2,Z_noise3,3,6,9,4,0.49903849531709005,0.4991471243688728,0.00010862905178277149
Z_noise1,X_causal,4,0,9,4,0.4953966305697523,0.49529089761402156,-0.00010573295573074182
Z_noise1,X_conf,4,1,9,4,0.4455437315689421,0.4930034559118547,0.04745972434291257
Z_noise1,X_syn1,4,2,9,4,0.4909858367414818,0.4956354374699217,0.004649600728439951
Z_noise1,X_syn2,4,3,9,4,0.49801538695783354,0.4934048292046196,-0.004610557753213951
Z_noise1,Z_noise2,4,5,9,4,0.4918306070977366,0.49657616510612745,0.004745558008390827
Z_noise1,Z_noise3,4,6,9,4,0.49366862421051105,0.49271997616785457,-0.0009486480426564858
Z_noise2,X_causal,5,0,9,4,0.49562276251997894,0.4893368414248804,-0.006285921095098568
Z_noise2,X_conf,5,1,9,4,0.4428272095962099,0.49624919975989457,0.05342199016368465
Z_noise2,X_syn1,5,2,9,4,0.4894106024671036,0.49332003569471655,0.003909433227612946
Z_noise2,X_syn2,5,3,9,4,0.4977617065769513,0.4954977560919923,-0.0022639504849589764
Z_noise2,Z_noise1,5,4,9,4,0.4918825336086723,0.495633020198095,0.00375048658942273
Z_noise2,Z_noise3,5,6,9,4,0.4931052400550598,0.4954195330066433,0.0023142929515835298
Z_noise3,X_causal,6,0,9,4,0.4956646808075514,0.4949897947542374,-0.0006748860533140055
Z_noise3,X_conf,6,1,9,4,0.4481188815062632,0.4989472284176265,0.05082834691136329
Z_noise3,X_syn1,6,2,9,4,0.49419333768081636,0.49691377551667804,0.0027204378358616776
Z_noise3,X_syn2,6,3,9,4,0.49812386932889213,0.4991255827998237,0.0010017134709315867
Z_noise3,Z_noise1,6,4,9,4,0.49380551826874297,0.49443736609644184,0.0006318478276988726
Z_noise3,Z_noise2,6,5,9,4,0.49300484957559726,0.4965478082094136,0.0035429586338163177
X_causal,X_conf,0,1,9,5,0.43427992606690224,0.4939881532055873,0.059708227138685066
X_causal,X_syn1,0,2,9,5,0.49442068230902103,0.4914443311802848,-0.002976351128736232
X_causal,X_syn2,0,3,9,5,0.49380026395030313,0.49761974225422484,0.0038194783039217084
X_causal,Z_noise1,0,4,9,5,0.4947647527341127,0.49662868713128405,0.0018639343971713629
X_causal,Z_noise2,0,5,9,5,0.4969593594375068,0.4921657437463847,-0.004793615691122077
X_causal,Z_noise3,0,6,9,5,0.4948664483305267,0.494698824916519,-0.00016762341400766712
X_conf,X_causal,1,0,9,5,0.4334071648249427,0.44350450406207625,0.010097339237133574
X_conf,X_syn1,1,2,9,5,0.43392245698037585,0.4377706737085911,0.0038482167282152258
X_conf,X_syn2,1,3,9,5,0.4361196202377258,0.4370164640095952,0.0008968437718693822
X_conf,Z_noise1,1,4,9,5,0.43892946829483154,0.4402211482194457,0.001291679924614153
X_conf,Z_noise2,1,5,9,5,0.43662154746719284,0.4399305533944528,0.003309005927259967
X_conf,Z_noise3,1,6,9,5,0.4404593592168612,0.43676135674629507,-0.0036980024705661196
X_syn1,X_causal,2,0,9,5,0.49431290262779426,0.49802150056491384,0.0037085979371195843
X_syn1,X_conf,2,1,9,5,0.4333165497280821,0.4955812827498905,0.062264733021808405
X_syn1,X_syn2,2,3,9,5,0.4683627497611751,0.49600928920585213,0.027646539444677043
X_syn1,Z_noise1,2,4,9,5,0.49431522862600097,0.4973320213769773,0.003016792750976327
X_syn1,Z_noise2,2,5,9,5,0.4952524037679324,0.4966155356491275,0.0013631318811951343
X_syn1,Z_noise3,2,6,9,5,0.4968286899069908,0.49596257138829103,-0.0008661185186997766
X_syn2,X_causal,3,0,9,5,0.49393956593197785,0.49479984560280804,0.0008602796708301885
X_syn2,X_conf,3,1,9,5,0.4351212862609454,0.4954478878479402,0.06032660158699482
X_syn2,X_syn1,3,2,9,5,0.46862904509077913,0.49384882910858297,0.025219784017803837
X_syn2,Z_noise1,3,4,9,5,0.49288865849716496,0.4958263670956271,0.002937708598462152
X_syn2,Z_noise2,3,5,9,5,0.49719594816994545,0.4928164146724108,-0.004379533497534671
X_syn2,Z_noise3,3,6,9,5,0.4922847220118387,0.4959647452222078,0.0036800232103690877
Z_noise1,X_causal,4,0,9,5,0.49481760771046224,0.49800375550936343,0.0031861477989011955
Z_noise1,X_conf,4,1,9,5,0.4382145495031224,0.49388560568535617,0.05567105618223378
Z_noise1,X_syn1,4,2,9,5,0.4931987867136166,0.49660886841215157,0.0034100816985349613
Z_noise1,X_syn2,4,3,9,5,0.4930000542246439,0.4963409916435441,0.003340937418900236
Z_noise1,Z_noise2,4,5,9,5,0.4980883255364814,0.4931694846962315,-0.004918840840249905
Z_noise1,Z_noise3,4,6,9,5,0.4961342831614639,0.4957667688188768,-0.00036751434258708304
Z_noise2,X_causal,5,0,9,5,0.49658898379198535,0.49797773557929853,0.0013887517873131805
Z_noise2,X_conf,5,1,9,5,0.43630843746002684,0.4958166741435401,0.05950823668351324
Z_noise2,X_syn1,5,2,9,5,0.4945452079061354,0.49566993435059836,0.0011247264444629868
Z_noise2,X_syn2,5,3,9,5,0.49676238891850216,0.4976060014887335,0.0008436125702313557
Z_noise2,Z_noise1,5,4,9,5,0.4976424444373524,0.4970612897820918,-0.0005811546552605962
Z_noise2,Z_noise3,5,6,9,5,0.4936788220664534,0.4965116111993585,0.002832789132905078
Z_noise3,X_causal,6,0,9,5,0.49504390028806183,0.4973523098791808,0.002308409591118943
Z_noise3,X_conf,6,1,9,5,0.438584607406018,0.4924612484785489,0.05387664107253087
Z_noise3,X_syn1,6,2,9,5,0.4963414871204857,0.494386280336383,-0.0019552067841027143
Z_noise3,X_syn2,6,3,9,5,0.4918979437461553,0.4928633966207688,0.0009654528746134705
Z_noise3,Z_noise1,6,4,9,5,0.4960857487609894,0.4951188714430824,-0.0009668773179069556
Z_noise3,Z_noise2,6,5,9,5,0.4945434799840118,0.49569309862330374,0.001149618639291916
X_causal,X_conf,0,1,9,6,0.42535585655565616,0.4981685225349515,0.07281266597929531
X_causal,X_syn1,0,2,9,6,0.49534641486647923,0.495706715313681,0.0003603004472017557
X_causal,X_syn2,0,3,9,6,0.5004391384500291,0.4956845983142499,-0.004754540135779195
X_causal,Z_noise1,0,4,9,6,0.5015354861620837,0.49128684093230474,-0.010248645229778919
X_causal,Z_noise2,0,5,9,6,0.49767534177757944,0.4986068808756484,0.0009315390980689786
X_causal,Z_noise3,0,6,9,6,0.49839810672460466,0.5003110911030132,0.0019129843784085332
X_conf,X_causal,1,0,9,6,0.42505821658394544,0.4321503670011883,0.007092150417242871
X_conf,X_syn1,1,2,9,6,0.43194609944748424,0.42773005562415023,-0.004216043823334015
X_conf,X_syn2,1,3,9,6,0.42958529794188716,0.4269786288563997,-0.0026066690854874563
X_conf,Z_noise1,1,4,9,6,0.4384199873811397,0.42722208166322273,-0.011197905717916956
X_conf,Z_noise2,1,5,9,6,0.42786720266502665,0.42837001917912143,0.0005028165140947838
X_conf,Z_noise3,1,6,9,6,0.4279378720403304,0.4297451102277362,0.0018072381874058019
X_syn1,X_causal,2,0,9,6,0.4942411781101818,0.4992249518015682,0.004983773691386362
X_syn1,X_conf,2,1,9,6,0.43068798393417246,0.4979782067282842,0.06729022279411173
X_syn1,X_syn2,2,3,9,6,0.47611228743576905,0.49904913151606894,0.02293684408029989
X_syn1,Z_noise1,2,4,9,6,0.5015406091102422,0.49903684728676434,-0.0025037618234778902
X_syn1,Z_noise2,2,5,9,6,0.4978417384863732,0.4947156618773927,-0.0031260766089805103
X_syn1,Z_noise3,2,6,9,6,0.5005003871001744,0.49735983847297827,-0.003140548627196149
X_syn2,X_causal,3,0,9,6,0.49944106055959525,0.4975912502378251,-0.0018498103217701733
X_syn2,X_conf,3,1,9,6,0.4282589466882646,0.5017229215634317,0.07346397487516709
X_syn2,X_syn1,3,2,9,6,0.47626762596847344,0.5019399193470127,0.025672293378539213
X_syn2,Z_noise1,3,4,9,6,0.500645658529721,0.4965216868064791,-0.004123971723241859
X_syn2,Z_noise2,3,5,9,6,0.5001339807892363,0.4986654810160016,-0.0014684997732347105
X_syn2,Z_noise3,3,6,9,6,0.4987259176091405,0.4983255594753224,-0.0004003581338180573
Z_noise1,X_causal,4,0,9,6,0.5006147477702642,0.5012727806032516,0.0006580328329874874
Z_noise1,X_conf,4,1,9,6,0.438836653345388,0.5021825129781395,0.06334585963275152
Z_noise1,X_syn1,4,2,9,6,0.5011879913805024,0.503287509057427,0.0020995176769246227
Z_noise1,X_syn2,4,3,9,6,0.5004206806952841,0.4989527141658913,-0.0014679665293927946
Z_noise1,Z_noise2,4,5,9,6,0.4973495747399822,0.4972320845099829,-0.00011749022999929526
Z_noise1,Z_noise3,4,6,9,6,0.5043501338982317,0.5039330371212121,-0.000417096777019621
Z_noise2,X_causal,5,0,9,6,0.4974385068213634,0.4976182839217384,0.00017977710037497818
Z_noise2,X_conf,5,1,9,6,0.4284209986737692,0.49725266763274417,0.06883166895897497
Z_noise2,X_syn1,5,2,9,6,0.4980688990619527,0.4949608915544388,-0.003108007507513888
Z_noise2,X_syn2,5,3,9,6,0.499451196645577,0.4995282174766178,7.702083104077495e-05
Z_noise2,Z_noise1,5,4,9,6,0.49708661162101936,0.49318467881037015,-0.0039019328106492113
Z_noise2,Z_noise3,5,6,9,6,0.49991158776268624,0.49887270951347373,-0.0010388782492125048
Z_noise3,X_causal,6,0,9,6,0.4979328661705014,0.4987569676099936,0.0008241014394921864
Z_noise3,X_conf,6,1,9,6,0.42812786497499516,0.5012606399310805,0.07313277495608533
Z_noise3,X_syn1,6,2,9,6,0.5001572463672068,0.496265592336406,-0.0038916540308008285
Z_noise3,X_syn2,6,3,9,6,0.4993339501202607,0.5010692006168782,0.0017352504966174909
Z_noise3,Z_noise1,6,4,9,6,0.504367904586473,0.49608550112422434,-0.008282403462248622
Z_noise3,Z_noise2,6,5,9,6,0.498773119508931,0.4986359522793949,-0.00013716722953610594
X_causal,X_conf,0,1,9,7,0.4412829378667841,0.4947453033861113,0.053462365519327204
X_causal,X_syn1,0,2,9,7,0.4924168779828548,0.48919699134587624,-0.0032198866369785306
X_causal,X_syn2,0,3,9,7,0.4956068839014994,0.4918999111868116,-0.003706972714687784
X_causal,Z_noise1,0,4,9,7,0.49385536154724446,0.4961870160288377,0.002331654481593226
X_causal,Z_noise2,0,5,9,7,0.49377778599935396,0.4960103879036947,0.0022326019043407697
X_causal,Z_noise3,0,6,9,7,0.4925689723332524,0.49401320070163784,0.0014442283683854251
X_conf,X_causal,1,0,9,7,0.4407787327532437,0.4418292476565776,0.00105051490333391
X_conf,X_syn1,1,2,9,7,0.4484630896090276,0.43821666889452515,-0.010246420714502436
X_conf,X_syn2,1,3,9,7,0.444389054029861,0.4465178583050038,0.0021288042751427816
X_conf,Z_noise1,1,4,9,7,0.43831656484804754,0.44066455586961306,0.002347991021565521
X_conf,Z_noise2,1,5,9,7,0.4400260826109694,0.4473105191822249,0.007284436571255493
X_conf,Z_noise3,1,6,9,7,0.4401182176450587,0.4450327337723899,0.004914516127331181
X_syn1,X_causal,2,0,9,7,0.4922713665805873,0.4948425697676836,0.002571203187096305
X_syn1,X_conf,2,1,9,7,0.44838426335686166,0.4945110690668686,0.046126805710006935
X_syn1,X_syn2,2,3,9,7,0.469289650831207,0.4932746255811647,0.0239849747499577
X_syn1,Z_noise1,2,4,9,7,0.49336261260370257,0.49328831890381225,-7.429369989031542e-05
X_syn1,Z_noise2,2,5,9,7,0.4943648763603899,0.5000849876122897,0.0057201112518998065
X_syn1,Z_noise3,2,6,9,7,0.4936134649131715,0.4945103239517934,0.0008968590386219111
X_syn2,X_causal,3,0,9,7,0.4957955029538977,0.49782237970353804,0.0020268767496403606
X_syn2,X_conf,3,1,9,7,0.4451364842181354,0.49472097654032476,0.049584492322189366
X_syn2,X_syn1,3,2,9,7,0.46929803524491476,0.49763573218403306,0.028337696939118306
X_syn2,Z_noise1,3,4,9,7,0.4972545345444715,0.49750034141411686,0.0002458068696453708
X_syn2,Z_noise2,3,5,9,7,0.49851957380675044,0.5015330619080194,0.0030134881012689463
X_syn2,Z_noise3,3,6,9,7,0.49956285604264083,0.49811966881644,-0.0014431872262008483
Z_noise1,X_causal,4,0,9,7,0.4938544947442899,0.49446732992104525,0.0006128351767553664
Z_noise1,X_conf,4,1,9,7,0.43868950042342736,0.4908242211163953,0.05213472069296793
Z_noise1,X_syn1,4,2,9,7,0.4935488705043711,0.496065430056598,0.0025165595522269046
Z_noise1,X_syn2,4,3,9,7,0.4972495644432299,0.4928615499141612,-0.004388014529068673
Z_noise1,Z_noise2,4,5,9,7,0.49160842678421823,0.5011839187028546,0.00957549191863638
Z_noise1,Z_noise3,4,6,9,7,0.49404358411040106,0.4943902337897259,0.0003466496793248508
Z_noise2,X_causal,5,0,9,7,0.4935682746542654,0.4935123836702449,-5.5890984020479095e-05
Z_noise2,X_conf,5,1,9,7,0.4403154957476711,0.4958086620923168,0.055493166344645684
Z_noise2,X_syn1,5,2,9,7,0.4946789394830274,0.49294528433896895,-0.0017336551440584325
Z_noise2,X_syn2,5,3,9,7,0.4985292878364982,0.4962075903768007,-0.0023216974596975137
Z_noise2,Z_noise1,5,4,9,7,0.4908853640794271,0.4936475286005189,0.0027621645210917922
Z_noise2,Z_noise3,5,6,9,7,0.4949838411889695,0.4970581929625216,0.0020743517735520856
Z_noise3,X_causal,6,0,9,7,0.49226394633276355,0.4961118831064731,0.003847936773709537
Z_noise3,X_conf,6,1,9,7,0.4405362817950005,0.4937486541965362,0.0532123724015357
Z_noise3,X_syn1,6,2,9,7,0.493427971406886,0.4913089518161881,-0.0021190195906978793
Z_noise3,X_syn2,6,3,9,7,0.49914108458743894,0.4955851191855957,-0.0035559654018432196
Z_noise3,Z_noise1,6,4,9,7,0.4947959448930788,0.4950876258158862,0.00029168092280740243
Z_noise3,Z_noise2,6,5,9,7,0.4949802084420508,0.4993900305295288,0.004409822087477977
X_causal,X_conf,0,1,9,8,0.4325701178236493,0.49134205560359906,0.05877193777994977
X_causal,X_syn1,0,2,9,8,0.49319949630138443,0.4900834658668696,-0.003116030434514805
X_causal,X_syn2,0,3,9,8,0.49127055110456486,0.4940068802116393,0.002736329107074442
X_causal,Z_noise1,0,4,9,8,0.4934028982936967,0.4909310973344909,-0.0024718009592057943
X_causal,Z_noise2,0,5,9,8,0.49479448707383417,0.4925462019531184,-0.0022482851207157872
X_causal,Z_noise3,0,6,9,8,0.4924782844788902,0.4895939595061331,-0.0028843249727570908
X_conf,X_causal,1,0,9,8,0.4330618563770037,0.4345421576370206,0.001480301260016914
X_conf,X_syn1,1,2,9,8,0.4351041413944281,0.4340535679611497,-0.0010505734332784122
X_conf,X_syn2,1,3,9,8,0.4322476904974246,0.43660270277938446,0.004355012281959836
X_conf,Z_noise1,1,4,9,8,0.43899324916489607,0.42600187819017415,-0.012991370974721916
X_conf,Z_noise2,1,5,9,8,0.43245233434131075,0.440404572326422,0.007952237985111243
X_conf,Z_noise3,1,6,9,8,0.43890982160391373,0.4382121568934801,-0.0006976647104336431
X_syn1,X_causal,2,0,9,8,0.49400357697700453,0.5021107989602224,0.008107221983217838
X_syn1,X_conf,2,1,9,8,0.4339001621660566,0.4934231354062319,0.0595229732401753
X_syn1,X_syn2,2,3,9,8,0.4743479813667493,0.4969274601526813,0.022579478785931972
X_syn1,Z_noise1,2,4,9,8,0.49662812942993445,0.49584366636880267,-0.0007844630611317793
X_syn1,Z_noise2,2,5,9,8,0.49912699426051416,0.49983684905405795,0.000709854793543796
X_syn1,Z_noise3,2,6,9,8,0.5004976422059698,0.49701946931464996,-0.003478172891319853
X_syn2,X_causal,3,0,9,8,0.49063332635239865,0.4969148817613937,0.006281555408995054
X_syn2,X_conf,3,1,9,8,0.43205583909693235,0.4946063464932126,0.06255050739628026
X_syn2,X_syn1,3,2,9,8,0.4747369834944493,0.4917871828483241,0.017050199353874806
X_syn2,Z_noise1,3,4,9,8,0.49515660199677397,0.4916650994936779,-0.0034915025030960445
X_syn2,Z_noise2,3,5,9,8,0.4957131047986443,0.4965565021869233,0.0008433973882790435
X_syn2,Z_noise3,3,6,9,8,0.49573735423084825,0.49424220854491563,-0.0014951456859326195
Z_noise1,X_causal,4,0,9,8,0.4926285418171539,0.49658369703827004,0.003955155221116169
Z_noise1,X_conf,4,1,9,8,0.4386019690035682,0.4965681293152634,0.057966160311695214
Z_noise1,X_syn1,4,2,9,8,0.49617285117839754,0.4959206117024535,-0.0002522394759440494
Z_noise1,X_syn2,4,3,9,8,0.49431609850442604,0.4989680667167799,0.004651968212353863
Z_noise1,Z_noise2,4,5,9,8,0.4976042799377672,0.49990524338436576,0.0023009634465985807
Z_noise1,Z_noise3,4,6,9,8,0.5015885528558092,0.4960004171324115,-0.005588135723397669
Z_noise2,X_causal,5,0,9,8,0.4942611201169223,0.4978784190592521,0.0036172989423298163
Z_noise2,X_conf,5,1,9,8,0.432461352783849,0.4953166983133562,0.06285534552950717
Z_noise2,X_syn1,5,2,9,8,0.49919039777940877,0.49620239051251097,-0.0029880072668977964
Z_noise2,X_syn2,5,3,9,8,0.4958951623601659,0.4990838195171423,0.0031886571569764155
Z_noise2,Z_noise1,5,4,9,8,0.4983756553986031,0.4948557090737574,-0.003519946324845702
Z_noise2,Z_noise3,5,6,9,8,0.4959810234693951,0.4954128634209961,-0.0005681600483989913
Z_noise3,X_causal,6,0,9,8,0.4925610723210593,0.49890746141766323,0.006346389096603955
Z_noise3,X_conf,6,1,9,8,0.4375810214557782,0.4946454295808593,0.05706440812508107
Z_noise3,X_syn1,6,2,9,8,0.5009457927424479,0.4961531044266039,-0.004792688315844007
Z_noise3,X_syn2,6,3,9,8,0.49640224537528904,0.49719622515400574,0.0007939797787167024
Z_noise3,Z_noise1,6,4,9,8,0.5003565623019519,0.4942366452833657,-0.006119917018586218
Z_noise3,Z_noise2,6,5,9,8,0.4959600056874833,0.5017159109771876,0.005755905289704322
X_causal,X_conf,0,1,9,9,0.47350308927211493,0.5020122771595064,0.02850918788739143
X_causal,X_syn1,0,2,9,9,0.5017120202536569,0.500949464312563,-0.0007625559410938676
X_causal,X_syn2,0,3,9,9,0.5051430265344038,0.4993843853576841,-0.005758641176719703
X_causal,Z_noise1,0,4,9,9,0.5062620759703595,0.5021418987885693,-0.004120177181790252
X_causal,Z_noise2,0,5,9,9,0.5014206471558372,0.49891930968941517,-0.00250133746642206
X_causal,Z_noise3,0,6,9,9,0.5029549609550303,0.4970597896090714,-0.0058951713459589605
X_conf,X_causal,1,0,9,9,0.4730498336664705,0.4671126270666934,-0.005937206599777145
X_conf,X_syn1,1,2,9,9,0.47638932973470766,0.467782121669944,-0.008607208064763672
X_conf,X_syn2,1,3,9,9,0.46598600756973163,0.4669718152768391,0.0009858077071074889
X_conf,Z_noise1,1,4,9,9,0.4715231352216607,0.4686213357092155,-0.0029017995124452356
X_conf,Z_noise2,1,5,9,9,0.46496090948386937,0.4639816457207333,-0.0009792637631360623
X_conf,Z_noise3,1,6,9,9,0.469642240210805,0.4672831862445518,-0.0023590539662531884
X_syn1,X_causal,2,0,9,9,0.5012143597901757,0.49635957126081365,-0.004854788529362053
X_syn1,X_conf,2,1,9,9,0.4763595312263388,0.4980693849458733,0.02170985371953449
X_syn1,X_syn2,2,3,9,9,0.4667480911330901,0.4981223658487415,0.03137427471565135
X_syn1,Z_noise1,2,4,9,9,0.5017631646183678,0.4987424275262888,-0.0030207370920790066
X_syn1,Z_noise2,2,5,9,9,0.4979353864679955,0.49552628237071583,-0.0024091040972796796
X_syn1,Z_noise3,2,6,9,9,0.4950294923684466,0.49664951981922284,0.001620027450776218
X_syn2,X_causal,3,0,9,9,0.5052420259783856,0.498524665825261,-0.00671736015312463
X_syn2,X_conf,3,1,9,9,0.4656850225340409,0.5004381613032347,0.03475313876919378
X_syn2,X_syn1,3,2,9,9,0.4665672923584906,0.4987242577154989,0.032156965357008294
X_syn2,Z_noise1,3,4,9,9,0.5041631601971935,0.49668512699962897,-0.007478033197564571
X_syn2,Z_noise2,3,5,9,9,0.4990606831681451,0.49977463845105935,0.0007139552829142359
X_syn2,Z_noise3,3,6,9,9,0.5009757081168056,0.4991228823478738,-0.0018528257689318095
Z_noise1,X_causal,4,0,9,9,0.5055179489905293,0.5027363827358211,-0.0027815662547081565
Z_noise1,X_conf,4,1,9,9,0.47126450081520094,0.501413073221818,0.030148572406617113
Z_noise1,X_syn1,4,2,9,9,0.5014529688109354,0.4975786744134432,-0.0038742943974921507
Z_noise1,X_syn2,4,3,9,9,0.5046328154948334,0.49897129976619203,-0.005661515728641375
Z_noise1,Z_noise2,4,5,9,9,0.5000203370316706,0.4996599691419248,-0.00036036788974580514
Z_noise1,Z_noise3,4,6,9,9,0.5016980017812331,0.5029302122455028,0.0012322104642696896
Z_noise2,X_causal,5,0,9,9,0.5017659872735124,0.4949526652777368,-0.006813321995775612
Z_noise2,X_conf,5,1,9,9,0.46467045762977377,0.4953283427608129,0.03065788513103912
Z_noise2,X_syn1,5,2,9,9,0.49706278828793177,0.4950446605502986,-0.0020181277376331574
Z_noise2,X_syn2,5,3,9,9,0.4990355632400301,0.4959997583674026,-0.003035804872627501
Z_noise2,Z_noise1,5,4,9,9,0.4996659985076545,0.49539962010261307,-0.004266378405041404
Z_noise2,Z_noise3,5,6,9,9,0.4978951269619679,0.4949619959227437,-0.0029331310392242127
Z_noise3,X_causal,6,0,9,9,0.5022111032141326,0.49816886945345584,-0.0040422337606768055
Z_noise3,X_conf,6,1,9,9,0.4700121647896468,0.49647942887368635,0.026467264084039543
Z_noise3,X_syn1,6,2,9,9,0.4953915846569038,0.5015608754055954,0.006169290748691547
Z_noise3,X_syn2,6,3,9,9,0.5008874593849457,0.4963252280744059,-0.004562231310539844
Z_noise3,Z_noise1,6,4,9,9,0.5015132433737823,0.4953571573837736,-0.0061560859900087195
Z_noise3,Z_noise2,6,5,9,9,0.4982331697591479,0.4967249876938545,-0.0015081820652934064
X_causal,X_conf,0,1,10,0,0.4540303925400202,0.4991907027285499,0.04516031018852967
X_causal,X_syn1,0,2,10,0,0.4973417087862178,0.49875448898241637,0.0014127801961985598
X_causal,X_syn2,0,3,10,0,0.4947269385856659,0.49719543654975473,0.0024684979640888227
X_causal,Z_noise1,0,4,10,0,0.4920608549978619,0.49541447865416843,0.003353623656306537
X_causal,Z_noise2,0,5,10,0,0.49628625846081,0.4960692092755307,-0.0002170491852792611
X_causal,Z_noise3,0,6,10,0,0.49380918693935144,0.49943690961703036,0.005627722677678915
X_conf,X_causal,1,0,10,0,0.4539089258811737,0.4514857471069507,-0.0024231787742229893
X_conf,X_syn1,1,2,10,0,0.4520692414329071,0.4599759378040353,0.007906696371128175
X_conf,X_syn2,1,3,10,0,0.44889103053975754,0.45222781667914846,0.0033367861393909237
X_conf,Z_noise1,1,4,10,0,0.45068911906600273,0.4492168961118536,-0.001472222954149116
X_conf,Z_noise2,1,5,10,0,0.4543087911492662,0.4513209619051312,-0.0029878292441349874
X_conf,Z_noise3,1,6,10,0,0.449325637402827,0.4523695316164957,0.0030438942136686853
X_syn1,X_causal,2,0,10,0,0.49746944328248976,0.49968464177638805,0.002215198493898285
X_syn1,X_conf,2,1,10,0,0.4517599861981413,0.4974650343753243,0.045705048177183016
X_syn1,X_syn2,2,3,10,0,0.4760207029836926,0.4940074530665295,0.0179867500828369
X_syn1,Z_noise1,2,4,10,0,0.49242002080736325,0.4974080734737635,0.004988052666400233
X_syn1,Z_noise2,2,5,10,0,0.49362413842922587,0.49842586329731425,0.004801724868088386
X_syn1,Z_noise3,2,6,10,0,0.4950042374084204,0.4966997262915369,0.0016954888831164916
X_syn2,X_causal,3,0,10,0,0.49489429108937893,0.5011280205377932,0.006233729448414216
X_syn2,X_conf,3,1,10,0,0.4477994676297071,0.4983058105210735,0.05050634289136635
X_syn2,X_syn1,3,2,10,0,0.47662060995927913,0.5016723993944869,0.025051789435207805
X_syn2,Z_noise1,3,4,10,0,0.4913726021167892,0.4960819016027359,0.004709299485946727
X_syn2,Z_noise2,3,5,10,0,0.4957818497980229,0.4952672195321849,-0.0005146302658380342
X_syn2,Z_noise3,3,6,10,0,0.4960245361738624,0.49600271637116955,-2.1819802692835122e-05
Z_noise1,X_causal,4,0,10,0,0.4927045537137902,0.4979312153338191,0.005226661620028938
Z_noise1,X_conf,4,1,10,0,0.45127226323753594,0.4934944037211221,0.042222140483586135
Z_noise1,X_syn1,4,2,10,0,0.49297938978559885,0.4983417617183009,0.005362371932702059
Z_noise1,X_syn2,4,3,10,0,0.49217923497922933,0.49397573582118115,0.0017965008419518202
Z_noise1,Z_noise2,4,5,10,0,0.4911559157214874,0.4927587828516175,0.0016028671301300812
Z_noise1,Z_noise3,4,6,10,0,0.49452719275020635,0.4941787426876512,-0.0003484500625551279
Z_noise2,X_causal,5,0,10,0,0.49601173334080856,0.5017591688617209,0.005747435520912336
Z_noise2,X_conf,5,1,10,0,0.4553288014616243,0.4959627375070325,0.040633936045408214
Z_noise2,X_syn1,5,2,10,0,0.49354350168484706,0.49883510292782923,0.005291601242982169
Z_noise2,X_syn2,5,3,10,0,0.49541031950037306,0.49597746228155587,0.0005671427811828056
Z_noise2,Z_noise1,5,4,10,0,0.49112385794814517,0.4939215739751977,0.0027977160270525325
Z_noise2,Z_noise3,5,6,10,0,0.4962399651623661,0.4960023294488604,-0.00023763571350571278
Z_noise3,X_causal,6,0,10,0,0.49439317006667083,0.5018678285079572,0.007474658441286364
Z_noise3,X_conf,6,1,10,0,0.4488094614752015,0.49253164173463665,0.04372218025943514
Z_noise3,X_syn1,6,2,10,0,0.49489498504190177,0.49934619513581074,0.004451210093908975
Z_noise3,X_syn2,6,3,10,0,0.4965297017598286,0.4969344522442085,0.00040475048437993433
Z_noise3,Z_noise1,6,4,10,0,0.49393345105211384,0.4941355869570971,0.00020213590498324718
Z_noise3,Z_noise2,6,5,10,0,0.4960216417093575,0.4930195147829548,-0.0030021269264026706
X_causal,X_conf,0,1,10,1,0.4374261474190906,0.4948817105806405,0.05745556316154993
X_causal,X_syn1,0,2,10,1,0.49500226901306504,0.49648965999223693,0.0014873909791718876
X_causal,X_syn2,0,3,10,1,0.4920907834267456,0.49255205881488295,0.0004612753881373388
X_causal,Z_noise1,0,4,10,1,0.49280032474395025,0.49413071908790734,0.0013303943439570975
X_causal,Z_noise2,0,5,10,1,0.4947686409330119,0.4920960473402441,-0.0026725935927678357
X_causal,Z_noise3,0,6,10,1,0.4946492421514079,0.49863977430403567,0.00399053215262779
X_conf,X_causal,1,0,10,1,0.4379000238015008,0.4392976217973017,0.0013975979958009144
X_conf,X_syn1,1,2,10,1,0.44333708135527505,0.44086793150171444,-0.002469149853560615
X_conf,X_syn2,1,3,10,1,0.43547778231443224,0.4371902075921385,0.0017124252777062643
X_conf,Z_noise1,1,4,10,1,0.43514050453718134,0.44134658708118996,0.006206082544008618
X_conf,Z_noise2,1,5,10,1,0.44026292342433176,0.43407194314238284,-0.006190980281948921
X_conf,Z_noise3,1,6,10,1,0.4355055575764792,0.43866275038875796,0.003157192812278775
X_syn1,X_causal,2,0,10,1,0.49475643946409426,0.4983078250836069,0.003551385619512626
X_syn1,X_conf,2,1,10,1,0.44486962369103533,0.4982119027296536,0.05334227903861827
X_syn1,X_syn2,2,3,10,1,0.48292699064854233,0.494972793335937,0.012045802687394691
X_syn1,Z_noise1,2,4,10,1,0.49586757239454676,0.4982499408644308,0.002382368469884044
X_syn1,Z_noise2,2,5,10,1,0.4928635308115937,0.49416152969959515,0.0012979988880014726
X_syn1,Z_noise3,2,6,10,1,0.4944715661110976,0.4936106497794444,-0.0008609163316531943
X_syn2,X_causal,3,0,10,1,0.49328570420958234,0.49900870453781065,0.0057230003282283115
X_syn2,X_conf,3,1,10,1,0.43437567958884427,0.4933911123516717,0.05901543276282745
X_syn2,X_syn1,3,2,10,1,0.4833294085343589,0.49948238338736706,0.01615297485300815
X_syn2,Z_noise1,3,4,10,1,0.495770101659719,0.4952556034419008,-0.0005144982178182378
X_syn2,Z_noise2,3,5,10,1,0.49889266750721273,0.493416476698211,-0.005476190809001746
X_syn2,Z_noise3,3,6,10,1,0.4942346479955509,0.49857071780921075,0.00433606981365986
Z_noise1,X_causal,4,0,10,1,0.49268365403439174,0.4984965071731855,0.005812853138793761
Z_noise1,X_conf,4,1,10,1,0.43551580959978514,0.49567448507318834,0.0601586754734032
Z_noise1,X_syn1,4,2,10,1,0.49568031977650007,0.49232611263067577,-0.003354207145824295
Z_noise1,X_syn2,4,3,10,1,0.4952591272086847,0.49690085906385373,0.0016417318551690263
Z_noise1,Z_noise2,4,5,10,1,0.4928963214945647,0.49848159973641326,0.005585278241848568
Z_noise1,Z_noise3,4,6,10,1,0.49443873963283935,0.49730534944740235,0.0028666098145629926
Z_noise2,X_causal,5,0,10,1,0.4952310745658834,0.49320624092046805,-0.002024833645415336
Z_noise2,X_conf,5,1,10,1,0.4415227433367015,0.49532794955370024,0.05380520621699875
Z_noise2,X_syn1,5,2,10,1,0.49349214258895263,0.49429753031720963,0.000805387728257001
Z_noise2,X_syn2,5,3,10,1,0.49963964721413184,0.4956884181030174,-0.0039512291111144515
Z_noise2,Z_noise1,5,4,10,1,0.4924205929271558,0.4941928313663279,0.0017722384391721246
Z_noise2,Z_noise3,5,6,10,1,0.4956487968883074,0.49783689984133167,0.0021881029530242957
Z_noise3,X_causal,6,0,10,1,0.49520952375791755,0.4963411643940101,0.0011316406360925568
Z_noise3,X_conf,6,1,10,1,0.43652206962729384,0.4977462356662074,0.06122416603891356
Z_noise3,X_syn1,6,2,10,1,0.49376219231565527,0.4962437567841522,0.002481564468496955
Z_noise3,X_syn2,6,3,10,1,0.4950183604474128,0.49356761287027934,-0.0014507475771334821
Z_noise3,Z_noise1,6,4,10,1,0.49400334715880917,0.4985933840112445,0.004590036852435309
Z_noise3,Z_noise2,6,5,10,1,0.49627163744193625,0.4943886397322934,-0.0018829977096428419
X_causal,X_conf,0,1,10,2,0.4401287570956335,0.4918432101996131,0.051714453103979596
X_causal,X_syn1,0,2,10,2,0.4934899071674727,0.49559729582029116,0.0021073886528184538
X_causal,X_syn2,0,3,10,2,0.4959144015439295,0.4941238080432123,-0.001790593500717197
X_causal,Z_noise1,0,4,10,2,0.4972607312640398,0.4968434588790173,-0.00041727238502248243
X_causal,Z_noise2,0,5,10,2,0.4974801880217064,0.5002760046910945,0.0027958166693880515
X_causal,Z_noise3,0,6,10,2,0.4987374038874666,0.49288610108018976,-0.005851302807276859
X_conf,X_causal,1,0,10,2,0.4402654931861604,0.43620664896259304,-0.004058844223567337
X_conf,X_syn1,1,2,10,2,0.4372765746171088,0.4368774166378593,-0.00039915797924949814
X_conf,X_syn2,1,3,10,2,0.4366712799271774,0.4342813658231312,-0.002389914104046209
X_conf,Z_noise1,1,4,10,2,0.438757222445211,0.4373474127487919,-0.0014098096964190732
X_conf,Z_noise2,1,5,10,2,0.4340298634129503,0.43362384510920754,-0.00040601830374276116
X_conf,Z_noise3,1,6,10,2,0.4356768434018385,0.43298159998993935,-0.0026952434118991397
X_syn1,X_causal,2,0,10,2,0.49332000691654837,0.4924153985529098,-0.0009046083636385926
X_syn1,X_conf,2,1,10,2,0.43653982869290425,0.4939461186443997,0.05740628995149544
X_syn1,X_syn2,2,3,10,2,0.4743155517547893,0.49799816923790124,0.023682617483111956
X_syn1,Z_noise1,2,4,10,2,0.49541221068477004,0.4922498156787374,-0.003162395006032659
X_syn1,Z_noise2,2,5,10,2,0.493570883472658,0.4964484689035356,0.002877585430877627
X_syn1,Z_noise3,2,6,10,2,0.4970772546251089,0.4918012097119176,-0.00527604491319128
X_syn2,X_causal,3,0,10,2,0.49592409260998194,0.49467139495055173,-0.001252697659430202
X_syn2,X_conf,3,1,10,2,0.4369809464967739,0.4931454319914362,0.0561644854946623
X_syn2,X_syn1,3,2,10,2,0.4747824611223786,0.4897574595021183,0.014974998379739701
X_syn2,Z_noise1,3,4,10,2,0.4936229865143725,0.4945172190591927,0.0008942325448202393
X_syn2,Z_noise2,3,5,10,2,0.4947400396897648,0.4963154213200277,0.0015753816302628842
X_syn2,Z_noise3,3,6,10,2,0.4933619045098918,0.4869703234737661,-0.006391581036125693
Z_noise1,X_causal,4,0,10,2,0.49636572184814154,0.4906602480275796,-0.005705473820561913
Z_noise1,X_conf,4,1,10,2,0.439560717546479,0.4920365987657339,0.052475881219254894
Z_noise1,X_syn1,4,2,10,2,0.495404995775554,0.4945501326780355,-0.0008548630975185323
Z_noise1,X_syn2,4,3,10,2,0.49368484250134875,0.4966096735012438,0.002924830999895045
Z_noise1,Z_noise2,4,5,10,2,0.4931371057031261,0.4987290655915644,0.005591959888438303
Z_noise1,Z_noise3,4,6,10,2,0.4950223911583587,0.4965008354108574,0.0014784442524986563
Z_noise2,X_causal,5,0,10,2,0.4978498637468102,0.49582346148653533,-0.00202640226027484
Z_noise2,X_conf,5,1,10,2,0.4338922963476812,0.49635999501241235,0.062467698664731175
Z_noise2,X_syn1,5,2,10,2,0.49356186162069954,0.49295853846642723,-0.0006033231542723061
Z_noise2,X_syn2,5,3,10,2,0.49532251496995966,0.49205987240716015,-0.0032626425627995115
Z_noise2,Z_noise1,5,4,10,2,0.49364777621504613,0.49637488163588955,0.002727105420843423
Z_noise2,Z_noise3,5,6,10,2,0.493634879960039,0.49277801330905496,-0.0008568666509840561
Z_noise3,X_causal,6,0,10,2,0.49763220944078573,0.4946132755075633,-0.003018933933222445
Z_noise3,X_conf,6,1,10,2,0.43534257932522225,0.494069333797835,0.058726754472612774
Z_noise3,X_syn1,6,2,10,2,0.4960815640817037,0.49196414721524695,-0.0041174168664567246
Z_noise3,X_syn2,6,3,10,2,0.4930495884871452,0.4915241962082682,-0.0015253922788769914
Z_noise3,Z_noise1,6,4,10,2,0.4945402932758844,0.4958545547701937,0.001314261494309299
Z_noise3,Z_noise2,6,5,10,2,0.493550063947774,0.49889069121187424,0.005340627264100228
X_causal,X_conf,0,1,10,3,0.44716810732887013,0.49616229974991977,0.04899419242104963
X_causal,X_syn1,0,2,10,3,0.4934573184723866,0.49768829926595665,0.004230980793570038
X_causal,X_syn2,0,3,10,3,0.4996839071133683,0.496408519268952,-0.0032753878444162776
X_causal,Z_noise1,0,4,10,3,0.4948235479959285,0.4942081865534632,-0.0006153614424652676
X_causal,Z_noise2,0,5,10,3,0.49819114107926943,0.4986631043417298,0.0004719632624603509
X_causal,Z_noise3,0,6,10,3,0.4975226123195322,0.497730620896578,0.0002080085770457818
X_conf,X_causal,1,0,10,3,0.44676064825292344,0.45320508285051664,0.006444434597593196
X_conf,X_syn1,1,2,10,3,0.44940753864791805,0.44746542344686996,-0.001942115201048089
X_conf,X_syn2,1,3,10,3,0.44998476277298266,0.4508394827385976,0.0008547199656149251
X_conf,Z_noise1,1,4,10,3,0.4494928218260943,0.4469614236526576,-0.002531398173436672
X_conf,Z_noise2,1,5,10,3,0.4449330869463552,0.45311728460381695,0.008184197657461756
X_conf,Z_noise3,1,6,10,3,0.44946151448616606,0.4476020060691877,-0.0018595084169783505
X_syn1,X_causal,2,0,10,3,0.49460635916008683,0.49312515606046126,-0.001481203099625572
X_syn1,X_conf,2,1,10,3,0.44786912913599775,0.4902393137904216,0.04237018465442388
X_syn1,X_syn2,2,3,10,3,0.46443036517759734,0.4902151258778823,0.02578476070028496
X_syn1,Z_noise1,2,4,10,3,0.48937191607404645,0.4904511914766335,0.0010792754025870654
X_syn1,Z_noise2,2,5,10,3,0.4941025987790455,0.49350920975663054,-0.0005933890224149585
X_syn1,Z_noise3,2,6,10,3,0.4938582197739484,0.49429507996170713,0.00043686018775873636
X_syn2,X_causal,3,0,10,3,0.4991772877319633,0.500011091286803,0.000833803554839696
X_syn2,X_conf,3,1,10,3,0.45110122766563776,0.4964249962169065,0.04532376855126874
X_syn2,X_syn1,3,2,10,3,0.46543869528505777,0.49524759372927696,0.02980889844421919
X_syn2,Z_noise1,3,4,10,3,0.4967431224849005,0.4961346166473807,-0.0006085058375198127
X_syn2,Z_noise2,3,5,10,3,0.5011763594091281,0.49568648667308024,-0.0054898727360478405
X_syn2,Z_noise3,3,6,10,3,0.5016406104348056,0.4971622336432222,-0.0044783767915833605
Z_noise1,X_causal,4,0,10,3,0.49443515509038416,0.49646283875760944,0.0020276836672252774
Z_noise1,X_conf,4,1,10,3,0.44977435219589085,0.49178533921444295,0.042010987018552104
Z_noise1,X_syn1,4,2,10,3,0.48876487841841354,0.49494238609706986,0.006177507678656324
Z_noise1,X_syn2,4,3,10,3,0.49689241182072313,0.4966723497854195,-0.00022006203530361423
Z_noise1,Z_noise2,4,5,10,3,0.4913720107457405,0.4929646458112232,0.0015926350654826837
Z_noise1,Z_noise3,4,6,10,3,0.49455668702782524,0.4924380870293857,-0.002118599998439552
Z_noise2,X_causal,5,0,10,3,0.49810235061275887,0.4948483634392658,-0.003253987173493067
Z_noise2,X_conf,5,1,10,3,0.4452302124516626,0.4964626950151897,0.05123248256352708
Z_noise2,X_syn1,5,2,10,3,0.4952499610664545,0.4930920539932299,-0.0021579070732246075
Z_noise2,X_syn2,5,3,10,3,0.5011209871142563,0.49662864972320186,-0.0044923373910544795
Z_noise2,Z_noise1,5,4,10,3,0.49277715494371366,0.49772066281195965,0.004943507868245989
Z_noise2,Z_noise3,5,6,10,3,0.4963343531761974,0.49662117516416254,0.0002868219879651468
Z_noise3,X_causal,6,0,10,3,0.4974248547611443,0.4981795159802163,0.0007546612190720281
Z_noise3,X_conf,6,1,10,3,0.4494814828734175,0.49584444770108116,0.046362964827663666
Z_noise3,X_syn1,6,2,10,3,0.4936186982597665,0.4965909965180136,0.0029722982582470747
Z_noise3,X_syn2,6,3,10,3,0.5016646776265593,0.4963613603994469,-0.005303317227112414
Z_noise3,Z_noise1,6,4,10,3,0.4942198473184382,0.49641225024854285,0.002192402930104642
Z_noise3,Z_noise2,6,5,10,3,0.4961127145801112,0.49792344516226217,0.0018107305821509767
X_causal,X_conf,0,1,10,4,0.43162673073549557,0.4962784664407207,0.06465173570522514
X_causal,X_syn1,0,2,10,4,0.4946589737719836,0.496445846776673,0.0017868730046894377
X_causal,X_syn2,0,3,10,4,0.49730113055414216,0.49461282828090825,-0.0026883022732339112
X_causal,Z_noise1,0,4,10,4,0.49460925931717004,0.4935098566545888,-0.0010994026625812392
X_causal,Z_noise2,0,5,10,4,0.49907358704146665,0.4928061035400471,-0.006267483501419535
X_causal,Z_noise3,0,6,10,4,0.4966660606574323,0.492551997309309,-0.004114063348123309
X_conf,X_causal,1,0,10,4,0.43267453331426375,0.4320798876933765,-0.0005946456208872353
X_conf,X_syn1,1,2,10,4,0.43638383254815755,0.43337457596652623,-0.0030092565816313144
X_conf,X_syn2,1,3,10,4,0.43384751440468977,0.43347354063395005,-0.0003739737707397217
X_conf,Z_noise1,1,4,10,4,0.4371520459543679,0.43489961197579247,-0.002252433978575441
X_conf,Z_noise2,1,5,10,4,0.4347669271734975,0.4361393825193309,0.0013724553458333566
X_conf,Z_noise3,1,6,10,4,0.43507365367293815,0.4336748923954958,-0.001398761277442373
X_syn1,X_causal,2,0,10,4,0.4952174137463254,0.4921684150445746,-0.0030489987017507936
X_syn1,X_conf,2,1,10,4,0.43639023958676415,0.49684025467598164,0.06045001508921749
X_syn1,X_syn2,2,3,10,4,0.47457673622690943,0.4916676144377733,0.017090878210863858
X_syn1,Z_noise1,2,4,10,4,0.4933087635957893,0.49825495411348386,0.004946190517694571
X_syn1,Z_noise2,2,5,10,4,0.49596308686087914,0.49625863898389866,0.0002955521230195157
X_syn1,Z_noise3,2,6,10,4,0.4970569091224125,0.4961589003508533,-0.0008980087715592111
X_syn2,X_causal,3,0,10,4,0.4973344323419156,0.4940140839724402,-0.0033203483694754232
X_syn2,X_conf,3,1,10,4,0.4338779073111968,0.5013598380291265,0.06748193071792974
X_syn2,X_syn1,3,2,10,4,0.475624411986123,0.5014414103082253,0.025816998322102325
X_syn2,Z_noise1,3,4,10,4,0.4971012587749522,0.49637172657879614,-0.0007295321961560686
X_syn2,Z_noise2,3,5,10,4,0.497338089820793,0.49536905250224067,-0.0019690373185523025
X_syn2,Z_noise3,3,6,10,4,0.49787128479123816,0.49624015251231707,-0.001631132278921088
Z_noise1,X_causal,4,0,10,4,0.49481777725062176,0.48980151152207024,-0.005016265728551517
Z_noise1,X_conf,4,1,10,4,0.43613629299444595,0.49848620215510564,0.06234990916065969
Z_noise1,X_syn1,4,2,10,4,0.4938760822157934,0.4953112059075181,0.0014351236917247157
Z_noise1,X_syn2,4,3,10,4,0.4971760065309307,0.495422235270961,-0.001753771259969672
Z_noise1,Z_noise2,4,5,10,4,0.49836648159298114,0.49099358989461067,-0.007372891698370465
Z_noise1,Z_noise3,4,6,10,4,0.49625185795759924,0.48916852400893673,-0.007083333948662507
Z_noise2,X_causal,5,0,10,4,0.4987417936914873,0.49173874792799843,-0.007003045763488869
Z_noise2,X_conf,5,1,10,4,0.4343226111997849,0.49921578723808835,0.06489317603830347
Z_noise2,X_syn1,5,2,10,4,0.4966600278097353,0.49752701609437255,0.0008669882846372712
Z_noise2,X_syn2,5,3,10,4,0.4971828709944585,0.4955070914419354,-0.0016757795525231267
Z_noise2,Z_noise1,5,4,10,4,0.49888808460330397,0.49613317744877117,-0.002754907154532804
Z_noise2,Z_noise3,5,6,10,4,0.5001015444909505,0.4941169303307311,-0.005984614160219337
Z_noise3,X_causal,6,0,10,4,0.4964716305462999,0.4903137928312143,-0.006157837715085601
Z_noise3,X_conf,6,1,10,4,0.43558344813543326,0.4981971839700842,0.06261373583465096
Z_noise3,X_syn1,6,2,10,4,0.49707055140047873,0.49597760463195956,-0.0010929467685191763
Z_noise3,X_syn2,6,3,10,4,0.49761753993378516,0.49354478588918543,-0.0040727540445997246
Z_noise3,Z_noise1,6,4,10,4,0.49687051416353,0.4942992137482813,-0.002571300415248723
Z_noise3,Z_noise2,6,5,10,4,0.4991433086214938,0.49523363640169416,-0.003909672219799654
X_causal,X_conf,0,1,10,5,0.4530103650693779,0.4944306381755305,0.041420273106152594
X_causal,X_syn1,0,2,10,5,0.49513155221498983,0.4978412427945544,0.00270969057956455
X_causal,X_syn2,0,3,10,5,0.500263892231123,0.4978201726383464,-0.0024437195927766164
X_causal,Z_noise1,0,4,10,5,0.49532524599288946,0.5022564356235887,0.006931189630699219
X_causal,Z_noise2,0,5,10,5,0.5011242295146292,0.49858137247188405,-0.0025428570427451502
X_causal,Z_noise3,0,6,10,5,0.5005953994783565,0.49467440472459956,-0.0059209947537569585
X_conf,X_causal,1,0,10,5,0.45299371728470633,0.45256175783406166,-0.00043195945064467
X_conf,X_syn1,1,2,10,5,0.44842605725874685,0.45060319591718007,0.0021771386584332197
X_conf,X_syn2,1,3,10,5,0.45099988068167635,0.4505734384927859,-0.0004264421888904302
X_conf,Z_noise1,1,4,10,5,0.45274205956064556,0.4524545101706656,-0.0002875493899799353
X_conf,Z_noise2,1,5,10,5,0.45458922842400196,0.45677739430524716,0.0021881658812452076
X_conf,Z_noise3,1,6,10,5,0.44980629571384906,0.4499320714226178,0.00012577570876876054
X_syn1,X_causal,2,0,10,5,0.49559011104497436,0.4983507758853332,0.002760664840358862
X_syn1,X_conf,2,1,10,5,0.4484952282440837,0.4954553544608298,0.046960126216746056
X_syn1,X_syn2,2,3,10,5,0.4694342536234375,0.497007780560501,0.027573526937063497
X_syn1,Z_noise1,2,4,10,5,0.49988629737334467,0.5023980139184399,0.0025117165450951884
X_syn1,Z_noise2,2,5,10,5,0.5001764821372651,0.4982018982493977,-0.001974583887867365
X_syn1,Z_noise3,2,6,10,5,0.49976480582764404,0.4950389634486223,-0.0047258423790217385
X_syn2,X_causal,3,0,10,5,0.5000811154266493,0.4993315817110728,-0.0007495337155765669
X_syn2,X_conf,3,1,10,5,0.4510721921318209,0.4953346332240405,0.04426244109221955
X_syn2,X_syn1,3,2,10,5,0.4696774562212565,0.49969027759510404,0.03001282137384753
X_syn2,Z_noise1,3,4,10,5,0.5021897706115425,0.5001873310157634,-0.0020024395957790597
X_syn2,Z_noise2,3,5,10,5,0.5047746812693918,0.4980091829792146,-0.006765498290177252
X_syn2,Z_noise3,3,6,10,5,0.5003810311178357,0.4968609707801192,-0.003520060337716513
Z_noise1,X_causal,4,0,10,5,0.4958446026142663,0.49890425761915125,0.0030596550048849203
Z_noise1,X_conf,4,1,10,5,0.45229860601066957,0.4938555755925602,0.041556969581890646
Z_noise1,X_syn1,4,2,10,5,0.499375580662814,0.49686398834605844,-0.002511592316755573
Z_noise1,X_syn2,4,3,10,5,0.5015347231950441,0.4967354772658568,-0.00479924592918729
Z_noise1,Z_noise2,4,5,10,5,0.4967339137072948,0.4972608335156705,0.0005269198083757143
Z_noise1,Z_noise3,4,6,10,5,0.4977770396487085,0.49247757592493396,-0.0052994637237745446
Z_noise2,X_causal,5,0,10,5,0.5002509540254124,0.49916687023323464,-0.0010840837921777813
Z_noise2,X_conf,5,1,10,5,0.4557891096471738,0.4959530454582368,0.040163935811063034
Z_noise2,X_syn1,5,2,10,5,0.49986200508004447,0.4991523217684592,-0.0007096833115852741
Z_noise2,X_syn2,5,3,10,5,0.5043115046565827,0.498938166976405,-0.0053733376801777255
Z_noise2,Z_noise1,5,4,10,5,0.4956712909450264,0.5013567159198444,0.005685424974818054
Z_noise2,Z_noise3,5,6,10,5,0.4991152118655817,0.5014735080569849,0.002358296191403153
Z_noise3,X_causal,6,0,10,5,0.4998522452135483,0.49965526719759285,-0.00019697801595547348
Z_noise3,X_conf,6,1,10,5,0.4504969568329233,0.49362250341125086,0.04312554657832757
Z_noise3,X_syn1,6,2,10,5,0.5005250379462056,0.5009473168070964,0.00042227886089074573
Z_noise3,X_syn2,6,3,10,5,0.5001161703721373,0.49764556474009314,-0.002470605632044154
Z_noise3,Z_noise1,6,4,10,5,0.49791908765271004,0.49825665936016794,0.00033757170745790654
Z_noise3,Z_noise2,6,5,10,5,0.4989984199177447,0.5000453534365604,0.0010469335188157403
X_causal,X_conf,0,1,10,6,0.42093822650256235,0.49720245717484424,0.07626423067228189
X_causal,X_syn1,0,2,10,6,0.4983576869532495,0.4940904395583436,-0.004267247394905915
X_causal,X_syn2,0,3,10,6,0.4915019508319149,0.4956468032341573,0.004144852402242383
X_causal,Z_noise1,0,4,10,6,0.49661388418535346,0.4949189544394575,-0.0016949297458959678
X_causal,Z_noise2,0,5,10,6,0.49516318029442774,0.49676963396291185,0.001606453668484109
X_causal,Z_noise3,0,6,10,6,0.4952040930824518,0.49212407380179757,-0.0030800192806542115
X_conf,X_causal,1,0,10,6,0.41890728063800026,0.43179411484216573,0.012886834204165476
X_conf,X_syn1,1,2,10,6,0.4250014116094537,0.4245393948208549,-0.0004620167885988069
X_conf,X_syn2,1,3,10,6,0.42098678781536814,0.42302778050933537,0.0020409926939672363
X_conf,Z_noise1,1,4,10,6,0.42846794830913654,0.4254651856477467,-0.003002762661389824
X_conf,Z_noise2,1,5,10,6,0.4237139871039551,0.42920986926000154,0.005495882156046461
X_conf,Z_noise3,1,6,10,6,0.42764790736523,0.4190432217737493,-0.008604685591480699
X_syn1,X_causal,2,0,10,6,0.4988444550949894,0.49850324421709036,-0.00034121087789906746
X_syn1,X_conf,2,1,10,6,0.42521705857739284,0.5049790313465825,0.07976197276918967
X_syn1,X_syn2,2,3,10,6,0.4832000739784797,0.5028883668830761,0.01968829290459645
X_syn1,Z_noise1,2,4,10,6,0.49951935689496396,0.5025341150096192,0.003014758114655236
X_syn1,Z_noise2,2,5,10,6,0.4989667102020894,0.5005349748018608,0.0015682645997714406
X_syn1,Z_noise3,2,6,10,6,0.49679012123399935,0.491856113011527,-0.004934008222472364
X_syn2,X_causal,3,0,10,6,0.4919343554748769,0.4966221164667064,0.004687760991829493
X_syn2,X_conf,3,1,10,6,0.42161002272115466,0.5033913482385965,0.08178132551744188
X_syn2,X_syn1,3,2,10,6,0.48491398751548787,0.4992345562150417,0.014320568699553837
X_syn2,Z_noise1,3,4,10,6,0.4959021427841784,0.49521679851416395,-0.0006853442700144319
X_syn2,Z_noise2,3,5,10,6,0.49653474927913266,0.4971811271861862,0.0006463779070535192
X_syn2,Z_noise3,3,6,10,6,0.498176925199323,0.4944548518021889,-0.003722073397134096
Z_noise1,X_causal,4,0,10,6,0.49647277205636536,0.5024777583825434,0.006004986326178019
Z_noise1,X_conf,4,1,10,6,0.4283689604963268,0.5033538455104224,0.07498488501409561
Z_noise1,X_syn1,4,2,10,6,0.4985287835020431,0.5011571504370025,0.002628366934959381
Z_noise1,X_syn2,4,3,10,6,0.4952141571605432,0.5002653885254116,0.005051231364868403
Z_noise1,Z_noise2,4,5,10,6,0.49870295662121583,0.49840174667301645,-0.00030120994819937685
Z_noise1,Z_noise3,4,6,10,6,0.5035640514775188,0.49209259804165173,-0.011471453435867085
Z_noise2,X_causal,5,0,10,6,0.49447700295749886,0.49953317298062844,0.00505617002312958
Z_noise2,X_conf,5,1,10,6,0.42377477398451036,0.5027791804494144,0.07900440646490403
Z_noise2,X_syn1,5,2,10,6,0.4992778092601386,0.49789006743786957,-0.0013877418222690285
Z_noise2,X_syn2,5,3,10,6,0.4971423713847242,0.49801044884633555,0.0008680774616113274
Z_noise2,Z_noise1,5,4,10,6,0.49813986027953616,0.5012015993315273,0.0030617390519911414
Z_noise2,Z_noise3,5,6,10,6,0.49953161047592587,0.49143888170198946,-0.008092728773936408
Z_noise3,X_causal,6,0,10,6,0.49627652177623566,0.4978820357205489,0.0016055139443132416
Z_noise3,X_conf,6,1,10,6,0.42866628428106485,0.5035414958193307,0.07487521153826587
Z_noise3,X_syn1,6,2,10,6,0.4964808698436957,0.49800117792528203,0.001520308081586319
Z_noise3,X_syn2,6,3,10,6,0.4977331942262034,0.49943454434194656,0.0017013501157431832
Z_noise3,Z_noise1,6,4,10,6,0.5040565788886088,0.5034010998330808,-0.0006554790555279855
Z_noise3,Z_noise2,6,5,10,6,0.49977127164857943,0.5026639933373399,0.00289272168876048
X_causal,X_conf,0,1,10,7,0.4368603351402389,0.4924223833220416,0.05556204818180266
X_causal,X_syn1,0,2,10,7,0.4947882824711896,0.4913607107928863,-0.0034275716783033205
X_causal,X_syn2,0,3,10,7,0.49473172357026385,0.4972495906153192,0.0025178670450553553
X_causal,Z_noise1,0,4,10,7,0.4963626501152684,0.49562970748539575,-0.0007329426298726682
X_causal,Z_noise2,0,5,10,7,0.4951090812519531,0.49694052743976524,0.001831446187812169
X_causal,Z_noise3,0,6,10,7,0.49619665716388306,0.49698482886706064,0.0007881717031775759
X_conf,X_causal,1,0,10,7,0.4361615974322885,0.44279096806771273,0.0066293706354242365
X_conf,X_syn1,1,2,10,7,0.44254760705130786,0.4420001178272791,-0.0005474892240287521
X_conf,X_syn2,1,3,10,7,0.43887676043707885,0.4401493150250414,0.0012725545879625488
X_conf,Z_noise1,1,4,10,7,0.4444880204126329,0.43801789265687197,-0.006470127755760946
X_conf,Z_noise2,1,5,10,7,0.4416303309010912,0.44277082999295186,0.0011404990918606472
X_conf,Z_noise3,1,6,10,7,0.44745439955234445,0.4484882835059279,0.0010338839535834476
X_syn1,X_causal,2,0,10,7,0.4931861105053827,0.4954126276422328,0.0022265171368501258
X_syn1,X_conf,2,1,10,7,0.4410732597128856,0.4922019806708379,0.051128720957952345
X_syn1,X_syn2,2,3,10,7,0.46226974823317757,0.49588460319717476,0.03361485496399719
X_syn1,Z_noise1,2,4,10,7,0.49133054662706427,0.49223996189993746,0.000909415272873193
X_syn1,Z_noise2,2,5,10,7,0.4937299947468114,0.4942594240044199,0.0005294292576085158
X_syn1,Z_noise3,2,6,10,7,0.4971124513061908,0.49753982794752966,0.00042737664133885023
X_syn2,X_causal,3,0,10,7,0.4948929843528745,0.49385166047905676,-0.0010413238738177233
X_syn2,X_conf,3,1,10,7,0.4388775059703045,0.4959746237253515,0.057097117755047
X_syn2,X_syn1,3,2,10,7,0.4627402843991406,0.4972846067775402,0.034544322378399606
X_syn2,Z_noise1,3,4,10,7,0.4916951799159108,0.49346588256830887,0.0017707026523980929
X_syn2,Z_noise2,3,5,10,7,0.4950464199927458,0.49616702706015037,0.0011206070674045776
X_syn2,Z_noise3,3,6,10,7,0.49305433082797545,0.4903475560414439,-0.0027067747865315295
Z_noise1,X_causal,4,0,10,7,0.49629695292479337,0.4933360553244664,-0.0029608976003269727
Z_noise1,X_conf,4,1,10,7,0.4452636314809168,0.4950623956468152,0.0497987641658984
Z_noise1,X_syn1,4,2,10,7,0.4914662710621688,0.49560860205354884,0.004142330991380061
Z_noise1,X_syn2,4,3,10,7,0.49200865144228284,0.49376853956615746,0.00175988812387462
Z_noise1,Z_noise2,4,5,10,7,0.49291794220554436,0.49457861065614156,0.0016606684505972025
Z_noise1,Z_noise3,4,6,10,7,0.4954257371269487,0.4933411089803218,-0.00208462814662691
Z_noise2,X_causal,5,0,10,7,0.49446724745027193,0.493337514761989,-0.001129732688282925
Z_noise2,X_conf,5,1,10,7,0.4413656893782459,0.4939056287888311,0.05253993941058521
Z_noise2,X_syn1,5,2,10,7,0.494073018194948,0.49831492500853647,0.004241906813588492
Z_noise2,X_syn2,5,3,10,7,0.49582814013926607,0.49276073070712173,-0.0030674094321443413
Z_noise2,Z_noise1,5,4,10,7,0.49295086389504433,0.49691792260571105,0.0039670587106667154
Z_noise2,Z_noise3,5,6,10,7,0.4975374047976194,0.4943699680914985,-0.003167436706120852
Z_noise3,X_causal,6,0,10,7,0.49692090560214847,0.4931295777048437,-0.0037913278973047415
Z_noise3,X_conf,6,1,10,7,0.44705549140748996,0.4939464826283697,0.04689099122087975
Z_noise3,X_syn1,6,2,10,7,0.49636743556370067,0.49604152788656414,-0.0003259076771365277
Z_noise3,X_syn2,6,3,10,7,0.49350377184100874,0.49644220103211867,0.002938429191109926
Z_noise3,Z_noise1,6,4,10,7,0.4964028729709558,0.49862094325013223,0.0022180702791764206
Z_noise3,Z_noise2,6,5,10,7,0.49697631220096355,0.4958082525476785,-0.0011680596532850362
X_causal,X_conf,0,1,10,8,0.4497849965467,0.494788290526359,0.045003293979658965
X_causal,X_syn1,0,2,10,8,0.49362726876729035,0.49219839208404725,-0.0014288766832430966
X_causal,X_syn2,0,3,10,8,0.49540810845972827,0.4964852937949115,0.0010771853351832505
X_causal,Z_noise1,0,4,10,8,0.494990109110472,0.49504319962907817,5.3090518606191406e-05
X_causal,Z_noise2,0,5,10,8,0.4961387020092582,0.4964221847527328,0.00028348274347461677
X_causal,Z_noise3,0,6,10,8,0.4960122409759548,0.49548975635593634,-0.0005224846200184707
X_conf,X_causal,1,0,10,8,0.4505988472618008,0.45647682112403226,0.005877973862231489
X_conf,X_syn1,1,2,10,8,0.45816258953075,0.4463464287828907,-0.011816160747859294
X_conf,X_syn2,1,3,10,8,0.4515229125827634,0.4522326000655621,0.0007096874827987043
X_conf,Z_noise1,1,4,10,8,0.4529563347705537,0.44972317740378415,-0.0032331573667695457
X_conf,Z_noise2,1,5,10,8,0.45389213537342316,0.4582288388326651,0.00433670345924192
X_conf,Z_noise3,1,6,10,8,0.4516489987934438,0.4497835680353635,-0.0018654307580802665
X_syn1,X_causal,2,0,10,8,0.49225244945410523,0.4996315479813687,0.0073790985272634835
X_syn1,X_conf,2,1,10,8,0.4573255988356229,0.49949624498367,0.04217064614804711
X_syn1,X_syn2,2,3,10,8,0.4733204219618574,0.49389769082839663,0.02057726886653921
X_syn1,Z_noise1,2,4,10,8,0.49864138109492984,0.4982042347563519,-0.00043714633857794283
X_syn1,Z_noise2,2,5,10,8,0.49787539931684766,0.4949151126822044,-0.002960286634643261
X_syn1,Z_noise3,2,6,10,8,0.4951037222044011,0.49981308665694946,0.004709364452548381
X_syn2,X_causal,3,0,10,8,0.4957816159733872,0.49776638052104116,0.00198476454765395
X_syn2,X_conf,3,1,10,8,0.45065682418951325,0.49771752978184547,0.04706070559233222
X_syn2,X_syn1,3,2,10,8,0.4735130498887054,0.49300884623437974,0.019495796345674332
X_syn2,Z_noise1,3,4,10,8,0.49410882816169904,0.496549545022795,0.0024407168610959817
X_syn2,Z_noise2,3,5,10,8,0.4982890809316103,0.4952991242271986,-0.0029899567044117115
X_syn2,Z_noise3,3,6,10,8,0.4979918393956454,0.4960408502951136,-0.0019509891005318192
Z_noise1,X_causal,4,0,10,8,0.4953864336604018,0.49685328517546207,0.0014668515150602635
Z_noise1,X_conf,4,1,10,8,0.4528233401727296,0.4968496971042527,0.04402635693152307
Z_noise1,X_syn1,4,2,10,8,0.4986586311542929,0.49661634377919484,-0.0020422873750980397
Z_noise1,X_syn2,4,3,10,8,0.4946781433167103,0.4978119873573742,0.0031338440406639134
Z_noise1,Z_noise2,4,5,10,8,0.4961120155675272,0.4970552558247459,0.0009432402572187026
Z_noise1,Z_noise3,4,6,10,8,0.49481000321469154,0.4981674783817117,0.003357475167020174
Z_noise2,X_causal,5,0,10,8,0.49612544063505404,0.5002683275782558,0.004142886943201751
Z_noise2,X_conf,5,1,10,8,0.4543115687776003,0.49878385799716324,0.04447228921956292
Z_noise2,X_syn1,5,2,10,8,0.4987116476113479,0.494706312100796,-0.004005335510551877
Z_noise2,X_syn2,5,3,10,8,0.49809713812122597,0.4972763365566584,-0.0008208015645675415
Z_noise2,Z_noise1,5,4,10,8,0.49501080009483217,0.4955530645087158,0.0005422644138836086
Z_noise2,Z_noise3,5,6,10,8,0.4970279219551921,0.49626564629035125,-0.000762275664840828
Z_noise3,X_causal,6,0,10,8,0.49521676813953924,0.4978902641040926,0.002673495964553352
Z_noise3,X_conf,6,1,10,8,0.45088622434371856,0.4967124995249523,0.04582627518123372
Z_noise3,X_syn1,6,2,10,8,0.49512013927247583,0.4984745907207695,0.0033544514482936605
Z_noise3,X_syn2,6,3,10,8,0.4984004222182984,0.49484072870326545,-0.0035596935150329356
Z_noise3,Z_noise1,6,4,10,8,0.49448051281793887,0.49569084248938305,0.001210329671444188
Z_noise3,Z_noise2,6,5,10,8,0.49733744968522886,0.4940826499630192,-0.003254799722209656
X_causal,X_conf,0,1,10,9,0.433274103729224,0.49711379218918395,0.06383968845995996
X_causal,X_syn1,0,2,10,9,0.49720713903104174,0.49617158673134815,-0.0010355522996935984
X_causal,X_syn2,0,3,10,9,0.495898134807265,0.49454659995798367,-0.001351534849281355
X_causal,Z_noise1,0,4,10,9,0.5017148075702365,0.49532684517742975,-0.006387962392806701
X_causal,Z_noise2,0,5,10,9,0.4934264149276594,0.49467693046223826,0.0012505155345788888
X_causal,Z_noise3,0,6,10,9,0.49895318640830655,0.49901728354955643,6.409714124988586e-05
X_conf,X_causal,1,0,10,9,0.4330658533357976,0.4393461963943119,0.0062803430585142705
X_conf,X_syn1,1,2,10,9,0.4330614200237067,0.44159888365726957,0.008537463633562892
X_conf,X_syn2,1,3,10,9,0.4358299294003763,0.4332893499813288,-0.002540579419047506
X_conf,Z_noise1,1,4,10,9,0.43587746504750746,0.43333857147651017,-0.0025388935709972915
X_conf,Z_noise2,1,5,10,9,0.4322685424285354,0.43306906080971586,0.0008005183811804484
X_conf,Z_noise3,1,6,10,9,0.43830878409494606,0.43918898571693055,0.0008802016219844888
X_syn1,X_causal,2,0,10,9,0.4979230221364745,0.5018396395018999,0.003916617365425423
X_syn1,X_conf,2,1,10,9,0.43324882353932276,0.4941775948360399,0.060928771296717144
X_syn1,X_syn2,2,3,10,9,0.46242448573511563,0.49674873237613365,0.03432424664101802
X_syn1,Z_noise1,2,4,10,9,0.5011250923828305,0.4970775821072119,-0.004047510275618615
X_syn1,Z_noise2,2,5,10,9,0.49481914985642267,0.49682885412203487,0.0020097042656122
X_syn1,Z_noise3,2,6,10,9,0.49917989850035144,0.49965201680121346,0.00047211830086202333
X_syn2,X_causal,3,0,10,9,0.49582375608146406,0.49538479248758027,-0.0004389635938837899
X_syn2,X_conf,3,1,10,9,0.4357102803007443,0.4966647246636568,0.060954444362912474
X_syn2,X_syn1,3,2,10,9,0.46333875466387875,0.4939820528715343,0.030643298207655545
X_syn2,Z_noise1,3,4,10,9,0.5038148583339972,0.4911085490203507,-0.012706309313646469
X_syn2,Z_noise2,3,5,10,9,0.4952902546319498,0.49548545125533067,0.00019519662338085553
X_syn2,Z_noise3,3,6,10,9,0.4950405087351643,0.49834033793798976,0.003299829202825455
Z_noise1,X_causal,4,0,10,9,0.501909052506351,0.49941183203119194,-0.0024972204751590454
Z_noise1,X_conf,4,1,10,9,0.4366508777492003,0.5025857785745618,0.06593490082536146
Z_noise1,X_syn1,4,2,10,9,0.5015273843337293,0.4992771368784745,-0.002250247455254817
Z_noise1,X_syn2,4,3,10,9,0.5035855894100554,0.49724772758039576,-0.006337861829659619
Z_noise1,Z_noise2,4,5,10,9,0.4983905496219894,0.5016977854480719,0.003307235826082444
Z_noise1,Z_noise3,4,6,10,9,0.503866666097844,0.5026929744221051,-0.001173691675738886
Z_noise2,X_causal,5,0,10,9,0.49356948195303557,0.4957585524393697,0.002189070486334155
Z_noise2,X_conf,5,1,10,9,0.4334102316327784,0.49484485468451195,0.06143462305173353
Z_noise2,X_syn1,5,2,10,9,0.49501484973255955,0.49821438820686087,0.003199538474301322
Z_noise2,X_syn2,5,3,10,9,0.4947796519413431,0.489975829460664,-0.004803822480679121
Z_noise2,Z_noise1,5,4,10,9,0.4984882329078807,0.4974803267277521,-0.0010079061801285816
Z_noise2,Z_noise3,5,6,10,9,0.49736384941115985,0.5006980034055063,0.003334153994346445
Z_noise3,X_causal,6,0,10,9,0.4987673294018505,0.49580415257818555,-0.002963176823664926
Z_noise3,X_conf,6,1,10,9,0.4384011019579144,0.5005130972584592,0.06211199530054479
Z_noise3,X_syn1,6,2,10,9,0.49848047346215607,0.4953954704906692,-0.0030850029714868943
Z_noise3,X_syn2,6,3,10,9,0.4953298494894525,0.4995846868001108,0.004254837310658288
Z_noise3,Z_noise1,6,4,10,9,0.5036713180604019,0.4996507598056264,-0.004020558254775486
Z_noise3,Z_noise2,6,5,10,9,0.4975031318548282,0.4973845747307899,-0.00011855712403829877
X_causal,X_conf,0,1,11,0,0.4319880882970786,0.4933326475484701,0.06134455925139154
X_causal,X_syn1,0,2,11,0,0.4942000821589344,0.49319507463099604,-0.001005007527938362
X_causal,X_syn2,0,3,11,0,0.49835853631288307,0.49682581948864984,-0.0015327168242332267
X_causal,Z_noise1,0,4,11,0,0.5009394414549704,0.4938762775382425,-0.007063163916727899
X_causal,Z_noise2,0,5,11,0,0.49722511645453066,0.49549354862369266,-0.001731567830837999
X_causal,Z_noise3,0,6,11,0,0.49802284492541116,0.49494996743911784,-0.003072877486293313
X_conf,X_causal,1,0,11,0,0.43200869545321824,0.4375254682458669,0.005516772792648672
X_conf,X_syn1,1,2,11,0,0.4324894092911922,0.4331928363549648,0.0007034270637726325
X_conf,X_syn2,1,3,11,0,0.4380513897429022,0.4339277513705869,-0.004123638372315275
X_conf,Z_noise1,1,4,11,0,0.4396943445868831,0.43247750996604417,-0.007216834620838941
X_conf,Z_noise2,1,5,11,0,0.43555773469111453,0.4348738974801116,-0.0006838372110029023
X_conf,Z_noise3,1,6,11,0,0.43402606707987496,0.4349344978617932,0.000908430781918268
X_syn1,X_causal,2,0,11,0,0.4943631442551875,0.4967757893072924,0.002412645052104867
X_syn1,X_conf,2,1,11,0,0.4324005657305645,0.4968684605385942,0.06446789480802967
X_syn1,X_syn2,2,3,11,0,0.4707775646716725,0.49625669512081844,0.02547913044914596
X_syn1,Z_noise1,2,4,11,0,0.4970222935110831,0.4959560006512661,-0.0010662928598170196
X_syn1,Z_noise2,2,5,11,0,0.49284421698617337,0.4967185411997712,0.003874324213597846
X_syn1,Z_noise3,2,6,11,0,0.49720990447805635,0.496945049358933,-0.0002648551191233306
X_syn2,X_causal,3,0,11,0,0.49803095279489273,0.4962338687256383,-0.0017970840692544399
X_syn2,X_conf,3,1,11,0,0.4387002039907222,0.49764422109558004,0.05894401710485786
X_syn2,X_syn1,3,2,11,0,0.4699456250642721,0.49358846250591004,0.02364283744163792
X_syn2,Z_noise1,3,4,11,0,0.49634650316769635,0.4949878084115873,-0.0013586947561090579
X_syn2,Z_noise2,3,5,11,0,0.49727778493374347,0.49901560978004644,0.001737824846302971
X_syn2,Z_noise3,3,6,11,0,0.49827530464926384,0.5003583285327892,0.0020830238835253256
Z_noise1,X_causal,4,0,11,0,0.5008038604023384,0.49941562494043357,-0.0013882354619048076
Z_noise1,X_conf,4,1,11,0,0.4400332791490989,0.4989050131843148,0.058871734035215895
Z_noise1,X_syn1,4,2,11,0,0.49624090258487585,0.49821913452432587,0.0019782319394500147
Z_noise1,X_syn2,4,3,11,0,0.49621954239928817,0.4981983925935768,0.001978850194288617
Z_noise1,Z_noise2,4,5,11,0,0.4959237365315385,0.4990797509153631,0.0031560143838246235
Z_noise1,Z_noise3,4,6,11,0,0.5028142358749353,0.4968886183889444,-0.005925617485990964
Z_noise2,X_causal,5,0,11,0,0.49628756524677875,0.4924830988475441,-0.0038044663992346517
Z_noise2,X_conf,5,1,11,0,0.4354565501264899,0.49857013333178535,0.06311358320529542
Z_noise2,X_syn1,5,2,11,0,0.4931581517741076,0.49517747134158874,0.002019319567481137
Z_noise2,X_syn2,5,3,11,0,0.49720050401293114,0.49660684688174017,-0.0005936571311909722
Z_noise2,Z_noise1,5,4,11,0,0.49608783566613107,0.49390336209408725,-0.0021844735720438213
Z_noise2,Z_noise3,5,6,11,0,0.49482208605675904,0.496500070122841,0.001677984066081939
Z_noise3,X_causal,6,0,11,0,0.49787241197825244,0.4980552081721156,0.00018279619386318835
Z_noise3,X_conf,6,1,11,0,0.4333132110768897,0.49528002987122893,0.06196681879433924
Z_noise3,X_syn1,6,2,11,0,0.4975193846546686,0.4975077878407831,-1.1596813885517143e-05
Z_noise3,X_syn2,6,3,11,0,0.4983500231568085,0.49707693537076275,-0.0012730877860457346
Z_noise3,Z_noise1,6,4,11,0,0.5029606868589465,0.49841413860609735,-0.004546548252849114
Z_noise3,Z_noise2,6,5,11,0,0.4954184165889452,0.4964387666371505,0.0010203500482052763
X_causal,X_conf,0,1,11,1,0.4450868788788994,0.49706339181453224,0.051976512935632824
X_causal,X_syn1,0,2,11,1,0.49526454074449205,0.49589586857043877,0.0006313278259467148
X_causal,X_syn2,0,3,11,1,0.4973122573129949,0.4980821428844736,0.0007698855714787234
X_causal,Z_noise1,0,4,11,1,0.4993603172443739,0.49843985400480717,-0.0009204632395667378
X_causal,Z_noise2,0,5,11,1,0.49724041369013916,0.4948795501908773,-0.002360863499261845
X_causal,Z_noise3,0,6,11,1,0.4964543149979869,0.4941045413342839,-0.0023497736637030364
X_conf,X_causal,1,0,11,1,0.4441015873516231,0.44636301298473263,0.0022614256331095484
X_conf,X_syn1,1,2,11,1,0.443970624067159,0.444201978493705,0.00023135442654603766
X_conf,X_syn2,1,3,11,1,0.4452716145837412,0.44658008598882587,0.0013084714050846658
X_conf,Z_noise1,1,4,11,1,0.44828866976036047,0.44004491492159903,-0.008243754838761441
X_conf,Z_noise2,1,5,11,1,0.4454022021203937,0.4488919048734407,0.003489702753046997
X_conf,Z_noise3,1,6,11,1,0.44851372940474593,0.4416902885363969,-0.006823440868349018
X_syn1,X_causal,2,0,11,1,0.49460704261198785,0.4984864226079504,0.003879379995962551
X_syn1,X_conf,2,1,11,1,0.4431038521502787,0.49649774932152774,0.05339389717124904
X_syn1,X_syn2,2,3,11,1,0.47402508816771005,0.49556609403592844,0.021541005868218388
X_syn1,Z_noise1,2,4,11,1,0.49802472413629045,0.4960097145600921,-0.002015009576198379
X_syn1,Z_noise2,2,5,11,1,0.5003737889156733,0.49310594806042607,-0.007267840855247232
X_syn1,Z_noise3,2,6,11,1,0.4957211400726681,0.4952293774535892,-0.000491762619078906
X_syn2,X_causal,3,0,11,1,0.4973259778660717,0.4992225112618344,0.001896533395762734
X_syn2,X_conf,3,1,11,1,0.44530915484335815,0.4970093427790958,0.05170018793573766
X_syn2,X_syn1,3,2,11,1,0.4746819398988071,0.49401247548515365,0.019330535586346564
X_syn2,Z_noise1,3,4,11,1,0.5032185600489048,0.4983460065634255,-0.00487255348547927
X_syn2,Z_noise2,3,5,11,1,0.4989008029730808,0.49463020077800474,-0.004270602195076079
X_syn2,Z_noise3,3,6,11,1,0.4959376788696728,0.49876691793847877,0.0028292390688059443
Z_noise1,X_causal,4,0,11,1,0.4998071311489274,0.5008792080920901,0.001072076943162692
Z_noise1,X_conf,4,1,11,1,0.44775728350021077,0.4993067442292697,0.051549460729058916
Z_noise1,X_syn1,4,2,11,1,0.4976310187991681,0.4980293181937336,0.00039829939456548225
Z_noise1,X_syn2,4,3,11,1,0.5017414821064573,0.500629887234682,-0.0011115948717752566
Z_noise1,Z_noise2,4,5,11,1,0.5009401836750401,0.4987718497495339,-0.002168333925506194
Z_noise1,Z_noise3,4,6,11,1,0.5013862253165584,0.4984567283460206,-0.0029294969705377927
Z_noise2,X_causal,5,0,11,1,0.4972873700883702,0.5027552732232143,0.005467903134844132
Z_noise2,X_conf,5,1,11,1,0.4447143052544098,0.5012413204053431,0.05652701515093328
Z_noise2,X_syn1,5,2,11,1,0.5000749815740044,0.49642654795355845,-0.003648433620445979
Z_noise2,X_syn2,5,3,11,1,0.49890764789330816,0.5016665250985729,0.0027588772052647426
Z_noise2,Z_noise1,5,4,11,1,0.5008790993516087,0.4992110268515982,-0.001668072500010498
Z_noise2,Z_noise3,5,6,11,1,0.4992676280831611,0.4983708941467669,-0.0008967339363942228
Z_noise3,X_causal,6,0,11,1,0.4962814012615327,0.5004670037094933,0.004185602447960568
Z_noise3,X_conf,6,1,11,1,0.4480560623877811,0.4990607614234443,0.05100469903566318
Z_noise3,X_syn1,6,2,11,1,0.49529437328744025,0.49409375023318003,-0.0012006230542602192
Z_noise3,X_syn2,6,3,11,1,0.49555791316313114,0.49819682229877094,0.0026389091356398
Z_noise3,Z_noise1,6,4,11,1,0.49997140155690606,0.4976868525004206,-0.002284549056485452
Z_noise3,Z_noise2,6,5,11,1,0.49877259484020375,0.4938298138156829,-0.004942781024520837
X_causal,X_conf,0,1,11,2,0.4493351136485084,0.4971199529592076,0.047784839310699156
X_causal,X_syn1,0,2,11,2,0.49662891249844193,0.49534843010682983,-0.0012804823916121033
X_causal,X_syn2,0,3,11,2,0.498068820687236,0.4964034575495812,-0.0016653631376548073
X_causal,Z_noise1,0,4,11,2,0.49490989359204524,0.49387570539098524,-0.0010341882010599934
X_causal,Z_noise2,0,5,11,2,0.4936502214316632,0.49631194463834083,0.002661723206677624
X_causal,Z_noise3,0,6,11,2,0.4966899372634351,0.4954924998500532,-0.0011974374133818522
X_conf,X_causal,1,0,11,2,0.44875113319637067,0.4461186508123736,-0.002632482383997048
X_conf,X_syn1,1,2,11,2,0.4503125313037545,0.44825281039228587,-0.00205972091146861
X_conf,X_syn2,1,3,11,2,0.44876298907298506,0.4504031376350735,0.0016401485620884393
X_conf,Z_noise1,1,4,11,2,0.44932999708607974,0.4470787337471774,-0.002251263338902354
X_conf,Z_noise2,1,5,11,2,0.4481502985552104,0.4499012358713897,0.001750937316179313
X_conf,Z_noise3,1,6,11,2,0.450668222371003,0.45140189365859845,0.0007336712875954388
X_syn1,X_causal,2,0,11,2,0.4967840881408363,0.4917051046810403,-0.005078983459796016
X_syn1,X_conf,2,1,11,2,0.44980669499324033,0.4946977700620926,0.04489107506885226
X_syn1,X_syn2,2,3,11,2,0.4691792601744407,0.4944232466006125,0.02524398642617176
X_syn1,Z_noise1,2,4,11,2,0.4939423349808781,0.4948622201808147,0.000919885199936632
X_syn1,Z_noise2,2,5,11,2,0.49456438937338754,0.4969148681949813,0.002350478821593782
X_syn1,Z_noise3,2,6,11,2,0.4933296794944039,0.498491945956772,0.005162266462368059
X_syn2,X_causal,3,0,11,2,0.4976761310239036,0.49100223636533463,-0.006673894658568991
X_syn2,X_conf,3,1,11,2,0.44823553267340066,0.4982383061793391,0.05000277350593846
X_syn2,X_syn1,3,2,11,2,0.46812467276699554,0.4903911189648434,0.022266446197847845
X_syn2,Z_noise1,3,4,11,2,0.49476470009587153,0.4972545998539858,0.0024898997581142557
X_syn2,Z_noise2,3,5,11,2,0.4949509230520818,0.49338785927018003,-0.0015630637819017967
X_syn2,Z_noise3,3,6,11,2,0.4943672578271849,0.49598433758275684,0.0016170797555719596
Z_noise1,X_causal,4,0,11,2,0.4940806903138221,0.4904100471246126,-0.0036706431892095104
Z_noise1,X_conf,4,1,11,2,0.44803278322126694,0.49520130316228944,0.0471685199410225
Z_noise1,X_syn1,4,2,11,2,0.4940614736377222,0.493866314696042,-0.00019515894168020687
Z_noise1,X_syn2,4,3,11,2,0.49400657357577044,0.49605236679234066,0.002045793216570224
Z_noise1,Z_noise2,4,5,11,2,0.48987644386231105,0.49717688023224954,0.00730043636993849
Z_noise1,Z_noise3,4,6,11,2,0.49339346014470054,0.4951203230924249,0.0017268629477243391
Z_noise2,X_causal,5,0,11,2,0.49446271747607223,0.4910025723253391,-0.0034601451507331182
Z_noise2,X_conf,5,1,11,2,0.44730654024699323,0.4970520312469581,0.04974549099996489
Z_noise2,X_syn1,5,2,11,2,0.49451599475639435,0.49305160454873576,-0.0014643902076585946
Z_noise2,X_syn2,5,3,11,2,0.494892065180899,0.500401445534801,0.005509380353902027
Z_noise2,Z_noise1,5,4,11,2,0.49076347543990284,0.4962025689829357,0.005439093543032847
Z_noise2,Z_noise3,5,6,11,2,0.49179517120504246,0.4947010140544289,0.002905842849386442
Z_noise3,X_causal,6,0,11,2,0.4953442212277407,0.4929690339094431,-0.0023751873182976113
Z_noise3,X_conf,6,1,11,2,0.4503338458573613,0.49570525465481136,0.04537140879745005
Z_noise3,X_syn1,6,2,11,2,0.49392298022380504,0.4960780426016859,0.0021550623778808786
Z_noise3,X_syn2,6,3,11,2,0.49387755125877286,0.49893389335975324,0.005056342100980382
Z_noise3,Z_noise1,6,4,11,2,0.4927482044268337,0.49063454156195646,-0.0021136628648772415
Z_noise3,Z_noise2,6,5,11,2,0.491866943233207,0.4942235104784923,0.002356567245285268
X_causal,X_conf,0,1,11,3,0.4411837595938802,0.49198833510068923,0.05080457550680906
X_causal,X_syn1,0,2,11,3,0.4970332204398386,0.4935165340674285,-0.003516686372410094
X_causal,X_syn2,0,3,11,3,0.4979891751257776,0.49233229910897847,-0.0056568760167991505
X_causal,Z_noise1,0,4,11,3,0.4944864260415292,0.4937807952736713,-0.000705630767857901
X_causal,Z_noise2,0,5,11,3,0.49564833046481244,0.498051123178486,0.0024027927136735516
X_causal,Z_noise3,0,6,11,3,0.4962345743048462,0.4945670581064029,-0.0016675161984432973
X_conf,X_causal,1,0,11,3,0.4405589460093357,0.4382032129726937,-0.0023557330366419937
X_conf,X_syn1,1,2,11,3,0.4377466252468573,0.43636860099588815,-0.0013780242509691676
X_conf,X_syn2,1,3,11,3,0.4346377090480921,0.4376827956645247,0.003045086616432602
X_conf,Z_noise1,1,4,11,3,0.43641527247141454,0.4369188795590485,0.0005036070876339727
X_conf,Z_noise2,1,5,11,3,0.43642084177679097,0.4362910782584908,-0.0001297635183001855
X_conf,Z_noise3,1,6,11,3,0.43849257408290093,0.43564950028797156,-0.002843073794929374
X_syn1,X_causal,2,0,11,3,0.49745181991463794,0.4973558900474678,-9.592986717016361e-05
X_syn1,X_conf,2,1,11,3,0.4380044391951821,0.493146401540619,0.05514196234543689
X_syn1,X_syn2,2,3,11,3,0.47735798786878036,0.4934535335958641,0.016095545727083715
X_syn1,Z_noise1,2,4,11,3,0.4948655263079219,0.4951938017080098,0.00032827540008789624
X_syn1,Z_noise2,2,5,11,3,0.49418925265077757,0.49699011588249925,0.002800863231721684
X_syn1,Z_noise3,2,6,11,3,0.4992109717833763,0.4948656820831648,-0.00434528970021153
X_syn2,X_causal,3,0,11,3,0.49756781574667347,0.49660049240143633,-0.0009673233452371366
X_syn2,X_conf,3,1,11,3,0.4334845952262668,0.49563898947953644,0.06215439425326963
X_syn2,X_syn1,3,2,11,3,0.4768020264346824,0.49231236728897404,0.015510340854291649
X_syn2,Z_noise1,3,4,11,3,0.4930048374194421,0.49444265829363315,0.0014378208741910314
X_syn2,Z_noise2,3,5,11,3,0.4982687083760574,0.49196373402015703,-0.0063049743559003835
X_syn2,Z_noise3,3,6,11,3,0.49577144448170923,0.4948267361503816,-0.0009447083313276483
Z_noise1,X_causal,4,0,11,3,0.4948390305350616,0.4935300508383102,-0.0013089796967514222
Z_noise1,X_conf,4,1,11,3,0.43661173886202487,0.494207089337664,0.05759535047563913
Z_noise1,X_syn1,4,2,11,3,0.4951965842756176,0.48822320314729833,-0.006973381128319245
Z_noise1,X_syn2,4,3,11,3,0.4930612387049194,0.48964388514982904,-0.0034173535550903744
Z_noise1,Z_noise2,4,5,11,3,0.49034554946885517,0.49507287988503496,0.004727330416179787
Z_noise1,Z_noise3,4,6,11,3,0.49297317986552663,0.49519243980999766,0.0022192599444710304
Z_noise2,X_causal,5,0,11,3,0.49584952295315293,0.49338424443570167,-0.0024652785174512637
Z_noise2,X_conf,5,1,11,3,0.4360568572568061,0.4941851346661745,0.05812827740936838
Z_noise2,X_syn1,5,2,11,3,0.49330523722993025,0.4908018946272957,-0.002503342602634573
Z_noise2,X_syn2,5,3,11,3,0.49700978088211256,0.4946960320822621,-0.002313748799850468
Z_noise2,Z_noise1,5,4,11,3,0.489446548852721,0.49367434741396776,0.004227798561246776
Z_noise2,Z_noise3,5,6,11,3,0.4927669689774974,0.4995829393365181,0.006815970359020707
Z_noise3,X_causal,6,0,11,3,0.49713411683251774,0.4938490424872812,-0.0032850743452365605
Z_noise3,X_conf,6,1,11,3,0.43855216215219683,0.4955206505103475,0.05696848835815066
Z_noise3,X_syn1,6,2,11,3,0.49912947590546736,0.4920215382406658,-0.007107937664801556
Z_noise3,X_syn2,6,3,11,3,0.4966159686679428,0.49254529030207195,-0.004070678365870828
Z_noise3,Z_noise1,6,4,11,3,0.49260099593190343,0.49138448029685516,-0.0012165156350482653
Z_noise3,Z_noise2,6,5,11,3,0.4931952230213289,0.4922050122664574,-0.00099021075487149
X_causal,X_conf,0,1,11,4,0.4534526659859416,0.49608082543180393,0.042628159445862346
X_causal,X_syn1,0,2,11,4,0.4941321693719744,0.49563111754683004,0.00149894817485563
X_causal,X_syn2,0,3,11,4,0.4955398606582413,0.4933560534815899,-0.002183807176651398
X_causal,Z_noise1,0,4,11,4,0.4943361514013905,0.49389193125445563,-0.00044422014693484835
X_causal,Z_noise2,0,5,11,4,0.49752736940542486,0.4948736059947473,-0.0026537634106775787
X_causal,Z_noise3,0,6,11,4,0.4962669559310762,0.4944832361311617,-0.0017837197999145404
X_conf,X_causal,1,0,11,4,0.4538740215658545,0.45278428859398756,-0.0010897329718669302
X_conf,X_syn1,1,2,11,4,0.4517662446206465,0.45030245494683,-0.0014637896738164957
X_conf,X_syn2,1,3,11,4,0.44834165846557983,0.44895828866861054,0.0006166302030307103
X_conf,Z_noise1,1,4,11,4,0.4510443285830437,0.4479457185199584,-0.0030986100630853164
X_conf,Z_noise2,1,5,11,4,0.44870399474222034,0.45275416516941985,0.004050170427199518
X_conf,Z_noise3,1,6,11,4,0.4486617579420948,0.45344586296512013,0.004784105023025342
X_syn1,X_causal,2,0,11,4,0.49565223628282434,0.49299231935335136,-0.002659916929472983
X_syn1,X_conf,2,1,11,4,0.45176066008688076,0.49243631911026536,0.0406756590233846
X_syn1,X_syn2,2,3,11,4,0.47244124925531084,0.4888274792166848,0.016386229961373955
X_syn1,Z_noise1,2,4,11,4,0.4907823234909004,0.4890676633710215,-0.001714660119878919
X_syn1,Z_noise2,2,5,11,4,0.49495148501897757,0.4920866011926576,-0.0028648838263199417
X_syn1,Z_noise3,2,6,11,4,0.49425173131567457,0.49117925344562274,-0.0030724778700518263
X_syn2,X_causal,3,0,11,4,0.4961561599340926,0.4997378238634141,0.003581663929321466
X_syn2,X_conf,3,1,11,4,0.4495824352006997,0.49601260355429094,0.04643016835359126
X_syn2,X_syn1,3,2,11,4,0.47293325510502615,0.49484490568073725,0.021911650575711095
X_syn2,Z_noise1,3,4,11,4,0.4945614657723129,0.4956236531118913,0.0010621873395784132
X_syn2,Z_noise2,3,5,11,4,0.49649807068982166,0.4965115874331433,1.3516743321617675e-05
X_syn2,Z_noise3,3,6,11,4,0.494087203375004,0.49904679647862166,0.004959593103617654
Z_noise1,X_causal,4,0,11,4,0.49464276457278894,0.4967940507104546,0.0021512861376656867
Z_noise1,X_conf,4,1,11,4,0.4502866180298213,0.4955910873609456,0.04530446933112431
Z_noise1,X_syn1,4,2,11,4,0.49111750563563256,0.495538373879441,0.00442086824380844
Z_noise1,X_syn2,4,3,11,4,0.49463706287342546,0.49182541498011456,-0.002811647893310898
Z_noise1,Z_noise2,4,5,11,4,0.4956535794939201,0.49160224033232025,-0.004051339161599832
Z_noise1,Z_noise3,4,6,11,4,0.49576946275034023,0.4974937076644416,0.0017242449141013916
Z_noise2,X_causal,5,0,11,4,0.49697124315675895,0.4961340109597158,-0.0008372321970431251
Z_noise2,X_conf,5,1,11,4,0.4478247702660104,0.4966932662967466,0.048868496030736175
Z_noise2,X_syn1,5,2,11,4,0.49495683691317444,0.49538192768140005,0.0004250907682256111
Z_noise2,X_syn2,5,3,11,4,0.4977613166215745,0.4947307497844941,-0.0030305668370804173
Z_noise2,Z_noise1,5,4,11,4,0.4958176281677274,0.49280899495290426,-0.003008633214823142
Z_noise2,Z_noise3,5,6,11,4,0.49424643677805463,0.4956576949060229,0.0014112581279682734
Z_noise3,X_causal,6,0,11,4,0.4966457586144352,0.49473889702717033,-0.0019068615872648853
Z_noise3,X_conf,6,1,11,4,0.4481763387397379,0.4958960849244652,0.047719746184727296
Z_noise3,X_syn1,6,2,11,4,0.49390094358509185,0.49456730811568683,0.0006663645305949872
Z_noise3,X_syn2,6,3,11,4,0.494803017983561,0.4934348905623804,-0.0013681274211806427
Z_noise3,Z_noise1,6,4,11,4,0.49441840341257554,0.4957842735474026,0.0013658701348270852
Z_noise3,Z_noise2,6,5,11,4,0.49437188801895104,0.4943835540364033,1.1666017452283128e-05
X_causal,X_conf,0,1,11,5,0.4266087713073919,0.49694447717575724,0.07033570586836535
X_causal,X_syn1,0,2,11,5,0.49674281442932466,0.49845201178285303,0.0017091973535283689
X_causal,X_syn2,0,3,11,5,0.4925332073149021,0.4982180847067685,0.005684877391866405
X_causal,Z_noise1,0,4,11,5,0.4925036919079207,0.49356211821760443,0.0010584263096837243
X_causal,Z_noise2,0,5,11,5,0.4969784170475409,0.4944538496641767,-0.002524567383364207
X_causal,Z_noise3,0,6,11,5,0.4968168979554971,0.4926260693300313,-0.004190828625465826
X_conf,X_causal,1,0,11,5,0.427789233552648,0.42726177018460443,-0.0005274633680435459
X_conf,X_syn1,1,2,11,5,0.42814152449857545,0.4308697534731476,0.0027282289745721444
X_conf,X_syn2,1,3,11,5,0.437861714899354,0.42693890571429854,-0.010922809185055449
X_conf,Z_noise1,1,4,11,5,0.4278675856521815,0.4265250088093246,-0.0013425768428569351
X_conf,Z_noise2,1,5,11,5,0.43226144658437465,0.42873234349560235,-0.0035291030887723007
X_conf,Z_noise3,1,6,11,5,0.4334742325308168,0.4324869229987254,-0.0009873095320914183
X_syn1,X_causal,2,0,11,5,0.4961406442278469,0.4923241141482758,-0.003816530079571112
X_syn1,X_conf,2,1,11,5,0.4283034661310165,0.498874736888046,0.07057127075702951
X_syn1,X_syn2,2,3,11,5,0.4730157590603668,0.4984616013034153,0.025445842243048522
X_syn1,Z_noise1,2,4,11,5,0.4945608048020791,0.4938744831118916,-0.000686321690187508
X_syn1,Z_noise2,2,5,11,5,0.4954461881511318,0.4971284301780435,0.0016822420269116956
X_syn1,Z_noise3,2,6,11,5,0.49485438511092755,0.4950296245136744,0.0001752394027468296
X_syn2,X_causal,3,0,11,5,0.4926641668456497,0.49548471447682924,0.0028205476311795596
X_syn2,X_conf,3,1,11,5,0.43769876811806435,0.49605097716951424,0.05835220905144989
X_syn2,X_syn1,3,2,11,5,0.4734509203365729,0.49893687557033917,0.02548595523376629
X_syn2,Z_noise1,3,4,11,5,0.4929004015985732,0.49470118951211633,0.001800787913543156
X_syn2,Z_noise2,3,5,11,5,0.4959713587353344,0.495516788774042,-0.0004545699612923948
X_syn2,Z_noise3,3,6,11,5,0.4990954848691957,0.49571559545615373,-0.0033798894130419588
Z_noise1,X_causal,4,0,11,5,0.49255255543560333,0.49353209966291733,0.0009795442273139998
Z_noise1,X_conf,4,1,11,5,0.4280557491435146,0.49329409374483146,0.06523834460131689
Z_noise1,X_syn1,4,2,11,5,0.4944595568547149,0.4969444821718866,0.0024849253171717045
Z_noise1,X_syn2,4,3,11,5,0.49324865019045694,0.4960700246181519,0.002821374427694978
Z_noise1,Z_noise2,4,5,11,5,0.4952130423390814,0.4963825041156378,0.0011694617765563575
Z_noise1,Z_noise3,4,6,11,5,0.49356847420499067,0.4979854435179236,0.00441696931293295
Z_noise2,X_causal,5,0,11,5,0.4969481672832344,0.4933570632600713,-0.003591104023163094
Z_noise2,X_conf,5,1,11,5,0.43165666847495743,0.49857445713414894,0.06691778865919151
Z_noise2,X_syn1,5,2,11,5,0.4960228091878153,0.49936762095696996,0.0033448117691546875
Z_noise2,X_syn2,5,3,11,5,0.4961143395812232,0.4957000649887171,-0.000414274592506092
Z_noise2,Z_noise1,5,4,11,5,0.4954104690707719,0.49634625625379136,0.0009357871830194542
Z_noise2,Z_noise3,5,6,11,5,0.49851878139764944,0.4960820115372647,-0.002436769860384713
Z_noise3,X_causal,6,0,11,5,0.4971677310291902,0.49340289694855033,-0.0037648340806398783
Z_noise3,X_conf,6,1,11,5,0.4341932975533056,0.4985923234117935,0.06439902585848789
Z_noise3,X_syn1,6,2,11,5,0.49560777858294613,0.4981438886355628,0.002536110052616669
Z_noise3,X_syn2,6,3,11,5,0.49917786356712546,0.4983399864425358,-0.0008378771245896588
Z_noise3,Z_noise1,6,4,11,5,0.4940822747497396,0.49338213657092195,-0.0007001381788176442
Z_noise3,Z_noise2,6,5,11,5,0.4975897984599351,0.49702962784189186,-0.0005601706180432542
X_causal,X_conf,0,1,11,6,0.4267233926829855,0.5009177465976377,0.07419435391465218
X_causal,X_syn1,0,2,11,6,0.49547007168376384,0.49709057269753243,0.0016205010137685938
X_causal,X_syn2,0,3,11,6,0.49460353743917596,0.4954937612674565,0.000890223828280523
X_causal,Z_noise1,0,4,11,6,0.4946824198169579,0.49699035535917985,0.0023079355422219727
X_causal,Z_noise2,0,5,11,6,0.49714092894413325,0.5002144365076802,0.0030735075635469067
X_causal,Z_noise3,0,6,11,6,0.49802434217001895,0.5006702510622317,0.0026459088922127783
X_conf,X_causal,1,0,11,6,0.426097800342065,0.4254560537638928,-0.0006417465781722309
X_conf,X_syn1,1,2,11,6,0.4203848928262371,0.418771810785699,-0.0016130820405381163
X_conf,X_syn2,1,3,11,6,0.42506981999691557,0.42254853307475987,-0.0025212869221556966
X_conf,Z_noise1,1,4,11,6,0.42431024684926627,0.4237759122377084,-0.0005343346115578851
X_conf,Z_noise2,1,5,11,6,0.42071602282367665,0.42773233497245966,0.0070163121487830105
X_conf,Z_noise3,1,6,11,6,0.4253734477075145,0.4262854637443542,0.0009120160368397134
X_syn1,X_causal,2,0,11,6,0.49502343033167895,0.4966855345623614,0.0016621042306824707
X_syn1,X_conf,2,1,11,6,0.42028483998162586,0.4976299164606405,0.07734507647901462
X_syn1,X_syn2,2,3,11,6,0.4692874316135555,0.49247716495903904,0.02318973334548352
X_syn1,Z_noise1,2,4,11,6,0.48893170085960147,0.4937668546071618,0.004835153747560328
X_syn1,Z_noise2,2,5,11,6,0.49376851538882083,0.49793072699320656,0.004162211604385735
X_syn1,Z_noise3,2,6,11,6,0.49442305357409094,0.49345380591452337,-0.0009692476595675736
X_syn2,X_causal,3,0,11,6,0.4947713939989399,0.49461855378678304,-0.00015284021215683508
X_syn2,X_conf,3,1,11,6,0.4246489142193575,0.4932241306452777,0.06857521642592018
X_syn2,X_syn1,3,2,11,6,0.4692328136295386,0.49457582643560954,0.02534301280607093
X_syn2,Z_noise1,3,4,11,6,0.4946637718443185,0.49733768823891394,0.002673916394595466
X_syn2,Z_noise2,3,5,11,6,0.49689522168332595,0.4966701226106881,-0.00022509907263784656
X_syn2,Z_noise3,3,6,11,6,0.49496780713901384,0.49386027542611727,-0.00110753171289657
Z_noise1,X_causal,4,0,11,6,0.4943014033359472,0.49795688676457683,0.0036554834286296467
Z_noise1,X_conf,4,1,11,6,0.4246800902909706,0.4934379434361086,0.06875785314513799
Z_noise1,X_syn1,4,2,11,6,0.4902929422715086,0.49126627090094466,0.0009733286294360544
Z_noise1,X_syn2,4,3,11,6,0.493339794343467,0.49206578162610753,-0.0012740127173594407
Z_noise1,Z_noise2,4,5,11,6,0.49369588961888394,0.4935274802210982,-0.00016840939778572928
Z_noise1,Z_noise3,4,6,11,6,0.4968925932163153,0.49197709571151216,-0.004915497504803135
Z_noise2,X_causal,5,0,11,6,0.4976202102938221,0.497635129984401,1.4919690578929501e-05
Z_noise2,X_conf,5,1,11,6,0.4208133360924368,0.4989914906338641,0.07817815454142729
Z_noise2,X_syn1,5,2,11,6,0.49339654596390536,0.49516649897889353,0.0017699530149881681
Z_noise2,X_syn2,5,3,11,6,0.49696815118460175,0.49619076053377154,-0.000777390650830212
Z_noise2,Z_noise1,5,4,11,6,0.4938812975728122,0.4932689814683397,-0.0006123161044724879
Z_noise2,Z_noise3,5,6,11,6,0.4985305514864663,0.4972395289165463,-0.001291022569919975
Z_noise3,X_causal,6,0,11,6,0.4982257631774799,0.4988829957649324,0.0006572325874524831
Z_noise3,X_conf,6,1,11,6,0.42533573622160037,0.4974352046247845,0.07209946840318415
Z_noise3,X_syn1,6,2,11,6,0.4940539481358325,0.4963858475520707,0.0023318994162382367
Z_noise3,X_syn2,6,3,11,6,0.49443513001407047,0.4954299329425185,0.0009948029284480575
Z_noise3,Z_noise1,6,4,11,6,0.4963912747947208,0.49579126061997875,-0.0006000141747420362
Z_noise3,Z_noise2,6,5,11,6,0.49916075008355065,0.49876726082368383,-0.0003934892598668194
X_causal,X_conf,0,1,11,7,0.4439339444431862,0.49005993514481977,0.04612599070163359
X_causal,X_syn1,0,2,11,7,0.4959285537461544,0.4953499068906022,-0.0005786468555522006
X_causal,X_syn2,0,3,11,7,0.49384243443791687,0.4961988720165193,0.0023564375786024327
X_causal,Z_noise1,0,4,11,7,0.4928611756005641,0.4925902893398167,-0.00027088626074739386
X_causal,Z_noise2,0,5,11,7,0.4954377420284657,0.49738711097461996,0.001949368946154273
X_causal,Z_noise3,0,6,11,7,0.49692208877249716,0.4935177726491812,-0.003404316123315987
X_conf,X_causal,1,0,11,7,0.44341570856417545,0.45043525863479766,0.007019550070622216
X_conf,X_syn1,1,2,11,7,0.4436104188684516,0.44756189236744054,0.003951473498988944
X_conf,X_syn2,1,3,11,7,0.44569953452163136,0.44681951685860294,0.0011199823369715811
X_conf,Z_noise1,1,4,11,7,0.44947624483372756,0.44437389845885295,-0.005102346374874611
X_conf,Z_noise2,1,5,11,7,0.4483894618647072,0.44578933126729514,-0.0026001305974120426
X_conf,Z_noise3,1,6,11,7,0.4505443590746636,0.44371101616738623,-0.006833342907277384
X_syn1,X_causal,2,0,11,7,0.49497050673976956,0.49564500181487925,0.0006744950751096934
X_syn1,X_conf,2,1,11,7,0.4424072025939363,0.48967228694015935,0.04726508434622306
X_syn1,X_syn2,2,3,11,7,0.4745013633811693,0.49487696973840867,0.02037560635723934
X_syn1,Z_noise1,2,4,11,7,0.49507741443733116,0.49261383407946974,-0.002463580357861428
X_syn1,Z_noise2,2,5,11,7,0.49397650442424224,0.4937417645393444,-0.00023473988489786102
X_syn1,Z_noise3,2,6,11,7,0.49630728746708985,0.49400224380594354,-0.002305043661146311
X_syn2,X_causal,3,0,11,7,0.4945380956344772,0.49451375502346867,-2.434061100853313e-05
X_syn2,X_conf,3,1,11,7,0.446584571823279,0.49315005407477963,0.046565482251500645
X_syn2,X_syn1,3,2,11,7,0.4756484870783468,0.4972916264395182,0.021643139361171404
X_syn2,Z_noise1,3,4,11,7,0.4912757466385379,0.4972085377497206,0.0059327911111827225
X_syn2,Z_noise2,3,5,11,7,0.4956273465002513,0.49657631892909576,0.0009489724288444523
X_syn2,Z_noise3,3,6,11,7,0.4975605553683513,0.495846470812423,-0.001714084555928308
Z_noise1,X_causal,4,0,11,7,0.49260230237234587,0.49423200056012656,0.0016296981877806926
Z_noise1,X_conf,4,1,11,7,0.4494850420098616,0.48984957198138224,0.040364529971520624
Z_noise1,X_syn1,4,2,11,7,0.4943125354454353,0.49241831853932017,-0.0018942169061151315
Z_noise1,X_syn2,4,3,11,7,0.491204190378648,0.49148087769979343,0.00027668732114544126
Z_noise1,Z_noise2,4,5,11,7,0.4936734159378136,0.4914616677359205,-0.0022117482018931267
Z_noise1,Z_noise3,4,6,11,7,0.4953519675088074,0.4921803602639619,-0.003171607244845498
Z_noise2,X_causal,5,0,11,7,0.49532442884906913,0.49548270928057087,0.00015828043150173388
Z_noise2,X_conf,5,1,11,7,0.44861850990599417,0.4943277347320098,0.04570922482601564
Z_noise2,X_syn1,5,2,11,7,0.49281058190514365,0.4960666608144306,0.0032560789092869746
Z_noise2,X_syn2,5,3,11,7,0.4963071645907855,0.49547641645299795,-0.0008307481377875514
Z_noise2,Z_noise1,5,4,11,7,0.4928174112586508,0.4926604987116435,-0.00015691254700728186
Z_noise2,Z_noise3,5,6,11,7,0.49632497893358535,0.49718802962177727,0.0008630506881919242
Z_noise3,X_causal,6,0,11,7,0.4962148091732768,0.495554766224067,-0.0006600429492097937
Z_noise3,X_conf,6,1,11,7,0.4491346479623428,0.4945673852081519,0.045432737245809096
Z_noise3,X_syn1,6,2,11,7,0.49671565211580615,0.49527743915633876,-0.0014382129594673887
Z_noise3,X_syn2,6,3,11,7,0.4972857017477326,0.4959560219152152,-0.0013296798325174164
Z_noise3,Z_noise1,6,4,11,7,0.4953292761228383,0.49809836005203845,0.0027690839292001668
Z_noise3,Z_noise2,6,5,11,7,0.49671649202972634,0.4969231193081828,0.00020662727845643936
X_causal,X_conf,0,1,11,8,0.436568300399593,0.5009281563103443,0.06435985591075127
X_causal,X_syn1,0,2,11,8,0.4975712465323862,0.49455257506403005,-0.00301867146835616
X_causal,X_syn2,0,3,11,8,0.49715383632905646,0.4983744483444591,0.0012206120154026334
X_causal,Z_noise1,0,4,11,8,0.5082956249630737,0.49198483789325886,-0.016310787069814814
X_causal,Z_noise2,0,5,11,8,0.4945964146934117,0.4986483932537459,0.00405197856033418
X_causal,Z_noise3,0,6,11,8,0.49282559912221746,0.49203890551194823,-0.000786693610269229
X_conf,X_causal,1,0,11,8,0.43680685854554646,0.43466406353012527,-0.002142795015421195
X_conf,X_syn1,1,2,11,8,0.4399664542548003,0.436051769799748,-0.003914684455052275
X_conf,X_syn2,1,3,11,8,0.42802637045531544,0.4312610250147621,0.003234654559446659
X_conf,Z_noise1,1,4,11,8,0.43802938567466615,0.4355155338647545,-0.002513851809911649
X_conf,Z_noise2,1,5,11,8,0.4306587485258634,0.43506418529220076,0.004405436766337367
X_conf,Z_noise3,1,6,11,8,0.43127957235302644,0.4340627925407236,0.0027832201876971663
X_syn1,X_causal,2,0,11,8,0.49867959255973254,0.49865035284634207,-2.9239713390472044e-05
X_syn1,X_conf,2,1,11,8,0.4401149586852882,0.503078743192337,0.06296378450704881
X_syn1,X_syn2,2,3,11,8,0.4654370778962711,0.49805511308668654,0.03261803519041545
X_syn1,Z_noise1,2,4,11,8,0.5085843203378744,0.49356944722983986,-0.01501487310803451
X_syn1,Z_noise2,2,5,11,8,0.49701014524072923,0.49903138913265116,0.002021243891921931
X_syn1,Z_noise3,2,6,11,8,0.4977562926099718,0.4912183646312737,-0.006537927978698066
X_syn2,X_causal,3,0,11,8,0.49723533961959937,0.49386316260914725,-0.0033721770104521154
X_syn2,X_conf,3,1,11,8,0.4276896696886947,0.5016267630442534,0.07393709335555865
X_syn2,X_syn1,3,2,11,8,0.46478914623815026,0.4953809819725035,0.030591835734353257
X_syn2,Z_noise1,3,4,11,8,0.504914636128724,0.49359776378290865,-0.011316872345815354
X_syn2,Z_noise2,3,5,11,8,0.4959915712595469,0.5010211939128552,0.005029622653308252
X_syn2,Z_noise3,3,6,11,8,0.49277616120718754,0.4951088506755255,0.0023326894683379784
Z_noise1,X_causal,4,0,11,8,0.5083374928825825,0.5070317504826859,-0.001305742399896559
Z_noise1,X_conf,4,1,11,8,0.4389936045934933,0.5134152823026156,0.07442167770912228
Z_noise1,X_syn1,4,2,11,8,0.5081571924626802,0.5017478712614992,-0.006409321201180984
Z_noise1,X_syn2,4,3,11,8,0.5056355903097193,0.5044028233824238,-0.001232766927295459
Z_noise1,Z_noise2,4,5,11,8,0.5015562154166874,0.506422650820195,0.0048664354035076185
Z_noise1,Z_noise3,4,6,11,8,0.5026279005312724,0.5050567283262771,0.002428827795004751
Z_noise2,X_causal,5,0,11,8,0.49484820902768556,0.49457460449088486,-0.00027360453680069785
Z_noise2,X_conf,5,1,11,8,0.4300120084065532,0.5026972522192535,0.07268524381270036
Z_noise2,X_syn1,5,2,11,8,0.49631391160455335,0.4957545756014648,-0.0005593360030885508
Z_noise2,X_syn2,5,3,11,8,0.49550792750179157,0.49615897863383834,0.000651051132046776
Z_noise2,Z_noise1,5,4,11,8,0.501997452479841,0.4938875242380777,-0.008109928241763265
Z_noise2,Z_noise3,5,6,11,8,0.4939808534806282,0.49557554297668394,0.0015946894960557345
Z_noise3,X_causal,6,0,11,8,0.49341663332494734,0.49682450959015506,0.003407876265207721
Z_noise3,X_conf,6,1,11,8,0.43130778251851415,0.5003224821452943,0.06901469962678014
Z_noise3,X_syn1,6,2,11,8,0.4986292815639285,0.49621754932117607,-0.002411732242752429
Z_noise3,X_syn2,6,3,11,8,0.49406693103771887,0.49713030180833934,0.003063370770620466
Z_noise3,Z_noise1,6,4,11,8,0.5032356553339337,0.49564796465810795,-0.007587690675825709
Z_noise3,Z_noise2,6,5,11,8,0.493960517125096,0.5005197122987849,0.006559195173688914
X_causal,X_conf,0,1,11,9,0.4586639121212804,0.49745328246748977,0.038789370346209384
X_causal,X_syn1,0,2,11,9,0.4912798894186995,0.49852732735329885,0.007247437934599366
X_causal,X_syn2,0,3,11,9,0.49462522510191564,0.4950033769244905,0.0003781518225748348
X_causal,Z_noise1,0,4,11,9,0.4975283001000454,0.4957707405852318,-0.0017575595148136003
X_causal,Z_noise2,0,5,11,9,0.49645557009931607,0.4975509513354304,0.0010953812361143567
X_causal,Z_noise3,0,6,11,9,0.49623444470168465,0.4967976128495777,0.0005631681478930339
X_conf,X_causal,1,0,11,9,0.4590521967468219,0.4598687566396737,0.000816559892851787
X_conf,X_syn1,1,2,11,9,0.4659937200536303,0.46454883265814806,-0.0014448873954822639
X_conf,X_syn2,1,3,11,9,0.4597235078575347,0.4582415727301765,-0.0014819351273581693
X_conf,Z_noise1,1,4,11,9,0.46011678527882643,0.46235511474451313,0.0022383294656866948
X_conf,Z_noise2,1,5,11,9,0.46378001194005425,0.4572844512743448,-0.006495560665709443
X_conf,Z_noise3,1,6,11,9,0.45697354639732163,0.45648038602692953,-0.0004931603703920984
X_syn1,X_causal,2,0,11,9,0.4913864097980878,0.49511813856029646,0.0037317287622086748
X_syn1,X_conf,2,1,11,9,0.46617793403932795,0.49401939989354793,0.027841465854219982
X_syn1,X_syn2,2,3,11,9,0.47503375301705913,0.49739711939037584,0.022363366373316707
X_syn1,Z_noise1,2,4,11,9,0.4920307685795996,0.49695185873259934,0.004921090152999741
X_syn1,Z_noise2,2,5,11,9,0.49768990150701825,0.4954934741173938,-0.0021964273896244446
X_syn1,Z_noise3,2,6,11,9,0.4975711597618665,0.49786366572993207,0.0002925059680655706
X_syn2,X_causal,3,0,11,9,0.4950628167988647,0.4982510890389791,0.003188272240114365
X_syn2,X_conf,3,1,11,9,0.45958978049690674,0.4947213337569149,0.035131553260008164
X_syn2,X_syn1,3,2,11,9,0.4744382219869124,0.49837837966072146,0.02394015767380908
X_syn2,Z_noise1,3,4,11,9,0.49424043412472746,0.4967617405356545,0.0025213064109270156
X_syn2,Z_noise2,3,5,11,9,0.49882229303131465,0.49626516100258405,-0.002557132028730591
X_syn2,Z_noise3,3,6,11,9,0.4999542498444379,0.500362795723473,0.00040854587903504935
Z_noise1,X_causal,4,0,11,9,0.49670215208131085,0.4986767145695053,0.0019745624881944424
Z_noise1,X_conf,4,1,11,9,0.4591211120858167,0.4921608682857176,0.033039756199900905
Z_noise1,X_syn1,4,2,11,9,0.4928247515087136,0.4932960209181173,0.0004712694094037295
Z_noise1,X_syn2,4,3,11,9,0.49564940639806154,0.49830869643541426,0.002659290037352713
Z_noise1,Z_noise2,4,5,11,9,0.4979860978917375,0.49949285734986787,0.0015067594581303911
Z_noise1,Z_noise3,4,6,11,9,0.4974000477114128,0.4987452407927106,0.0013451930812978241
Z_noise2,X_causal,5,0,11,9,0.49733894751768953,0.49671366696064595,-0.0006252805570435838
Z_noise2,X_conf,5,1,11,9,0.46480495569146985,0.49691426366083435,0.03210930796936451
Z_noise2,X_syn1,5,2,11,9,0.4976317843106107,0.4986684879123912,0.0010367036017804865
Z_noise2,X_syn2,5,3,11,9,0.4990763346137228,0.500068113880265,0.0009917792665421477
Z_noise2,Z_noise1,5,4,11,9,0.49658899689225694,0.4966249156140815,3.5918721824568234e-05
Z_noise2,Z_noise3,5,6,11,9,0.5002422256269758,0.500106126289864,-0.0001360993371118946
Z_noise3,X_causal,6,0,11,9,0.496698680160488,0.4998170669335651,0.0031183867730770753
Z_noise3,X_conf,6,1,11,9,0.4578536996961609,0.49646441673409053,0.03861071703792962
Z_noise3,X_syn1,6,2,11,9,0.49726395469277995,0.4989726026649481,0.0017086479721681314
Z_noise3,X_syn2,6,3,11,9,0.4997551807693444,0.4969925867226146,-0.002762594046729794
Z_noise3,Z_noise1,6,4,11,9,0.49576940102965916,0.49921258428293014,0.003443183253270976
Z_noise3,Z_noise2,6,5,11,9,0.5005684505687494,0.501511675936098,0.000943225367348588
X_causal,X_conf,0,1,12,0,0.44087799580826054,0.494942475562696,0.05406447975443546
X_causal,X_syn1,0,2,12,0,0.49285980722213857,0.4934652336148259,0.0006054263926873471
X_causal,X_syn2,0,3,12,0,0.5000821318593907,0.49560434783655977,-0.0044777840228308885
X_causal,Z_noise1,0,4,12,0,0.4938657926704713,0.4946405439649769,0.0007747512945056045
X_causal,Z_noise2,0,5,12,0,0.49434156021631104,0.4983813657696788,0.004039805553367748
X_causal,Z_noise3,0,6,12,0,0.49718696156847286,0.49856395942827236,0.0013769978597995003
X_conf,X_causal,1,0,12,0,0.4393741143407632,0.4359053100901265,-0.00346880425063667
X_conf,X_syn1,1,2,12,0,0.43619106029172205,0.4397000904833347,0.0035090301916126387
X_conf,X_syn2,1,3,12,0,0.44123008841056865,0.43881712774847687,-0.00241296066209179
X_conf,Z_noise1,1,4,12,0,0.4410637825242805,0.43878370687613993,-0.0022800756481405893
X_conf,Z_noise2,1,5,12,0,0.43933742696803935,0.44233737912128596,0.00299995215324661
X_conf,Z_noise3,1,6,12,0,0.4387817473747306,0.4380194307532289,-0.0007623166215016686
X_syn1,X_causal,2,0,12,0,0.4923015227738118,0.48749253934428843,-0.00480898342952335
X_syn1,X_conf,2,1,12,0,0.4350291828889506,0.49154012865063057,0.056510945761679976
X_syn1,X_syn2,2,3,12,0,0.46740351172935335,0.49105199905071306,0.023648487321359712
X_syn1,Z_noise1,2,4,12,0,0.4931009046181709,0.48759649483382417,-0.005504409784346742
X_syn1,Z_noise2,2,5,12,0,0.4866781145704799,0.4964565257397783,0.009778411169298395
X_syn1,Z_noise3,2,6,12,0,0.4936419976121213,0.49086635057190964,-0.0027756470402116595
X_syn2,X_causal,3,0,12,0,0.5003242926505778,0.4957155797785616,-0.004608712872016141
X_syn2,X_conf,3,1,12,0,0.4413896155214116,0.49840734529059044,0.05701772976917885
X_syn2,X_syn1,3,2,12,0,0.4681685609845209,0.49335373817509176,0.02518517719057084
X_syn2,Z_noise1,3,4,12,0,0.4977081316253609,0.4938899714063497,-0.0038181602190111574
X_syn2,Z_noise2,3,5,12,0,0.49631428079584744,0.4958569614416685,-0.00045731935417892
X_syn2,Z_noise3,3,6,12,0,0.49750743542744924,0.49855514918597454,0.0010477137585253038
Z_noise1,X_causal,4,0,12,0,0.49302882009120086,0.4935218222500593,0.0004930021588584466
Z_noise1,X_conf,4,1,12,0,0.44022620760236436,0.495383255044743,0.05515704744237865
Z_noise1,X_syn1,4,2,12,0,0.4920903224283117,0.49138837876768765,-0.0007019436606240381
Z_noise1,X_syn2,4,3,12,0,0.4971360975244944,0.4921385813088389,-0.004997516215655473
Z_noise1,Z_noise2,4,5,12,0,0.4917083647120814,0.49451425320886505,0.0028058884967836484
Z_noise1,Z_noise3,4,6,12,0,0.4947402497014427,0.4923358903360209,-0.0024043593654218265
Z_noise2,X_causal,5,0,12,0,0.49446915470202346,0.4956870565019233,0.0012179017998998343
Z_noise2,X_conf,5,1,12,0,0.43830576273490757,0.4963477219771713,0.05804195924226374
Z_noise2,X_syn1,5,2,12,0,0.4869957078041045,0.49539221266385103,0.008396504859746523
Z_noise2,X_syn2,5,3,12,0,0.49674236934652094,0.49507795193200965,-0.0016644174145112878
Z_noise2,Z_noise1,5,4,12,0,0.49067208129634254,0.49536261793776987,0.004690536641427323
Z_noise2,Z_noise3,5,6,12,0,0.49530672779883395,0.49495092120379214,-0.00035580659504180767
Z_noise3,X_causal,6,0,12,0,0.49688408854905075,0.4923646140476643,-0.004519474501386456
Z_noise3,X_conf,6,1,12,0,0.43821316006369426,0.4968789973931131,0.058665837329418824
Z_noise3,X_syn1,6,2,12,0,0.4953228584046135,0.4990887890988902,0.00376593069427672
Z_noise3,X_syn2,6,3,12,0,0.4980409190934012,0.4959178124333565,-0.002123106660044727
Z_noise3,Z_noise1,6,4,12,0,0.4953437017216658,0.49951401523203137,0.004170313510365564
Z_noise3,Z_noise2,6,5,12,0,0.496154422270052,0.4955133605088698,-0.0006410617611822267
X_causal,X_conf,0,1,12,1,0.4349587545680151,0.49700667889340466,0.06204792432538958
X_causal,X_syn1,0,2,12,1,0.4993888489440622,0.49589568333256395,-0.003493165611498261
X_causal,X_syn2,0,3,12,1,0.49331047038562376,0.49977546135288603,0.006464990967262274
X_causal,Z_noise1,0,4,12,1,0.4985236304930959,0.4975884215609846,-0.0009352089321112977
X_causal,Z_noise2,0,5,12,1,0.4975377162371846,0.4957330091596478,-0.0018047070775368268
X_causal,Z_noise3,0,6,12,1,0.4994260064071099,0.496865004555623,-0.002561001851486888
X_conf,X_causal,1,0,12,1,0.4328588631018674,0.4272702541535584,-0.005588608948308982
X_conf,X_syn1,1,2,12,1,0.4358009064717098,0.4394800399708538,0.0036791334991439495
X_conf,X_syn2,1,3,12,1,0.431304891881492,0.436088833028824,0.004783941147331994
X_conf,Z_noise1,1,4,12,1,0.43299724708842136,0.4334395549538595,0.0004423078654381407
X_conf,Z_noise2,1,5,12,1,0.4339056500164356,0.434099864325212,0.0001942143087764192
X_conf,Z_noise3,1,6,12,1,0.43343748865629933,0.4344918501741317,0.0010543615178323917
X_syn1,X_causal,2,0,12,1,0.49940331661664045,0.4902299509442827,-0.00917336567235777
X_syn1,X_conf,2,1,12,1,0.4372797639353062,0.49464869289454066,0.057368928959234455
X_syn1,X_syn2,2,3,12,1,0.47420956958927984,0.49840292743385806,0.02419335784457821
X_syn1,Z_noise1,2,4,12,1,0.49680339955949704,0.4949836717005791,-0.00181972785891793
X_syn1,Z_noise2,2,5,12,1,0.5018417914589806,0.4943744268519141,-0.0074673646070664845
X_syn1,Z_noise3,2,6,12,1,0.5005101804115347,0.4946073377068297,-0.005902842704705036
X_syn2,X_causal,3,0,12,1,0.49426355001485445,0.4906423056123628,-0.0036212444024916746
X_syn2,X_conf,3,1,12,1,0.43267698426995865,0.49466297691356287,0.061985992643604215
X_syn2,X_syn1,3,2,12,1,0.4737140163096412,0.49341591371100374,0.019701897401362523
X_syn2,Z_noise1,3,4,12,1,0.4956425418911907,0.4945550596898635,-0.0010874822013272056
X_syn2,Z_noise2,3,5,12,1,0.49378082333040674,0.4914158921895692,-0.002364931140837523
X_syn2,Z_noise3,3,6,12,1,0.49330669537568866,0.4910398915622024,-0.0022668038134862623
Z_noise1,X_causal,4,0,12,1,0.4987465433682864,0.49625514252862307,-0.002491400839663316
Z_noise1,X_conf,4,1,12,1,0.4331049305894709,0.4976859350187641,0.06458100442929321
Z_noise1,X_syn1,4,2,12,1,0.4970967613690245,0.4965583024022881,-0.000538458966736377
Z_noise1,X_syn2,4,3,12,1,0.49552070992071173,0.5014426480853168,0.005921938164605067
Z_noise1,Z_noise2,4,5,12,1,0.49404895601418886,0.4956311336283223,0.0015821776141334287
Z_noise1,Z_noise3,4,6,12,1,0.49687401835929745,0.49786646938375423,0.0009924510244567752
Z_noise2,X_causal,5,0,12,1,0.49814779106861135,0.4937262371354244,-0.004421553933186939
Z_noise2,X_conf,5,1,12,1,0.43481485673526754,0.49778126730307154,0.062966410567804
Z_noise2,X_syn1,5,2,12,1,0.5015661166451092,0.4974662013291273,-0.004099915315981917
Z_noise2,X_syn2,5,3,12,1,0.4938160406537098,0.4996969770734763,0.005880936419766503
Z_noise2,Z_noise1,5,4,12,1,0.49463084000679314,0.4985628236852522,0.003931983678459039
Z_noise2,Z_noise3,5,6,12,1,0.49644242059536886,0.49559615901900544,-0.0008462615763634163
Z_noise3,X_causal,6,0,12,1,0.49871065029182726,0.4969303234866509,-0.0017803268051763688
Z_noise3,X_conf,6,1,12,1,0.4341921170071758,0.49785310707014074,0.06366099006296494
Z_noise3,X_syn1,6,2,12,1,0.5003327385354325,0.49751236448298564,-0.002820374052446839
Z_noise3,X_syn2,6,3,12,1,0.49270376263052307,0.49454572760163773,0.0018419649711146624
Z_noise3,Z_noise1,6,4,12,1,0.49680672861865544,0.497030142158362,0.00022341353970656286
Z_noise3,Z_noise2,6,5,12,1,0.49590241999107537,0.49316851129796174,-0.002733908693113629
X_causal,X_conf,0,1,12,2,0.4388336346157128,0.49431217037879954,0.055478535763086756
X_causal,X_syn1,0,2,12,2,0.4982276863174107,0.49811621172401865,-0.00011147459339205801
X_causal,X_syn2,0,3,12,2,0.49681023597059615,0.4936101418141466,-0.003200094156449562
X_causal,Z_noise1,0,4,12,2,0.49578512749754905,0.4954803988548213,-0.00030472864272773625
X_causal,Z_noise2,0,5,12,2,0.49905007272024193,0.4987720808278952,-0.0002779918923467295
X_causal,Z_noise3,0,6,12,2,0.49729109676146904,0.4944356337043505,-0.0028554630571185347
X_conf,X_causal,1,0,12,2,0.43792828266892997,0.43249832718973347,-0.005429955479196502
X_conf,X_syn1,1,2,12,2,0.43348447475660556,0.4347798156289035,0.0012953408722979343
X_conf,X_syn2,1,3,12,2,0.43148593908983407,0.43336534483872463,0.0018794057488905613
X_conf,Z_noise1,1,4,12,2,0.4292846473478551,0.43255680747761394,0.0032721601297588387
X_conf,Z_noise2,1,5,12,2,0.43307040518677964,0.4338634109877993,0.0007930058010196528
X_conf,Z_noise3,1,6,12,2,0.43508371940734397,0.4292251384248423,-0.005858580982501693
X_syn1,X_causal,2,0,12,2,0.49803956647152686,0.48937662115590247,-0.008662945315624393
X_syn1,X_conf,2,1,12,2,0.4341896921543115,0.49299653698650764,0.058806844832196115
X_syn1,X_syn2,2,3,12,2,0.46411869082390533,0.4944158151521566,0.030297124328251268
X_syn1,Z_noise1,2,4,12,2,0.4880029782616488,0.49273084315756255,0.004727864895913758
X_syn1,Z_noise2,2,5,12,2,0.49321229240050357,0.4956558039762693,0.002443511575765722
X_syn1,Z_noise3,2,6,12,2,0.49671261483748497,0.4890411660402214,-0.007671448797263558
X_syn2,X_causal,3,0,12,2,0.496795066122999,0.49261689863064806,-0.004178167492350948
X_syn2,X_conf,3,1,12,2,0.43189008348924635,0.4905807069556252,0.05869062346637888
X_syn2,X_syn1,3,2,12,2,0.46502064099296936,0.4930496443044023,0.028029003311432932
X_syn2,Z_noise1,3,4,12,2,0.49026825622234227,0.49415271628364404,0.0038844600613017755
X_syn2,Z_noise2,3,5,12,2,0.4949589793121699,0.4964918191913842,0.001532839879214265
X_syn2,Z_noise3,3,6,12,2,0.4945040737081833,0.49519507354396297,0.0006909998357796932
Z_noise1,X_causal,4,0,12,2,0.495454487315229,0.4933370682422945,-0.002117419072934501
Z_noise1,X_conf,4,1,12,2,0.42961557500074987,0.49158146254132506,0.06196588754057519
Z_noise1,X_syn1,4,2,12,2,0.4868917988569795,0.49338270402807893,0.006490905171099459
Z_noise1,X_syn2,4,3,12,2,0.4907191796018639,0.49150578819646884,0.0007866085946049428
Z_noise1,Z_noise2,4,5,12,2,0.49430099501897024,0.49596284149998143,0.0016618464810111977
Z_noise1,Z_noise3,4,6,12,2,0.4939767168094504,0.4910262684127206,-0.0029504483967297546
Z_noise2,X_causal,5,0,12,2,0.499104819704331,0.49453886944744047,-0.00456595025689055
Z_noise2,X_conf,5,1,12,2,0.43235168244824335,0.493632979520095,0.06128129707185165
Z_noise2,X_syn1,5,2,12,2,0.4938593552148451,0.4943840692732538,0.000524714058408704
Z_noise2,X_syn2,5,3,12,2,0.4947982319612485,0.4980941390886357,0.0032959071273871987
Z_noise2,Z_noise1,5,4,12,2,0.4941736691614266,0.49666105809535044,0.002487388933923862
Z_noise2,Z_noise3,5,6,12,2,0.49372533404263275,0.49537190590410274,0.001646571861469992
Z_noise3,X_causal,6,0,12,2,0.49715786644739896,0.4968054953580177,-0.0003523710893812426
Z_noise3,X_conf,6,1,12,2,0.43520754706741255,0.4928644420843972,0.05765689501698468
Z_noise3,X_syn1,6,2,12,2,0.49679162260209997,0.4977898865325208,0.0009982639304208507
Z_noise3,X_syn2,6,3,12,2,0.4935331493695147,0.4929669361725721,-0.000566213196942611
Z_noise3,Z_noise1,6,4,12,2,0.49536243957844506,0.49745028893510135,0.0020878493566562906
Z_noise3,Z_noise2,6,5,12,2,0.4938210687201417,0.4938953861469489,7.431742680719111e-05
X_causal,X_conf,0,1,12,3,0.4426721944935644,0.49798092255838844,0.055308728064824064
X_causal,X_syn1,0,2,12,3,0.4952192382887925,0.4976995972753113,0.002480358986518827
X_causal,X_syn2,0,3,12,3,0.4996915032629316,0.49766917584575926,-0.0020223274171723427
X_causal,Z_noise1,0,4,12,3,0.4973296336139149,0.4929109681442468,-0.004418665469668126
X_causal,Z_noise2,0,5,12,3,0.4967389486167494,0.49300967199788753,-0.0037292766188618542
X_causal,Z_noise3,0,6,12,3,0.49572498794644665,0.4930092216100416,-0.0027157663364050233
X_conf,X_causal,1,0,12,3,0.4444242537063627,0.4400024632549111,-0.004421790451451579
X_conf,X_syn1,1,2,12,3,0.44413432544067755,0.44174358984318596,-0.002390735597491589
X_conf,X_syn2,1,3,12,3,0.4406880212925251,0.4436403055695584,0.0029522842770333124
X_conf,Z_noise1,1,4,12,3,0.44663942855244115,0.44538509236608376,-0.0012543361863573965
X_conf,Z_noise2,1,5,12,3,0.443757704948609,0.4404608752490994,-0.003296829699509618
X_conf,Z_noise3,1,6,12,3,0.4435522152517,0.442305407593168,-0.0012468076585320231
X_syn1,X_causal,2,0,12,3,0.49423867481982997,0.4938054501857743,-0.00043322463405565115
X_syn1,X_conf,2,1,12,3,0.4450185766354283,0.4942185087536397,0.04919993211821139
X_syn1,X_syn2,2,3,12,3,0.4679822985408391,0.5007853592069975,0.0328030606661584
X_syn1,Z_noise1,2,4,12,3,0.49745477091258933,0.49477019638814584,-0.0026845745244434838
X_syn1,Z_noise2,2,5,12,3,0.4966402186334767,0.4996665449349978,0.0030263263015211095
X_syn1,Z_noise3,2,6,12,3,0.4972110322160802,0.49180754857554515,-0.005403483640535056
X_syn2,X_causal,3,0,12,3,0.4992004563002717,0.49535918446854466,-0.0038412718317270556
X_syn2,X_conf,3,1,12,3,0.4406354449857672,0.49992223313537726,0.05928678814961008
X_syn2,X_syn1,3,2,12,3,0.46728252186775066,0.4978152264916122,0.03053270462386154
X_syn2,Z_noise1,3,4,12,3,0.49921072569979996,0.5033308523188333,0.004120126619033382
X_syn2,Z_noise2,3,5,12,3,0.4999640717066315,0.5005516914291137,0.0005876197224822244
X_syn2,Z_noise3,3,6,12,3,0.5019566366359107,0.4957284450174552,-0.006228191618455503
Z_noise1,X_causal,4,0,12,3,0.49639555408241365,0.49860770255822917,0.002212148475815523
Z_noise1,X_conf,4,1,12,3,0.4456119116570429,0.4964661270166346,0.050854215359591726
Z_noise1,X_syn1,4,2,12,3,0.49726634504179557,0.4943940583542799,-0.002872286687515657
Z_noise1,X_syn2,4,3,12,3,0.4994649141574301,0.4982805194688487,-0.0011843946885813916
Z_noise1,Z_noise2,4,5,12,3,0.4973361829606448,0.4933256644380276,-0.00401051852261719
Z_noise1,Z_noise3,4,6,12,3,0.4995120847356622,0.49043641310855146,-0.00907567162711076
Z_noise2,X_causal,5,0,12,3,0.4966773814533396,0.4956067313148954,-0.0010706501384442069
Z_noise2,X_conf,5,1,12,3,0.44423409228961913,0.4948876423378862,0.05065355004826705
Z_noise2,X_syn1,5,2,12,3,0.49540490639342216,0.49329334500945743,-0.002111561383964733
Z_noise2,X_syn2,5,3,12,3,0.5003106573828268,0.49762863982216776,-0.002682017560659
Z_noise2,Z_noise1,5,4,12,3,0.49669631896994865,0.4990775440778155,0.002381225107866869
Z_noise2,Z_noise3,5,6,12,3,0.4941579822996075,0.49142137052813856,-0.002736611771468944
Z_noise3,X_causal,6,0,12,3,0.4968853651798709,0.4927653397285657,-0.0041200254513052426
Z_noise3,X_conf,6,1,12,3,0.4439972944573554,0.4979084129961116,0.053911118538756186
Z_noise3,X_syn1,6,2,12,3,0.4982990146144244,0.4970168639396846,-0.0012821506747398015
Z_noise3,X_syn2,6,3,12,3,0.502614166373398,0.5006600382113179,-0.001954128162080071
Z_noise3,Z_noise1,6,4,12,3,0.499727263660581,0.4987585001940739,-0.0009687634665070943
Z_noise3,Z_noise2,6,5,12,3,0.49402847199032524,0.4937466711177299,-0.00028180087259532804
X_causal,X_conf,0,1,12,4,0.440844539627368,0.49529405939856636,0.05444951977119833
X_causal,X_syn1,0,2,12,4,0.49329551195166005,0.4984184197063161,0.00512290775465607
X_causal,X_syn2,0,3,12,4,0.4937221372599006,0.49488770893335454,0.0011655716734539356
X_causal,Z_noise1,0,4,12,4,0.49182219360905804,0.49615755225276537,0.004335358643707321
X_causal,Z_noise2,0,5,12,4,0.4952388501649885,0.491688624735598,-0.0035502254293904856
X_causal,Z_noise3,0,6,12,4,0.49599385686574243,0.4916277886128752,-0.004366068252867228
X_conf,X_causal,1,0,12,4,0.44201248951012356,0.43769988723075637,-0.004312602279367195
X_conf,X_syn1,1,2,12,4,0.43887177701672464,0.44821115363428776,0.009339376617563122
X_conf,X_syn2,1,3,12,4,0.4394109117626015,0.4353252971229834,-0.004085614639618096
X_conf,Z_noise1,1,4,12,4,0.4380271406734982,0.441582555557606,0.0035554148841078215
X_conf,Z_noise2,1,5,12,4,0.43907002923164357,0.4322603519319393,-0.006809677299704275
X_conf,Z_noise3,1,6,12,4,0.4417117321027157,0.43463530454230337,-0.007076427560412324
X_syn1,X_causal,2,0,12,4,0.493125794480563,0.49973342824261985,0.006607633762056864
X_syn1,X_conf,2,1,12,4,0.4385622619828553,0.4958678561306043,0.057305594147748995
X_syn1,X_syn2,2,3,12,4,0.4728367512146403,0.49861380289917434,0.025777051684534036
X_syn1,Z_noise1,2,4,12,4,0.4922216264961512,0.4981975768771357,0.005975950380984474
X_syn1,Z_noise2,2,5,12,4,0.4987803658189336,0.4943560299335304,-0.004424335885403197
X_syn1,Z_noise3,2,6,12,4,0.4969134555014435,0.49187132199577727,-0.005042133505666235
X_syn2,X_causal,3,0,12,4,0.4935351909566176,0.49575465310103767,0.0022194621444200924
X_syn2,X_conf,3,1,12,4,0.43982352481795,0.49491673211818205,0.05509320730023204
X_syn2,X_syn1,3,2,12,4,0.47363963758613314,0.4989857042573867,0.025346066671253553
X_syn2,Z_noise1,3,4,12,4,0.4970022377904695,0.4950491301463935,-0.0019531076440759687
X_syn2,Z_noise2,3,5,12,4,0.4952439658786547,0.49148540890169456,-0.003758556976960148
X_syn2,Z_noise3,3,6,12,4,0.4964810227312998,0.493233401703185,-0.0032476210281147666
Z_noise1,X_causal,4,0,12,4,0.49230275968072157,0.49779836451873755,0.005495604838015977
Z_noise1,X_conf,4,1,12,4,0.43852895874214154,0.49985309068668743,0.06132413194454589
Z_noise1,X_syn1,4,2,12,4,0.49225674997080177,0.500553260965388,0.008296510994586226
Z_noise1,X_syn2,4,3,12,4,0.49627750846750707,0.4924313629908281,-0.0038461454766789416
Z_noise1,Z_noise2,4,5,12,4,0.4944419546840243,0.49237629262070487,-0.002065662063319429
Z_noise1,Z_noise3,4,6,12,4,0.49331930742699387,0.49324004708623725,-7.926034075661503e-05
Z_noise2,X_causal,5,0,12,4,0.49514650290723317,0.4965058340070534,0.0013593310998202268
Z_noise2,X_conf,5,1,12,4,0.4399230850751316,0.4995642555282321,0.05964117045310047
Z_noise2,X_syn1,5,2,12,4,0.4978760727426382,0.5023303000021426,0.004454227259504451
Z_noise2,X_syn2,5,3,12,4,0.4960238844325424,0.49724902958680656,0.00122514515426414
Z_noise2,Z_noise1,5,4,12,4,0.49364982591042045,0.4957962956958302,0.002146469785409777
Z_noise2,Z_noise3,5,6,12,4,0.499261743890413,0.49641368125568214,-0.0028480626347308635
Z_noise3,X_causal,6,0,12,4,0.49499887844158263,0.4960306732466067,0.0010317948050240777
Z_noise3,X_conf,6,1,12,4,0.44114009696711104,0.4968313853438351,0.055691288376724046
Z_noise3,X_syn1,6,2,12,4,0.49730139095524795,0.49883405810871767,0.0015326671534697245
Z_noise3,X_syn2,6,3,12,4,0.4959303198340176,0.49729362366262075,0.0013633038286031685
Z_noise3,Z_noise1,6,4,12,4,0.4930177756538393,0.49876803529101105,0.00575025963717174
Z_noise3,Z_noise2,6,5,12,4,0.5005644710613211,0.5013174110231273,0.0007529399618062538
X_causal,X_conf,0,1,12,5,0.44876036880114717,0.49849032091057344,0.04972995210942627
X_causal,X_syn1,0,2,12,5,0.49390837330280285,0.49361354128333335,-0.0002948320194695042
X_causal,X_syn2,0,3,12,5,0.4922576994974688,0.49998470349207885,0.007727003994610071
X_causal,Z_noise1,0,4,12,5,0.498370572691735,0.49433957669060247,-0.004030996001132547
X_causal,Z_noise2,0,5,12,5,0.49639321865039426,0.49817742283968836,0.0017842041892940919
X_causal,Z_noise3,0,6,12,5,0.4975435828689687,0.49547257632316744,-0.0020710065458012794
X_conf,X_causal,1,0,12,5,0.44906243256679823,0.44779343614650174,-0.0012689964202964865
X_conf,X_syn1,1,2,12,5,0.45112630645740326,0.4530624120120651,0.0019361055546618378
X_conf,X_syn2,1,3,12,5,0.4508000906540316,0.4533031526763672,0.0025030620223356337
X_conf,Z_noise1,1,4,12,5,0.45363764145501223,0.4466213104456766,-0.00701633100933563
X_conf,Z_noise2,1,5,12,5,0.4508245922245034,0.4549742824130972,0.004149690188593791
X_conf,Z_noise3,1,6,12,5,0.45352559296405465,0.4544083612686767,0.000882768304622028
X_syn1,X_causal,2,0,12,5,0.494260095326725,0.4933045277326331,-0.0009555675940918773
X_syn1,X_conf,2,1,12,5,0.450383608609474,0.49884861533806774,0.04846500672859372
X_syn1,X_syn2,2,3,12,5,0.4773083995715988,0.4986887755725242,0.021380376000925405
X_syn1,Z_noise1,2,4,12,5,0.49897996721069543,0.4957256126904046,-0.0032543545202908253
X_syn1,Z_noise2,2,5,12,5,0.49636281819982353,0.49761922390225377,0.001256405702430241
X_syn1,Z_noise3,2,6,12,5,0.49717079914930573,0.5000989833614399,0.002928184212134144
X_syn2,X_causal,3,0,12,5,0.4919207472561507,0.49185355949175985,-6.71877643908525e-05
X_syn2,X_conf,3,1,12,5,0.451360621559335,0.49620859896628244,0.04484797740694746
X_syn2,X_syn1,3,2,12,5,0.4781050422702842,0.4963660930154254,0.018261050745141172
X_syn2,Z_noise1,3,4,12,5,0.49714921891067204,0.495828498917062,-0.0013207199936100533
X_syn2,Z_noise2,3,5,12,5,0.49933264903665986,0.49740327783612504,-0.001929371200534824
X_syn2,Z_noise3,3,6,12,5,0.4997778919897244,0.502004683032921,0.0022267910431966187
Z_noise1,X_causal,4,0,12,5,0.4984717694478015,0.4951984360905849,-0.0032733333572166345
Z_noise1,X_conf,4,1,12,5,0.4529108690810535,0.49857498630844826,0.045664117227394774
Z_noise1,X_syn1,4,2,12,5,0.49924629609443577,0.4969195139345363,-0.0023267821598994542
Z_noise1,X_syn2,4,3,12,5,0.4965715781023151,0.4992164600723293,0.002644881970014168
Z_noise1,Z_noise2,4,5,12,5,0.4974704277869438,0.5000677705159002,0.0025973427289564532
Z_noise1,Z_noise3,4,6,12,5,0.5015990006430464,0.49914668450844146,-0.0024523161346049482
Z_noise2,X_causal,5,0,12,5,0.49644165285140185,0.4946110110147878,-0.001830641836614022
Z_noise2,X_conf,5,1,12,5,0.4504677858063527,0.5005710474141384,0.050103261607785665
Z_noise2,X_syn1,5,2,12,5,0.4962039771253739,0.49996105731767976,0.0037570801923058617
Z_noise2,X_syn2,5,3,12,5,0.4994249423597063,0.4998735472389811,0.0004486048792747832
Z_noise2,Z_noise1,5,4,12,5,0.49664187945979266,0.4980240124344632,0.0013821329746705469
Z_noise2,Z_noise3,5,6,12,5,0.49708408448186575,0.5010302746797214,0.003946190197855637
Z_noise3,X_causal,6,0,12,5,0.49708412326447493,0.49737434071385517,0.00029021744938023675
Z_noise3,X_conf,6,1,12,5,0.453548618283518,0.49838258487500303,0.04483396659148503
Z_noise3,X_syn1,6,2,12,5,0.4975551230209541,0.49852787303982027,0.0009727500188661531
Z_noise3,X_syn2,6,3,12,5,0.5004939635606455,0.5014673130612993,0.0009733495006538639
Z_noise3,Z_noise1,6,4,12,5,0.5021020642484949,0.49876629188093247,-0.0033357723675624396
Z_noise3,Z_noise2,6,5,12,5,0.49841126311374706,0.5038600941995539,0.005448831085806849
X_causal,X_conf,0,1,12,6,0.43764332779523735,0.4956385522162013,0.05799522442096394
X_causal,X_syn1,0,2,12,6,0.49391053208533336,0.4982884537810685,0.004377921695735143
X_causal,X_syn2,0,3,12,6,0.49593860443689836,0.4962077656646813,0.0002691612277829214
X_causal,Z_noise1,0,4,12,6,0.49957312317010416,0.49184357079527974,-0.007729552374824422
X_causal,Z_noise2,0,5,12,6,0.49722961168943347,0.4981868720732005,0.0009572603837670335
X_causal,Z_noise3,0,6,12,6,0.49443013285609233,0.4939892674617394,-0.0004408653943529517
X_conf,X_causal,1,0,12,6,0.4366107395737861,0.44088740678898747,0.0042766672152013685
X_conf,X_syn1,1,2,12,6,0.4444322037655311,0.44342780212730454,-0.0010044016382265708
X_conf,X_syn2,1,3,12,6,0.438971695364438,0.4365968020851143,-0.0023748932793236643
X_conf,Z_noise1,1,4,12,6,0.44487572667656217,0.4395765923483338,-0.005299134328228372
X_conf,Z_noise2,1,5,12,6,0.4408573479172199,0.44210154210000846,0.0012441941827885383
X_conf,Z_noise3,1,6,12,6,0.4419008505759869,0.4443890522110015,0.0024882016350146197
X_syn1,X_causal,2,0,12,6,0.4931932954859056,0.4909281563909698,-0.0022651390949358086
X_syn1,X_conf,2,1,12,6,0.44357182970803877,0.4984077772286336,0.05483594752059484
X_syn1,X_syn2,2,3,12,6,0.47090019977429554,0.49646093854771334,0.0255607387734178
X_syn1,Z_noise1,2,4,12,6,0.49538986046556277,0.48984179990301263,-0.005548060562550139
X_syn1,Z_noise2,2,5,12,6,0.4935451759146714,0.49864505695245226,0.005099881037780862
X_syn1,Z_noise3,2,6,12,6,0.49503463714667434,0.49648297268628155,0.001448335539607215
X_syn2,X_causal,3,0,12,6,0.49501528637183534,0.49226132099723147,-0.002753965374603873
X_syn2,X_conf,3,1,12,6,0.4375078224716455,0.4957133429882753,0.058205520516629805
X_syn2,X_syn1,3,2,12,6,0.471479840924273,0.4971868510112274,0.025707010086954418
X_syn2,Z_noise1,3,4,12,6,0.494393049708033,0.4935745921579791,-0.000818457550053886
X_syn2,Z_noise2,3,5,12,6,0.49688472958307256,0.5002208351788144,0.0033361055957418784
X_syn2,Z_noise3,3,6,12,6,0.494853735033263,0.4961305380814854,0.0012768030482223636
Z_noise1,X_causal,4,0,12,6,0.4999446263722103,0.49276286377585626,-0.007181762596354058
Z_noise1,X_conf,4,1,12,6,0.44569574532185335,0.49509303055329584,0.04939728523144249
Z_noise1,X_syn1,4,2,12,6,0.4955122009809083,0.4975618103754854,0.002049609394577101
Z_noise1,X_syn2,4,3,12,6,0.4948620309427824,0.494467524328583,-0.00039450661419943023
Z_noise1,Z_noise2,4,5,12,6,0.497298460535929,0.5018895129772682,0.004591052441339227
Z_noise1,Z_noise3,4,6,12,6,0.4975512187899383,0.5003071170509579,0.0027558982610195737
Z_noise2,X_causal,5,0,12,6,0.49801321365260626,0.4978158366984891,-0.0001973769541171455
Z_noise2,X_conf,5,1,12,6,0.4404276793359956,0.49604860864270556,0.055620929306709976
Z_noise2,X_syn1,5,2,12,6,0.49374306898042075,0.4940187285995604,0.00027565961913966763
Z_noise2,X_syn2,5,3,12,6,0.49679661002600134,0.4918912473098068,-0.004905362716194517
Z_noise2,Z_noise1,5,4,12,6,0.4969529393156659,0.4932174253849168,-0.0037355139307491125
Z_noise2,Z_noise3,5,6,12,6,0.4933269895784232,0.4959995452820209,0.002672555703597701
Z_noise3,X_causal,6,0,12,6,0.4949030743662596,0.49588514553514024,0.0009820711688806605
Z_noise3,X_conf,6,1,12,6,0.4409834315070533,0.49703808412667316,0.05605465261961984
Z_noise3,X_syn1,6,2,12,6,0.4946271420981973,0.49859905829062634,0.003971916192429037
Z_noise3,X_syn2,6,3,12,6,0.4946653543611139,0.497982342981106,0.0033169886199920784
Z_noise3,Z_noise1,6,4,12,6,0.49768607474864995,0.4949293398845464,-0.0027567348641035494
Z_noise3,Z_noise2,6,5,12,6,0.493362127733012,0.49785263189394907,0.004490504160937048
X_causal,X_conf,0,1,12,7,0.43988628499195465,0.501401526236304,0.06151524124434932
X_causal,X_syn1,0,2,12,7,0.4970906834416051,0.4970863088967216,-4.374544883500864e-06
X_causal,X_syn2,0,3,12,7,0.4957281315755026,0.4943140176499723,-0.0014141139255303137
X_causal,Z_noise1,0,4,12,7,0.4970415355940326,0.4968008847186134,-0.0002406508754191905
X_causal,Z_noise2,0,5,12,7,0.4974808130199092,0.49775362455245803,0.0002728115325488223
X_causal,Z_noise3,0,6,12,7,0.4968607672567369,0.492560516220073,-0.004300251036663871
X_conf,X_causal,1,0,12,7,0.4395607786834899,0.4376994289763273,-0.0018613497071626184
X_conf,X_syn1,1,2,12,7,0.4444217454127658,0.44378178655658196,-0.0006399588561838421
X_conf,X_syn2,1,3,12,7,0.43744410653455007,0.43959257688261805,0.0021484703480679768
X_conf,Z_noise1,1,4,12,7,0.4418563068793088,0.44191857930228967,6.22724229808469e-05
X_conf,Z_noise2,1,5,12,7,0.44065738944032806,0.43906846008878314,-0.001588929351544921
X_conf,Z_noise3,1,6,12,7,0.44128620606124175,0.44115604577445416,-0.00013016028678758396
X_syn1,X_causal,2,0,12,7,0.4969758703648834,0.4970426608778693,6.679051298591476e-05
X_syn1,X_conf,2,1,12,7,0.4441636110632053,0.5017344694687638,0.05757085840555848
X_syn1,X_syn2,2,3,12,7,0.48445989851877164,0.4980440161430937,0.013584117624322045
X_syn1,Z_noise1,2,4,12,7,0.49621576639209064,0.5000400078718098,0.0038242414797191593
X_syn1,Z_noise2,2,5,12,7,0.5001506539140204,0.4992223804916234,-0.0009282734223969857
X_syn1,Z_noise3,2,6,12,7,0.49846165089152894,0.49850399046174415,4.233957021521073e-05
X_syn2,X_causal,3,0,12,7,0.4955962049404884,0.49998561945454467,0.004389414514056278
X_syn2,X_conf,3,1,12,7,0.43788606541754643,0.5031234117547456,0.06523734633719919
X_syn2,X_syn1,3,2,12,7,0.48541655988108634,0.4957965953959816,0.010380035514895247
X_syn2,Z_noise1,3,4,12,7,0.494398768571832,0.4971829698411108,0.0027842012692788076
X_syn2,Z_noise2,3,5,12,7,0.4984444320131507,0.4957661016227863,-0.002678330390364414
X_syn2,Z_noise3,3,6,12,7,0.5017655515082327,0.49565327605577003,-0.006112275452462623
Z_noise1,X_causal,4,0,12,7,0.4971149503635498,0.49401958942522384,-0.003095360938325964
Z_noise1,X_conf,4,1,12,7,0.4413766426938059,0.5011656942189656,0.05978905152515973
Z_noise1,X_syn1,4,2,12,7,0.4959736395683875,0.4979281596003689,0.001954520031981377
Z_noise1,X_syn2,4,3,12,7,0.49488264480489375,0.49722216455374535,0.002339519748851604
Z_noise1,Z_noise2,4,5,12,7,0.49691023790087163,0.4982529807513715,0.001342742850499845
Z_noise1,Z_noise3,4,6,12,7,0.49957473632295224,0.4933028096833543,-0.006271926639597913
Z_noise2,X_causal,5,0,12,7,0.4972553949120554,0.49715553014125297,-9.986477080242695e-05
Z_noise2,X_conf,5,1,12,7,0.44076164006805507,0.5014514153211992,0.06068977525314412
Z_noise2,X_syn1,5,2,12,7,0.4995576008923313,0.4975222030707508,-0.00203539782158052
Z_noise2,X_syn2,5,3,12,7,0.49850108674499355,0.4990240744986771,0.0005229877536835348
Z_noise2,Z_noise1,5,4,12,7,0.4973497903129524,0.4971461493922757,-0.00020364092067670647
Z_noise2,Z_noise3,5,6,12,7,0.49796246881151085,0.49530843771339284,-0.002654031098118015
Z_noise3,X_causal,6,0,12,7,0.4970364490155745,0.49871422446437075,0.0016777754487962704
Z_noise3,X_conf,6,1,12,7,0.44035816714029574,0.501531207768312,0.061173040628016206
Z_noise3,X_syn1,6,2,12,7,0.49853073370560486,0.4975573147295317,-0.0009734189760731704
Z_noise3,X_syn2,6,3,12,7,0.5021764254390205,0.5004371553178407,-0.0017392701211798034
Z_noise3,Z_noise1,6,4,12,7,0.49871669248598094,0.5005032128486525,0.001786520362671573
Z_noise3,Z_noise2,6,5,12,7,0.4984392808157838,0.5001261381583875,0.0016868573426036537
X_causal,X_conf,0,1,12,8,0.44183290376321555,0.4985662239229349,0.05673332015971938
X_causal,X_syn1,0,2,12,8,0.4991019739599486,0.4968465793213321,-0.0022553946386165147
X_causal,X_syn2,0,3,12,8,0.49624839844461144,0.49579725147356374,-0.0004511469710477001
X_causal,Z_noise1,0,4,12,8,0.4966673562106257,0.4972697306399801,0.000602374429354402
X_causal,Z_noise2,0,5,12,8,0.493314029887295,0.497683819165708,0.004369789278412972
X_causal,Z_noise3,0,6,12,8,0.4982379585539664,0.49404415536231666,-0.004193803191649748
X_conf,X_causal,1,0,12,8,0.44143461007079726,0.44509609150834617,0.003661481437548908
X_conf,X_syn1,1,2,12,8,0.44727740537723076,0.44133363067772013,-0.005943774699510629
X_conf,X_syn2,1,3,12,8,0.4427478334716745,0.4502208833714382,0.007473049899763662
X_conf,Z_noise1,1,4,12,8,0.4466229745367515,0.4488601234211024,0.0022371488843508924
X_conf,Z_noise2,1,5,12,8,0.4418416971381478,0.44572601781494176,0.003884320676793951
X_conf,Z_noise3,1,6,12,8,0.44475515268268184,0.44455546552930036,-0.00019968715338147813
X_syn1,X_causal,2,0,12,8,0.49920212778227047,0.49189258235383,-0.007309545428440478
X_syn1,X_conf,2,1,12,8,0.44705350764187085,0.4989498004267264,0.051896292784855524
X_syn1,X_syn2,2,3,12,8,0.4820990433965605,0.49900067202280995,0.016901628626249443
X_syn1,Z_noise1,2,4,12,8,0.493370239413992,0.49795736919162964,0.004587129777637644
X_syn1,Z_noise2,2,5,12,8,0.49225291404683896,0.4996412081255839,0.007388294078744917
X_syn1,Z_noise3,2,6,12,8,0.49709934186160015,0.4953951698401573,-0.0017041720214428513
X_syn2,X_causal,3,0,12,8,0.49618821683945485,0.4944429005925936,-0.0017453162468612504
X_syn2,X_conf,3,1,12,8,0.44416509634972146,0.49332570109137225,0.04916060474165079
X_syn2,X_syn1,3,2,12,8,0.4811625179594393,0.49294149851972124,0.011778980560281926
X_syn2,Z_noise1,3,4,12,8,0.4943421592238426,0.498264102728188,0.003921943504345382
X_syn2,Z_noise2,3,5,12,8,0.49189758048908255,0.4973570081484334,0.005459427659350868
X_syn2,Z_noise3,3,6,12,8,0.49434396506843215,0.49362553891685534,-0.0007184261515768009
Z_noise1,X_causal,4,0,12,8,0.49704072849632597,0.4937625401797636,-0.003278188316562347
Z_noise1,X_conf,4,1,12,8,0.44732852932952993,0.49520335155752454,0.04787482222799461
Z_noise1,X_syn1,4,2,12,8,0.4941149243171059,0.4951454086679755,0.0010304843508696093
Z_noise1,X_syn2,4,3,12,8,0.49518307868942457,0.4957829838351508,0.0005999051457262206
Z_noise1,Z_noise2,4,5,12,8,0.48974305846823557,0.49854329706271794,0.008800238594482368
Z_noise1,Z_noise3,4,6,12,8,0.49514097986301986,0.4932270320593318,-0.001913947803688032
Z_noise2,X_causal,5,0,12,8,0.4928576532773048,0.49280830647774027,-4.934679956453136e-05
Z_noise2,X_conf,5,1,12,8,0.4427069154076496,0.4929150321978917,0.05020811679024206
Z_noise2,X_syn1,5,2,12,8,0.49066888644116174,0.4902491951327048,-0.0004196913084569265
Z_noise2,X_syn2,5,3,12,8,0.49228165941348434,0.49318816034130386,0.0009065009278195202
Z_noise2,Z_noise1,5,4,12,8,0.48924177400165786,0.49435057466166293,0.005108800660005075
Z_noise2,Z_noise3,5,6,12,8,0.4949752664282006,0.49006951049716435,-0.00490575593103626
Z_noise3,X_causal,6,0,12,8,0.49768221389082096,0.4970140307729934,-0.0006681831178275699
Z_noise3,X_conf,6,1,12,8,0.4451509146656051,0.49764639895302065,0.05249548428741557
Z_noise3,X_syn1,6,2,12,8,0.4974684460071846,0.4943210212771719,-0.003147424730012671
Z_noise3,X_syn2,6,3,12,8,0.49455318133401566,0.49894349582428466,0.004390314490268998
Z_noise3,Z_noise1,6,4,12,8,0.49578000927523413,0.5004723350685832,0.004692325793349106
Z_noise3,Z_noise2,6,5,12,8,0.49406297955338696,0.49894769999630667,0.00488472044291971
X_causal,X_conf,0,1,12,9,0.4529032253338302,0.49498346882325134,0.04208024348942113
X_causal,X_syn1,0,2,12,9,0.49298033670736535,0.4896669364624407,-0.003313400244924658
X_causal,X_syn2,0,3,12,9,0.4969431549300158,0.493918751095561,-0.003024403834454792
X_causal,Z_noise1,0,4,12,9,0.494643991659994,0.49608622249812334,0.0014422308381293325
X_causal,Z_noise2,0,5,12,9,0.49582641099719243,0.49705078185471785,0.0012243708575254142
X_causal,Z_noise3,0,6,12,9,0.4945973235691174,0.49727112093767867,0.0026737973685612704
X_conf,X_causal,1,0,12,9,0.4525756471028527,0.453582926130883,0.0010072790280303279
X_conf,X_syn1,1,2,12,9,0.45278375226039225,0.4488016337840666,-0.0039821184763256245
X_conf,X_syn2,1,3,12,9,0.4510729707955606,0.4495258732831742,-0.0015470975123863528
X_conf,Z_noise1,1,4,12,9,0.4495301072049466,0.4497679556997999,0.00023784849485325443
X_conf,Z_noise2,1,5,12,9,0.44701094933441665,0.45638147362097925,0.009370524286562598
X_conf,Z_noise3,1,6,12,9,0.45146337904446626,0.45032861287128173,-0.0011347661731845315
X_syn1,X_causal,2,0,12,9,0.4920575228381625,0.4952631127363498,0.003205589898187311
X_syn1,X_conf,2,1,12,9,0.4526894472575994,0.4930979878236765,0.04040854056607707
X_syn1,X_syn2,2,3,12,9,0.46209979986896277,0.48944974772911753,0.027349947860154766
X_syn1,Z_noise1,2,4,12,9,0.4937036156492233,0.49037991727761937,-0.003323698371603956
X_syn1,Z_noise2,2,5,12,9,0.49611693901734255,0.4932792454270751,-0.002837693590267476
X_syn1,Z_noise3,2,6,12,9,0.4923741961003869,0.49440407986792356,0.0020298837675366554
X_syn2,X_causal,3,0,12,9,0.49687621517955055,0.49775994971200566,0.0008837345324551049
X_syn2,X_conf,3,1,12,9,0.45065042494829066,0.494355266118173,0.043704841169882325
X_syn2,X_syn1,3,2,12,9,0.46243946557484283,0.4949244916061584,0.03248502603131559
X_syn2,Z_noise1,3,4,12,9,0.49621711441365557,0.49732611707083885,0.0011090026571832778
X_syn2,Z_noise2,3,5,12,9,0.5012494323233996,0.4966735292277285,-0.0045759030956710744
X_syn2,Z_noise3,3,6,12,9,0.4965114059298027,0.49262061255236606,-0.003890793377436641
Z_noise1,X_causal,4,0,12,9,0.4952298262076446,0.49887170883969,0.003641882632045401
Z_noise1,X_conf,4,1,12,9,0.4490853762173276,0.49198929268963687,0.04290391647230929
Z_noise1,X_syn1,4,2,12,9,0.49380806535040367,0.4948692307351395,0.0010611653847358293
Z_noise1,X_syn2,4,3,12,9,0.4960349646206162,0.4973074815905243,0.0012725169699080996
Z_noise1,Z_noise2,4,5,12,9,0.4950067808118922,0.4986539028018273,0.0036471219899351093
Z_noise1,Z_noise3,4,6,12,9,0.49831007135355876,0.49510244089501687,-0.003207630458541888
Z_noise2,X_causal,5,0,12,9,0.4959715161455075,0.49885414542013196,0.0028826292746244597
Z_noise2,X_conf,5,1,12,9,0.44624136382995494,0.4926662418643949,0.046424878034439954
Z_noise2,X_syn1,5,2,12,9,0.49548033752821413,0.49603142929218397,0.0005510917639698354
Z_noise2,X_syn2,5,3,12,9,0.5008466936151946,0.496893068520351,-0.003953625094843649
Z_noise2,Z_noise1,5,4,12,9,0.4944843428727112,0.49459143420419127,0.00010709133148006922
Z_noise2,Z_noise3,5,6,12,9,0.49762794235591906,0.49536575163202373,-0.00226219072389533
Z_noise3,X_causal,6,0,12,9,0.4950100823641176,0.496443550053905,0.0014334676897874155
Z_noise3,X_conf,6,1,12,9,0.45077135566497895,0.49176757274726496,0.04099621708228601
Z_noise3,X_syn1,6,2,12,9,0.49268970439574594,0.4952880267436589,0.0025983223479129625
Z_noise3,X_syn2,6,3,12,9,0.49640349643062837,0.49235201776058357,-0.004051478670044795
Z_noise3,Z_noise1,6,4,12,9,0.4980033483832187,0.4943284085087658,-0.003674939874452887
Z_noise3,Z_noise2,6,5,12,9,0.4977491235846508,0.49789100746508724,0.00014188388043645528
X_causal,X_conf,0,1,13,0,0.4419203580246867,0.4897814295471815,0.0478610715224948
X_causal,X_syn1,0,2,13,0,0.4930033349956171,0.49437354593928046,0.0013702109436633525
X_causal,X_syn2,0,3,13,0,0.4940579134530048,0.4914766474414157,-0.0025812660115890895
X_causal,Z_noise1,0,4,13,0,0.4963591157660742,0.49151919795357546,-0.004839917812498762
X_causal,Z_noise2,0,5,13,0,0.49873709528958676,0.495653931833357,-0.003083163456229776
X_causal,Z_noise3,0,6,13,0,0.4991908856660767,0.49397856265116036,-0.005212323014916365
X_conf,X_causal,1,0,13,0,0.44233402497393504,0.4417315694143237,-0.000602455559611359
X_conf,X_syn1,1,2,13,0,0.4398012835360847,0.4442096732299005,0.004408389693815795
X_conf,X_syn2,1,3,13,0,0.4402552742042957,0.439651638285982,-0.0006036359183136941
X_conf,Z_noise1,1,4,13,0,0.44418071126452596,0.4424043102870657,-0.0017764009774602352
X_conf,Z_noise2,1,5,13,0,0.44128800826482306,0.4380672307136656,-0.003220777551157461
X_conf,Z_noise3,1,6,13,0,0.4447469514877014,0.4457880248889583,0.00104107340125692
X_syn1,X_causal,2,0,13,0,0.4921078439102245,0.4940063438976702,0.0018984999874456787
X_syn1,X_conf,2,1,13,0,0.4378820151831943,0.4935778939470515,0.055695878763857176
X_syn1,X_syn2,2,3,13,0,0.47161914855608855,0.4946749701777559,0.02305582162166736
X_syn1,Z_noise1,2,4,13,0,0.49360342420662723,0.4905614023356737,-0.0030420218709535374
X_syn1,Z_noise2,2,5,13,0,0.4989157263196764,0.49372118422102357,-0.005194542098652832
X_syn1,Z_noise3,2,6,13,0,0.49743762771459626,0.495753751079187,-0.0016838766354092538
X_syn2,X_causal,3,0,13,0,0.49478428441059935,0.498160895597217,0.0033766111866176396
X_syn2,X_conf,3,1,13,0,0.4402198631371143,0.4965648163253722,0.056344953188257885
X_syn2,X_syn1,3,2,13,0,0.47122922586654525,0.49498525471998833,0.02375602885344308
X_syn2,Z_noise1,3,4,13,0,0.49702614480255647,0.49459997242435505,-0.002426172378201419
X_syn2,Z_noise2,3,5,13,0,0.4990249897213747,0.4968641392066414,-0.0021608505147333035
X_syn2,Z_noise3,3,6,13,0,0.5015178009143662,0.4926625076756009,-0.008855293238765272
Z_noise1,X_causal,4,0,13,0,0.49659703276783024,0.4955534259456933,-0.0010436068221369443
Z_noise1,X_conf,4,1,13,0,0.44454430809439677,0.49664175654293763,0.05209744844854086
Z_noise1,X_syn1,4,2,13,0,0.4934159344187335,0.4977433259442823,0.004327391525548785
Z_noise1,X_syn2,4,3,13,0,0.4974084012456541,0.4935351066624596,-0.00387329458319452
Z_noise1,Z_noise2,4,5,13,0,0.4971690849790009,0.499346814258401,0.0021777292794000758
Z_noise1,Z_noise3,4,6,13,0,0.5029676618804195,0.49993569069709737,-0.0030319711833221574
Z_noise2,X_causal,5,0,13,0,0.49924290550767253,0.4995317507427373,0.000288845235064783
Z_noise2,X_conf,5,1,13,0,0.44300930311834086,0.4976325863362094,0.054623283217868523
Z_noise2,X_syn1,5,2,13,0,0.4994568420085769,0.4980225904067936,-0.0014342516017832874
Z_noise2,X_syn2,5,3,13,0,0.4997110634240012,0.49541401090037374,-0.004297052523627443
Z_noise2,Z_noise1,5,4,13,0,0.49690050850209994,0.4942111288992963,-0.002689379602803632
Z_noise2,Z_noise3,5,6,13,0,0.5011819434468172,0.49770663798449916,-0.003475305462318057
Z_noise3,X_causal,6,0,13,0,0.4992631156364764,0.5003515095023867,0.0010883938659103087
Z_noise3,X_conf,6,1,13,0,0.4447526839721005,0.49959383281774783,0.054841148845647336
Z_noise3,X_syn1,6,2,13,0,0.4980352138358009,0.4973612627740321,-0.0006739510617688182
Z_noise3,X_syn2,6,3,13,0,0.5006679726500772,0.4973605208708629,-0.003307451779214321
Z_noise3,Z_noise1,6,4,13,0,0.5023562518575161,0.4978632507721676,-0.0044930010853485025
Z_noise3,Z_noise2,6,5,13,0,0.5016053501122409,0.5013976672968191,-0.00020768281542182798
X_causal,X_conf,0,1,13,1,0.44719391375684536,0.4963577569116473,0.049163843154801934
X_causal,X_syn1,0,2,13,1,0.4948341253042934,0.4929850554621277,-0.001849069842165707
X_causal,X_syn2,0,3,13,1,0.4973857265717825,0.49181736663393866,-0.005568359937843825
X_causal,Z_noise1,0,4,13,1,0.4990733874742488,0.4965047588866893,-0.0025686285875594628
X_causal,Z_noise2,0,5,13,1,0.494353905544286,0.4948518755484374,0.0004979700041514157
X_causal,Z_noise3,0,6,13,1,0.49598018890854945,0.49598526078455885,5.07187600939929e-06
X_conf,X_causal,1,0,13,1,0.4462825603849064,0.44369048128389343,-0.002592079101012945
X_conf,X_syn1,1,2,13,1,0.4501651255765591,0.44309237178513344,-0.007072753791425634
X_conf,X_syn2,1,3,13,1,0.4488931880929771,0.4482556883009814,-0.0006374997919957326
X_conf,Z_noise1,1,4,13,1,0.4499083351338119,0.4474286421655225,-0.002479692968289371
X_conf,Z_noise2,1,5,13,1,0.44682453305415104,0.44798032748700756,0.0011557944328565162
X_conf,Z_noise3,1,6,13,1,0.4484816150433296,0.4481961688637168,-0.0002854461796127916
X_syn1,X_causal,2,0,13,1,0.4950913891739306,0.5043876571975145,0.009296268023583965
X_syn1,X_conf,2,1,13,1,0.44946757952776834,0.4971824071028454,0.04771482757507706
X_syn1,X_syn2,2,3,13,1,0.47049613504473364,0.49659564243924526,0.026099507394511612
X_syn1,Z_noise1,2,4,13,1,0.49914960874601955,0.497033977296798,-0.0021156314492215555
X_syn1,Z_noise2,2,5,13,1,0.4949250925861567,0.5009498581042777,0.0060247655181210336
X_syn1,Z_noise3,2,6,13,1,0.5002278981426934,0.4975827592841497,-0.0026451388585437274
X_syn2,X_causal,3,0,13,1,0.4972676671604008,0.49715977407977363,-0.00010789308062714165
X_syn2,X_conf,3,1,13,1,0.4500581959077143,0.49548276580429546,0.04542456989658117
X_syn2,X_syn1,3,2,13,1,0.46956421003311133,0.495955583618315,0.02639137358520366
X_syn2,Z_noise1,3,4,13,1,0.4965412375142867,0.49598051525233505,-0.0005607222619516405
X_syn2,Z_noise2,3,5,13,1,0.4962956729376037,0.4997423471375139,0.003446674199910238
X_syn2,Z_noise3,3,6,13,1,0.49720048940416867,0.4999226331198319,0.002722143715663261
Z_noise1,X_causal,4,0,13,1,0.4994925774104295,0.503208903329874,0.0037163259194444853
Z_noise1,X_conf,4,1,13,1,0.4489327510393993,0.4963822880247852,0.0474495369853859
Z_noise1,X_syn1,4,2,13,1,0.49876966728405964,0.4924253582934277,-0.0063443089906319305
Z_noise1,X_syn2,4,3,13,1,0.4955492415239891,0.49675864410047477,0.001209402576485663
Z_noise1,Z_noise2,4,5,13,1,0.4956673376441783,0.5026094891499941,0.006942151505815841
Z_noise1,Z_noise3,4,6,13,1,0.5002303404414729,0.5003340844663507,0.00010374402487789425
Z_noise2,X_causal,5,0,13,1,0.49360719695630834,0.49716782625575684,0.0035606292994485034
Z_noise2,X_conf,5,1,13,1,0.4479847374134909,0.49644523202441704,0.048460494610926164
Z_noise2,X_syn1,5,2,13,1,0.49591785900712393,0.49321675359940226,-0.002701105407721671
Z_noise2,X_syn2,5,3,13,1,0.4966936819565602,0.4935446894945907,-0.0031489924619695353
Z_noise2,Z_noise1,5,4,13,1,0.4956959081377668,0.4932331808421355,-0.002462727295631295
Z_noise2,Z_noise3,5,6,13,1,0.49760788253821026,0.4935795460209225,-0.004028336517287734
Z_noise3,X_causal,6,0,13,1,0.49608068586758014,0.5001487133377273,0.0040680274701471175
Z_noise3,X_conf,6,1,13,1,0.44893786907289707,0.5004176891276008,0.051479820054703695
Z_noise3,X_syn1,6,2,13,1,0.5001003276572636,0.4950356648154223,-0.005064662841841316
Z_noise3,X_syn2,6,3,13,1,0.4972541959834055,0.4964606428075198,-0.0007935531758856973
Z_noise3,Z_noise1,6,4,13,1,0.4993276561678884,0.49654213159850336,-0.002785524569385023
Z_noise3,Z_noise2,6,5,13,1,0.49669825899622994,0.4957510048360165,-0.0009472541602134621
X_causal,X_conf,0,1,13,2,0.4365113535954815,0.49116639780464716,0.05465504420916567
X_causal,X_syn1,0,2,13,2,0.4922490968282544,0.4947505338798105,0.002501437051556088
X_causal,X_syn2,0,3,13,2,0.49123251797043654,0.49286356704891343,0.0016310490784768872
X_causal,Z_noise1,0,4,13,2,0.49742360727000134,0.49198222621244764,-0.005441381057553707
X_causal,Z_noise2,0,5,13,2,0.4943930316758166,0.4955419984127223,0.0011489667369056766
X_causal,Z_noise3,0,6,13,2,0.4958622923839398,0.49471520773986577,-0.0011470846440740368
X_conf,X_causal,1,0,13,2,0.4361140262329138,0.4343384395140007,-0.0017755867189130914
X_conf,X_syn1,1,2,13,2,0.43724927114028195,0.4337760328774048,-0.003473238262877154
X_conf,X_syn2,1,3,13,2,0.44016199351813223,0.43521325844022996,-0.004948735077902278
X_conf,Z_noise1,1,4,13,2,0.43770008779454567,0.43666578335742645,-0.0010343044371192156
X_conf,Z_noise2,1,5,13,2,0.4356124888845884,0.4345720351467762,-0.001040453737812197
X_conf,Z_noise3,1,6,13,2,0.4361376599889046,0.4372050309563373,0.0010673709674327014
X_syn1,X_causal,2,0,13,2,0.4924688197618598,0.4946978339785876,0.002229014216727776
X_syn1,X_conf,2,1,13,2,0.4362235946351485,0.4923747274713427,0.05615113283619422
X_syn1,X_syn2,2,3,13,2,0.4791140074562162,0.49804352902563276,0.018929521569416574
X_syn1,Z_noise1,2,4,13,2,0.4933725137108685,0.4961184157582598,0.0027459020473913354
X_syn1,Z_noise2,2,5,13,2,0.4947546235468237,0.4946047012985711,-0.0001499222482526097
X_syn1,Z_noise3,2,6,13,2,0.49478274102079706,0.49403479827257096,-0.0007479427482260936
X_syn2,X_causal,3,0,13,2,0.4917610333129102,0.4954671929746565,0.003706159661746311
X_syn2,X_conf,3,1,13,2,0.43875534291553137,0.49266115498062246,0.0539058120650911
X_syn2,X_syn1,3,2,13,2,0.4808824654439723,0.4920517554520861,0.011169290008113841
X_syn2,Z_noise1,3,4,13,2,0.4965227973243554,0.4948816225432732,-0.0016411747810821664
X_syn2,Z_noise2,3,5,13,2,0.4947905905189396,0.49276207535147926,-0.002028515167460332
X_syn2,Z_noise3,3,6,13,2,0.4932731252332811,0.4958509240751971,0.0025777988419160014
Z_noise1,X_causal,4,0,13,2,0.4970846945741323,0.5010093541037994,0.0039246595296671405
Z_noise1,X_conf,4,1,13,2,0.4370158969897972,0.49494752106572176,0.05793162407592456
Z_noise1,X_syn1,4,2,13,2,0.49354719125156665,0.4966617777308233,0.0031145864792566647
Z_noise1,X_syn2,4,3,13,2,0.4966998998991337,0.49783889694375805,0.0011389970446243347
Z_noise1,Z_noise2,4,5,13,2,0.4949252106602996,0.4989387174903315,0.004013506830031877
Z_noise1,Z_noise3,4,6,13,2,0.49917899036556,0.4944343051037691,-0.004744685261790893
Z_noise2,X_causal,5,0,13,2,0.49387374565270986,0.49698609481296274,0.0031123491602528808
Z_noise2,X_conf,5,1,13,2,0.43546361486804763,0.48906998850415734,0.053606373636109705
Z_noise2,X_syn1,5,2,13,2,0.49466269182578537,0.49045160080317984,-0.004211091022605529
Z_noise2,X_syn2,5,3,13,2,0.49393131128847545,0.4955665029893386,0.0016351917008631256
Z_noise2,Z_noise1,5,4,13,2,0.4952060703131459,0.4949948513108416,-0.00021121900230430812
Z_noise2,Z_noise3,5,6,13,2,0.49209014565558934,0.4939194205382777,0.0018292748826883587
Z_noise3,X_causal,6,0,13,2,0.4961181814369878,0.49215955103173126,-0.003958630405256569
Z_noise3,X_conf,6,1,13,2,0.436137054356125,0.49516681528391365,0.059029760927788666
Z_noise3,X_syn1,6,2,13,2,0.49522698751035943,0.48828376001580576,-0.006943227494553672
Z_noise3,X_syn2,6,3,13,2,0.49391600749492565,0.4931031931798204,-0.0008128143151052702
Z_noise3,Z_noise1,6,4,13,2,0.4991905099809769,0.4968229886148946,-0.0023675213660823147
Z_noise3,Z_noise2,6,5,13,2,0.4918064684367603,0.4949525341743321,0.0031460657375718126
X_causal,X_conf,0,1,13,3,0.4588193344468865,0.49752547557186394,0.038706141124977445
X_causal,X_syn1,0,2,13,3,0.49975833740819275,0.49788868393488944,-0.001869653473303312
X_causal,X_syn2,0,3,13,3,0.49728260615082426,0.49493820180817366,-0.0023444043426505967
X_causal,Z_noise1,0,4,13,3,0.49883686553595563,0.49514743502096,-0.0036894305149956508
X_causal,Z_noise2,0,5,13,3,0.4974096893210644,0.49202213063107114,-0.005387558689993244
X_causal,Z_noise3,0,6,13,3,0.49736664043204737,0.4948018198702104,-0.002564820561836989
X_conf,X_causal,1,0,13,3,0.4584019493774407,0.45338528068318296,-0.005016668694257764
X_conf,X_syn1,1,2,13,3,0.46014258366205707,0.4572774599535911,-0.0028651237084659775
X_conf,X_syn2,1,3,13,3,0.4523885111188613,0.45741534197818445,0.00502683085932315
X_conf,Z_noise1,1,4,13,3,0.45878110231819524,0.4539138293584027,-0.004867272959792557
X_conf,Z_noise2,1,5,13,3,0.4578105598602461,0.45533139049311844,-0.002479169367127665
X_conf,Z_noise3,1,6,13,3,0.4582563126263026,0.4606371697088586,0.002380857082555976
X_syn1,X_causal,2,0,13,3,0.4992205794423154,0.5005571232039623,0.00133654376164688
X_syn1,X_conf,2,1,13,3,0.4598366111379726,0.5007749879618357,0.04093837682386314
X_syn1,X_syn2,2,3,13,3,0.4663829175322442,0.4913623569807605,0.024979439448516272
X_syn1,Z_noise1,2,4,13,3,0.5025842460564128,0.49750784010035176,-0.00507640595606107
X_syn1,Z_noise2,2,5,13,3,0.4967587953015294,0.49467031009162804,-0.0020884852099013473
X_syn1,Z_noise3,2,6,13,3,0.4973725167859656,0.4981832779625111,0.0008107611765454936
X_syn2,X_causal,3,0,13,3,0.4979432655249848,0.49643490193185,-0.001508363593134776
X_syn2,X_conf,3,1,13,3,0.4524540223950682,0.4956969679972261,0.04324294560215791
X_syn2,X_syn1,3,2,13,3,0.4660928279483364,0.4929907915182708,0.026897963569934402
X_syn2,Z_noise1,3,4,13,3,0.5006947579075934,0.4967870920102,-0.003907665897393442
X_syn2,Z_noise2,3,5,13,3,0.496743521339696,0.4934961795624402,-0.00324734177725583
X_syn2,Z_noise3,3,6,13,3,0.4945187916317883,0.499221993825016,0.0047032021932276735
Z_noise1,X_causal,4,0,13,3,0.49899990273711997,0.5008577419540728,0.0018578392169528724
Z_noise1,X_conf,4,1,13,3,0.45853619230648573,0.4961223702606847,0.03758617795419894
Z_noise1,X_syn1,4,2,13,3,0.5030798413187713,0.49917231761495073,-0.003907523703820526
Z_noise1,X_syn2,4,3,13,3,0.5003270842474745,0.49931811689821615,-0.0010089673492583717
Z_noise1,Z_noise2,4,5,13,3,0.4957733454118044,0.497847534830957,0.0020741894191526056
Z_noise1,Z_noise3,4,6,13,3,0.5019719469120107,0.5005386727715436,-0.0014332741404671223
Z_noise2,X_causal,5,0,13,3,0.4972056126169736,0.4971577497884287,-4.7862828544908975e-05
Z_noise2,X_conf,5,1,13,3,0.45810062221280434,0.4966427038333041,0.03854208162049977
Z_noise2,X_syn1,5,2,13,3,0.49576077065931023,0.4937869878489833,-0.0019737828103269517
Z_noise2,X_syn2,5,3,13,3,0.49682250919752957,0.4952066041973867,-0.0016159050001428588
Z_noise2,Z_noise1,5,4,13,3,0.49484320106943824,0.49248711280536767,-0.002356088264070577
Z_noise2,Z_noise3,5,6,13,3,0.4958159094115923,0.4950971635715921,-0.0007187458400002011
Z_noise3,X_causal,6,0,13,3,0.4963920882149391,0.49587514550210376,-0.000516942712835311
Z_noise3,X_conf,6,1,13,3,0.45881954445964607,0.49908077365970727,0.0402612292000612
Z_noise3,X_syn1,6,2,13,3,0.4972929117520981,0.49461220691904506,-0.002680704833053049
Z_noise3,X_syn2,6,3,13,3,0.49447610286479204,0.49052683685200027,-0.0039492660127917745
Z_noise3,Z_noise1,6,4,13,3,0.5023929561436644,0.4983301076135495,-0.004062848530114904
Z_noise3,Z_noise2,6,5,13,3,0.4952932501471217,0.4927068142418348,-0.002586435905286899
X_causal,X_conf,0,1,13,4,0.45334657407755874,0.4937935436984837,0.04044696962092498
X_causal,X_syn1,0,2,13,4,0.49745991482996815,0.49541966429396606,-0.0020402505360020973
X_causal,X_syn2,0,3,13,4,0.4967713134864514,0.4968958103011381,0.00012449681468668095
X_causal,Z_noise1,0,4,13,4,0.49676695304709956,0.4943965380622889,-0.002370414984810665
X_causal,Z_noise2,0,5,13,4,0.4964147485403242,0.49812857602046934,0.001713827480145147
X_causal,Z_noise3,0,6,13,4,0.4955428074128737,0.49593778032398805,0.00039497291111434407
X_conf,X_causal,1,0,13,4,0.45368998364486474,0.44933809326756985,-0.004351890377294887
X_conf,X_syn1,1,2,13,4,0.4574970007377314,0.457673973938503,0.00017697320077159073
X_conf,X_syn2,1,3,13,4,0.4504202090386824,0.4565884179256826,0.006168208887000204
X_conf,Z_noise1,1,4,13,4,0.45789354894950435,0.4541653837120016,-0.003728165237502745
X_conf,Z_noise2,1,5,13,4,0.4589179171268012,0.45145985520790183,-0.007458061918899361
X_conf,Z_noise3,1,6,13,4,0.45449935699950567,0.45290339375771976,-0.0015959632417859027
X_syn1,X_causal,2,0,13,4,0.4974904910112815,0.494565119504479,-0.002925371506802499
X_syn1,X_conf,2,1,13,4,0.456285301717186,0.4934573306489362,0.0371720289317502
X_syn1,X_syn2,2,3,13,4,0.46772836867659345,0.496210490559656,0.02848212188306254
X_syn1,Z_noise1,2,4,13,4,0.4927431012031371,0.4938860247498467,0.00114292354670964
X_syn1,Z_noise2,2,5,13,4,0.4935516621962437,0.4945292322230077,0.0009775700267640186
X_syn1,Z_noise3,2,6,13,4,0.4959501361072025,0.49454341861800777,-0.001406717489194742
X_syn2,X_causal,3,0,13,4,0.49659108159369536,0.4929938882496094,-0.0035971933440859805
X_syn2,X_conf,3,1,13,4,0.4509074536571117,0.4925973967815668,0.041689943124455064
X_syn2,X_syn1,3,2,13,4,0.4677793836527071,0.49592401712490847,0.028144633472201364
X_syn2,Z_noise1,3,4,13,4,0.4933704597814185,0.49623097200095484,0.0028605122195363153
X_syn2,Z_noise2,3,5,13,4,0.49606113698529347,0.4983455623334845,0.0022844253481910104
X_syn2,Z_noise3,3,6,13,4,0.49449941832602184,0.49514597272123156,0.0006465543952097197
Z_noise1,X_causal,4,0,13,4,0.49699858453553114,0.4933140218174313,-0.0036845627180998597
Z_noise1,X_conf,4,1,13,4,0.45746881733885175,0.4901276029107323,0.032658785571880566
Z_noise1,X_syn1,4,2,13,4,0.49341229050348306,0.49516423513792335,0.0017519446344402834
Z_noise1,X_syn2,4,3,13,4,0.494066653832425,0.4958358842156467,0.0017692303832217426
Z_noise1,Z_noise2,4,5,13,4,0.49439692670805063,0.49870169141926646,0.004304764711215825
Z_noise1,Z_noise3,4,6,13,4,0.4979246029407355,0.499118468945992,0.0011938660052565053
Z_noise2,X_causal,5,0,13,4,0.49662652934366913,0.4892362559959251,-0.0073902733477440585
Z_noise2,X_conf,5,1,13,4,0.45889869843508035,0.49143139210597947,0.032532693670899115
Z_noise2,X_syn1,5,2,13,4,0.49409450533686294,0.4927901539544858,-0.0013043513823771669
Z_noise2,X_syn2,5,3,13,4,0.49685606428731427,0.4999329540594361,0.003076889772121838
Z_noise2,Z_noise1,5,4,13,4,0.49437337716137864,0.4973473571851427,0.002973980023764089
Z_noise2,Z_noise3,5,6,13,4,0.4964267836490774,0.4956352250864623,-0.0007915585626150912
Z_noise3,X_causal,6,0,13,4,0.4959208770646476,0.49501134884539433,-0.000909528219253275
Z_noise3,X_conf,6,1,13,4,0.45422630113239115,0.4945325086090319,0.040306207476640765
Z_noise3,X_syn1,6,2,13,4,0.4969517933594351,0.4985427498931871,0.0015909565337519638
Z_noise3,X_syn2,6,3,13,4,0.49531954547564827,0.4970377028422698,0.0017181573666215089
Z_noise3,Z_noise1,6,4,13,4,0.497651173829953,0.49569127016643716,-0.0019599036635158384
Z_noise3,Z_noise2,6,5,13,4,0.49599763682943415,0.4953157593766943,-0.000681877452739843
X_causal,X_conf,0,1,13,5,0.4205036889895167,0.48879175802259583,0.06828806903307916
X_causal,X_syn1,0,2,13,5,0.49842818346019835,0.49404877117126667,-0.004379412288931683
X_causal,X_syn2,0,3,13,5,0.4929321860112261,0.4933962164049825,0.000464030393756365
X_causal,Z_noise1,0,4,13,5,0.49312169594668154,0.49279112951633003,-0.0003305664303515088
X_causal,Z_noise2,0,5,13,5,0.49102634296509334,0.49296191616603663,0.0019355732009432858
X_causal,Z_noise3,0,6,13,5,0.49039105237507075,0.4912127223283661,0.0008216699532953564
X_conf,X_causal,1,0,13,5,0.41985044636684515,0.4288627043483728,0.00901225798152766
X_conf,X_syn1,1,2,13,5,0.4285481728696002,0.4317049528222209,0.003156779952620703
X_conf,X_syn2,1,3,13,5,0.4293784534507715,0.426659625327038,-0.00271882812373353
X_conf,Z_noise1,1,4,13,5,0.42840255853481224,0.4248792621459689,-0.0035232963888433555
X_conf,Z_noise2,1,5,13,5,0.42730882935954884,0.42754569230451034,0.00023686294496150229
X_conf,Z_noise3,1,6,13,5,0.4249239372018463,0.4241443954591301,-0.0007795417427162166
X_syn1,X_causal,2,0,13,5,0.4990894490026219,0.4996549566666456,0.00056550766402369
X_syn1,X_conf,2,1,13,5,0.4288563604372258,0.4997110079345031,0.07085464749727732
X_syn1,X_syn2,2,3,13,5,0.4756211671546797,0.49957474840177696,0.023953581247097233
X_syn1,Z_noise1,2,4,13,5,0.4972452585961693,0.5023206235196643,0.005075364923495029
X_syn1,Z_noise2,2,5,13,5,0.49695825996690185,0.49452822031628657,-0.002430039650615279
X_syn1,Z_noise3,2,6,13,5,0.4992627590598173,0.49905497143217753,-0.0002077876276397883
X_syn2,X_causal,3,0,13,5,0.4928511269609668,0.4940716099387354,0.001220482977768611
X_syn2,X_conf,3,1,13,5,0.4291251477424809,0.4933834307343258,0.06425828299184488
X_syn2,X_syn1,3,2,13,5,0.475659984117262,0.493709006615171,0.018049022497908962
X_syn2,Z_noise1,3,4,13,5,0.49013222238640086,0.4947611843080882,0.0046289619216873246
X_syn2,Z_noise2,3,5,13,5,0.4974452420473538,0.4950263866102351,-0.002418855437118672
X_syn2,Z_noise3,3,6,13,5,0.49519302727378894,0.49311474455587817,-0.0020782827179107732
Z_noise1,X_causal,4,0,13,5,0.4925868433520267,0.4937345522302714,0.0011477088782447242
Z_noise1,X_conf,4,1,13,5,0.42893002273858916,0.4947026379682518,0.06577261522966266
Z_noise1,X_syn1,4,2,13,5,0.4968309836593609,0.49647251732223996,-0.000358466337120944
Z_noise1,X_syn2,4,3,13,5,0.49194573756601334,0.4932992519267751,0.001353514360761754
Z_noise1,Z_noise2,4,5,13,5,0.49394390581152425,0.4957546093419908,0.0018107035304665287
Z_noise1,Z_noise3,4,6,13,5,0.49378303241869537,0.4952142571288046,0.001431224710109258
Z_noise2,X_causal,5,0,13,5,0.49045352483374904,0.49573339340558104,0.0052798685718319915
Z_noise2,X_conf,5,1,13,5,0.4265635593371937,0.4914935916981489,0.06493003236095518
Z_noise2,X_syn1,5,2,13,5,0.4965454026066527,0.4937059078035328,-0.002839494803119902
Z_noise2,X_syn2,5,3,13,5,0.4971984888939072,0.4932188553293145,-0.003979633564592744
Z_noise2,Z_noise1,5,4,13,5,0.49418130333546145,0.4949640036731133,0.0007827003376518205
Z_noise2,Z_noise3,5,6,13,5,0.4914518230649533,0.4939826410364806,0.0025308179715273216
Z_noise3,X_causal,6,0,13,5,0.49091396860907627,0.4960194156617286,0.005105447052652312
Z_noise3,X_conf,6,1,13,5,0.42463618632833033,0.49207927265317564,0.0674430863248453
Z_noise3,X_syn1,6,2,13,5,0.49843531334581065,0.4929802676594286,-0.005455045686382054
Z_noise3,X_syn2,6,3,13,5,0.4956723617406853,0.4955693483485673,-0.00010301339211798988
Z_noise3,Z_noise1,6,4,13,5,0.49270040785591074,0.49339607983475114,0.0006956719788404064
Z_noise3,Z_noise2,6,5,13,5,0.49119299182638243,0.49296477489441165,0.0017717830680292201
X_causal,X_conf,0,1,13,6,0.4313476541973388,0.49360998583224225,0.06226233163490347
X_causal,X_syn1,0,2,13,6,0.4950558849942487,0.4903440657161132,-0.004711819278135465
X_causal,X_syn2,0,3,13,6,0.4929562447960746,0.49543232426655154,0.002476079470476955
X_causal,Z_noise1,0,4,13,6,0.4926871247727529,0.49344499713180373,0.0007578723590508374
X_causal,Z_noise2,0,5,13,6,0.4972861384345193,0.4931776845205102,-0.0041084539140091025
X_causal,Z_noise3,0,6,13,6,0.49457011734585204,0.4939852004365005,-0.0005849169093515294
X_conf,X_causal,1,0,13,6,0.43058563413557843,0.42978383754651367,-0.0008017965890647627
X_conf,X_syn1,1,2,13,6,0.4284394998794094,0.43219112111419544,0.0037516212347860622
X_conf,X_syn2,1,3,13,6,0.430772507118499,0.4346820131280159,0.003909506009516894
X_conf,Z_noise1,1,4,13,6,0.42661089786013967,0.4252633100071352,-0.0013475878530044838
X_conf,Z_noise2,1,5,13,6,0.431391200890068,0.4279941900439285,-0.00339701084613947
X_conf,Z_noise3,1,6,13,6,0.4296636348898426,0.43826097790416396,0.008597343014321357
X_syn1,X_causal,2,0,13,6,0.49585931327564964,0.49200638412452263,-0.0038529291511270047
X_syn1,X_conf,2,1,13,6,0.4280193439567636,0.49593235557780085,0.06791301162103724
X_syn1,X_syn2,2,3,13,6,0.4840418404674306,0.4976279048136288,0.01358606434619819
X_syn1,Z_noise1,2,4,13,6,0.4904358634857567,0.4920054152400563,0.0015695517542996251
X_syn1,Z_noise2,2,5,13,6,0.4952037266487557,0.4907499760877523,-0.0044537505610034445
X_syn1,Z_noise3,2,6,13,6,0.4945789934356654,0.49501001498283254,0.0004310215471671208
X_syn2,X_causal,3,0,13,6,0.49313386008760896,0.49412878405746014,0.0009949239698511803
X_syn2,X_conf,3,1,13,6,0.4307245112421117,0.4971269326671869,0.06640242142507519
X_syn2,X_syn1,3,2,13,6,0.48246890731159514,0.4954247086459143,0.012955801334319172
X_syn2,Z_noise1,3,4,13,6,0.49585112955608174,0.4952018084740904,-0.0006493210819913386
X_syn2,Z_noise2,3,5,13,6,0.5015951866644934,0.4952331441997768,-0.006362042464716611
X_syn2,Z_noise3,3,6,13,6,0.4959917215059676,0.49812990867304185,0.002138187167074257
Z_noise1,X_causal,4,0,13,6,0.49211405631952604,0.4949704486269887,0.002856392307462652
Z_noise1,X_conf,4,1,13,6,0.4267271606376894,0.49573932944005505,0.06901216880236566
Z_noise1,X_syn1,4,2,13,6,0.4913099090673169,0.4921696753549782,0.0008597662876612677
Z_noise1,X_syn2,4,3,13,6,0.4952274417621395,0.4942222667088904,-0.0010051750532490966
Z_noise1,Z_noise2,4,5,13,6,0.4977812846573463,0.49368034176577746,-0.004100942891568815
Z_noise1,Z_noise3,4,6,13,6,0.49498368596708975,0.4968425503485156,0.001858864381425851
Z_noise2,X_causal,5,0,13,6,0.4967434154738207,0.49708696594113944,0.00034355046731870953
Z_noise2,X_conf,5,1,13,6,0.43160516931932486,0.49993274989044356,0.0683275805711187
Z_noise2,X_syn1,5,2,13,6,0.495567707447181,0.49500307717125186,-0.0005646302759291233
Z_noise2,X_syn2,5,3,13,6,0.500935919078755,0.49964484774195805,-0.0012910713367969562
Z_noise2,Z_noise1,5,4,13,6,0.49815141840152527,0.49582910501235716,-0.002322313389168107
Z_noise2,Z_noise3,5,6,13,6,0.5017841072366142,0.5006013224429355,-0.0011827847936786151
Z_noise3,X_causal,6,0,13,6,0.49415553882290625,0.49697699014545593,0.002821451322549684
Z_noise3,X_conf,6,1,13,6,0.42953828160649377,0.49597646816169216,0.0664381865551984
Z_noise3,X_syn1,6,2,13,6,0.49471743658657674,0.49706843214302127,0.002350995556444524
Z_noise3,X_syn2,6,3,13,6,0.4954656614817782,0.49615406145349816,0.0006883999717199885
Z_noise3,Z_noise1,6,4,13,6,0.49576944935898665,0.4962273181791204,0.0004578688201337666
Z_noise3,Z_noise2,6,5,13,6,0.5019746418781648,0.4970262518618353,-0.0049483900163294625
X_causal,X_conf,0,1,13,7,0.46143675264722217,0.493033775207798,0.03159702256057584
X_causal,X_syn1,0,2,13,7,0.49097608698002776,0.4977041656513231,0.006728078671295323
X_causal,X_syn2,0,3,13,7,0.4962471828117518,0.49554352001643404,-0.0007036627953177499
X_causal,Z_noise1,0,4,13,7,0.4970788846816998,0.5000940994333329,0.003015214751633133
X_causal,Z_noise2,0,5,13,7,0.49732842576486525,0.49567912013600696,-0.0016493056288582886
X_causal,Z_noise3,0,6,13,7,0.5001193530182395,0.49774920109471443,-0.0023701519235250768
X_conf,X_causal,1,0,13,7,0.4608661776685557,0.45843732962772277,-0.0024288480408329316
X_conf,X_syn1,1,2,13,7,0.4606139984833694,0.45550166166329037,-0.005112336820079055
X_conf,X_syn2,1,3,13,7,0.45613043683081905,0.45984870653259313,0.0037182697017740796
X_conf,Z_noise1,1,4,13,7,0.45719663603071764,0.46401992531155994,0.006823289280842304
X_conf,Z_noise2,1,5,13,7,0.4556101097064246,0.4553447531879902,-0.0002653565184344009
X_conf,Z_noise3,1,6,13,7,0.4579032585777826,0.457531139499795,-0.00037211907798756494
X_syn1,X_causal,2,0,13,7,0.4908522700119856,0.49128215043126344,0.0004298804192778283
X_syn1,X_conf,2,1,13,7,0.46009239534129204,0.4908126015412551,0.030720206199963074
X_syn1,X_syn2,2,3,13,7,0.47381534351892585,0.4927355383344405,0.018920194815514657
X_syn1,Z_noise1,2,4,13,7,0.48715958543553534,0.49388247974686167,0.006722894311326333
X_syn1,Z_noise2,2,5,13,7,0.49163043386369026,0.49313545825439037,0.0015050243907001049
X_syn1,Z_noise3,2,6,13,7,0.49645304163816417,0.4930591800914962,-0.0033938615466679867
X_syn2,X_causal,3,0,13,7,0.4960663696453554,0.49148136933711695,-0.0045850003082384405
X_syn2,X_conf,3,1,13,7,0.456778725057401,0.49720951901684685,0.04043079395944582
X_syn2,X_syn1,3,2,13,7,0.47392936036634054,0.4954486279141639,0.02151926754782335
X_syn2,Z_noise1,3,4,13,7,0.4932997940282825,0.497503373558019,0.00420357952973649
X_syn2,Z_noise2,3,5,13,7,0.49433113258471106,0.4937915690334149,-0.0005395635512961405
X_syn2,Z_noise3,3,6,13,7,0.4965579841621201,0.49297174600394816,-0.0035862381581719394
Z_noise1,X_causal,4,0,13,7,0.49761333312957456,0.49174056140227895,-0.0058727717272956115
Z_noise1,X_conf,4,1,13,7,0.4571157269346163,0.4943944294699707,0.037278702535354424
Z_noise1,X_syn1,4,2,13,7,0.48836402229428383,0.4934751241161958,0.00511110182191199
Z_noise1,X_syn2,4,3,13,7,0.49369199194246477,0.4928535510226248,-0.0008384409198399778
Z_noise1,Z_noise2,4,5,13,7,0.49057290185532576,0.49373741947639244,0.003164517621066676
Z_noise1,Z_noise3,4,6,13,7,0.49737494252953407,0.4926027741617052,-0.004772168367828844
Z_noise2,X_causal,5,0,13,7,0.49751145562351873,0.4919508541522358,-0.0055606014712829555
Z_noise2,X_conf,5,1,13,7,0.4561289669457886,0.49318414058146665,0.03705517363567806
Z_noise2,X_syn1,5,2,13,7,0.4922163636957638,0.49329544097975464,0.0010790772839908147
Z_noise2,X_syn2,5,3,13,7,0.4945856144360029,0.4947106620373602,0.00012504760135728654
Z_noise2,Z_noise1,5,4,13,7,0.4920270994120156,0.49630633362158777,0.004279234209572158
Z_noise2,Z_noise3,5,6,13,7,0.4950545951118116,0.4956605895419655,0.0006059944301539111
Z_noise3,X_causal,6,0,13,7,0.5007658899404799,0.4936808197018393,-0.007085070238640578
Z_noise3,X_conf,6,1,13,7,0.4588529900355895,0.4932026432255959,0.034349653190006435
Z_noise3,X_syn1,6,2,13,7,0.4973610637193992,0.4963140828232467,-0.0010469808961525162
Z_noise3,X_syn2,6,3,13,7,0.4968914224147241,0.4942812789934281,-0.0026101434212960073
Z_noise3,Z_noise1,6,4,13,7,0.49671636703504535,0.49648183158126713,-0.00023453545377821738
Z_noise3,Z_noise2,6,5,13,7,0.49524834353802655,0.4976990926780022,0.002450749139975672
X_causal,X_conf,0,1,13,8,0.43600689491254746,0.49403902394379784,0.05803212903125038
X_causal,X_syn1,0,2,13,8,0.49303623841050453,0.48998718939501795,-0.0030490490154865824
X_causal,X_syn2,0,3,13,8,0.49564590258000946,0.49335678039944564,-0.0022891221805638184
X_causal,Z_noise1,0,4,13,8,0.4961775762587059,0.4962148959247978,3.7319666091883974e-05
X_causal,Z_noise2,0,5,13,8,0.496546541179655,0.4958745400331202,-0.0006720011465348175
X_causal,Z_noise3,0,6,13,8,0.4969507617916495,0.49741134897167094,0.0004605871800214545
X_conf,X_causal,1,0,13,8,0.4363996581458886,0.44168437466442273,0.005284716518534127
X_conf,X_syn1,1,2,13,8,0.4418336629168146,0.4363282802839186,-0.005505382632895961
X_conf,X_syn2,1,3,13,8,0.4398290380955599,0.4395660428432736,-0.00026299525228629106
X_conf,Z_noise1,1,4,13,8,0.4411325837277841,0.44175007279864964,0.0006174890708655623
X_conf,Z_noise2,1,5,13,8,0.436145828636925,0.4404936076346224,0.0043477789976973935
X_conf,Z_noise3,1,6,13,8,0.4436765111163618,0.44623070401879666,0.0025541929024348597
X_syn1,X_causal,2,0,13,8,0.4931927165809021,0.4959283693524426,0.002735652771540531
X_syn1,X_conf,2,1,13,8,0.44159709479020376,0.4967747305356546,0.055177635745450815
X_syn1,X_syn2,2,3,13,8,0.46573090517863847,0.4912833079210758,0.025552402742437308
X_syn1,Z_noise1,2,4,13,8,0.49767537779202514,0.49644407042088434,-0.0012313073711407996
X_syn1,Z_noise2,2,5,13,8,0.4949666902042526,0.49662653617058394,0.0016598459663313414
X_syn1,Z_noise3,2,6,13,8,0.4935618629877311,0.497402993290169,0.003841130302437934
X_syn2,X_causal,3,0,13,8,0.49536112574197094,0.49586699646127674,0.000505870719305801
X_syn2,X_conf,3,1,13,8,0.4402982408769544,0.4942602873276868,0.05396204645073238
X_syn2,X_syn1,3,2,13,8,0.46534271589110976,0.49300822506604997,0.027665509174940206
X_syn2,Z_noise1,3,4,13,8,0.49345227380371887,0.49704364836531917,0.0035913745616003023
X_syn2,Z_noise2,3,5,13,8,0.4968901648206013,0.4943423356095029,-0.0025478292110983625
X_syn2,Z_noise3,3,6,13,8,0.4961040278492834,0.491363322894857,-0.004740704954426411
Z_noise1,X_causal,4,0,13,8,0.49571641464184674,0.49625448607764616,0.0005380714357994254
Z_noise1,X_conf,4,1,13,8,0.4397820527348636,0.49657981696526216,0.05679776423039856
Z_noise1,X_syn1,4,2,13,8,0.49727128299329637,0.49488173046550826,-0.002389552527788108
Z_noise1,X_syn2,4,3,13,8,0.49333996169397537,0.49186723139504807,-0.001472730298927305
Z_noise1,Z_noise2,4,5,13,8,0.4953873782944973,0.4954567783222128,6.94000277154938e-05
Z_noise1,Z_noise3,4,6,13,8,0.49952341261396305,0.500738500850489,0.0012150882365259408
Z_noise2,X_causal,5,0,13,8,0.496306500482551,0.4971400093082599,0.0008335088257089285
Z_noise2,X_conf,5,1,13,8,0.43549744025631437,0.49407170721577315,0.058574266959458776
Z_noise2,X_syn1,5,2,13,8,0.4958370373864645,0.4940641170082078,-0.0017729203782567149
Z_noise2,X_syn2,5,3,13,8,0.49789980491939,0.4924738457963788,-0.0054259591230111925
Z_noise2,Z_noise1,5,4,13,8,0.49524647634854724,0.49741875399067575,0.0021722776421285173
Z_noise2,Z_noise3,5,6,13,8,0.4943582199716098,0.49824133294244694,0.003883112970837155
Z_noise3,X_causal,6,0,13,8,0.4954521209821426,0.4981245452313305,0.002672424249187899
Z_noise3,X_conf,6,1,13,8,0.44398591689445543,0.4959167782052291,0.05193086131077368
Z_noise3,X_syn1,6,2,13,8,0.49386884793109725,0.4927090774610587,-0.001159770470038568
Z_noise3,X_syn2,6,3,13,8,0.4957623589249795,0.495246783089824,-0.0005155758351554907
Z_noise3,Z_noise1,6,4,13,8,0.5002182834598105,0.500648561230013,0.0004302777702025473
Z_noise3,Z_noise2,6,5,13,8,0.49349631662811805,0.4990776612412216,0.005581344613103556
X_causal,X_conf,0,1,13,9,0.4275783909128988,0.4971234318802426,0.06954504096734382
X_causal,X_syn1,0,2,13,9,0.5031149468510687,0.5000874593863943,-0.0030274874646744054
X_causal,X_syn2,0,3,13,9,0.49679705019592335,0.49947340102983456,0.002676350833911212
X_causal,Z_noise1,0,4,13,9,0.4991569096571209,0.5015419180073843,0.002385008350263451
X_causal,Z_noise2,0,5,13,9,0.502622256196241,0.50135896788543,-0.0012632883108110171
X_causal,Z_noise3,0,6,13,9,0.5005291715733614,0.5008975764010521,0.0003684048276907381
X_conf,X_causal,1,0,13,9,0.42770957403147886,0.42433185934478923,-0.0033777146866896257
X_conf,X_syn1,1,2,13,9,0.424937240916172,0.42479890593775066,-0.00013833497842136167
X_conf,X_syn2,1,3,13,9,0.42757710956147865,0.42837170044960643,0.0007945908881277775
X_conf,Z_noise1,1,4,13,9,0.4265691671582752,0.4257447615093395,-0.000824405648935711
X_conf,Z_noise2,1,5,13,9,0.4274969390988623,0.4273237018439287,-0.00017323725493362252
X_conf,Z_noise3,1,6,13,9,0.42494593011078835,0.4303645478211589,0.005418617710370555
X_syn1,X_causal,2,0,13,9,0.5024517893493096,0.49554286836474776,-0.006908920984561806
X_syn1,X_conf,2,1,13,9,0.42427348057330894,0.4960426677696011,0.07176918719629216
X_syn1,X_syn2,2,3,13,9,0.4674208978818723,0.4978925459577441,0.030471648075871827
X_syn1,Z_noise1,2,4,13,9,0.4992332770919487,0.5011906544112962,0.0019573773193474753
X_syn1,Z_noise2,2,5,13,9,0.4974277969490788,0.5005611206424829,0.003133323693404133
X_syn1,Z_noise3,2,6,13,9,0.4975411662424165,0.498586673819256,0.0010455075768394662
X_syn2,X_causal,3,0,13,9,0.49649680673389013,0.49530341272934175,-0.001193394004548376
X_syn2,X_conf,3,1,13,9,0.4270219662794795,0.4973239151857624,0.07030194890628289
X_syn2,X_syn1,3,2,13,9,0.46718697239055484,0.49809017015750134,0.0309031977669465
X_syn2,Z_noise1,3,4,13,9,0.4965514441000609,0.49960325745635253,0.0030518133562916216
X_syn2,Z_noise2,3,5,13,9,0.49863749777447475,0.4966762151208506,-0.0019612826536241634
X_syn2,Z_noise3,3,6,13,9,0.4953554110612119,0.497707466458152,0.0023520553969401115
Z_noise1,X_causal,4,0,13,9,0.4973725055649605,0.4966441055943367,-0.0007283999706237942
Z_noise1,X_conf,4,1,13,9,0.42669402255448907,0.4948128206163631,0.06811879806187404
Z_noise1,X_syn1,4,2,13,9,0.5003914443412035,0.4933648385066533,-0.007026605834550226
Z_noise1,X_syn2,4,3,13,9,0.49657456099799274,0.4958330874922601,-0.000741473505732615
Z_noise1,Z_noise2,4,5,13,9,0.4970168711602548,0.4930724227205006,-0.003944448439754167
Z_noise1,Z_noise3,4,6,13,9,0.4939397581971913,0.4951600119431561,0.0012202537459647944
Z_noise2,X_causal,5,0,13,9,0.5028668268395216,0.5008633987544321,-0.002003428085089465
Z_noise2,X_conf,5,1,13,9,0.42721893240672565,0.49693700533336044,0.06971807292663479
Z_noise2,X_syn1,5,2,13,9,0.49750895367497533,0.4982293260881865,0.0007203724132111566
Z_noise2,X_syn2,5,3,13,9,0.4983627566264117,0.49965951867759767,0.0012967620511859512
Z_noise2,Z_noise1,5,4,13,9,0.4958444647808263,0.4959869289537356,0.0001424641729093068
Z_noise2,Z_noise3,5,6,13,9,0.5035877693532098,0.5038898741303498,0.00030210477713998873
Z_noise3,X_causal,6,0,13,9,0.5001025662053628,0.4978578045069871,-0.0022447616983756746
Z_noise3,X_conf,6,1,13,9,0.4254287279497732,0.49637801532126535,0.07094928737149214
Z_noise3,X_syn1,6,2,13,9,0.49785142380289216,0.49883932227914823,0.0009878984762560772
Z_noise3,X_syn2,6,3,13,9,0.49465010734878423,0.49707522497807244,0.0024251176292882093
Z_noise3,Z_noise1,6,4,13,9,0.4938753704174781,0.49808789453757546,0.004212524120097372
Z_noise3,Z_noise2,6,5,13,9,0.5031101994469608,0.49719679162135133,-0.005913407825609451
X_causal,X_conf,0,1,14,0,0.4476607201392394,0.4942130225886214,0.046552302449381966
X_causal,X_syn1,0,2,14,0,0.49401080211160475,0.49775286302419447,0.0037420609125897175
X_causal,X_syn2,0,3,14,0,0.494399209084219,0.49568694237249783,0.0012877332882788028
X_causal,Z_noise1,0,4,14,0,0.49642745085487994,0.49667967455713674,0.00025222370225680413
X_causal,Z_noise2,0,5,14,0,0.49720396497921965,0.4911800498363473,-0.006023915142872371
X_causal,Z_noise3,0,6,14,0,0.4951056922594487,0.49503185498813773,-7.383727131099471e-05
X_conf,X_causal,1,0,14,0,0.44850362991416487,0.4518051130282983,0.003301483114133419
X_conf,X_syn1,1,2,14,0,0.4539367430286251,0.454821947500269,0.0008852044716439189
X_conf,X_syn2,1,3,14,0,0.4504917118721087,0.4522091445441708,0.001717432672062147
X_conf,Z_noise1,1,4,14,0,0.4499288565676296,0.44986271581384796,-6.614075378164053e-05
X_conf,Z_noise2,1,5,14,0,0.4521735059052215,0.44814291257747574,-0.004030593327745746
X_conf,Z_noise3,1,6,14,0,0.4484871279225719,0.4564268457774957,0.007939717854923811
X_syn1,X_causal,2,0,14,0,0.4938319792349481,0.4939490670455804,0.00011708781063229923
X_syn1,X_conf,2,1,14,0,0.45368833118912094,0.49146689066250077,0.037778559473379825
X_syn1,X_syn2,2,3,14,0,0.4661580723821472,0.4959635261615297,0.02980545377938254
X_syn1,Z_noise1,2,4,14,0,0.49506362049115277,0.4989926836382142,0.003929063147061429
X_syn1,Z_noise2,2,5,14,0,0.497072565579333,0.49703311884387913,-3.944673545386301e-05
X_syn1,Z_noise3,2,6,14,0,0.5004902646841899,0.49369870751238853,-0.0067915571718013545
X_syn2,X_causal,3,0,14,0,0.49520416248950083,0.4954396164926267,0.00023545400312585674
X_syn2,X_conf,3,1,14,0,0.4497412568207233,0.4963600867899145,0.0466188299691912
X_syn2,X_syn1,3,2,14,0,0.4666747042217284,0.494402317874597,0.027727613652868577
X_syn2,Z_noise1,3,4,14,0,0.494793684828933,0.49649951490527666,0.001705830076343673
X_syn2,Z_noise2,3,5,14,0,0.49564163246309617,0.4942837355968092,-0.0013578968662869562
X_syn2,Z_noise3,3,6,14,0,0.49547443851345874,0.4957091143473279,0.0002346758338691579
Z_noise1,X_causal,4,0,14,0,0.49646250006626746,0.49730109375656556,0.000838593690298095
Z_noise1,X_conf,4,1,14,0,0.4501800697854716,0.49778760366790614,0.04760753388243455
Z_noise1,X_syn1,4,2,14,0,0.49503407044804293,0.49644063244885206,0.0014065620008091306
Z_noise1,X_syn2,4,3,14,0,0.4942240090897638,0.4956177394571489,0.0013937303673850487
Z_noise1,Z_noise2,4,5,14,0,0.4974692332179555,0.49381780740336934,-0.0036514258145861622
Z_noise1,Z_noise3,4,6,14,0,0.4953107063965738,0.4953117333251963,1.0269286224717789e-06
Z_noise2,X_causal,5,0,14,0,0.4965523003509797,0.4962285770680025,-0.0003237232829771952
Z_noise2,X_conf,5,1,14,0,0.4519906809084051,0.49537995029571746,0.04338926938731236
Z_noise2,X_syn1,5,2,14,0,0.4975312693053417,0.49781772207963226,0.0002864527742905687
Z_noise2,X_syn2,5,3,14,0,0.49490928504934034,0.49769119850308097,0.0027819134537406254
Z_noise2,Z_noise1,5,4,14,0,0.4979952265184965,0.4955198916688519,-0.0024753348496445726
Z_noise2,Z_noise3,5,6,14,0,0.4968930810397115,0.4938533782621121,-0.0030397027775994068
Z_noise3,X_causal,6,0,14,0,0.4954224491034987,0.49177833566837426,-0.003644113435124441
Z_noise3,X_conf,6,1,14,0,0.4480795720534136,0.49504648288153164,0.04696691082811805
Z_noise3,X_syn1,6,2,14,0,0.5007323487335049,0.49660995530963903,-0.004122393423865889
Z_noise3,X_syn2,6,3,14,0,0.495005158698971,0.49439399533592987,-0.0006111633630411228
Z_noise3,Z_noise1,6,4,14,0,0.49550507889979,0.49706782628678203,0.001562747386992025
Z_noise3,Z_noise2,6,5,14,0,0.49724363013650175,0.49531006003248984,-0.0019335701040119058
X_causal,X_conf,0,1,14,1,0.436162736287321,0.5047347624412686,0.06857202615394759
X_causal,X_syn1,0,2,14,1,0.4986379832264342,0.5006653573679173,0.0020273741414830737
X_causal,X_syn2,0,3,14,1,0.4974936001622005,0.4993954777926224,0.0019018776304218776
X_causal,Z_noise1,0,4,14,1,0.4925970930011861,0.499300692818342,0.006703599817155903
X_causal,Z_noise2,0,5,14,1,0.49848396592849337,0.49970712758755625,0.001223161659062888
X_causal,Z_noise3,0,6,14,1,0.49898527639711165,0.49929004831619045,0.00030477191907879453
X_conf,X_causal,1,0,14,1,0.4366919076150008,0.4366408754749925,-5.103214000834466e-05
X_conf,X_syn1,1,2,14,1,0.44062624946934853,0.43818980547487907,-0.0024364439944694616
X_conf,X_syn2,1,3,14,1,0.4368651646588481,0.4408989196017824,0.004033754942934287
X_conf,Z_noise1,1,4,14,1,0.43326485105091816,0.4388275853684234,0.005562734317505258
X_conf,Z_noise2,1,5,14,1,0.4378533034155378,0.4348484350520053,-0.0030048683635324758
X_conf,Z_noise3,1,6,14,1,0.43718602490699293,0.43843030064622485,0.0012442757392319148
X_syn1,X_causal,2,0,14,1,0.4985912543934454,0.4999261762733063,0.0013349218798608953
X_syn1,X_conf,2,1,14,1,0.4412327185583695,0.504621725024074,0.0633890064657045
X_syn1,X_syn2,2,3,14,1,0.47175428911166023,0.501202869974509,0.029448580862848794
X_syn1,Z_noise1,2,4,14,1,0.494031204165526,0.5036996477651706,0.009668443599644638
X_syn1,Z_noise2,2,5,14,1,0.49778876876412514,0.50143993234679,0.003651163582664818
X_syn1,Z_noise3,2,6,14,1,0.49937374228955717,0.49807927877266545,-0.0012944635168917196
X_syn2,X_causal,3,0,14,1,0.4983341545848879,0.4963119834141135,-0.0020221711707744117
X_syn2,X_conf,3,1,14,1,0.4362952410539059,0.5014082608017895,0.06511301974788358
X_syn2,X_syn1,3,2,14,1,0.47195512831365555,0.49834250994053914,0.026387381626883588
X_syn2,Z_noise1,3,4,14,1,0.49301592397489474,0.4978659520902593,0.0048500281153645575
X_syn2,Z_noise2,3,5,14,1,0.496956125983538,0.4962673720881262,-0.0006887538954117867
X_syn2,Z_noise3,3,6,14,1,0.4959975851185592,0.49899523535356016,0.0029976502350009815
Z_noise1,X_causal,4,0,14,1,0.4926532056298939,0.4920082131628573,-0.000644992467036587
Z_noise1,X_conf,4,1,14,1,0.433813936752202,0.5050315221982888,0.07121758544608686
Z_noise1,X_syn1,4,2,14,1,0.49438864431426455,0.4989491099440532,0.004560465629788679
Z_noise1,X_syn2,4,3,14,1,0.4924344912916072,0.4994687358830334,0.007034244591426209
Z_noise1,Z_noise2,4,5,14,1,0.4946069656513325,0.49650218516574546,0.0018952195144129602
Z_noise1,Z_noise3,4,6,14,1,0.4963736480576673,0.4934466161852446,-0.002927031872422714
Z_noise2,X_causal,5,0,14,1,0.4980595328460523,0.49778701985554186,-0.00027251299051045397
Z_noise2,X_conf,5,1,14,1,0.4381104067190518,0.5057237071182452,0.06761330039919339
Z_noise2,X_syn1,5,2,14,1,0.4983401743551142,0.5006893080944356,0.002349133739321385
Z_noise2,X_syn2,5,3,14,1,0.4971796620090748,0.4993584656851529,0.0021788036760780893
Z_noise2,Z_noise1,5,4,14,1,0.4955842370293454,0.4965893294312497,0.0010050924019043284
Z_noise2,Z_noise3,5,6,14,1,0.499313215770172,0.49853984039825366,-0.00077337537191835
Z_noise3,X_causal,6,0,14,1,0.4996345189937158,0.49711145841087273,-0.002523060582843073
Z_noise3,X_conf,6,1,14,1,0.437482098102361,0.50447057359599,0.06698847549362902
Z_noise3,X_syn1,6,2,14,1,0.4988953117585515,0.4993395182828553,0.0004442065243037696
Z_noise3,X_syn2,6,3,14,1,0.4966592334592904,0.4976181719486755,0.0009589384893851083
Z_noise3,Z_noise1,6,4,14,1,0.49552119705423425,0.5008288460737864,0.005307649019552163
Z_noise3,Z_noise2,6,5,14,1,0.49993840373592463,0.49856774339893317,-0.0013706603369914583
X_causal,X_conf,0,1,14,2,0.442226894331208,0.49958135866137393,0.057354464330165944
X_causal,X_syn1,0,2,14,2,0.49381186735907673,0.50198009608984,0.008168228730763227
X_causal,X_syn2,0,3,14,2,0.4946542310679306,0.4950965501219442,0.0004423190540135957
X_causal,Z_noise1,0,4,14,2,0.49896546629258653,0.49279523549301496,-0.006170230799571574
X_causal,Z_noise2,0,5,14,2,0.4945135097466431,0.5013084487731003,0.006794939026457225
X_causal,Z_noise3,0,6,14,2,0.5001760628013706,0.4976207999914556,-0.0025552628099150265
X_conf,X_causal,1,0,14,2,0.44174363393100713,0.4394443970296242,-0.0022992369013829506
X_conf,X_syn1,1,2,14,2,0.44074045249677246,0.44621292755454034,0.005472475057767878
X_conf,X_syn2,1,3,14,2,0.43802788056621716,0.4437290211695004,0.00570114060328325
X_conf,Z_noise1,1,4,14,2,0.4462199599742294,0.44042486471900444,-0.00579509525522498
X_conf,Z_noise2,1,5,14,2,0.4429660683094041,0.4438672619274605,0.0009011936180564062
X_conf,Z_noise3,1,6,14,2,0.4459513131519169,0.440623621132215,-0.005327692019701902
X_syn1,X_causal,2,0,14,2,0.4936668935968875,0.49293659849000826,-0.0007302951068792196
X_syn1,X_conf,2,1,14,2,0.44082499112613716,0.49283274930218346,0.052007758176046304
X_syn1,X_syn2,2,3,14,2,0.4704746758670478,0.4926809245075083,0.022206248640460502
X_syn1,Z_noise1,2,4,14,2,0.49625352162161307,0.4858336729900267,-0.010419848631586348
X_syn1,Z_noise2,2,5,14,2,0.49258599673573544,0.49250403827610706,-8.1958459628384e-05
X_syn1,Z_noise3,2,6,14,2,0.4959766394714811,0.49185447236190616,-0.004122167109574915
X_syn2,X_causal,3,0,14,2,0.49492568509399887,0.49503695951728105,0.00011127442328218162
X_syn2,X_conf,3,1,14,2,0.4372300478953052,0.49497097824774433,0.05774093035243916
X_syn2,X_syn1,3,2,14,2,0.4721117584723061,0.4965673084728568,0.02445555000055072
X_syn2,Z_noise1,3,4,14,2,0.49805112468531987,0.4949184466277403,-0.003132678057579552
X_syn2,Z_noise2,3,5,14,2,0.49838890803260133,0.4992575567029439,0.0008686486703425866
X_syn2,Z_noise3,3,6,14,2,0.49974153045885655,0.49332369456479874,-0.006417835894057811
Z_noise1,X_causal,4,0,14,2,0.4989501056760882,0.4930968511101164,-0.005853254565971799
Z_noise1,X_conf,4,1,14,2,0.4462084532443797,0.498174971780545,0.051966518536165296
Z_noise1,X_syn1,4,2,14,2,0.49452941650170784,0.4980968951652557,0.0035674786635478406
Z_noise1,X_syn2,4,3,14,2,0.49820992967100686,0.49704209288928125,-0.0011678367817256063
Z_noise1,Z_noise2,4,5,14,2,0.49459873877833366,0.4977375276638537,0.0031387888855200496
Z_noise1,Z_noise3,4,6,14,2,0.501032922948098,0.4954011037923525,-0.0056318191557454544
Z_noise2,X_causal,5,0,14,2,0.4943916551435844,0.4972971786918597,0.0029055235482752795
Z_noise2,X_conf,5,1,14,2,0.4425343805501429,0.49553110050959676,0.052996719959453875
Z_noise2,X_syn1,5,2,14,2,0.49299378011211986,0.4975212559473598,0.004527475835239936
Z_noise2,X_syn2,5,3,14,2,0.49800172282463895,0.4961505385341027,-0.0018511842905362674
Z_noise2,Z_noise1,5,4,14,2,0.4951453589271936,0.49344832920001863,-0.001697029727174948
Z_noise2,Z_noise3,5,6,14,2,0.4963300143650403,0.49281574588666766,-0.003514268478372662
Z_noise3,X_causal,6,0,14,2,0.5004161221884129,0.49685941866326605,-0.003556703525146865
Z_noise3,X_conf,6,1,14,2,0.44486178662880427,0.4987723061900112,0.05391051956120696
Z_noise3,X_syn1,6,2,14,2,0.4953991949740115,0.5027944589823673,0.007395264008355773
Z_noise3,X_syn2,6,3,14,2,0.5001281235857955,0.4964903720419436,-0.0036377515438519303
Z_noise3,Z_noise1,6,4,14,2,0.501350419080805,0.4942127444744251,-0.007137674606379929
Z_noise3,Z_noise2,6,5,14,2,0.4959353987902542,0.4965371881004388,0.0006017893101845639
X_causal,X_conf,0,1,14,3,0.4459650468491132,0.4958621656181839,0.049897118769070714
X_causal,X_syn1,0,2,14,3,0.4997460992095745,0.49863426323722637,-0.001111835972348152
X_causal,X_syn2,0,3,14,3,0.49959188320513603,0.4984622789265422,-0.001129604278593821
X_causal,Z_noise1,0,4,14,3,0.49752513476176247,0.49913118086739344,0.001606046105630976
X_causal,Z_noise2,0,5,14,3,0.49791304847634926,0.4993115418256236,0.0013984933492743323
X_causal,Z_noise3,0,6,14,3,0.5003237924263486,0.49915144876957585,-0.0011723436567727674
X_conf,X_causal,1,0,14,3,0.4460460920169158,0.44491404011116703,-0.0011320519057487766
X_conf,X_syn1,1,2,14,3,0.44241110102324926,0.4451595968646103,0.002748495841361054
X_conf,X_syn2,1,3,14,3,0.4457207521334864,0.4474654498321212,0.001744697698634834
X_conf,Z_noise1,1,4,14,3,0.44526430571411124,0.4449854407377604,-0.0002788649763508233
X_conf,Z_noise2,1,5,14,3,0.44091959880060466,0.44493872344160484,0.004019124641000182
X_conf,Z_noise3,1,6,14,3,0.44556328428539466,0.4482185520641974,0.002655267778802761
X_syn1,X_causal,2,0,14,3,0.4996429210785717,0.49859658516722866,-0.001046335911343066
X_syn1,X_conf,2,1,14,3,0.4425726779257499,0.4950038492255432,0.0524311712997933
X_syn1,X_syn2,2,3,14,3,0.48291831548018693,0.49510911987822004,0.012190804398033106
X_syn1,Z_noise1,2,4,14,3,0.49276242729054043,0.49682959870038745,0.004067171409847026
X_syn1,Z_noise2,2,5,14,3,0.496454464216019,0.4982171093774094,0.0017626451613903527
X_syn1,Z_noise3,2,6,14,3,0.4950623517683061,0.499089789478647,0.00402743771034092
X_syn2,X_causal,3,0,14,3,0.49982035338924813,0.5012574910853225,0.001437137696074342
X_syn2,X_conf,3,1,14,3,0.44498752047946916,0.49493781181183827,0.04995029133236911
X_syn2,X_syn1,3,2,14,3,0.4831953779450812,0.49625542528587263,0.013060047340791414
X_syn2,Z_noise1,3,4,14,3,0.4957520178891683,0.49618839953257177,0.00043638164340348284
X_syn2,Z_noise2,3,5,14,3,0.49920022270068626,0.5009004694807381,0.0017002467800518173
X_syn2,Z_noise3,3,6,14,3,0.4993213445943069,0.5008018122410921,0.0014804676467852218
Z_noise1,X_causal,4,0,14,3,0.49799572091771255,0.4974084513442731,-0.000587269573439464
Z_noise1,X_conf,4,1,14,3,0.44627043999072435,0.49415024112365047,0.047879801132926114
Z_noise1,X_syn1,4,2,14,3,0.49282595559663656,0.4970766445274373,0.004250688930800717
Z_noise1,X_syn2,4,3,14,3,0.49550283085886454,0.4947184619953494,-0.000784368863515128
Z_noise1,Z_noise2,4,5,14,3,0.49676918021196004,0.49691015292286367,0.00014097271090363073
Z_noise1,Z_noise3,4,6,14,3,0.49559381647735606,0.4949518692181405,-0.0006419472592155695
Z_noise2,X_causal,5,0,14,3,0.49776024002867353,0.5017273020072891,0.003967061978615571
Z_noise2,X_conf,5,1,14,3,0.44116474673079836,0.4947401821937444,0.05357543546294602
Z_noise2,X_syn1,5,2,14,3,0.4958661367633265,0.4966246597252693,0.0007585229619427869
Z_noise2,X_syn2,5,3,14,3,0.49932021721434133,0.4983362178954296,-0.0009839993189117435
Z_noise2,Z_noise1,5,4,14,3,0.4967861834054872,0.4950924656597769,-0.0016937177457103103
Z_noise2,Z_noise3,5,6,14,3,0.49695550392795473,0.498348145459312,0.0013926415313572638
Z_noise3,X_causal,6,0,14,3,0.5000872551363622,0.49968859040476765,-0.00039866473159455573
Z_noise3,X_conf,6,1,14,3,0.4454820368157888,0.49744130374259865,0.051959266926809855
Z_noise3,X_syn1,6,2,14,3,0.496324471835622,0.5023913075825684,0.006066835746946442
Z_noise3,X_syn2,6,3,14,3,0.49920181023620774,0.5010062762395707,0.0018044660033629811
Z_noise3,Z_noise1,6,4,14,3,0.49568050834995686,0.5021612213891588,0.006480713039201891
Z_noise3,Z_noise2,6,5,14,3,0.4962324439200018,0.5008418031328511,0.004609359212849273
X_causal,X_conf,0,1,14,4,0.44370265828759503,0.4981949294706063,0.054492271183011254
X_causal,X_syn1,0,2,14,4,0.49593444311641127,0.4962321157533623,0.00029767263695101853
X_causal,X_syn2,0,3,14,4,0.49461158869142485,0.4955859490528203,0.000974360361395421
X_causal,Z_noise1,0,4,14,4,0.49833692374868205,0.4962527695532272,-0.0020841541954548237
X_causal,Z_noise2,0,5,14,4,0.4981821935497184,0.49813580610756925,-4.638744214913171e-05
X_causal,Z_noise3,0,6,14,4,0.4978818694658158,0.49680225664905614,-0.0010796128167596675
X_conf,X_causal,1,0,14,4,0.4443892980659528,0.435925883512512,-0.008463414553440796
X_conf,X_syn1,1,2,14,4,0.4484695730385214,0.43969435670902934,-0.008775216329492075
X_conf,X_syn2,1,3,14,4,0.43645865447222887,0.43767316834260167,0.001214513870372802
X_conf,Z_noise1,1,4,14,4,0.439248873156962,0.4432085907809894,0.0039597176240274146
X_conf,Z_noise2,1,5,14,4,0.4395102230004315,0.4402340148918555,0.0007237918914239638
X_conf,Z_noise3,1,6,14,4,0.4397323295587479,0.4461338280898542,0.0064014985311062755
X_syn1,X_causal,2,0,14,4,0.4959568378708576,0.4918214303954154,-0.0041354074754421655
X_syn1,X_conf,2,1,14,4,0.44814497254174396,0.4934118966704429,0.04526692412869893
X_syn1,X_syn2,2,3,14,4,0.46319050665750494,0.49413908672198864,0.0309485800644837
X_syn1,Z_noise1,2,4,14,4,0.49755032578225905,0.49428339487881406,-0.0032669309034449867
X_syn1,Z_noise2,2,5,14,4,0.49150188558865415,0.49313458440642116,0.0016326988177670088
X_syn1,Z_noise3,2,6,14,4,0.49469188291145344,0.493517932161239,-0.0011739507502144253
X_syn2,X_causal,3,0,14,4,0.49438682105686915,0.49427203388234914,-0.00011478717452001463
X_syn2,X_conf,3,1,14,4,0.4352937532746965,0.4962052359543887,0.06091148267969221
X_syn2,X_syn1,3,2,14,4,0.4626425241662065,0.491958571786926,0.029316047620719488
X_syn2,Z_noise1,3,4,14,4,0.49967366403916663,0.4972978352671776,-0.0023758287719890525
X_syn2,Z_noise2,3,5,14,4,0.49744125025241537,0.49189887697996404,-0.005542373272451329
X_syn2,Z_noise3,3,6,14,4,0.49401734762732324,0.49283561016224164,-0.0011817374650816004
Z_noise1,X_causal,4,0,14,4,0.49805037349685266,0.49693032774896756,-0.0011200457478851011
Z_noise1,X_conf,4,1,14,4,0.4390199099263778,0.4993732822644035,0.06035337233802568
Z_noise1,X_syn1,4,2,14,4,0.49679928302804466,0.4943332579704261,-0.0024660250576185594
Z_noise1,X_syn2,4,3,14,4,0.4989710480157316,0.5025244457554108,0.003553397739679165
Z_noise1,Z_noise2,4,5,14,4,0.4959111167904764,0.49527025511072487,-0.0006408616797515254
Z_noise1,Z_noise3,4,6,14,4,0.5004869381014633,0.5021296971707595,0.001642759069296229
Z_noise2,X_causal,5,0,14,4,0.49841353831151236,0.49239887237894525,-0.006014665932567109
Z_noise2,X_conf,5,1,14,4,0.4390558523370898,0.49564893153558354,0.05659307919849371
Z_noise2,X_syn1,5,2,14,4,0.4914862747981386,0.49332482399114774,0.0018385491930091313
Z_noise2,X_syn2,5,3,14,4,0.49737563394136425,0.49610594987717616,-0.0012696840641880924
Z_noise2,Z_noise1,5,4,14,4,0.4959041754490418,0.4957851755272787,-0.0001189999217631188
Z_noise2,Z_noise3,5,6,14,4,0.4962825397994013,0.4971585571603996,0.0008760173609982935
Z_noise3,X_causal,6,0,14,4,0.49710043270117527,0.4947244698812072,-0.002375962819968047
Z_noise3,X_conf,6,1,14,4,0.4394739517879737,0.49708067994413774,0.05760672815616402
Z_noise3,X_syn1,6,2,14,4,0.49390379710138566,0.4932973835400373,-0.000606413561348329
Z_noise3,X_syn2,6,3,14,4,0.4943929949148006,0.49790882075617393,0.0035158258413733323
Z_noise3,Z_noise1,6,4,14,4,0.5016587592485376,0.49671512973841314,-0.004943629510124503
Z_noise3,Z_noise2,6,5,14,4,0.4963177333148855,0.4957543698654224,-0.0005633634494631168
X_causal,X_conf,0,1,14,5,0.44829115750759957,0.4976688163767909,0.04937765886919132
X_causal,X_syn1,0,2,14,5,0.4947464460332604,0.4994990100703436,0.0047525640370831845
X_causal,X_syn2,0,3,14,5,0.5016799854547893,0.4986076967018892,-0.0030722887529001097
X_causal,Z_noise1,0,4,14,5,0.5003838824037874,0.49453300503717285,-0.005850877366614549
X_causal,Z_noise2,0,5,14,5,0.49871844789977504,0.4988818862029241,0.00016343830314907715
X_causal,Z_noise3,0,6,14,5,0.49908640934163156,0.49256104313118376,-0.006525366210447803
X_conf,X_causal,1,0,14,5,0.4485616586626089,0.4493448571401953,0.0007831984775863998
X_conf,X_syn1,1,2,14,5,0.44425109950759717,0.44776008286625735,0.003508983358660178
X_conf,X_syn2,1,3,14,5,0.4500196182461716,0.45414512939700935,0.004125511150837757
X_conf,Z_noise1,1,4,14,5,0.44756298052888305,0.4523556405336752,0.004792660004792171
X_conf,Z_noise2,1,5,14,5,0.4463896170252429,0.4479701234572899,0.0015805064320470463
X_conf,Z_noise3,1,6,14,5,0.4504224306656605,0.44758470496277464,-0.0028377257028858738
X_syn1,X_causal,2,0,14,5,0.4946735324851808,0.493197724340063,-0.0014758081451178295
X_syn1,X_conf,2,1,14,5,0.4440421639730047,0.492732443181403,0.0486902792083983
X_syn1,X_syn2,2,3,14,5,0.47938788995759424,0.4893631711061011,0.009975281148506876
X_syn1,Z_noise1,2,4,14,5,0.4950694677106623,0.4911137797663845,-0.003955687944277808
X_syn1,Z_noise2,2,5,14,5,0.4946476713823829,0.4961686808315657,0.0015210094491827642
X_syn1,Z_noise3,2,6,14,5,0.4971912146544446,0.49200173363628363,-0.0051894810181609685
X_syn2,X_causal,3,0,14,5,0.5019683242864144,0.5013412432358018,-0.000627081050612599
X_syn2,X_conf,3,1,14,5,0.45117549008596036,0.4994687001699143,0.04829321008395393
X_syn2,X_syn1,3,2,14,5,0.47896626935797215,0.5029404149193225,0.023974145561350357
X_syn2,Z_noise1,3,4,14,5,0.496935360773686,0.5012574653504995,0.004322104576813535
X_syn2,Z_noise2,3,5,14,5,0.5010004637527228,0.4971360809944437,-0.0038643827582791057
X_syn2,Z_noise3,3,6,14,5,0.5038795619011267,0.4945986220235476,-0.009280939877579109
Z_noise1,X_causal,4,0,14,5,0.49981348878875737,0.4988838007301105,-0.0009296880586468492
Z_noise1,X_conf,4,1,14,5,0.4465339108758054,0.4985220617792669,0.05198815090346148
Z_noise1,X_syn1,4,2,14,5,0.49594004193891045,0.5014191266137011,0.005479084674790691
Z_noise1,X_syn2,4,3,14,5,0.4966851583734529,0.4954312425348171,-0.0012539158386358218
Z_noise1,Z_noise2,4,5,14,5,0.49371669579600974,0.4972809522476415,0.0035642564516317754
Z_noise1,Z_noise3,4,6,14,5,0.5050093378463417,0.49538179251088343,-0.009627545335458287
Z_noise2,X_causal,5,0,14,5,0.49875482816492694,0.4991692909734793,0.0004144628085523405
Z_noise2,X_conf,5,1,14,5,0.44466352234941053,0.49499344676214524,0.050329924412734706
Z_noise2,X_syn1,5,2,14,5,0.49367873693488784,0.4961808375159639,0.0025021005810760832
Z_noise2,X_syn2,5,3,14,5,0.50162921741948,0.4908864237263925,-0.010742793693087449
Z_noise2,Z_noise1,5,4,14,5,0.4933000338503006,0.4936263607087769,0.00032632685847633347
Z_noise2,Z_noise3,5,6,14,5,0.4989647766551537,0.49470327930271807,-0.004261497352435639
Z_noise3,X_causal,6,0,14,5,0.5005638622755864,0.5017320457359571,0.0011681834603707308
Z_noise3,X_conf,6,1,14,5,0.4501613009601607,0.5042791098312257,0.05411780887106499
Z_noise3,X_syn1,6,2,14,5,0.4968685962759168,0.5043071101577903,0.007438513881873499
Z_noise3,X_syn2,6,3,14,5,0.5048448788935742,0.49610625816182885,-0.008738620731745361
Z_noise3,Z_noise1,6,4,14,5,0.5055150498351562,0.4981978947325937,-0.007317155102562478
Z_noise3,Z_noise2,6,5,14,5,0.4990068404227284,0.49782331740322056,-0.0011835230195078594
X_causal,X_conf,0,1,14,6,0.45034556455115804,0.49682533408433494,0.046479769533176896
X_causal,X_syn1,0,2,14,6,0.49583381782344893,0.49338898684625215,-0.002444830977196777
X_causal,X_syn2,0,3,14,6,0.4909949148562097,0.48991395027389345,-0.0010809645823162684
X_causal,Z_noise1,0,4,14,6,0.49721319724316204,0.4922692539641834,-0.004943943278978624
X_causal,Z_noise2,0,5,14,6,0.4966822485684206,0.49559585431230063,-0.0010863942561199491
X_causal,Z_noise3,0,6,14,6,0.4914570756234329,0.4929217526060046,0.0014646769825717443
X_conf,X_causal,1,0,14,6,0.4501621178714502,0.4465138451855346,-0.00364827268591561
X_conf,X_syn1,1,2,14,6,0.4467105989893114,0.4542194885821231,0.007508889592811652
X_conf,X_syn2,1,3,14,6,0.44547544616249,0.449446434051648,0.003970987889158006
X_conf,Z_noise1,1,4,14,6,0.45244864387577405,0.44874699757255476,-0.003701646303219286
X_conf,Z_noise2,1,5,14,6,0.4459978695905343,0.4519844629944953,0.005986593403961016
X_conf,Z_noise3,1,6,14,6,0.448820780122898,0.4460414985157973,-0.0027792816071007254
X_syn1,X_causal,2,0,14,6,0.49612200720615246,0.4949895521583112,-0.0011324550478412632
X_syn1,X_conf,2,1,14,6,0.44795314033178185,0.49481945977310143,0.04686631944131958
X_syn1,X_syn2,2,3,14,6,0.485615068315627,0.4926399639964114,0.007024895680784404
X_syn1,Z_noise1,2,4,14,6,0.5021289224841383,0.494280522924432,-0.007848399559706343
X_syn1,Z_noise2,2,5,14,6,0.4988610556007498,0.4932494790297816,-0.005611576570968169
X_syn1,Z_noise3,2,6,14,6,0.4947616300676014,0.49660907464298554,0.0018474445753841606
X_syn2,X_causal,3,0,14,6,0.49073519823427736,0.49291529422443153,0.002180095990154174
X_syn2,X_conf,3,1,14,6,0.4452117327185882,0.49124689816772965,0.046035165449141435
X_syn2,X_syn1,3,2,14,6,0.48596528431426217,0.4950460623933992,0.009080778079137042
X_syn2,Z_noise1,3,4,14,6,0.49672511553027876,0.4943610075473789,-0.0023641079828998768
X_syn2,Z_noise2,3,5,14,6,0.497014156590789,0.4892736669491591,-0.007740489641629933
X_syn2,Z_noise3,3,6,14,6,0.4926318296835695,0.48971739583567503,-0.002914433847894471
Z_noise1,X_causal,4,0,14,6,0.498055588308104,0.4992787899855503,0.0012232016774463284
Z_noise1,X_conf,4,1,14,6,0.45232155074530916,0.49700656036714586,0.04468500962183669
Z_noise1,X_syn1,4,2,14,6,0.501395273699796,0.4984913453697674,-0.00290392833002856
Z_noise1,X_syn2,4,3,14,6,0.49747417684693895,0.4963622970288944,-0.0011118798180445588
Z_noise1,Z_noise2,4,5,14,6,0.49654074413313404,0.49625055326137435,-0.00029019087175968794
Z_noise1,Z_noise3,4,6,14,6,0.49678181974626506,0.499923827104292,0.0031420073580269436
Z_noise2,X_causal,5,0,14,6,0.49660889217132426,0.49342364729331034,-0.0031852448780139153
Z_noise2,X_conf,5,1,14,6,0.4457959640227263,0.49733367979191434,0.05153771576918803
Z_noise2,X_syn1,5,2,14,6,0.49914439978557334,0.5013059346493755,0.002161534863802106
Z_noise2,X_syn2,5,3,14,6,0.4971228819144415,0.49916522376576783,0.002042341851326346
Z_noise2,Z_noise1,5,4,14,6,0.4958549856973727,0.4975731094897364,0.0017181237923636905
Z_noise2,Z_noise3,5,6,14,6,0.4981851121493681,0.4926584879785491,-0.005526624170819006
Z_noise3,X_causal,6,0,14,6,0.4925895658817018,0.4934750488584917,0.0008854829767899197
Z_noise3,X_conf,6,1,14,6,0.4495061880575073,0.49617025324714364,0.04666406518963634
Z_noise3,X_syn1,6,2,14,6,0.4952526770877043,0.4932591676247555,-0.001993509462948795
Z_noise3,X_syn2,6,3,14,6,0.4924601792521748,0.49199284265490406,-0.00046733659727071775
Z_noise3,Z_noise1,6,4,14,6,0.49650878049409175,0.49325303129120446,-0.0032557492028872925
Z_noise3,Z_noise2,6,5,14,6,0.4978325171271082,0.48943936226112555,-0.008393154865982633
X_causal,X_conf,0,1,14,7,0.4292233032149956,0.49497397287681405,0.06575066966181847
X_causal,X_syn1,0,2,14,7,0.4923833877762098,0.49590314779943434,0.0035197600232245163
X_causal,X_syn2,0,3,14,7,0.49384176820732495,0.4966654809102594,0.0028237127029344666
X_causal,Z_noise1,0,4,14,7,0.4944872336701271,0.49206323880144526,-0.0024239948686818336
X_causal,Z_noise2,0,5,14,7,0.49380755134679666,0.49227574324561096,-0.0015318081011856943
X_causal,Z_noise3,0,6,14,7,0.49435722719373776,0.4944966456563828,0.00013941846264503566
X_conf,X_causal,1,0,14,7,0.4293720609502271,0.4237742013523004,-0.0055978595979267465
X_conf,X_syn1,1,2,14,7,0.4293031592232167,0.42546798923011026,-0.0038351699931064576
X_conf,X_syn2,1,3,14,7,0.42475266248229404,0.42672385968835297,0.001971197206058928
X_conf,Z_noise1,1,4,14,7,0.4286547515528109,0.4271823063126717,-0.0014724452401392307
X_conf,Z_noise2,1,5,14,7,0.428307788298836,0.42536020822816734,-0.002947580070668643
X_conf,Z_noise3,1,6,14,7,0.42861447854478646,0.4304294661189031,0.0018149875741166333
X_syn1,X_causal,2,0,14,7,0.49194752981144957,0.4915950186142735,-0.00035251119717605306
X_syn1,X_conf,2,1,14,7,0.4304134372392868,0.4962281912088869,0.06581475396960007
X_syn1,X_syn2,2,3,14,7,0.47319612481012835,0.49812976585744334,0.02493364104731499
X_syn1,Z_noise1,2,4,14,7,0.49472786225055954,0.4958112289721353,0.0010833667215757736
X_syn1,Z_noise2,2,5,14,7,0.49432912592842265,0.4975416245694594,0.0032124986410367318
X_syn1,Z_noise3,2,6,14,7,0.49726002612541,0.5001761284784608,0.0029161023530508423
X_syn2,X_causal,3,0,14,7,0.49404670220706576,0.49271344281189394,-0.0013332593951718152
X_syn2,X_conf,3,1,14,7,0.4254088627621432,0.4930800326058295,0.06767116984368632
X_syn2,X_syn1,3,2,14,7,0.4736153122634287,0.4955139517767941,0.021898639513365403
X_syn2,Z_noise1,3,4,14,7,0.49638744402532076,0.4959366668357198,-0.00045077718960095936
X_syn2,Z_noise2,3,5,14,7,0.49596113146928256,0.49279359221746927,-0.0031675392518132894
X_syn2,Z_noise3,3,6,14,7,0.4933294454192041,0.497098372013682,0.003768926594477917
Z_noise1,X_causal,4,0,14,7,0.4938688582382282,0.4942068636560187,0.000338005417790499
Z_noise1,X_conf,4,1,14,7,0.4284491146743695,0.49752957087225425,0.06908045619788472
Z_noise1,X_syn1,4,2,14,7,0.4953440742369107,0.498996015475398,0.003651941238487333
Z_noise1,X_syn2,4,3,14,7,0.49696873265949904,0.49763393171968967,0.0006651990601906355
Z_noise1,Z_noise2,4,5,14,7,0.49338267075940573,0.4951470587800924,0.0017643880206866802
Z_noise1,Z_noise3,4,6,14,7,0.4996900674153855,0.4980898159722778,-0.0016002514431077142
Z_noise2,X_causal,5,0,14,7,0.49411306681176936,0.4956882236598403,0.0015751568480709133
Z_noise2,X_conf,5,1,14,7,0.4280776121125166,0.4946469110619129,0.06656929894939628
Z_noise2,X_syn1,5,2,14,7,0.49536126235572037,0.4964798500760051,0.001118587720284725
Z_noise2,X_syn2,5,3,14,7,0.4955049968825175,0.4954288903261794,-7.610655633805141e-05
Z_noise2,Z_noise1,5,4,14,7,0.49302352062199895,0.4958170101323961,0.0027934895103971513
Z_noise2,Z_noise3,5,6,14,7,0.49837021711399276,0.49943726955945783,0.0010670524454650665
Z_noise3,X_causal,6,0,14,7,0.4927418894970323,0.49447675203418784,0.001734862537155546
Z_noise3,X_conf,6,1,14,7,0.42889865883248807,0.4927263386095115,0.06382767977702342
Z_noise3,X_syn1,6,2,14,7,0.4972374072167604,0.49597896500501,-0.0012584422117504213
Z_noise3,X_syn2,6,3,14,7,0.493653732065778,0.49164114462214076,-0.002012587443637248
Z_noise3,Z_noise1,6,4,14,7,0.49958541288244523,0.4950886391210633,-0.004496773761381911
Z_noise3,Z_noise2,6,5,14,7,0.4982595338928933,0.4918728812122281,-0.0063866526806651835
X_causal,X_conf,0,1,14,8,0.4506259831481191,0.49716272535755973,0.04653674220944065
X_causal,X_syn1,0,2,14,8,0.495137984049932,0.4969111177972794,0.001773133747347444
X_causal,X_syn2,0,3,14,8,0.49495099230744866,0.49940218949761367,0.004451197190165013
X_causal,Z_noise1,0,4,14,8,0.49819202562810977,0.49482931831057925,-0.003362707317530522
X_causal,Z_noise2,0,5,14,8,0.49340412993819605,0.495319912815749,0.0019157828775529517
X_causal,Z_noise3,0,6,14,8,0.4975539381164088,0.4953996588119222,-0.0021542793044865838
X_conf,X_causal,1,0,14,8,0.45009473631824926,0.44999155060506607,-0.00010318571318318481
X_conf,X_syn1,1,2,14,8,0.44413715922352254,0.4508243360003845,0.0066871767768619805
X_conf,X_syn2,1,3,14,8,0.45072403081353657,0.4522179427109374,0.0014939118974008347
X_conf,Z_noise1,1,4,14,8,0.45304194823822214,0.45308986188798195,4.791364975981205e-05
X_conf,Z_noise2,1,5,14,8,0.44609291595058,0.45183054151638313,0.0057376255658031505
X_conf,Z_noise3,1,6,14,8,0.45200889337579814,0.44155912587565643,-0.010449767500141705
X_syn1,X_causal,2,0,14,8,0.49466115891770124,0.4929212995096268,-0.0017398594080744179
X_syn1,X_conf,2,1,14,8,0.44237414548211984,0.4916540232322102,0.04927987775009035
X_syn1,X_syn2,2,3,14,8,0.46903416719566704,0.49642320415987673,0.02738903696420969
X_syn1,Z_noise1,2,4,14,8,0.49467176176608085,0.4911127359558706,-0.0035590258102102257
X_syn1,Z_noise2,2,5,14,8,0.49143410126168025,0.4900557821967337,-0.0013783190649465649
X_syn1,Z_noise3,2,6,14,8,0.4954445343401078,0.48781127045723843,-0.00763326388286939
X_syn2,X_causal,3,0,14,8,0.49564956700910556,0.49589327559148605,0.00024370858238048632
X_syn2,X_conf,3,1,14,8,0.4511623853680107,0.49361088452046104,0.04244849915245036
X_syn2,X_syn1,3,2,14,8,0.46761375484519413,0.49146725889534304,0.02385350405014891
X_syn2,Z_noise1,3,4,14,8,0.49703998702368024,0.49134434427993096,-0.005695642743749285
X_syn2,Z_noise2,3,5,14,8,0.4946751294224647,0.49519222047502415,0.0005170910525594263
X_syn2,Z_noise3,3,6,14,8,0.49723815904656216,0.4949984641616668,-0.002239694884895338
Z_noise1,X_causal,4,0,14,8,0.4981140646817558,0.4967558840661673,-0.0013581806155885112
Z_noise1,X_conf,4,1,14,8,0.451460544426425,0.5007924181449824,0.049331873718557406
Z_noise1,X_syn1,4,2,14,8,0.4940132336366858,0.4958753336859576,0.0018621000492717865
Z_noise1,X_syn2,4,3,14,8,0.49731011109745055,0.4981160250055085,0.0008059139080579536
Z_noise1,Z_noise2,4,5,14,8,0.49403005614472645,0.49875858168288156,0.004728525538155115
Z_noise1,Z_noise3,4,6,14,8,0.5001844990187885,0.49520862493592627,-0.004975874082862208
Z_noise2,X_causal,5,0,14,8,0.49271733466992057,0.49653035587289435,0.0038130212029737764
Z_noise2,X_conf,5,1,14,8,0.4456182752551247,0.4964391556343309,0.05082088037920618
Z_noise2,X_syn1,5,2,14,8,0.4915290491348595,0.49439121651852763,0.002862167383668124
Z_noise2,X_syn2,5,3,14,8,0.4936256013961862,0.4912371528279552,-0.0023884485682310053
Z_noise2,Z_noise1,5,4,14,8,0.494845882542069,0.4931918511084008,-0.0016540314336682127
Z_noise2,Z_noise3,5,6,14,8,0.49762938745205465,0.4933269374605508,-0.004302449991503865
Z_noise3,X_causal,6,0,14,8,0.49770996450430965,0.49695943723570385,-0.0007505272686058051
Z_noise3,X_conf,6,1,14,8,0.4518242991009409,0.4974362130386188,0.045611913937677884
Z_noise3,X_syn1,6,2,14,8,0.49477118889670635,0.49761915376176236,0.0028479648650560074
Z_noise3,X_syn2,6,3,14,8,0.4969348290681957,0.49650060892236064,-0.0004342201458350514
Z_noise3,Z_noise1,6,4,14,8,0.5003668449709091,0.4970076176999001,-0.003359227271009013
Z_noise3,Z_noise2,6,5,14,8,0.49754473890152895,0.49655082202921325,-0.0009939168723157032
X_causal,X_conf,0,1,14,9,0.4310014182943104,0.49606023788208914,0.06505881958777876
X_causal,X_syn1,0,2,14,9,0.49482061714803244,0.49466523210895413,-0.00015538503907830403
X_causal,X_syn2,0,3,14,9,0.4941637623385566,0.4946528130873101,0.0004890507487534945
X_causal,Z_noise1,0,4,14,9,0.4968248088221625,0.4950708007459176,-0.0017540080762449284
X_causal,Z_noise2,0,5,14,9,0.49467797926064316,0.4955440741526502,0.0008660948920070632
X_causal,Z_noise3,0,6,14,9,0.4990744573122994,0.49835940651757726,-0.0007150507947221163
X_conf,X_causal,1,0,14,9,0.43154255564214716,0.43456918603007516,0.0030266303879279977
X_conf,X_syn1,1,2,14,9,0.4311029088896031,0.43054576925961763,-0.0005571396299854925
X_conf,X_syn2,1,3,14,9,0.42821635538826675,0.42942962866207285,0.0012132732738061036
X_conf,Z_noise1,1,4,14,9,0.4256416125308892,0.4305982876590488,0.00495667512815956
X_conf,Z_noise2,1,5,14,9,0.4260763107378237,0.4292890552011684,0.0032127444633446856
X_conf,Z_noise3,1,6,14,9,0.4301351135600945,0.43383666420679684,0.0037015506467023562
X_syn1,X_causal,2,0,14,9,0.4936058564256887,0.4973478802148205,0.0037420237891317987
X_syn1,X_conf,2,1,14,9,0.4303743822455249,0.49751873449834194,0.06714435225281706
X_syn1,X_syn2,2,3,14,9,0.46031812129392863,0.4948441954350063,0.03452607414107767
X_syn1,Z_noise1,2,4,14,9,0.4962173088404155,0.49775462598513176,0.001537317144716277
X_syn1,Z_noise2,2,5,14,9,0.492956540990564,0.49835099784816567,0.005394456857601648
X_syn1,Z_noise3,2,6,14,9,0.49915764162721554,0.49811909143819005,-0.001038550189025489
X_syn2,X_causal,3,0,14,9,0.49420310026730535,0.49544998744059177,0.001246887173286415
X_syn2,X_conf,3,1,14,9,0.427529905217195,0.49562613982738746,0.06809623461019243
X_syn2,X_syn1,3,2,14,9,0.4607158812630125,0.49329776559835214,0.03258188433533965
X_syn2,Z_noise1,3,4,14,9,0.49263341688272455,0.4961444293248688,0.0035110124421442457
X_syn2,Z_noise2,3,5,14,9,0.4947174393479498,0.4962205972028542,0.0015031578549044022
X_syn2,Z_noise3,3,6,14,9,0.49677306611632144,0.49867623886959467,0.00190317275327323
Z_noise1,X_causal,4,0,14,9,0.49662050397659474,0.4966785226116895,5.8018635094747584e-05
Z_noise1,X_conf,4,1,14,9,0.4262269744524126,0.49434732439910695,0.06812034994669436
Z_noise1,X_syn1,4,2,14,9,0.49562897695150915,0.49153362484339996,-0.004095352108109185
Z_noise1,X_syn2,4,3,14,9,0.4907898920777105,0.4952478139431643,0.0044579218654537955
Z_noise1,Z_noise2,4,5,14,9,0.4939040690719332,0.4916999581340121,-0.0022041109379210555
Z_noise1,Z_noise3,4,6,14,9,0.49387014293575776,0.49359894731893134,-0.0002711956168264251
Z_noise2,X_causal,5,0,14,9,0.49455563160559773,0.49424106294795783,-0.00031456865763990205
Z_noise2,X_conf,5,1,14,9,0.42523629196469936,0.494445141577327,0.06920884961262763
Z_noise2,X_syn1,5,2,14,9,0.49353840133512367,0.4932805401629188,-0.00025786117220488736
Z_noise2,X_syn2,5,3,14,9,0.4942344299247824,0.49502675481353625,0.0007923248887538592
Z_noise2,Z_noise1,5,4,14,9,0.4943188903248999,0.49291267188388777,-0.0014062184410121303
Z_noise2,Z_noise3,5,6,14,9,0.4934596915808079,0.4965504008110256,0.003090709230217703
Z_noise3,X_causal,6,0,14,9,0.4996609589778008,0.49606682135092617,-0.003594137626874605
Z_noise3,X_conf,6,1,14,9,0.4292834860973606,0.4970028972347185,0.06771941113735791
Z_noise3,X_syn1,6,2,14,9,0.4989818027621127,0.49508920745154017,-0.003892595310572511
Z_noise3,X_syn2,6,3,14,9,0.4973791751064382,0.4974615967697242,8.242166328598088e-05
Z_noise3,Z_noise1,6,4,14,9,0.49322043600628673,0.49757058970689544,0.004350153700608705
Z_noise3,Z_noise2,6,5,14,9,0.49329706521949224,0.49727573932212815,0.003978674102635915
X_causal,X_conf,0,1,15,0,0.44960300384165436,0.49713234740863593,0.047529343566981574
X_causal,X_syn1,0,2,15,0,0.4914684868105723,0.49100434955158306,-0.00046413725898925007
X_causal,X_syn2,0,3,15,0,0.4966944438825543,0.49540782440361125,-0.0012866194789430407
X_causal,Z_noise1,0,4,15,0,0.4951248358241314,0.4959993954923999,0.0008745596682684931
X_causal,Z_noise2,0,5,15,0,0.49477463564374247,0.4986847777628192,0.003910142119076754
X_causal,Z_noise3,0,6,15,0,0.49667840636643273,0.49722167190004773,0.0005432655336150005
X_conf,X_causal,1,0,15,0,0.4508834105179365,0.45044949043059784,-0.0004339200873386684
X_conf,X_syn1,1,2,15,0,0.4441250533094049,0.45005983828689305,0.005934784977488172
X_conf,X_syn2,1,3,15,0,0.4474698509223997,0.44800973112073234,0.0005398801983326207
X_conf,Z_noise1,1,4,15,0,0.4498681711031373,0.44736856260915925,-0.002499608493978067
X_conf,Z_noise2,1,5,15,0,0.45238431902339127,0.4512682527306021,-0.001116066292789153
X_conf,Z_noise3,1,6,15,0,0.4485417277581061,0.45081622720518083,0.0022744994470747515
X_syn1,X_causal,2,0,15,0,0.49134669413375354,0.48989842332554995,-0.0014482708082035889
X_syn1,X_conf,2,1,15,0,0.4448733862527402,0.49434609719390227,0.04947271094116207
X_syn1,X_syn2,2,3,15,0,0.46957066982474244,0.4871189722447379,0.017548302419995443
X_syn1,Z_noise1,2,4,15,0,0.49496423451521204,0.4910125295669596,-0.003951704948252421
X_syn1,Z_noise2,2,5,15,0,0.4940198251519852,0.49817712812188597,0.004157302969900745
X_syn1,Z_noise3,2,6,15,0,0.4949969326066428,0.492270732646915,-0.002726199959727782
X_syn2,X_causal,3,0,15,0,0.49675571923417955,0.4941401976291762,-0.0026155216050033347
X_syn2,X_conf,3,1,15,0,0.4468472846445176,0.4955722926369852,0.048725007992467595
X_syn2,X_syn1,3,2,15,0,0.4707455176656034,0.49749977038573084,0.026754252720127436
X_syn2,Z_noise1,3,4,15,0,0.4935551468859658,0.49796290304628765,0.004407756160321852
X_syn2,Z_noise2,3,5,15,0,0.49639618991119344,0.5022184531268629,0.005822263215669421
X_syn2,Z_noise3,3,6,15,0,0.49549283397940447,0.49345483959481773,-0.0020379943845867388
Z_noise1,X_causal,4,0,15,0,0.4954299212110568,0.4925254843021784,-0.0029044369088783717
Z_noise1,X_conf,4,1,15,0,0.4495091987446548,0.4957335864455841,0.04622438770092929
Z_noise1,X_syn1,4,2,15,0,0.49481760285487375,0.49094356189296146,-0.003874040961912295
Z_noise1,X_syn2,4,3,15,0,0.4936321273015492,0.4914756221021899,-0.002156505199359282
Z_noise1,Z_noise2,4,5,15,0,0.4942226223030426,0.49610221141025174,0.0018795891072091453
Z_noise1,Z_noise3,4,6,15,0,0.5010531549701865,0.4938309933554452,-0.007222161614741318
Z_noise2,X_causal,5,0,15,0,0.4945207410115637,0.49433004865406915,-0.0001906923574945263
Z_noise2,X_conf,5,1,15,0,0.45291184327917355,0.4975297863778348,0.04461794309866124
Z_noise2,X_syn1,5,2,15,0,0.49479265851372045,0.4982942447800903,0.0035015862663698716
Z_noise2,X_syn2,5,3,15,0,0.49719968617055954,0.49783855238672103,0.0006388662161614933
Z_noise2,Z_noise1,5,4,15,0,0.49497912814956596,0.49740631272808994,0.0024271845785239776
Z_noise2,Z_noise3,5,6,15,0,0.49559303937295823,0.49753582229886006,0.0019427829259018314
Z_noise3,X_causal,6,0,15,0,0.49598728350170507,0.49290402344800816,-0.0030832600536969124
Z_noise3,X_conf,6,1,15,0,0.4482802106261411,0.4948385481050855,0.04655833747894439
Z_noise3,X_syn1,6,2,15,0,0.49438403553012417,0.49508882490373773,0.000704789373613568
Z_noise3,X_syn2,6,3,15,0,0.49556191431449736,0.4954857594231038,-7.615489139356502e-05
Z_noise3,Z_noise1,6,4,15,0,0.5012546093191812,0.49358894144564,-0.0076656678735412265
Z_noise3,Z_noise2,6,5,15,0,0.49614636667445616,0.4957136418688815,-0.000432724805574658
X_causal,X_conf,0,1,15,1,0.434380179715242,0.4989445872678156,0.06456440755257359
X_causal,X_syn1,0,2,15,1,0.4974519220265155,0.4990830474147564,0.001631125388240895
X_causal,X_syn2,0,3,15,1,0.49473017853711854,0.4962489690653234,0.0015187905282048608
X_causal,Z_noise1,0,4,15,1,0.5016192005246528,0.5013962609380679,-0.00022293958658492485
X_causal,Z_noise2,0,5,15,1,0.49879310480862976,0.49914760809128206,0.00035450328265229647
X_causal,Z_noise3,0,6,15,1,0.49559281404018507,0.4931979471329413,-0.0023948669072437756
X_conf,X_causal,1,0,15,1,0.43501545029349176,0.4366529012449527,0.0016374509514609503
X_conf,X_syn1,1,2,15,1,0.436765194162822,0.4397107292107059,0.002945535047883918
X_conf,X_syn2,1,3,15,1,0.44286679040854204,0.4403836738117811,-0.002483116596760926
X_conf,Z_noise1,1,4,15,1,0.437167072298602,0.4433064336349078,0.006139361336305771
X_conf,Z_noise2,1,5,15,1,0.43695160235844693,0.4380785264457981,0.0011269240873511555
X_conf,Z_noise3,1,6,15,1,0.4420304982177973,0.43846348701582877,-0.0035670112019685063
X_syn1,X_causal,2,0,15,1,0.4973939870032976,0.4912447547315549,-0.006149232271742744
X_syn1,X_conf,2,1,15,1,0.4378002487577116,0.4936067090666751,0.05580646030896347
X_syn1,X_syn2,2,3,15,1,0.4676679867401723,0.4930618668591654,0.02539388011899313
X_syn1,Z_noise1,2,4,15,1,0.495788805883235,0.4969139775932931,0.0011251717100581038
X_syn1,Z_noise2,2,5,15,1,0.4969980320642158,0.49627139667739323,-0.0007266353868225495
X_syn1,Z_noise3,2,6,15,1,0.4956672088955104,0.495985381440426,0.00031817254491556257
X_syn2,X_causal,3,0,15,1,0.49512900300209767,0.4987081829507949,0.0035791799486972198
X_syn2,X_conf,3,1,15,1,0.4434595211897654,0.4975920964527065,0.05413257526294113
X_syn2,X_syn1,3,2,15,1,0.46764706065415057,0.49880191717936734,0.031154856525216768
X_syn2,Z_noise1,3,4,15,1,0.4965062271472007,0.49913859515080616,0.0026323680036054453
X_syn2,Z_noise2,3,5,15,1,0.4998542556964293,0.4957697534924033,-0.004084502204025953
X_syn2,Z_noise3,3,6,15,1,0.49524327657887773,0.49417917023900854,-0.0010641063398691974
Z_noise1,X_causal,4,0,15,1,0.501401346760745,0.5006085052752688,-0.0007928414854762034
Z_noise1,X_conf,4,1,15,1,0.4372497624904423,0.5026774420231326,0.0654276795326903
Z_noise1,X_syn1,4,2,15,1,0.4954794762216992,0.4976151413437215,0.00213566512202229
Z_noise1,X_syn2,4,3,15,1,0.4968245399596196,0.4957177556101269,-0.0011067843494927398
Z_noise1,Z_noise2,4,5,15,1,0.49976397849169557,0.4968424691789785,-0.0029215093127170633
Z_noise1,Z_noise3,4,6,15,1,0.49647955074280664,0.4961679784871076,-0.0003115722556990552
Z_noise2,X_causal,5,0,15,1,0.49882770355347705,0.49428777585133993,-0.004539927702137125
Z_noise2,X_conf,5,1,15,1,0.437561367588017,0.49498330062275026,0.05742193303473325
Z_noise2,X_syn1,5,2,15,1,0.49741113469785936,0.4986865036209468,0.0012753689230874388
Z_noise2,X_syn2,5,3,15,1,0.5004384586246938,0.49392185648461784,-0.006516602140075989
Z_noise2,Z_noise1,5,4,15,1,0.498207930350626,0.49609832056100556,-0.002109609789620437
Z_noise2,Z_noise3,5,6,15,1,0.4967016456989038,0.49608992896495596,-0.0006117167339478313
Z_noise3,X_causal,6,0,15,1,0.49566375804633656,0.49539206908552974,-0.00027168896080681515
Z_noise3,X_conf,6,1,15,1,0.44167690305762114,0.4986553731425914,0.056978470084970256
Z_noise3,X_syn1,6,2,15,1,0.49592807051425014,0.5004000534080676,0.00447198289381745
Z_noise3,X_syn2,6,3,15,1,0.4942789418725351,0.4953583660293264,0.0010794241567912977
Z_noise3,Z_noise1,6,4,15,1,0.49765709514130746,0.5003331666357572,0.002676071494449761
Z_noise3,Z_noise2,6,5,15,1,0.49570643370004525,0.4945818705360916,-0.0011245631639536513
X_causal,X_conf,0,1,15,2,0.43603120667350687,0.4984312483057127,0.06240004163220586
X_causal,X_syn1,0,2,15,2,0.4980892726847725,0.4959590101606827,-0.0021302625240897655
X_causal,X_syn2,0,3,15,2,0.49460783608293324,0.4952437335201989,0.0006358974372656645
X_causal,Z_noise1,0,4,15,2,0.5014319351898536,0.4955240204195804,-0.005907914770273248
X_causal,Z_noise2,0,5,15,2,0.4953988371709521,0.5018110517749194,0.006412214603967237
X_causal,Z_noise3,0,6,15,2,0.49821333694937625,0.5004202029370957,0.0022068659877194086
X_conf,X_causal,1,0,15,2,0.43712330576235997,0.43091737231477634,-0.006205933447583634
X_conf,X_syn1,1,2,15,2,0.4363037972744884,0.4300828705739029,-0.0062209267005855495
X_conf,X_syn2,1,3,15,2,0.4343053173825962,0.43695110410579685,0.0026457867232006493
X_conf,Z_noise1,1,4,15,2,0.43865113576323694,0.43488862344040247,-0.003762512322834477
X_conf,Z_noise2,1,5,15,2,0.43127405831119425,0.43806399703725746,0.006789938726063205
X_conf,Z_noise3,1,6,15,2,0.43332398877224015,0.4345963550962836,0.001272366324043428
X_syn1,X_causal,2,0,15,2,0.49844964782561646,0.4959327436026083,-0.002516904223008154
X_syn1,X_conf,2,1,15,2,0.43651268798396603,0.4970961192198125,0.060583431235846474
X_syn1,X_syn2,2,3,15,2,0.46429054712734785,0.49519424877314666,0.03090370164579881
X_syn1,Z_noise1,2,4,15,2,0.4981193252613996,0.493523828019559,-0.004595497241840607
X_syn1,Z_noise2,2,5,15,2,0.4932861027417475,0.49778073991533467,0.004494637173587168
X_syn1,Z_noise3,2,6,15,2,0.4962280522578532,0.4989886361946229,0.0027605839367697005
X_syn2,X_causal,3,0,15,2,0.4947476427398934,0.49645509870450144,0.001707455964608029
X_syn2,X_conf,3,1,15,2,0.4337294114751957,0.4999538384892973,0.06622442701410158
X_syn2,X_syn1,3,2,15,2,0.4654860199664553,0.4982642344503961,0.032778214483940804
X_syn2,Z_noise1,3,4,15,2,0.5015741045472526,0.497505543897538,-0.004068560649714614
X_syn2,Z_noise2,3,5,15,2,0.49515958404898286,0.4981784632666738,0.0030188792176909507
X_syn2,Z_noise3,3,6,15,2,0.4957248076401765,0.4979614185517344,0.0022366109115579125
Z_noise1,X_causal,4,0,15,2,0.5023184990090815,0.5007629516750807,-0.001555547334000873
Z_noise1,X_conf,4,1,15,2,0.4373737108026765,0.500339351642229,0.06296564083955247
Z_noise1,X_syn1,4,2,15,2,0.4983463896207342,0.503138033784023,0.004791644163288811
Z_noise1,X_syn2,4,3,15,2,0.5008359050322436,0.4956644486773822,-0.005171456354861437
Z_noise1,Z_noise2,4,5,15,2,0.4948272178196232,0.5027150808637938,0.007887863044170607
Z_noise1,Z_noise3,4,6,15,2,0.49750041040315796,0.500753661788548,0.0032532513853900102
Z_noise2,X_causal,5,0,15,2,0.495832214576632,0.49644468840827916,0.0006124738316471423
Z_noise2,X_conf,5,1,15,2,0.43223680480316695,0.49619638087360335,0.0639595760704364
Z_noise2,X_syn1,5,2,15,2,0.49415423025715205,0.49478232868886074,0.0006280984317086902
Z_noise2,X_syn2,5,3,15,2,0.4947270334062618,0.49498564797964245,0.0002586145733806666
Z_noise2,Z_noise1,5,4,15,2,0.49522667928703085,0.4959237988562646,0.0006971195692337395
Z_noise2,Z_noise3,5,6,15,2,0.49541216486100564,0.49898933442333426,0.0035771695623286193
Z_noise3,X_causal,6,0,15,2,0.49854194193579127,0.49584348010190116,-0.002698461833890109
Z_noise3,X_conf,6,1,15,2,0.4331922789241501,0.49541037965061974,0.06221810072646966
Z_noise3,X_syn1,6,2,15,2,0.4962669916588291,0.4959886022611439,-0.0002783893976852081
Z_noise3,X_syn2,6,3,15,2,0.4958932713985191,0.4935320859502068,-0.002361185448312264
Z_noise3,Z_noise1,6,4,15,2,0.4977659252660711,0.49525659971616137,-0.0025093255499097356
Z_noise3,Z_noise2,6,5,15,2,0.49511385042889317,0.49807129953197204,0.0029574491030788796
X_causal,X_conf,0,1,15,3,0.43808705126793285,0.49046617176219315,0.0523791204942603
X_causal,X_syn1,0,2,15,3,0.49514470294300755,0.4934318381739017,-0.0017128647691058707
X_causal,X_syn2,0,3,15,3,0.4947237245311063,0.49386426927558336,-0.0008594552555229451
X_causal,Z_noise1,0,4,15,3,0.49152575670026216,0.4915291482814045,3.391581142320188e-06
X_causal,Z_noise2,0,5,15,3,0.4952471410472588,0.49418611875727847,-0.00106102228998034
X_causal,Z_noise3,0,6,15,3,0.4970045055122459,0.490512822206475,-0.006491683305770879
X_conf,X_causal,1,0,15,3,0.43847689034370657,0.4465499626562202,0.00807307231251364
X_conf,X_syn1,1,2,15,3,0.44771116327128924,0.4477514378207809,4.027454949168119e-05
X_conf,X_syn2,1,3,15,3,0.4453546675151343,0.4466910655017199,0.0013363979865855802
X_conf,Z_noise1,1,4,15,3,0.4446544468594589,0.43851544833331707,-0.006138998526141803
X_conf,Z_noise2,1,5,15,3,0.4435597518100215,0.43861194424365557,-0.004947807566365925
X_conf,Z_noise3,1,6,15,3,0.444304121849563,0.44638039434258453,0.0020762724930215026
X_syn1,X_causal,2,0,15,3,0.4952371320681069,0.49434501885252413,-0.000892113215582746
X_syn1,X_conf,2,1,15,3,0.4483433349438889,0.49660981707998725,0.048266482136098354
X_syn1,X_syn2,2,3,15,3,0.47503616754502237,0.4981262446090468,0.02309007706402444
X_syn1,Z_noise1,2,4,15,3,0.49166748635466895,0.49264044945166463,0.0009729630969956826
X_syn1,Z_noise2,2,5,15,3,0.4965492698491178,0.49699445585833085,0.00044518600921306106
X_syn1,Z_noise3,2,6,15,3,0.4981113956501702,0.49612147398162987,-0.00198992166854034
X_syn2,X_causal,3,0,15,3,0.49479023161330216,0.4954244206016762,0.0006341889883740293
X_syn2,X_conf,3,1,15,3,0.44454768956338186,0.49670453603914816,0.052156846475766294
X_syn2,X_syn1,3,2,15,3,0.4750493307206635,0.4964174527489658,0.021368122028302294
X_syn2,Z_noise1,3,4,15,3,0.4937268441705934,0.49444043865745385,0.0007135944868604249
X_syn2,Z_noise2,3,5,15,3,0.4958682504560379,0.4944893936579561,-0.0013788567980818067
X_syn2,Z_noise3,3,6,15,3,0.4957415698481877,0.49462022567294595,-0.0011213441752417341
Z_noise1,X_causal,4,0,15,3,0.4922457282206751,0.49427075357040506,0.002025025349729981
Z_noise1,X_conf,4,1,15,3,0.44569766652448156,0.49003169986467326,0.0443340333401917
Z_noise1,X_syn1,4,2,15,3,0.49225807381576603,0.4961960797624176,0.003938005946651557
Z_noise1,X_syn2,4,3,15,3,0.494474852106576,0.4975660441980465,0.003091192091470518
Z_noise1,Z_noise2,4,5,15,3,0.49411628648978345,0.49346296773889975,-0.0006533187508837024
Z_noise1,Z_noise3,4,6,15,3,0.49694862504914616,0.49148451458422465,-0.005464110464921512
Z_noise2,X_causal,5,0,15,3,0.4947897999361127,0.4935336628115856,-0.0012561371245271014
Z_noise2,X_conf,5,1,15,3,0.4442512581427841,0.4932300400187158,0.04897878187593169
Z_noise2,X_syn1,5,2,15,3,0.49676424350931453,0.4976815657378033,0.0009173222284887816
Z_noise2,X_syn2,5,3,15,3,0.4963869103504661,0.49894035637596285,0.0025534460254967306
Z_noise2,Z_noise1,5,4,15,3,0.4943661013309714,0.49280998725420644,-0.0015561140767649806
Z_noise2,Z_noise3,5,6,15,3,0.4970106569742966,0.49392412135038616,-0.0030865356239104247
Z_noise3,X_causal,6,0,15,3,0.49670833591653124,0.49546830532108943,-0.00124003059544181
Z_noise3,X_conf,6,1,15,3,0.44384495864830437,0.49743460981426496,0.053589651165960595
Z_noise3,X_syn1,6,2,15,3,0.49676395606992574,0.49691912507584163,0.00015516900591588945
Z_noise3,X_syn2,6,3,15,3,0.49532832496009604,0.49640787435597333,0.0010795493958772884
Z_noise3,Z_noise1,6,4,15,3,0.496793985751223,0.49489890094950395,-0.0018950848017190713
Z_noise3,Z_noise2,6,5,15,3,0.4966034572525932,0.4976034459539097,0.000999988701316512
X_causal,X_conf,0,1,15,4,0.4297683446312012,0.4960821833097818,0.0663138386785806
X_causal,X_syn1,0,2,15,4,0.4931680784004903,0.5016319906016635,0.008463912201173207
X_causal,X_syn2,0,3,15,4,0.5019905465563776,0.4935060229747531,-0.008484523581624548
X_causal,Z_noise1,0,4,15,4,0.4968989942167165,0.500468648122267,0.003569653905550474
X_causal,Z_noise2,0,5,15,4,0.4975804082476263,0.49541408721433355,-0.0021663210332927285
X_causal,Z_noise3,0,6,15,4,0.498250871688164,0.4971027914244975,-0.0011480802636665288
X_conf,X_causal,1,0,15,4,0.4291435168686474,0.43095513411334313,0.0018116172446957512
X_conf,X_syn1,1,2,15,4,0.4356187588566874,0.43203046025369835,-0.0035882986029890374
X_conf,X_syn2,1,3,15,4,0.43178832999386924,0.4260954557801785,-0.005692874213690746
X_conf,Z_noise1,1,4,15,4,0.43563215131472216,0.4339811327661005,-0.0016510185486216522
X_conf,Z_noise2,1,5,15,4,0.42854825731615415,0.4266482662135734,-0.001899991102580767
X_conf,Z_noise3,1,6,15,4,0.43082734120431254,0.43025062062243635,-0.0005767205818761889
X_syn1,X_causal,2,0,15,4,0.4923830130475399,0.4983099026022714,0.005926889554731529
X_syn1,X_conf,2,1,15,4,0.43548198263646737,0.4942011215862996,0.05871913894983222
X_syn1,X_syn2,2,3,15,4,0.47186255311341585,0.4969374992040517,0.025074946090635875
X_syn1,Z_noise1,2,4,15,4,0.4955928837442222,0.49710661664746825,0.0015137329032460234
X_syn1,Z_noise2,2,5,15,4,0.4989985533773701,0.49609926955003797,-0.002899283827332122
X_syn1,Z_noise3,2,6,15,4,0.49508328261043555,0.4918972854822456,-0.0031859971281899546
X_syn2,X_causal,3,0,15,4,0.5013050049397655,0.5002659410738228,-0.0010390638659426576
X_syn2,X_conf,3,1,15,4,0.43224114926461976,0.49864698932517393,0.06640584006055417
X_syn2,X_syn1,3,2,15,4,0.47176841761952903,0.5003372791365288,0.028568861516999777
X_syn2,Z_noise1,3,4,15,4,0.5026990689263275,0.5025571168196065,-0.00014195210672107716
X_syn2,Z_noise2,3,5,15,4,0.4998096532440825,0.49818248914276797,-0.0016271641013145266
X_syn2,Z_noise3,3,6,15,4,0.49924542780536707,0.49894032610526434,-0.00030510170010272786
Z_noise1,X_causal,4,0,15,4,0.4972525587151743,0.4985314798953325,0.0012789211801581546
Z_noise1,X_conf,4,1,15,4,0.43539148342948464,0.4977424527042249,0.062350969274740264
Z_noise1,X_syn1,4,2,15,4,0.4936963562629304,0.5005173258045797,0.0068209695416493465
Z_noise1,X_syn2,4,3,15,4,0.5019348607828431,0.4981086331556825,-0.0038262276271606166
Z_noise1,Z_noise2,4,5,15,4,0.49819399546196114,0.49640379981012145,-0.0017901956518396878
Z_noise1,Z_noise3,4,6,15,4,0.4952752774591385,0.4964886644831692,0.0012133870240306766
Z_noise2,X_causal,5,0,15,4,0.49748461161533847,0.49983708862193965,0.0023524770066011835
Z_noise2,X_conf,5,1,15,4,0.4293782137248077,0.49760202128555336,0.06822380756074564
Z_noise2,X_syn1,5,2,15,4,0.4992322258773691,0.5012247380918194,0.001992512214450348
Z_noise2,X_syn2,5,3,15,4,0.4993859238913842,0.4965674686360164,-0.00281845525536778
Z_noise2,Z_noise1,5,4,15,4,0.49976901961780434,0.5019380572608168,0.002169037643012406
Z_noise2,Z_noise3,5,6,15,4,0.4942523464984531,0.5007858096089572,0.006533463110504123
Z_noise3,X_causal,6,0,15,4,0.49899895156236085,0.4975905567897035,-0.001408394772657362
Z_noise3,X_conf,6,1,15,4,0.4306321849576573,0.49719502170934615,0.06656283675168884
Z_noise3,X_syn1,6,2,15,4,0.4957546508784251,0.49700827107897605,0.0012536202005509756
Z_noise3,X_syn2,6,3,15,4,0.49846825849124693,0.49693916697334195,-0.001529091517904979
Z_noise3,Z_noise1,6,4,15,4,0.4961586006310955,0.4995052153974989,0.0033466147664034107
Z_noise3,Z_noise2,6,5,15,4,0.4942346816819106,0.49648827304613335,0.0022535913642227623
X_causal,X_conf,0,1,15,5,0.45284095189549,0.4974935637122243,0.0446526118167343
X_causal,X_syn1,0,2,15,5,0.492482024065726,0.49815341464952284,0.005671390583796843
X_causal,X_syn2,0,3,15,5,0.4998766809752703,0.49754800349006245,-0.002328677485207875
X_causal,Z_noise1,0,4,15,5,0.4998571811695529,0.4972665550070408,-0.0025906261625120997
X_causal,Z_noise2,0,5,15,5,0.49626117704364764,0.4956530292383906,-0.000608147805257031
X_causal,Z_noise3,0,6,15,5,0.49666599034565834,0.4943601339492417,-0.0023058563964166168
X_conf,X_causal,1,0,15,5,0.45280706033314577,0.45346575765368463,0.0006586973205388591
X_conf,X_syn1,1,2,15,5,0.45345522947711714,0.45214161179133217,-0.0013136176857849735
X_conf,X_syn2,1,3,15,5,0.45444684285845416,0.45458282104225217,0.0001359781837980134
X_conf,Z_noise1,1,4,15,5,0.4627520234823625,0.45558226802360774,-0.007169755458754756
X_conf,Z_noise2,1,5,15,5,0.4512009029177363,0.45318625922477224,0.001985356307035946
X_conf,Z_noise3,1,6,15,5,0.4558287515560681,0.450420727607247,-0.005408023948821117
X_syn1,X_causal,2,0,15,5,0.4913164731996773,0.4949456963635859,0.003629223163908568
X_syn1,X_conf,2,1,15,5,0.45382655722957493,0.4943159177269154,0.040489360497340476
X_syn1,X_syn2,2,3,15,5,0.4709685303159889,0.49170097588687656,0.02073244557088766
X_syn1,Z_noise1,2,4,15,5,0.4960308556401642,0.49466865076669175,-0.001362204873472439
X_syn1,Z_noise2,2,5,15,5,0.49252514393338404,0.49503793161431464,0.002512787680930606
X_syn1,Z_noise3,2,6,15,5,0.49123266396006177,0.4925682041169485,0.0013355401568867498
X_syn2,X_causal,3,0,15,5,0.500004915373304,0.4979252502596856,-0.0020796651136184563
X_syn2,X_conf,3,1,15,5,0.4542470293963486,0.49804202464251696,0.04379499524616837
X_syn2,X_syn1,3,2,15,5,0.4705240032734694,0.5006011079719532,0.030077104698483847
X_syn2,Z_noise1,3,4,15,5,0.49800953422826527,0.49812916631300935,0.00011963208474408127
X_syn2,Z_noise2,3,5,15,5,0.49860997019343156,0.49621161457826124,-0.0023983556151703223
X_syn2,Z_noise3,3,6,15,5,0.4972102589101071,0.49649046385398105,-0.0007197950561260713
Z_noise1,X_causal,4,0,15,5,0.5001667085322739,0.4955496523237038,-0.004617056208570058
Z_noise1,X_conf,4,1,15,5,0.4611902761193058,0.4936311418168788,0.032440865697572985
Z_noise1,X_syn1,4,2,15,5,0.49627526702508556,0.49825612465646724,0.0019808576313816717
Z_noise1,X_syn2,4,3,15,5,0.498569641327482,0.4938512287451593,-0.004718412582322695
Z_noise1,Z_noise2,4,5,15,5,0.492951173885514,0.49602651990964547,0.0030753460241314534
Z_noise1,Z_noise3,4,6,15,5,0.4945226237193248,0.49223701090904065,-0.0022856128102841655
Z_noise2,X_causal,5,0,15,5,0.4963748621752363,0.4904488203550649,-0.005926041820171424
Z_noise2,X_conf,5,1,15,5,0.45084535009515087,0.4923496209539092,0.04150427085875835
Z_noise2,X_syn1,5,2,15,5,0.4923075751117326,0.495316449865332,0.0030088747535994
Z_noise2,X_syn2,5,3,15,5,0.49934085987575627,0.49145460962827847,-0.0078862502474778
Z_noise2,Z_noise1,5,4,15,5,0.49275163583685483,0.4937335465997702,0.0009819107629153723
Z_noise2,Z_noise3,5,6,15,5,0.4952167491666735,0.4956870762919265,0.00047032712525296727
Z_noise3,X_causal,6,0,15,5,0.49646309785566956,0.4923292073316163,-0.004133890524053274
Z_noise3,X_conf,6,1,15,5,0.4550815415790632,0.4947506005598206,0.0396690589807574
Z_noise3,X_syn1,6,2,15,5,0.49157134922743934,0.496984878554265,0.00541352932682565
Z_noise3,X_syn2,6,3,15,5,0.49730892021656964,0.49278512636188887,-0.004523793854680769
Z_noise3,Z_noise1,6,4,15,5,0.494389471422064,0.4947947431835031,0.0004052717614390633
Z_noise3,Z_noise2,6,5,15,5,0.49589092623256587,0.4943150789068369,-0.001575847325728963
X_causal,X_conf,0,1,15,6,0.45415731788756236,0.4952121326297484,0.04105481474218603
X_causal,X_syn1,0,2,15,6,0.4970122516148999,0.49697490144137013,-3.7350173529793196e-05
X_causal,X_syn2,0,3,15,6,0.4951804709303863,0.49683395037154016,0.001653479441153849
X_causal,Z_noise1,0,4,15,6,0.49668270876816545,0.4927572264242869,-0.003925482343878572
X_causal,Z_noise2,0,5,15,6,0.4975108914600415,0.4955067038732082,-0.002004187586833295
X_causal,Z_noise3,0,6,15,6,0.4951626220537128,0.4959514518390822,0.0007888297853693715
X_conf,X_causal,1,0,15,6,0.45375410886421363,0.44489718303976605,-0.008856925824447581
X_conf,X_syn1,1,2,15,6,0.45094115120695044,0.45411437345980743,0.0031732222528569887
X_conf,X_syn2,1,3,15,6,0.44711833303936893,0.44378347241516264,-0.003334860624206293
X_conf,Z_noise1,1,4,15,6,0.4469602210847041,0.4482994441717586,0.0013392230870544752
X_conf,Z_noise2,1,5,15,6,0.4481239249870143,0.44945852521490703,0.0013346002278927238
X_conf,Z_noise3,1,6,15,6,0.44876281444633764,0.448782253947195,1.9439500857365566e-05
X_syn1,X_causal,2,0,15,6,0.49739726100632736,0.49628331259000025,-0.0011139484163271152
X_syn1,X_conf,2,1,15,6,0.44998939562465806,0.4932215835385725,0.04323218791391442
X_syn1,X_syn2,2,3,15,6,0.47600091834839786,0.49518217318906443,0.019181254840666573
X_syn1,Z_noise1,2,4,15,6,0.49774419633932704,0.49750253358218305,-0.00024166275714399
X_syn1,Z_noise2,2,5,15,6,0.4944448649706377,0.49597535325547587,0.0015304882848381496
X_syn1,Z_noise3,2,6,15,6,0.49682011091151723,0.49478092544679214,-0.0020391854647250907
X_syn2,X_causal,3,0,15,6,0.49510439603345635,0.49332259315855936,-0.0017818028748969872
X_syn2,X_conf,3,1,15,6,0.4475579161803064,0.49582280651019495,0.048264890329888566
X_syn2,X_syn1,3,2,15,6,0.47716928718227153,0.49873014240660607,0.02156085522433454
X_syn2,Z_noise1,3,4,15,6,0.4978562526369142,0.49628847974090606,-0.0015677728960081239
X_syn2,Z_noise2,3,5,15,6,0.49876047211408314,0.4963154086003104,-0.002445063513772716
X_syn2,Z_noise3,3,6,15,6,0.5003190988324359,0.49596668676904976,-0.004352412063386102
Z_noise1,X_causal,4,0,15,6,0.49750982602838756,0.5000742667177445,0.002564440689356906
Z_noise1,X_conf,4,1,15,6,0.4474000758796972,0.4958645331305558,0.04846445725085857
Z_noise1,X_syn1,4,2,15,6,0.4975992199359048,0.49920124639174535,0.0016020264558405661
Z_noise1,X_syn2,4,3,15,6,0.49847223142675484,0.4963968456120749,-0.0020753858146799198
Z_noise1,Z_noise2,4,5,15,6,0.49611139141792526,0.49750777549136577,0.0013963840734405042
Z_noise1,Z_noise3,4,6,15,6,0.49852157736345537,0.49689847353630556,-0.0016231038271498077
Z_noise2,X_causal,5,0,15,6,0.4973383246373586,0.5000856514384885,0.002747326801129879
Z_noise2,X_conf,5,1,15,6,0.4478618081209926,0.49332176517874743,0.04545995705775485
Z_noise2,X_syn1,5,2,15,6,0.49363865325705036,0.4977613802346915,0.004122726977641156
Z_noise2,X_syn2,5,3,15,6,0.49879613294116565,0.4934794570573213,-0.005316675883844324
Z_noise2,Z_noise1,5,4,15,6,0.49602901293819696,0.4970742306609926,0.0010452177227956438
Z_noise2,Z_noise3,5,6,15,6,0.49628745359215193,0.4969259318105628,0.0006384782184108984
Z_noise3,X_causal,6,0,15,6,0.49583999834164616,0.4943404815959752,-0.001499516745670948
Z_noise3,X_conf,6,1,15,6,0.4490490441473436,0.49617786104959277,0.04712881690224918
Z_noise3,X_syn1,6,2,15,6,0.4974846183744038,0.4979545797518704,0.00046996137746663225
Z_noise3,X_syn2,6,3,15,6,0.49924163287993234,0.49692609653147457,-0.0023155363484577696
Z_noise3,Z_noise1,6,4,15,6,0.4984054249398284,0.4950007996579998,-0.0034046252818286105
Z_noise3,Z_noise2,6,5,15,6,0.4958431387890401,0.49537530310704037,-0.000467835681999762
X_causal,X_conf,0,1,15,7,0.43388226350773557,0.49525025201570416,0.061367988507968596
X_causal,X_syn1,0,2,15,7,0.4943610660833894,0.4920701206200778,-0.0022909454633116
X_causal,X_syn2,0,3,15,7,0.4948142824644317,0.49321193838525207,-0.0016023440791796406
X_causal,Z_noise1,0,4,15,7,0.4918756118062101,0.4949212425449612,0.003045630738751137
X_causal,Z_noise2,0,5,15,7,0.49348646681162683,0.49275536646734813,-0.0007311003442787012
X_causal,Z_noise3,0,6,15,7,0.4951446872210446,0.49786523447845904,0.0027205472574144407
X_conf,X_causal,1,0,15,7,0.43466695607314904,0.43461166307607363,-5.52929970754068e-05
X_conf,X_syn1,1,2,15,7,0.4307719197387303,0.4257704837065005,-0.0050014360322298
X_conf,X_syn2,1,3,15,7,0.42876952391916406,0.43987783582083967,0.011108311901675605
X_conf,Z_noise1,1,4,15,7,0.43528934784192536,0.4379806941004794,0.0026913462585540504
X_conf,Z_noise2,1,5,15,7,0.42511437613955955,0.4346311331946755,0.009516757055115954
X_conf,Z_noise3,1,6,15,7,0.43320181225581145,0.4280452869276125,-0.005156525328198935
X_syn1,X_causal,2,0,15,7,0.49360895522494974,0.4953949171862106,0.0017859619612608513
X_syn1,X_conf,2,1,15,7,0.4299746242212057,0.49106023299225865,0.06108560877105296
X_syn1,X_syn2,2,3,15,7,0.47670146867721613,0.49120128448043693,0.014499815803220795
X_syn1,Z_noise1,2,4,15,7,0.49358276843372717,0.4962420942292349,0.0026593257955077054
X_syn1,Z_noise2,2,5,15,7,0.4938091577784964,0.49408571255191613,0.0002765547734197571
X_syn1,Z_noise3,2,6,15,7,0.49330964742352784,0.4970402285093138,0.0037305810857859445
X_syn2,X_causal,3,0,15,7,0.4939889118822645,0.4941055061292136,0.0001165942469490977
X_syn2,X_conf,3,1,15,7,0.42820820646518853,0.49174069692438144,0.0635324904591929
X_syn2,X_syn1,3,2,15,7,0.47606464279789945,0.4932074313674566,0.017142788569557144
X_syn2,Z_noise1,3,4,15,7,0.48803119817855256,0.49170087055313166,0.0036696723745791027
X_syn2,Z_noise2,3,5,15,7,0.49299152278348163,0.49525444115424827,0.0022629183707666423
X_syn2,Z_noise3,3,6,15,7,0.4934424590573263,0.49440011307337733,0.0009576540160510238
Z_noise1,X_causal,4,0,15,7,0.4913555777166998,0.4940236022628032,0.002668024546103376
Z_noise1,X_conf,4,1,15,7,0.4350188729190273,0.49059196602519556,0.05557309310616826
Z_noise1,X_syn1,4,2,15,7,0.493290479078157,0.49334805288232236,5.7573804165378384e-05
Z_noise1,X_syn2,4,3,15,7,0.48790295972369935,0.49307845988349513,0.005175500159795787
Z_noise1,Z_noise2,4,5,15,7,0.4912865664447046,0.4937273897835773,0.0024408233388726885
Z_noise1,Z_noise3,4,6,15,7,0.49361630530849493,0.494455435527717,0.0008391302192220507
Z_noise2,X_causal,5,0,15,7,0.494308208393627,0.48967088983905926,-0.0046373185545677265
Z_noise2,X_conf,5,1,15,7,0.425901247820528,0.4976840369567929,0.0717827891362649
Z_noise2,X_syn1,5,2,15,7,0.4939989320096997,0.4937472667856047,-0.0002516652240949768
Z_noise2,X_syn2,5,3,15,7,0.4930305484833009,0.4950441150135581,0.0020135665302571937
Z_noise2,Z_noise1,5,4,15,7,0.49067809517325606,0.4961757615497614,0.005497666376505339
Z_noise2,Z_noise3,5,6,15,7,0.49378211021545193,0.49309755919619047,-0.000684551019261459
Z_noise3,X_causal,6,0,15,7,0.4946552205116698,0.49440142266757636,-0.00025379784409346184
Z_noise3,X_conf,6,1,15,7,0.43266075291758177,0.49467666392972787,0.0620159110121461
Z_noise3,X_syn1,6,2,15,7,0.49407198981037265,0.49476447247631644,0.0006924826659437944
Z_noise3,X_syn2,6,3,15,7,0.49380133486744476,0.4956042451731435,0.001802910305698735
Z_noise3,Z_noise1,6,4,15,7,0.493222422233011,0.49661926591762084,0.0033968436846098515
Z_noise3,Z_noise2,6,5,15,7,0.49410986409059093,0.4921967463906532,-0.0019131176999377386
X_causal,X_conf,0,1,15,8,0.4432828642699982,0.49754869860023704,0.05426583433023885
X_causal,X_syn1,0,2,15,8,0.4979179061091269,0.49805424792604325,0.00013634181691635217
X_causal,X_syn2,0,3,15,8,0.49432902250623273,0.4946215236478578,0.0002925011416250456
X_causal,Z_noise1,0,4,15,8,0.49749075655146313,0.4969970081208896,-0.0004937484305735373
X_causal,Z_noise2,0,5,15,8,0.4988874896719713,0.497282640803842,-0.0016048488681292827
X_causal,Z_noise3,0,6,15,8,0.4968469755578611,0.49836462641032636,0.0015176508524652466
X_conf,X_causal,1,0,15,8,0.44468401806448216,0.443441414998205,-0.0012426030662771592
X_conf,X_syn1,1,2,15,8,0.4477973160798523,0.44567340260525734,-0.0021239134745949517
X_conf,X_syn2,1,3,15,8,0.4458914606268956,0.44660323776240146,0.0007117771355058533
X_conf,Z_noise1,1,4,15,8,0.44025102609559075,0.44518253051859863,0.004931504423007882
X_conf,Z_noise2,1,5,15,8,0.4471489501519474,0.4525208394052893,0.005371889253341922
X_conf,Z_noise3,1,6,15,8,0.4438117266886172,0.44354772166650186,-0.0002640050221153212
X_syn1,X_causal,2,0,15,8,0.49753632784735735,0.49499725526375515,-0.0025390725836021977
X_syn1,X_conf,2,1,15,8,0.4476676252176673,0.4977738533463104,0.05010622812864313
X_syn1,X_syn2,2,3,15,8,0.47662459748636266,0.4964527820110523,0.01982818452468965
X_syn1,Z_noise1,2,4,15,8,0.4966746253942426,0.49548827109212545,-0.0011863543021171652
X_syn1,Z_noise2,2,5,15,8,0.5007147345521528,0.5025879861629405,0.001873251610787774
X_syn1,Z_noise3,2,6,15,8,0.5037775994370428,0.4962043129114452,-0.007573286525597633
X_syn2,X_causal,3,0,15,8,0.49502970339903063,0.49571164274612617,0.0006819393470955393
X_syn2,X_conf,3,1,15,8,0.4459154960744887,0.4964212016465875,0.05050570557209877
X_syn2,X_syn1,3,2,15,8,0.4760590015965268,0.49506835073031624,0.019009349133789433
X_syn2,Z_noise1,3,4,15,8,0.49239016507894784,0.4944065441791051,0.002016379100157284
X_syn2,Z_noise2,3,5,15,8,0.49651560001994116,0.5003202872803006,0.003804687260359485
X_syn2,Z_noise3,3,6,15,8,0.4941241494405888,0.49559717625442795,0.0014730268138391511
Z_noise1,X_causal,4,0,15,8,0.49733200221704127,0.5007916218419273,0.003459619624886001
Z_noise1,X_conf,4,1,15,8,0.4401021118403212,0.4963213392879095,0.05621922744758828
Z_noise1,X_syn1,4,2,15,8,0.4973239520739037,0.49559026175376175,-0.001733690320141923
Z_noise1,X_syn2,4,3,15,8,0.49236266304151594,0.49892193462267953,0.006559271581163595
Z_noise1,Z_noise2,4,5,15,8,0.4944233300677615,0.5026790862248007,0.008255756157039218
Z_noise1,Z_noise3,4,6,15,8,0.49754785582336875,0.496913619317029,-0.0006342365063397581
Z_noise2,X_causal,5,0,15,8,0.4994081137553179,0.497801753146047,-0.0016063606092708849
Z_noise2,X_conf,5,1,15,8,0.44720783407406883,0.4994494648731806,0.05224163079911176
Z_noise2,X_syn1,5,2,15,8,0.5007860063413994,0.5003865716469234,-0.00039943469447600854
Z_noise2,X_syn2,5,3,15,8,0.4961017374037648,0.4993253550561572,0.00322361765239243
Z_noise2,Z_noise1,5,4,15,8,0.49464871826229057,0.49630449462890464,0.0016557763666140701
Z_noise2,Z_noise3,5,6,15,8,0.49721510401018254,0.500496423316966,0.0032813193067834368
Z_noise3,X_causal,6,0,15,8,0.49682581961715666,0.49589497542848093,-0.0009308441886757279
Z_noise3,X_conf,6,1,15,8,0.44394294764468295,0.5004381800626322,0.05649523241794924
Z_noise3,X_syn1,6,2,15,8,0.5034840409211224,0.49744769367807035,-0.006036347243052076
Z_noise3,X_syn2,6,3,15,8,0.49465837866234436,0.500026977279533,0.005368598617188691
Z_noise3,Z_noise1,6,4,15,8,0.4983734422199419,0.49538765745117597,-0.002985784768765931
Z_noise3,Z_noise2,6,5,15,8,0.49688412010413574,0.5014227335543043,0.004538613450168594
X_causal,X_conf,0,1,15,9,0.44464378612657746,0.4931917011684049,0.04854791504182743
X_causal,X_syn1,0,2,15,9,0.49518572161248625,0.4931578095336757,-0.0020279120788105343
X_causal,X_syn2,0,3,15,9,0.4904861025180586,0.4967192393572428,0.00623313683918425
X_causal,Z_noise1,0,4,15,9,0.49192914065229065,0.4952222053105476,0.003293064658256961
X_causal,Z_noise2,0,5,15,9,0.4930415506203675,0.4957445480483625,0.002702997427995013
X_causal,Z_noise3,0,6,15,9,0.49232339071179904,0.49585050550029586,0.0035271147884968213
X_conf,X_causal,1,0,15,9,0.4459380272492449,0.4449764833968426,-0.0009615438524023245
X_conf,X_syn1,1,2,15,9,0.44651089706803687,0.4431898665426434,-0.0033210305253934536
X_conf,X_syn2,1,3,15,9,0.4491160392570348,0.44576838436910077,-0.0033476548879340373
X_conf,Z_noise1,1,4,15,9,0.44532474163079716,0.44701861343103705,0.0016938718002398878
X_conf,Z_noise2,1,5,15,9,0.4426780309746101,0.4473058232893652,0.004627792314755075
X_conf,Z_noise3,1,6,15,9,0.44813303809549443,0.4498473281414149,0.0017142900459204968
X_syn1,X_causal,2,0,15,9,0.4947857747389249,0.4958663195596008,0.0010805448206759327
X_syn1,X_conf,2,1,15,9,0.4469879071117075,0.49878275679693723,0.05179484968522974
X_syn1,X_syn2,2,3,15,9,0.4688902426081275,0.4963438389413652,0.027453596333237684
X_syn1,Z_noise1,2,4,15,9,0.4907623828937053,0.4983240185625424,0.007561635668837108
X_syn1,Z_noise2,2,5,15,9,0.4939105810759401,0.49360419123266125,-0.00030638984327885366
X_syn1,Z_noise3,2,6,15,9,0.4937015740305532,0.49586682533266807,0.002165251302114868
X_syn2,X_causal,3,0,15,9,0.49046491798856107,0.49410368691081263,0.0036387689222515673
X_syn2,X_conf,3,1,15,9,0.44830892284896506,0.4997271690832466,0.05141824623428154
X_syn2,X_syn1,3,2,15,9,0.47027721371822856,0.49476123510889036,0.024484021390661803
X_syn2,Z_noise1,3,4,15,9,0.4970074289128545,0.5000689640211368,0.003061535108282276
X_syn2,Z_noise2,3,5,15,9,0.4976062878855499,0.49441911060250976,-0.0031871772830401324
X_syn2,Z_noise3,3,6,15,9,0.4986787371332063,0.4943357820099713,-0.004342955123235015
Z_noise1,X_causal,4,0,15,9,0.49181249777422165,0.4901595457552673,-0.0016529520189543234
Z_noise1,X_conf,4,1,15,9,0.4451053569197787,0.49141384880825595,0.04630849188847724
Z_noise1,X_syn1,4,2,15,9,0.49100905749348345,0.49412163296636136,0.00311257547287791
Z_noise1,X_syn2,4,3,15,9,0.49531541698989096,0.4918616631091843,-0.003453753880706678
Z_noise1,Z_noise2,4,5,15,9,0.48924337791902983,0.49604780725813613,0.006804429339106299
Z_noise1,Z_noise3,4,6,15,9,0.4919778383897232,0.49708025808276274,0.005102419693039539
Z_noise2,X_causal,5,0,15,9,0.4926590977557384,0.49370969684122895,0.0010505990854905445
Z_noise2,X_conf,5,1,15,9,0.44343062786892623,0.4989035438191689,0.055472915950242674
Z_noise2,X_syn1,5,2,15,9,0.4939669740265468,0.4955622473520656,0.0015952733255187868
Z_noise2,X_syn2,5,3,15,9,0.49647682556215056,0.4929655161879853,-0.0035113093741652723
Z_noise2,Z_noise1,5,4,15,9,0.48901072906108334,0.49877338414502065,0.00976265508393731
Z_noise2,Z_noise3,5,6,15,9,0.49853224198295915,0.49575290540144284,-0.0027793365815163007
Z_noise3,X_causal,6,0,15,9,0.492490760223553,0.49541203211713636,0.002921271893583377
Z_noise3,X_conf,6,1,15,9,0.447335229322013,0.49362816575426816,0.04629293643225518
Z_noise3,X_syn1,6,2,15,9,0.4944723059706808,0.49681113802443266,0.002338832053751849
Z_noise3,X_syn2,6,3,15,9,0.49753703870080473,0.49615077294997006,-0.0013862657508346699
Z_noise3,Z_noise1,6,4,15,9,0.4913927018968747,0.4995059004022755,0.00811319850540082
Z_noise3,Z_noise2,6,5,15,9,0.4982161224789511,0.4934329210095546,-0.004783201469396481
X_causal,X_conf,0,1,16,0,0.43665792812721227,0.49895573426797085,0.06229780614075858
X_causal,X_syn1,0,2,16,0,0.49686772917383787,0.49210063808397614,-0.00476709108986173
X_causal,X_syn2,0,3,16,0,0.4984476141178931,0.49222806724681234,-0.006219546871080783
X_causal,Z_noise1,0,4,16,0,0.4968640029250311,0.49452052946617686,-0.002343473458854217
X_causal,Z_noise2,0,5,16,0,0.49749708021481215,0.49328868898775413,-0.004208391227058017
X_causal,Z_noise3,0,6,16,0,0.49818826449966236,0.4989269361862831,0.0007386716866207288
X_conf,X_causal,1,0,16,0,0.43632330200078245,0.43702528853685874,0.0007019865360762823
X_conf,X_syn1,1,2,16,0,0.43983806220762306,0.4337620824635712,-0.006075979744051885
X_conf,X_syn2,1,3,16,0,0.43464468631330894,0.4342383025775628,-0.00040638373574614084
X_conf,Z_noise1,1,4,16,0,0.4392195051196419,0.4347920103381707,-0.004427494781471197
X_conf,Z_noise2,1,5,16,0,0.4356746323459387,0.43673779609844665,0.0010631637525079785
X_conf,Z_noise3,1,6,16,0,0.44062842829743787,0.44038705785071963,-0.0002413704467182365
X_syn1,X_causal,2,0,16,0,0.49653164440558417,0.49718372307041914,0.0006520786648349652
X_syn1,X_conf,2,1,16,0,0.4396724901991493,0.4976886085685333,0.05801611836938403
X_syn1,X_syn2,2,3,16,0,0.4823340111491781,0.4961077889595135,0.013773777810335397
X_syn1,Z_noise1,2,4,16,0,0.4991836503494505,0.4956555078774599,-0.003528142471990625
X_syn1,Z_noise2,2,5,16,0,0.49988028765565373,0.49786535860904335,-0.002014929046610381
X_syn1,Z_noise3,2,6,16,0,0.4974003289603835,0.4977978818621194,0.0003975529017358759
X_syn2,X_causal,3,0,16,0,0.49813450343625904,0.4942102650476189,-0.003924238388640144
X_syn2,X_conf,3,1,16,0,0.4347897055084872,0.4961771170010816,0.06138741149259436
X_syn2,X_syn1,3,2,16,0,0.4814827463499736,0.49242338482456954,0.01094063847459592
X_syn2,Z_noise1,3,4,16,0,0.49566915854551274,0.49818382552644097,0.0025146669809282263
X_syn2,Z_noise2,3,5,16,0,0.4951229478508252,0.49123898409290073,-0.0038839637579244912
X_syn2,Z_noise3,3,6,16,0,0.49914728685260107,0.4999083183017129,0.0007610314491118264
Z_noise1,X_causal,4,0,16,0,0.49590941902720376,0.49410475633634965,-0.0018046626908541086
Z_noise1,X_conf,4,1,16,0,0.4398508982470134,0.4964933518594411,0.0566424536124277
Z_noise1,X_syn1,4,2,16,0,0.49917266748329164,0.493056161331834,-0.006116506151457646
Z_noise1,X_syn2,4,3,16,0,0.49592323567147734,0.49096706590159456,-0.004956169769882779
Z_noise1,Z_noise2,4,5,16,0,0.49248419895963724,0.4942559936699792,0.0017717947103419451
Z_noise1,Z_noise3,4,6,16,0,0.4964573576848247,0.4987526664437438,0.00229530875891909
Z_noise2,X_causal,5,0,16,0,0.49729319411577366,0.4948373939019042,-0.0024558002138694857
Z_noise2,X_conf,5,1,16,0,0.4356180089690662,0.500331837228196,0.06471382825912975
Z_noise2,X_syn1,5,2,16,0,0.49945967755620896,0.4935261972769913,-0.00593348027921764
Z_noise2,X_syn2,5,3,16,0,0.4952496294313907,0.495329992400764,8.036296937324883e-05
Z_noise2,Z_noise1,5,4,16,0,0.49356660892310045,0.499998683142972,0.006432074219871575
Z_noise2,Z_noise3,5,6,16,0,0.4976812142696566,0.5009842386335912,0.0033030243639345924
Z_noise3,X_causal,6,0,16,0,0.4972082632128437,0.49599144662050537,-0.0012168165923383545
Z_noise3,X_conf,6,1,16,0,0.44078046111810887,0.5005152495066966,0.0597347883885877
Z_noise3,X_syn1,6,2,16,0,0.49813031393609003,0.49345552577792673,-0.004674788158163301
Z_noise3,X_syn2,6,3,16,0,0.49901817664713,0.49630255518177496,-0.0027156214653550337
Z_noise3,Z_noise1,6,4,16,0,0.4973986672457329,0.49659721386019984,-0.0008014533855330574
Z_noise3,Z_noise2,6,5,16,0,0.496711359483113,0.49740255456538723,0.0006911950822742208
X_causal,X_conf,0,1,16,1,0.4381017447452839,0.49412376317185447,0.05602201842657056
X_causal,X_syn1,0,2,16,1,0.4924130509394185,0.5004555090770946,0.008042458137676067
X_causal,X_syn2,0,3,16,1,0.4907374361207046,0.49521026438567106,0.0044728282649664775
X_causal,Z_noise1,0,4,16,1,0.5004834046637809,0.49263382426457814,-0.007849580399202805
X_causal,Z_noise2,0,5,16,1,0.4938535019992827,0.4938702515618654,1.674956258274074e-05
X_causal,Z_noise3,0,6,16,1,0.4941692508957534,0.49155425689612353,-0.0026149939996298888
X_conf,X_causal,1,0,16,1,0.43770093320653713,0.4341612079529184,-0.0035397252536187307
X_conf,X_syn1,1,2,16,1,0.4340020966383226,0.4398521350803438,0.005850038442021199
X_conf,X_syn2,1,3,16,1,0.43301514369457994,0.4358404113654216,0.00282526767084168
X_conf,Z_noise1,1,4,16,1,0.4361907129271777,0.43374032786161454,-0.0024503850655631654
X_conf,Z_noise2,1,5,16,1,0.4351947152660302,0.44131033986841794,0.006115624602387737
X_conf,Z_noise3,1,6,16,1,0.43268654801530537,0.4351542142827839,0.002467666267478519
X_syn1,X_causal,2,0,16,1,0.4931739164574258,0.4932885230671402,0.00011460660971440717
X_syn1,X_conf,2,1,16,1,0.43430566125792963,0.4937241553913273,0.05941849413339767
X_syn1,X_syn2,2,3,16,1,0.4744233035821597,0.4943822012294924,0.019958897647332663
X_syn1,Z_noise1,2,4,16,1,0.49727080086271486,0.49441300061307125,-0.002857800249643605
X_syn1,Z_noise2,2,5,16,1,0.492051641919496,0.4954089732167352,0.0033573312972391967
X_syn1,Z_noise3,2,6,16,1,0.49486064688776715,0.4927697724192004,-0.0020908744685667613
X_syn2,X_causal,3,0,16,1,0.4895931134667898,0.4934623171839803,0.003869203717190517
X_syn2,X_conf,3,1,16,1,0.4319296241357926,0.4914881176010637,0.05955849346527109
X_syn2,X_syn1,3,2,16,1,0.4741391745216826,0.49767694964061115,0.023537775118928572
X_syn2,Z_noise1,3,4,16,1,0.4985801648252123,0.49325102129768905,-0.005329143527523228
X_syn2,Z_noise2,3,5,16,1,0.4958120079649783,0.49521114505855474,-0.0006008629064235826
X_syn2,Z_noise3,3,6,16,1,0.49576373985222477,0.4935963119519925,-0.002167427900232277
Z_noise1,X_causal,4,0,16,1,0.4992122592207853,0.49706833523057126,-0.0021439239902140694
Z_noise1,X_conf,4,1,16,1,0.43748018230072466,0.499070899814983,0.06159071751425832
Z_noise1,X_syn1,4,2,16,1,0.49871318480600113,0.5003670372743569,0.0016538524683558098
Z_noise1,X_syn2,4,3,16,1,0.4993195676282559,0.4992302208636077,-8.934676464822378e-05
Z_noise1,Z_noise2,4,5,16,1,0.49474372810331724,0.49793372202788755,0.0031899939245703113
Z_noise1,Z_noise3,4,6,16,1,0.5021428847106312,0.4981744975412089,-0.003968387169422272
Z_noise2,X_causal,5,0,16,1,0.49419824666215256,0.4929938973760008,-0.0012043492861517624
Z_noise2,X_conf,5,1,16,1,0.4349444002347206,0.49567518477895284,0.06073078454423225
Z_noise2,X_syn1,5,2,16,1,0.49253782589622747,0.49894751479901217,0.006409688902784705
Z_noise2,X_syn2,5,3,16,1,0.49663580287436027,0.49597662078038496,-0.0006591820939753079
Z_noise2,Z_noise1,5,4,16,1,0.4948382465367428,0.49484693126412566,8.684727382857194e-06
Z_noise2,Z_noise3,5,6,16,1,0.49696426126744797,0.4974219168215602,0.0004576555541122018
Z_noise3,X_causal,6,0,16,1,0.4944344911496249,0.49778312995980784,0.0033486388101829356
Z_noise3,X_conf,6,1,16,1,0.43311003268150555,0.4956130671169603,0.06250303443545474
Z_noise3,X_syn1,6,2,16,1,0.4953528545651821,0.5006483082819548,0.005295453716772758
Z_noise3,X_syn2,6,3,16,1,0.4955999818237166,0.49529783280392703,-0.0003021490197895882
Z_noise3,Z_noise1,6,4,16,1,0.5023333903497186,0.4945530009779006,-0.007780389371817964
Z_noise3,Z_noise2,6,5,16,1,0.4965868824584181,0.49773784566146195,0.0011509632030438643
X_causal,X_conf,0,1,16,2,0.4285333801907916,0.4908078800923059,0.06227449990151429
X_causal,X_syn1,0,2,16,2,0.4988368281218654,0.49294482833934994,-0.005891999782515478
X_causal,X_syn2,0,3,16,2,0.4987167587088896,0.49576482935859817,-0.0029519293502914268
X_causal,Z_noise1,0,4,16,2,0.4993438699369305,0.499155001263456,-0.00018886867347445158
X_causal,Z_noise2,0,5,16,2,0.49959461274475103,0.501396998248053,0.0018023855033019176
X_causal,Z_noise3,0,6,16,2,0.4999862525464592,0.49630767098546835,-0.0036785815609908235
X_conf,X_causal,1,0,16,2,0.4281385194657451,0.42914284360164734,0.0010043241359022348
X_conf,X_syn1,1,2,16,2,0.42882936104418257,0.42340302423687426,-0.005426336807308307
X_conf,X_syn2,1,3,16,2,0.42311123741022205,0.41877247523210637,-0.004338762178115685
X_conf,Z_noise1,1,4,16,2,0.42397360018783864,0.4284724339049032,0.004498833717064554
X_conf,Z_noise2,1,5,16,2,0.4224779685701851,0.4210617373477227,-0.0014162312224624274
X_conf,Z_noise3,1,6,16,2,0.4224089534315071,0.4152398858954473,-0.007169067536059781
X_syn1,X_causal,2,0,16,2,0.4992052211921952,0.49445758783075744,-0.004747633361437742
X_syn1,X_conf,2,1,16,2,0.4294866719597712,0.49534394885685684,0.06585727689708565
X_syn1,X_syn2,2,3,16,2,0.47253936321179973,0.4955770317012113,0.023037668489411578
X_syn1,Z_noise1,2,4,16,2,0.49785235781733317,0.4997229550193015,0.0018705972019683048
X_syn1,Z_noise2,2,5,16,2,0.49608423486002806,0.49881175341201883,0.0027275185519907708
X_syn1,Z_noise3,2,6,16,2,0.4922902634593039,0.49376296593692814,0.0014727024776242659
X_syn2,X_causal,3,0,16,2,0.5000153144274071,0.4963084010731746,-0.0037069133542325106
X_syn2,X_conf,3,1,16,2,0.42220772631405,0.49311184416915704,0.07090411785510703
X_syn2,X_syn1,3,2,16,2,0.47372312892678575,0.4961450379442259,0.022421909017440123
X_syn2,Z_noise1,3,4,16,2,0.49678593545708677,0.49498731982935834,-0.0017986156277284282
X_syn2,Z_noise2,3,5,16,2,0.49963502290200806,0.49753272000425824,-0.0021023028977498193
X_syn2,Z_noise3,3,6,16,2,0.49686626075375084,0.49420700033341475,-0.002659260420336096
Z_noise1,X_causal,4,0,16,2,0.4995752956842072,0.4934471902890868,-0.006128105395120431
Z_noise1,X_conf,4,1,16,2,0.42265488777633786,0.49184107878832484,0.06918619101198697
Z_noise1,X_syn1,4,2,16,2,0.49677094821915224,0.495421182282809,-0.001349765936343228
Z_noise1,X_syn2,4,3,16,2,0.49696850957106287,0.49108025978855363,-0.005888249782509236
Z_noise1,Z_noise2,4,5,16,2,0.4966059915717306,0.49766175506108534,0.0010557634893547663
Z_noise1,Z_noise3,4,6,16,2,0.495512145246557,0.500019852878068,0.004507707631511038
Z_noise2,X_causal,5,0,16,2,0.4990093113121859,0.496172878487253,-0.0028364328249328996
Z_noise2,X_conf,5,1,16,2,0.42338843698027373,0.49115207665302757,0.06776363967275384
Z_noise2,X_syn1,5,2,16,2,0.49717562628333717,0.4937110851605701,-0.003464541122767062
Z_noise2,X_syn2,5,3,16,2,0.4995178064804517,0.49674698727283395,-0.0027708192076177363
Z_noise2,Z_noise1,5,4,16,2,0.4957080334667379,0.4929922828194965,-0.002715750647241444
Z_noise2,Z_noise3,5,6,16,2,0.4947595801272398,0.4927492647634015,-0.002010315363838333
Z_noise3,X_causal,6,0,16,2,0.5002953238448647,0.49639921208304266,-0.0038961117618220853
Z_noise3,X_conf,6,1,16,2,0.4205359092731013,0.49109570914035283,0.07055979986725153
Z_noise3,X_syn1,6,2,16,2,0.49195606465976927,0.4912880296009068,-0.0006680350588624817
Z_noise3,X_syn2,6,3,16,2,0.4961065220434158,0.48981014670340556,-0.006296375340010263
Z_noise3,Z_noise1,6,4,16,2,0.49489461961329695,0.49412974834500073,-0.0007648712682962189
Z_noise3,Z_noise2,6,5,16,2,0.49448259859480637,0.4976078001341576,0.0031252015393512522
X_causal,X_conf,0,1,16,3,0.45130087160217747,0.49778016949907367,0.0464792978968962
X_causal,X_syn1,0,2,16,3,0.5031003819944202,0.4973556471553086,-0.005744734839111587
X_causal,X_syn2,0,3,16,3,0.49780108465915845,0.49834210807009016,0.0005410234109317069
X_causal,Z_noise1,0,4,16,3,0.5007538682990926,0.4994577788916359,-0.0012960894074567353
X_causal,Z_noise2,0,5,16,3,0.4996206777669751,0.5013175392677883,0.0016968615008132182
X_causal,Z_noise3,0,6,16,3,0.49921024513990053,0.4988902832299245,-0.0003199619099760187
X_conf,X_causal,1,0,16,3,0.4507451988188186,0.4494072674571097,-0.0013379313617088995
X_conf,X_syn1,1,2,16,3,0.4473012382709039,0.4510427687817159,0.0037415305108119967
X_conf,X_syn2,1,3,16,3,0.4555314186548913,0.45214089765216825,-0.0033905210027230237
X_conf,Z_noise1,1,4,16,3,0.4546964494763793,0.45129422834237404,-0.00340222113400529
X_conf,Z_noise2,1,5,16,3,0.4450821461250872,0.44982601683251916,0.004743870707431985
X_conf,Z_noise3,1,6,16,3,0.4552184026347276,0.4487908159190026,-0.00642758671572502
X_syn1,X_causal,2,0,16,3,0.5032266950996682,0.4961402114300805,-0.007086483669587695
X_syn1,X_conf,2,1,16,3,0.4467141420617866,0.4950780068190557,0.048363864757269115
X_syn1,X_syn2,2,3,16,3,0.4724870803054246,0.4971567031036607,0.024669622798236146
X_syn1,Z_noise1,2,4,16,3,0.49959645370428524,0.49712942731511184,-0.002467026389173399
X_syn1,Z_noise2,2,5,16,3,0.4957738859076993,0.4991522165321816,0.0033783306244823397
X_syn1,Z_noise3,2,6,16,3,0.4982545644307216,0.49260423864308994,-0.005650325787631638
X_syn2,X_causal,3,0,16,3,0.4965673509836506,0.49901355288067617,0.002446201897025546
X_syn2,X_conf,3,1,16,3,0.45481174809033903,0.4989904205531957,0.04417867246285667
X_syn2,X_syn1,3,2,16,3,0.47145153756523167,0.49867693805743185,0.02722540049220018
X_syn2,Z_noise1,3,4,16,3,0.4978895097199861,0.49708749856657874,-0.0008020111534073338
X_syn2,Z_noise2,3,5,16,3,0.4969795220575681,0.496883074533447,-9.644752412113489e-05
X_syn2,Z_noise3,3,6,16,3,0.492940631160541,0.4956721377383069,0.0027315065777658853
Z_noise1,X_causal,4,0,16,3,0.5002953170203317,0.4945984167386267,-0.005696900281704997
Z_noise1,X_conf,4,1,16,3,0.45307345905331203,0.49762642039900234,0.04455296134569031
Z_noise1,X_syn1,4,2,16,3,0.4999008748274702,0.4992609055470503,-0.000639969280419872
Z_noise1,X_syn2,4,3,16,3,0.4971542504838463,0.49672976147579473,-0.0004244890080515873
Z_noise1,Z_noise2,4,5,16,3,0.49471815853745676,0.5009235548697523,0.006205396332295499
Z_noise1,Z_noise3,4,6,16,3,0.4967873932470843,0.4956853434276193,-0.0011020498194650452
Z_noise2,X_causal,5,0,16,3,0.49916693153362013,0.4951786364128571,-0.003988295120763041
Z_noise2,X_conf,5,1,16,3,0.44557730692759284,0.49605169533751353,0.05047438840992069
Z_noise2,X_syn1,5,2,16,3,0.4952619896385977,0.4956287334435095,0.0003667438049118066
Z_noise2,X_syn2,5,3,16,3,0.4975393491691293,0.49319861262318904,-0.004340736545940249
Z_noise2,Z_noise1,5,4,16,3,0.49502155415549093,0.49843218113884724,0.003410626983356313
Z_noise2,Z_noise3,5,6,16,3,0.4944452957764255,0.4963414020708623,0.0018961062944368168
Z_noise3,X_causal,6,0,16,3,0.4993283451186811,0.4992023190245381,-0.000126026094143028
Z_noise3,X_conf,6,1,16,3,0.45569372498100547,0.49437555141029843,0.038681826429292965
Z_noise3,X_syn1,6,2,16,3,0.49873573355374906,0.49860801235726865,-0.00012772119648041258
Z_noise3,X_syn2,6,3,16,3,0.49311481698250176,0.49253477380354094,-0.0005800431789608207
Z_noise3,Z_noise1,6,4,16,3,0.49733912024214855,0.49918669378281416,0.0018475735406656146
Z_noise3,Z_noise2,6,5,16,3,0.4948904220836531,0.5000459201949261,0.005155498111273027
X_causal,X_conf,0,1,16,4,0.4276653640276355,0.49599174998473594,0.06832638595710044
X_causal,X_syn1,0,2,16,4,0.4942926166233182,0.49039086754149347,-0.0039017490818247236
X_causal,X_syn2,0,3,16,4,0.49032853713389346,0.49592064960546545,0.005592112471571986
X_causal,Z_noise1,0,4,16,4,0.4949633806443302,0.4915275906680871,-0.0034357899762431088
X_causal,Z_noise2,0,5,16,4,0.49206242669007316,0.4987225172351435,0.00666009054507033
X_causal,Z_noise3,0,6,16,4,0.4950085348181931,0.4954856235808394,0.00047708876264629385
X_conf,X_causal,1,0,16,4,0.4265270247749758,0.4300805222092164,0.0035534974342406045
X_conf,X_syn1,1,2,16,4,0.43290349870563155,0.42832900584433525,-0.004574492861296298
X_conf,X_syn2,1,3,16,4,0.42357891499265937,0.4321457208647404,0.00856680587208103
X_conf,Z_noise1,1,4,16,4,0.4335307996133972,0.4288767940186605,-0.004654005594736665
X_conf,Z_noise2,1,5,16,4,0.4339911756148006,0.4322826309821481,-0.00170854463265252
X_conf,Z_noise3,1,6,16,4,0.4327360095635931,0.42718340092815843,-0.005552608635434664
X_syn1,X_causal,2,0,16,4,0.49484860331002156,0.4977751478989804,0.002926544588958857
X_syn1,X_conf,2,1,16,4,0.43321981888811756,0.49709542609136576,0.0638756072032482
X_syn1,X_syn2,2,3,16,4,0.471013209297796,0.49357650919414386,0.022563299896347866
X_syn1,Z_noise1,2,4,16,4,0.49694887518714487,0.49147467456722654,-0.0054742006199183235
X_syn1,Z_noise2,2,5,16,4,0.49185951437243014,0.49491964550496836,0.003060131132538224
X_syn1,Z_noise3,2,6,16,4,0.4943698729668214,0.49240405146455946,-0.001965821502261933
X_syn2,X_causal,3,0,16,4,0.49026570936541747,0.4960800275349703,0.005814318169552857
X_syn2,X_conf,3,1,16,4,0.42224868044956054,0.4915824462891134,0.06933376583955286
X_syn2,X_syn1,3,2,16,4,0.47158550298852403,0.49570004809698287,0.02411454510845884
X_syn2,Z_noise1,3,4,16,4,0.4949311348225285,0.4906703145826053,-0.004260820239923191
X_syn2,Z_noise2,3,5,16,4,0.4929381628041135,0.49360205170162985,0.0006638888975163404
X_syn2,Z_noise3,3,6,16,4,0.493434669709865,0.4949777362754539,0.0015430665655888909
Z_noise1,X_causal,4,0,16,4,0.49488620097602304,0.49285280163031575,-0.0020333993457072874
Z_noise1,X_conf,4,1,16,4,0.43420666644493144,0.4952128738496872,0.06100620740475576
Z_noise1,X_syn1,4,2,16,4,0.496916598886381,0.49447432287365045,-0.00244227601273056
Z_noise1,X_syn2,4,3,16,4,0.4945177900893163,0.49632216251771727,0.0018043724284009799
Z_noise1,Z_noise2,4,5,16,4,0.49570621629166084,0.49756626706194834,0.0018600507702875024
Z_noise1,Z_noise3,4,6,16,4,0.4993935265723877,0.4964443941471825,-0.0029491324252052253
Z_noise2,X_causal,5,0,16,4,0.49199667429566835,0.49671025577071665,0.004713581475048301
Z_noise2,X_conf,5,1,16,4,0.43548451125958065,0.4926356861752051,0.057151174915624436
Z_noise2,X_syn1,5,2,16,4,0.4924405996126144,0.4913349199160552,-0.0011056796965591698
Z_noise2,X_syn2,5,3,16,4,0.4934065323330216,0.49479334692891735,0.0013868145958957356
Z_noise2,Z_noise1,5,4,16,4,0.49561082616960656,0.49384108686781125,-0.0017697393017953034
Z_noise2,Z_noise3,5,6,16,4,0.4957027162405656,0.496140685838724,0.0004379695981583942
Z_noise3,X_causal,6,0,16,4,0.49495415740632115,0.4941978081051914,-0.0007563493011297218
Z_noise3,X_conf,6,1,16,4,0.43194201589665393,0.4956448070360105,0.06370279113935656
Z_noise3,X_syn1,6,2,16,4,0.49398206714711246,0.49247057074637457,-0.0015114964007378884
Z_noise3,X_syn2,6,3,16,4,0.49382201649676316,0.4923342772528302,-0.0014877392439329729
Z_noise3,Z_noise1,6,4,16,4,0.5011081519453352,0.4906856215494443,-0.010422530395890917
Z_noise3,Z_noise2,6,5,16,4,0.4946709663027611,0.4977708945947133,0.003099928291952214
X_causal,X_conf,0,1,16,5,0.4532010982881883,0.49503912793972094,0.04183802965153266
X_causal,X_syn1,0,2,16,5,0.49275178472350833,0.49194518012383087,-0.0008066045996774629
X_causal,X_syn2,0,3,16,5,0.4942817215594537,0.4954754179275118,0.0011936963680581059
X_causal,Z_noise1,0,4,16,5,0.4968148054840865,0.4917880191042028,-0.005026786379883741
X_causal,Z_noise2,0,5,16,5,0.49397643788528034,0.49251893819104786,-0.001457499694232478
X_causal,Z_noise3,0,6,16,5,0.4969347849822944,0.4916490025631265,-0.005285782419167884
X_conf,X_causal,1,0,16,5,0.45155238031382083,0.46039497970686744,0.008842599393046602
X_conf,X_syn1,1,2,16,5,0.45274358923288105,0.4595441606705181,0.006800571437637071
X_conf,X_syn2,1,3,16,5,0.4529069893590662,0.454382312336042,0.0014753229769757792
X_conf,Z_noise1,1,4,16,5,0.4573784770326515,0.4509399196990441,-0.006438557333607375
X_conf,Z_noise2,1,5,16,5,0.4536909235812445,0.4534077770455277,-0.00028314653571681614
X_conf,Z_noise3,1,6,16,5,0.4617053433590067,0.4586436485530537,-0.0030616948059530302
X_syn1,X_causal,2,0,16,5,0.4925793408980475,0.4923914238727294,-0.00018791702531811838
X_syn1,X_conf,2,1,16,5,0.45226434821646694,0.5011913427244308,0.04892699450796384
X_syn1,X_syn2,2,3,16,5,0.45959394128679965,0.49437443910818124,0.034780497821381595
X_syn1,Z_noise1,2,4,16,5,0.4964007271823426,0.49212299694264305,-0.004277730239699573
X_syn1,Z_noise2,2,5,16,5,0.49426520685208425,0.49391594913340187,-0.0003492577186823831
X_syn1,Z_noise3,2,6,16,5,0.4971873775226615,0.49507605662584564,-0.0021113208968158714
X_syn2,X_causal,3,0,16,5,0.49473736256345735,0.49366510006339925,-0.0010722625000580965
X_syn2,X_conf,3,1,16,5,0.45278228646807733,0.49992353671070766,0.04714125024263033
X_syn2,X_syn1,3,2,16,5,0.45893104187851513,0.49895056178672365,0.04001951990820851
X_syn2,Z_noise1,3,4,16,5,0.49211238396581247,0.4973783192837843,0.005265935317971815
X_syn2,Z_noise2,3,5,16,5,0.49615607481982565,0.4936570058752223,-0.002499068944603333
X_syn2,Z_noise3,3,6,16,5,0.500131624788704,0.4955102401483624,-0.004621384640341564
Z_noise1,X_causal,4,0,16,5,0.49728210929395605,0.4936005914954317,-0.0036815177985243808
Z_noise1,X_conf,4,1,16,5,0.45895780352200455,0.49811393742099347,0.03915613389898892
Z_noise1,X_syn1,4,2,16,5,0.4958832419684741,0.49863541772349057,0.0027521757550164616
Z_noise1,X_syn2,4,3,16,5,0.4932662509978078,0.4937021909844115,0.00043593998660368394
Z_noise1,Z_noise2,4,5,16,5,0.49682217834308184,0.49274604698391394,-0.0040761313591679005
Z_noise1,Z_noise3,4,6,16,5,0.4987709565202457,0.49475690706643327,-0.004014049453812452
Z_noise2,X_causal,5,0,16,5,0.49421053222471023,0.4956728985546953,0.0014623663299850875
Z_noise2,X_conf,5,1,16,5,0.4542515894029516,0.4996453263299493,0.04539373692699766
Z_noise2,X_syn1,5,2,16,5,0.4939724546716941,0.49764132650817494,0.003668871836480847
Z_noise2,X_syn2,5,3,16,5,0.49569529471801765,0.49619472354716493,0.0004994288291472748
Z_noise2,Z_noise1,5,4,16,5,0.49616552254412155,0.49579857453725057,-0.00036694800687098184
Z_noise2,Z_noise3,5,6,16,5,0.4953113122736795,0.4957768846986035,0.00046557242492395456
Z_noise3,X_causal,6,0,16,5,0.49698076700872956,0.49667623176206965,-0.0003045352466599094
Z_noise3,X_conf,6,1,16,5,0.46248057203356496,0.5005066326621795,0.03802606062861458
Z_noise3,X_syn1,6,2,16,5,0.49736335571212564,0.4996652721333031,0.0023019164211774412
Z_noise3,X_syn2,6,3,16,5,0.5006052821444957,0.4989600817678232,-0.0016452003766725398
Z_noise3,Z_noise1,6,4,16,5,0.49766524135420037,0.4984644106472584,0.0007991692930580108
Z_noise3,Z_noise2,6,5,16,5,0.4959557191041066,0.4945952357079091,-0.0013604833961974871
X_causal,X_conf,0,1,16,6,0.4507369075838349,0.4930101544940678,0.04227324691023293
X_causal,X_syn1,0,2,16,6,0.4965466282822585,0.49464980927757507,-0.0018968190046834144
X_causal,X_syn2,0,3,16,6,0.497077607709361,0.4959894086553201,-0.0010881990540408948
X_causal,Z_noise1,0,4,16,6,0.4955598465614714,0.4954288234470992,-0.00013102311437218628
X_causal,Z_noise2,0,5,16,6,0.49736275920996387,0.49654133989022214,-0.000821419319741723
X_causal,Z_noise3,0,6,16,6,0.49589116477287865,0.49666069753040276,0.0007695327575241162
X_conf,X_causal,1,0,16,6,0.45101209440993517,0.4505283023107329,-0.00048379209920229593
X_conf,X_syn1,1,2,16,6,0.45124376798847543,0.4525915686976223,0.0013478007091468625
X_conf,X_syn2,1,3,16,6,0.45194995254765197,0.4532466782398258,0.0012967256921738168
X_conf,Z_noise1,1,4,16,6,0.45333387300110606,0.4500433714215974,-0.0032905015795086645
X_conf,Z_noise2,1,5,16,6,0.45203002178392265,0.4488484818601615,-0.003181539923761134
X_conf,Z_noise3,1,6,16,6,0.4481531064167314,0.4496891632371838,0.0015360568204523806
X_syn1,X_causal,2,0,16,6,0.49621328844330165,0.4976376554681087,0.0014243670248070273
X_syn1,X_conf,2,1,16,6,0.4520874200280205,0.4932066375117131,0.04111921748369263
X_syn1,X_syn2,2,3,16,6,0.4620540127587261,0.497367654776407,0.03531364201768089
X_syn1,Z_noise1,2,4,16,6,0.494436288651798,0.4952273948054773,0.0007911061536792774
X_syn1,Z_noise2,2,5,16,6,0.4962442286412561,0.49640705989241213,0.00016283125115601482
X_syn1,Z_noise3,2,6,16,6,0.4940038457102712,0.4988689931167769,0.0048651474065056766
X_syn2,X_causal,3,0,16,6,0.49672713141149033,0.49627447227738347,-0.00045265913410685865
X_syn2,X_conf,3,1,16,6,0.45257142648047854,0.49380866207503704,0.0412372355945585
X_syn2,X_syn1,3,2,16,6,0.463493569037303,0.4952886034410052,0.03179503440370224
X_syn2,Z_noise1,3,4,16,6,0.493625896012612,0.49663314999447905,0.003007253981867075
X_syn2,Z_noise2,3,5,16,6,0.4988574368027044,0.4966154466759692,-0.002241990126735205
X_syn2,Z_noise3,3,6,16,6,0.49342432436693906,0.4991999174718853,0.005775593104946242
Z_noise1,X_causal,4,0,16,6,0.49552302553401306,0.4954316382442649,-9.138728974816823e-05
Z_noise1,X_conf,4,1,16,6,0.45251914990244224,0.49555246714196943,0.04303331723952719
Z_noise1,X_syn1,4,2,16,6,0.49532878960141324,0.4961051707206963,0.0007763811192830761
Z_noise1,X_syn2,4,3,16,6,0.49360362467578855,0.49423159227597063,0.0006279676001820778
Z_noise1,Z_noise2,4,5,16,6,0.49286683352945704,0.4954456056396397,0.0025787721101826477
Z_noise1,Z_noise3,4,6,16,6,0.49658057461930055,0.4951769940358321,-0.0014035805834684556
Z_noise2,X_causal,5,0,16,6,0.4979313639448228,0.49667089443070367,-0.0012604695141191224
Z_noise2,X_conf,5,1,16,6,0.4519315547265848,0.4959127540989742,0.04398119937238937
Z_noise2,X_syn1,5,2,16,6,0.4959896092424214,0.5001140167900193,0.004124407547597908
Z_noise2,X_syn2,5,3,16,6,0.4988953326510032,0.4986449841268018,-0.00025034852420141585
Z_noise2,Z_noise1,5,4,16,6,0.49314369725145085,0.49996456672395084,0.006820869472499991
Z_noise2,Z_noise3,5,6,16,6,0.49589263819700174,0.49964801780110135,0.003755379604099607
Z_noise3,X_causal,6,0,16,6,0.49569737182138185,0.4993846109634334,0.003687239142051546
Z_noise3,X_conf,6,1,16,6,0.4457647326370375,0.49671512643448196,0.05095039379744448
Z_noise3,X_syn1,6,2,16,6,0.49326369287652516,0.4934936484654355,0.0002299555889103133
Z_noise3,X_syn2,6,3,16,6,0.49435163426081785,0.4975487718330489,0.003197137572231057
Z_noise3,Z_noise1,6,4,16,6,0.49527845068696036,0.49896906071388225,0.0036906100269218922
Z_noise3,Z_noise2,6,5,16,6,0.4955878406308748,0.4961941393555722,0.0006062987246974183
X_causal,X_conf,0,1,16,7,0.45116124095982235,0.5015387286093645,0.050377487649542196
X_causal,X_syn1,0,2,16,7,0.49504614734008745,0.5000488316903954,0.005002684350307929
X_causal,X_syn2,0,3,16,7,0.5026029981924393,0.4970695569016416,-0.005533441290797636
X_causal,Z_noise1,0,4,16,7,0.49769148247986955,0.5011583101371827,0.003466827657313154
X_causal,Z_noise2,0,5,16,7,0.5013134962441347,0.4998564272178679,-0.0014570690262667996
X_causal,Z_noise3,0,6,16,7,0.4995247603222135,0.49725632588043933,-0.0022684344417741586
X_conf,X_causal,1,0,16,7,0.4509868713776462,0.4464451598628916,-0.004541711514754576
X_conf,X_syn1,1,2,16,7,0.4473924009395393,0.44555007698485616,-0.001842323954683145
X_conf,X_syn2,1,3,16,7,0.4452069348055333,0.44555538914342785,0.0003484543378945437
X_conf,Z_noise1,1,4,16,7,0.44499503132346097,0.4443453076609309,-0.0006497236625300773
X_conf,Z_noise2,1,5,16,7,0.4477944681883924,0.44337877284495336,-0.004415695343439052
X_conf,Z_noise3,1,6,16,7,0.4465466111065289,0.4429331554728292,-0.0036134556336996915
X_syn1,X_causal,2,0,16,7,0.49502414857551863,0.5016343336341845,0.006610185058665896
X_syn1,X_conf,2,1,16,7,0.4474904174883474,0.49381302892849804,0.04632261144015065
X_syn1,X_syn2,2,3,16,7,0.48300845046342933,0.49270330009313046,0.00969484962970113
X_syn1,Z_noise1,2,4,16,7,0.49099169464172254,0.4954608117527306,0.0044691171110080585
X_syn1,Z_noise2,2,5,16,7,0.49708885321383045,0.4974974048978546,0.0004085516840241499
X_syn1,Z_noise3,2,6,16,7,0.4988095530123929,0.49783160022805845,-0.0009779527843344349
X_syn2,X_causal,3,0,16,7,0.5028567761424854,0.49732196215302943,-0.005534813989455933
X_syn2,X_conf,3,1,16,7,0.445467759362073,0.49549568939012667,0.05002793002805367
X_syn2,X_syn1,3,2,16,7,0.4822168036699562,0.4977074207275934,0.015490617057637213
X_syn2,Z_noise1,3,4,16,7,0.49520586091733076,0.4951696347413237,-3.622617600707034e-05
X_syn2,Z_noise2,3,5,16,7,0.5001941276822965,0.4952253824565562,-0.0049687452257403675
X_syn2,Z_noise3,3,6,16,7,0.4966657032179335,0.5004618602262787,0.00379615700834518
Z_noise1,X_causal,4,0,16,7,0.4968911227649917,0.49965527683475225,0.0027641540697605493
Z_noise1,X_conf,4,1,16,7,0.4453032630762658,0.497548071108857,0.05224480803259124
Z_noise1,X_syn1,4,2,16,7,0.4903722042260308,0.49508903755680345,0.004716833330772663
Z_noise1,X_syn2,4,3,16,7,0.494840555077191,0.48975316351263115,-0.00508739156455984
Z_noise1,Z_noise2,4,5,16,7,0.49831682531514,0.4941083790019508,-0.004208446313189174
Z_noise1,Z_noise3,4,6,16,7,0.49382540243704637,0.4977281088076226,0.0039027063705762144
Z_noise2,X_causal,5,0,16,7,0.5006744444584053,0.49920300097652953,-0.0014714434818757227
Z_noise2,X_conf,5,1,16,7,0.4467566004865343,0.49723653754964586,0.050479937063111546
Z_noise2,X_syn1,5,2,16,7,0.4970619301726498,0.5003374269309278,0.0032754967582779293
Z_noise2,X_syn2,5,3,16,7,0.5002318802369252,0.4970137599998505,-0.0032181202370747397
Z_noise2,Z_noise1,5,4,16,7,0.4984645168578162,0.4976506850314304,-0.0008138318263857802
Z_noise2,Z_noise3,5,6,16,7,0.4989471221783231,0.5023765982583226,0.003429476079999494
Z_noise3,X_causal,6,0,16,7,0.49867962592044307,0.5002828433293987,0.0016032174089555817
Z_noise3,X_conf,6,1,16,7,0.4458106238394746,0.49806412495132096,0.052253501111846345
Z_noise3,X_syn1,6,2,16,7,0.4973930214494903,0.49974984178580767,0.0023568203363173446
Z_noise3,X_syn2,6,3,16,7,0.49579177916978834,0.4959514892361996,0.00015971006641124497
Z_noise3,Z_noise1,6,4,16,7,0.4946601329222679,0.49959893020807344,0.004938797285805541
Z_noise3,Z_noise2,6,5,16,7,0.49885679522010146,0.4988693281897308,1.2532969629330815e-05
X_causal,X_conf,0,1,16,8,0.4487361266658681,0.49553333227775176,0.04679720561188366
X_causal,X_syn1,0,2,16,8,0.49814163523931526,0.4967389522441354,-0.0014026829951798714
X_causal,X_syn2,0,3,16,8,0.4978986351125449,0.5026212185474291,0.004722583434884242
X_causal,Z_noise1,0,4,16,8,0.4994205578810468,0.500420342657431,0.0009997847763841827
X_causal,Z_noise2,0,5,16,8,0.4984386798135189,0.4971234008034821,-0.0013152790100368073
X_causal,Z_noise3,0,6,16,8,0.499201137410307,0.4945162711554877,-0.004684866254819342
X_conf,X_causal,1,0,16,8,0.44781520667329255,0.4450394331880334,-0.0027757734852591476
X_conf,X_syn1,1,2,16,8,0.4437586110539216,0.4469881885876668,0.003229577533745198
X_conf,X_syn2,1,3,16,8,0.4504417216891176,0.45185618682208767,0.0014144651329700553
X_conf,Z_noise1,1,4,16,8,0.4493518349686231,0.4458161757314314,-0.0035356592371916795
X_conf,Z_noise2,1,5,16,8,0.44502971864671603,0.4469947307758019,0.0019650121290858413
X_conf,Z_noise3,1,6,16,8,0.44775706767000717,0.4463049220466018,-0.0014521456234053431
X_syn1,X_causal,2,0,16,8,0.4984420643508851,0.4955103124324572,-0.0029317519184279273
X_syn1,X_conf,2,1,16,8,0.44415093308264075,0.49259441245868346,0.04844347937604271
X_syn1,X_syn2,2,3,16,8,0.4725681388531743,0.49796224548753704,0.025394106634362756
X_syn1,Z_noise1,2,4,16,8,0.4931603504304534,0.4958127150164844,0.002652364586030964
X_syn1,Z_noise2,2,5,16,8,0.4952818271896755,0.4906841692929805,-0.004597657896695029
X_syn1,Z_noise3,2,6,16,8,0.49816435229000444,0.4936137999829281,-0.00455055230707635
X_syn2,X_causal,3,0,16,8,0.49746885332130697,0.4983554135706968,0.0008865602493898228
X_syn2,X_conf,3,1,16,8,0.4506119199155832,0.49588862907529824,0.045276709159715045
X_syn2,X_syn1,3,2,16,8,0.47290488299025685,0.4945604595393322,0.02165557654907535
X_syn2,Z_noise1,3,4,16,8,0.49513827294867974,0.4949513206287003,-0.00018695231997944983
X_syn2,Z_noise2,3,5,16,8,0.4981080670406747,0.49710902926769734,-0.0009990377729773292
X_syn2,Z_noise3,3,6,16,8,0.49570096021211135,0.4947766307467265,-0.0009243294653848433
Z_noise1,X_causal,4,0,16,8,0.498722147328238,0.4941599064520158,-0.004562240876222201
Z_noise1,X_conf,4,1,16,8,0.4480569020283957,0.4926337101295833,0.04457680810118758
Z_noise1,X_syn1,4,2,16,8,0.49308999302682055,0.4956974193465806,0.0026074263197600756
Z_noise1,X_syn2,4,3,16,8,0.4957674990654981,0.5009310449940594,0.005163545928561275
Z_noise1,Z_noise2,4,5,16,8,0.4929179303368364,0.4936318169309579,0.0007138865941215267
Z_noise1,Z_noise3,4,6,16,8,0.4969193914640535,0.4992261008055492,0.002306709341495683
Z_noise2,X_causal,5,0,16,8,0.49830954064347943,0.49695423447582104,-0.0013553061676583877
Z_noise2,X_conf,5,1,16,8,0.44425412756303495,0.49536429574491414,0.05111016818187919
Z_noise2,X_syn1,5,2,16,8,0.49662671469143527,0.49622211005581607,-0.000404604635619199
Z_noise2,X_syn2,5,3,16,8,0.49821473489125095,0.5019066792313169,0.003691944340065978
Z_noise2,Z_noise1,5,4,16,8,0.4922229746377649,0.49788825791682145,0.005665283279056577
Z_noise2,Z_noise3,5,6,16,8,0.49871059814725677,0.49644549536660865,-0.0022651027806481205
Z_noise3,X_causal,6,0,16,8,0.4999476517532725,0.49765654480657173,-0.0022911069467007605
Z_noise3,X_conf,6,1,16,8,0.44819463232491524,0.4922363287889179,0.04404169646400263
Z_noise3,X_syn1,6,2,16,8,0.49825941182548356,0.49461154881301184,-0.0036478630124717193
Z_noise3,X_syn2,6,3,16,8,0.4963182592955126,0.4986851435357567,0.002366884240244116
Z_noise3,Z_noise1,6,4,16,8,0.4977238633198486,0.4986873797334946,0.0009635164136460039
Z_noise3,Z_noise2,6,5,16,8,0.4986621292013491,0.4982455377711872,-0.0004165914301619278
X_causal,X_conf,0,1,16,9,0.43631940439287775,0.4925667640824627,0.05624735968958494
X_causal,X_syn1,0,2,16,9,0.49765135118315457,0.4941554963465551,-0.003495854836599477
X_causal,X_syn2,0,3,16,9,0.4948267455055088,0.4951699713037358,0.00034322579822698707
X_causal,Z_noise1,0,4,16,9,0.4955823723057901,0.4950875299644708,-0.0004948423413193015
X_causal,Z_noise2,0,5,16,9,0.49714014032193565,0.494946980698193,-0.0021931596237426687
X_causal,Z_noise3,0,6,16,9,0.49384881305135536,0.4972582387248229,0.0034094256734675255
X_conf,X_causal,1,0,16,9,0.43558000566593713,0.44250493848886374,0.0069249328229266105
X_conf,X_syn1,1,2,16,9,0.43659799028970003,0.4376195943323032,0.0010216040426031525
X_conf,X_syn2,1,3,16,9,0.44142017312120824,0.43799776291264636,-0.003422410208561877
X_conf,Z_noise1,1,4,16,9,0.4355042887920227,0.44140726043222495,0.005902971640202259
X_conf,Z_noise2,1,5,16,9,0.43709401049788055,0.4360153191929132,-0.0010786913049673497
X_conf,Z_noise3,1,6,16,9,0.4384957904559337,0.4382800102025377,-0.00021578025339596962
X_syn1,X_causal,2,0,16,9,0.49773929882751394,0.4952611207269272,-0.0024781781005867587
X_syn1,X_conf,2,1,16,9,0.4358111605925391,0.4922217533800899,0.056410592787550784
X_syn1,X_syn2,2,3,16,9,0.4769772150864004,0.49538289476861835,0.018405679682217957
X_syn1,Z_noise1,2,4,16,9,0.48817056870146963,0.4960356037095609,0.00786503500809127
X_syn1,Z_noise2,2,5,16,9,0.4958491354719072,0.4944963471393425,-0.0013527883325646917
X_syn1,Z_noise3,2,6,16,9,0.4941137465864462,0.49675374854956833,0.0026400019631221405
X_syn2,X_causal,3,0,16,9,0.4948828791931506,0.49993926520741755,0.005056386014266945
X_syn2,X_conf,3,1,16,9,0.4427014039490627,0.49657745390053126,0.05387604995146855
X_syn2,X_syn1,3,2,16,9,0.4775300683668515,0.49812186857319,0.020591800206338495
X_syn2,Z_noise1,3,4,16,9,0.49288539275286114,0.4972313570332756,0.004345964280414449
X_syn2,Z_noise2,3,5,16,9,0.501312451817416,0.4948297256883041,-0.006482726129111938
X_syn2,Z_noise3,3,6,16,9,0.49659691704385167,0.49712327616947083,0.000526359125619158
Z_noise1,X_causal,4,0,16,9,0.4953381725327946,0.49890138817688895,0.003563215644094342
Z_noise1,X_conf,4,1,16,9,0.4353179765777147,0.49401021950908575,0.05869224293137104
Z_noise1,X_syn1,4,2,16,9,0.48838689080457476,0.49504108176277295,0.006654190958198192
Z_noise1,X_syn2,4,3,16,9,0.4932605305087559,0.4984430566324018,0.005182526123645892
Z_noise1,Z_noise2,4,5,16,9,0.49643052931094195,0.49943038819040375,0.002999858879461803
Z_noise1,Z_noise3,4,6,16,9,0.49635566869630104,0.49777226478136305,0.0014165960850620052
Z_noise2,X_causal,5,0,16,9,0.49675816188798,0.4982730149107982,0.0015148530228181745
Z_noise2,X_conf,5,1,16,9,0.4383073209864837,0.49674952932388383,0.05844220833740016
Z_noise2,X_syn1,5,2,16,9,0.49552714540826426,0.49873357503167864,0.0032064296234143863
Z_noise2,X_syn2,5,3,16,9,0.5003289878308199,0.4971721854891864,-0.0031568023416335134
Z_noise2,Z_noise1,5,4,16,9,0.4958762571693406,0.49935147201550717,0.0034752148461665855
Z_noise2,Z_noise3,5,6,16,9,0.4957138806484815,0.4989074597922274,0.003193579143745906
Z_noise3,X_causal,6,0,16,9,0.49347684100962413,0.4954827932329955,0.0020059522233713545
Z_noise3,X_conf,6,1,16,9,0.43932193146977205,0.49375016019270795,0.0544282287229359
Z_noise3,X_syn1,6,2,16,9,0.4945474474323507,0.49631785631602826,0.0017704088836775767
Z_noise3,X_syn2,6,3,16,9,0.4957333694153962,0.4966769953877656,0.0009436259723694107
Z_noise3,Z_noise1,6,4,16,9,0.4961243212923689,0.49245036531993097,-0.0036739559724379145
Z_noise3,Z_noise2,6,5,16,9,0.4955185038974794,0.49832173632648397,0.002803232429004543
X_causal,X_conf,0,1,17,0,0.4394449860561445,0.4960461574652308,0.05660117140908627
X_causal,X_syn1,0,2,17,0,0.4909390148251122,0.49431164323968524,0.003372628414573031
X_causal,X_syn2,0,3,17,0,0.4951589297411197,0.4966351347049767,0.0014762049638570307
X_causal,Z_noise1,0,4,17,0,0.49626052635072987,0.4956882442109081,-0.0005722821398217448
X_causal,Z_noise2,0,5,17,0,0.4968865113508995,0.4951028365803902,-0.0017836747705092804
X_causal,Z_noise3,0,6,17,0,0.4986150771914212,0.49428065231891316,-0.004334424872508014
X_conf,X_causal,1,0,17,0,0.43918781902918025,0.4434164268020923,0.004228607772912063
X_conf,X_syn1,1,2,17,0,0.4427991302902802,0.4456797229653789,0.0028805926750987143
X_conf,X_syn2,1,3,17,0,0.43865941278490256,0.4424648644809362,0.003805451696033635
X_conf,Z_noise1,1,4,17,0,0.43996100815243216,0.44415619279486657,0.004195184642434402
X_conf,Z_noise2,1,5,17,0,0.4421433682400334,0.4462095929330349,0.004066224693001497
X_conf,Z_noise3,1,6,17,0,0.443344787386072,0.44008301507000736,-0.0032617723160646706
X_syn1,X_causal,2,0,17,0,0.49174067673952754,0.49019123721305335,-0.0015494395264741834
X_syn1,X_conf,2,1,17,0,0.44245089334997745,0.49358127438040283,0.05113038103042539
X_syn1,X_syn2,2,3,17,0,0.46624305266726457,0.4919032155558149,0.02566016288855033
X_syn1,Z_noise1,2,4,17,0,0.49105712607502083,0.49151648060452485,0.0004593545295040191
X_syn1,Z_noise2,2,5,17,0,0.49391336542550957,0.4898616947019674,-0.004051670723542178
X_syn1,Z_noise3,2,6,17,0,0.4955992516929263,0.4886991718830846,-0.006900079809841697
X_syn2,X_causal,3,0,17,0,0.49432285509924784,0.4970524366339969,0.0027295815347490593
X_syn2,X_conf,3,1,17,0,0.4381752736933967,0.4968494098368897,0.05867413614349298
X_syn2,X_syn1,3,2,17,0,0.46633082383455265,0.49496557599661783,0.02863475216206518
X_syn2,Z_noise1,3,4,17,0,0.49328702649142936,0.49053852870345566,-0.0027484977879737027
X_syn2,Z_noise2,3,5,17,0,0.49489698332333076,0.49739242007371426,0.002495436750383495
X_syn2,Z_noise3,3,6,17,0,0.4952869462904282,0.4897178945020402,-0.005569051788388013
Z_noise1,X_causal,4,0,17,0,0.49527860826147857,0.49817594892147377,0.0028973406599951956
Z_noise1,X_conf,4,1,17,0,0.44069637742678835,0.49578734231530086,0.055090964888512506
Z_noise1,X_syn1,4,2,17,0,0.4915970732713112,0.4918095313434795,0.00021245807216829782
Z_noise1,X_syn2,4,3,17,0,0.49269146866747915,0.4939023909525893,0.0012109222851101609
Z_noise1,Z_noise2,4,5,17,0,0.4927934168771864,0.495506037708068,0.0027126208308815847
Z_noise1,Z_noise3,4,6,17,0,0.49544751042226126,0.4945289075288515,-0.0009186028934097812
Z_noise2,X_causal,5,0,17,0,0.4983093390351911,0.49943553162916793,0.001126192593976838
Z_noise2,X_conf,5,1,17,0,0.44251118391310057,0.4974757989819125,0.05496461506881195
Z_noise2,X_syn1,5,2,17,0,0.49426911634288667,0.4975129668954322,0.003243850552545502
Z_noise2,X_syn2,5,3,17,0,0.49493437609751695,0.49709984223335146,0.002165466135834515
Z_noise2,Z_noise1,5,4,17,0,0.49242956390082726,0.4948368828014293,0.002407318900602029
Z_noise2,Z_noise3,5,6,17,0,0.496323400746927,0.4968976087846243,0.0005742080376973102
Z_noise3,X_causal,6,0,17,0,0.4987523469183595,0.5002312483295946,0.001478901411235134
Z_noise3,X_conf,6,1,17,0,0.44253617786231214,0.49837223767559174,0.055836059813279604
Z_noise3,X_syn1,6,2,17,0,0.49639990821918395,0.49555046581180706,-0.000849442407376888
Z_noise3,X_syn2,6,3,17,0,0.4948936274466247,0.4954472927729429,0.0005536653263182312
Z_noise3,Z_noise1,6,4,17,0,0.49520151687812836,0.49409983691416676,-0.0011016799639615993
Z_noise3,Z_noise2,6,5,17,0,0.4965099536969203,0.5008501392129251,0.004340185516004791
X_causal,X_conf,0,1,17,1,0.43094208622144653,0.4969655204715996,0.06602343425015306
X_causal,X_syn1,0,2,17,1,0.5013770633581145,0.49343999180299786,-0.007937071555116637
X_causal,X_syn2,0,3,17,1,0.49441102648596397,0.4912864702134176,-0.003124556272546375
X_causal,Z_noise1,0,4,17,1,0.49876595643635824,0.49328004535890374,-0.005485911077454497
X_causal,Z_noise2,0,5,17,1,0.49605435727232544,0.4978377570888632,0.0017833998165377452
X_causal,Z_noise3,0,6,17,1,0.49910691708662597,0.49248824024526316,-0.006618676841362803
X_conf,X_causal,1,0,17,1,0.4320393484517175,0.43200886773228764,-3.0480719429848424e-05
X_conf,X_syn1,1,2,17,1,0.43532666831555766,0.43115116086984967,-0.004175507445707993
X_conf,X_syn2,1,3,17,1,0.4391225233834965,0.4321465962537656,-0.006975927129730886
X_conf,Z_noise1,1,4,17,1,0.4341424018792052,0.43502804810835977,0.0008856462291545464
X_conf,Z_noise2,1,5,17,1,0.43241993596242356,0.4343811585629103,0.001961222600486756
X_conf,Z_noise3,1,6,17,1,0.43398068508202103,0.4349021064807245,0.0009214213987034925
X_syn1,X_causal,2,0,17,1,0.49989720880653393,0.4965923458971415,-0.0033048629093924142
X_syn1,X_conf,2,1,17,1,0.4355747283342559,0.5023026894770983,0.0667279611428424
X_syn1,X_syn2,2,3,17,1,0.4819619874442742,0.49455032418113365,0.01258833673685944
X_syn1,Z_noise1,2,4,17,1,0.5022638415609577,0.4946457084185651,-0.007618133142392625
X_syn1,Z_noise2,2,5,17,1,0.49488616987926254,0.4984200613877677,0.003533891508505138
X_syn1,Z_noise3,2,6,17,1,0.5008904637474917,0.49722711419091203,-0.0036633495565796537
X_syn2,X_causal,3,0,17,1,0.4938367954962639,0.49170243636577815,-0.0021343591304857634
X_syn2,X_conf,3,1,17,1,0.44057507220026526,0.498006960272952,0.05743188807268673
X_syn2,X_syn1,3,2,17,1,0.48136180532155903,0.493405822527731,0.012044017206171986
X_syn2,Z_noise1,3,4,17,1,0.49622042249180764,0.49704163798292184,0.0008212154911141911
X_syn2,Z_noise2,3,5,17,1,0.49769398091606676,0.49564875004124537,-0.002045230874821391
X_syn2,Z_noise3,3,6,17,1,0.49967281279094344,0.4925356916894968,-0.007137121101446653
Z_noise1,X_causal,4,0,17,1,0.4989999310298901,0.4936961989871783,-0.005303732042711784
Z_noise1,X_conf,4,1,17,1,0.4336856385268084,0.49906869131340426,0.06538305278659584
Z_noise1,X_syn1,4,2,17,1,0.5024100054156403,0.493447295232799,-0.008962710182841283
Z_noise1,X_syn2,4,3,17,1,0.4958775505724093,0.4958879506716969,1.0400099287599662e-05
Z_noise1,Z_noise2,4,5,17,1,0.49771459715697736,0.4986958830603534,0.000981285903376039
Z_noise1,Z_noise3,4,6,17,1,0.4964064717858457,0.49365841011412015,-0.0027480616717255324
Z_noise2,X_causal,5,0,17,1,0.49633353415312736,0.4941736701227839,-0.0021598640303434613
Z_noise2,X_conf,5,1,17,1,0.4330826307481961,0.4951324925136156,0.06204986176541949
Z_noise2,X_syn1,5,2,17,1,0.4943969398155988,0.49229227992762475,-0.0021046598879740364
Z_noise2,X_syn2,5,3,17,1,0.4982930680257985,0.4937466106624664,-0.00454645736333209
Z_noise2,Z_noise1,5,4,17,1,0.49641010552127834,0.4945950506017227,-0.0018150549195556365
Z_noise2,Z_noise3,5,6,17,1,0.49719270579319574,0.49625265878376645,-0.0009400470094292901
Z_noise3,X_causal,6,0,17,1,0.49944214095100764,0.4951963579170748,-0.0042457830339328595
Z_noise3,X_conf,6,1,17,1,0.4351199639816939,0.5021322032875916,0.06701223930589767
Z_noise3,X_syn1,6,2,17,1,0.5013171038973363,0.4987203508631526,-0.0025967530341837186
Z_noise3,X_syn2,6,3,17,1,0.4993556092906866,0.4949026805804083,-0.004452928710278303
Z_noise3,Z_noise1,6,4,17,1,0.4956155940413798,0.5000532287442592,0.0044376347028793894
Z_noise3,Z_noise2,6,5,17,1,0.495842622244902,0.4998824391227433,0.004039816877841329
X_causal,X_conf,0,1,17,2,0.44647751112540957,0.49801737767785437,0.0515398665524448
X_causal,X_syn1,0,2,17,2,0.49563526545839226,0.4964338308239691,0.0007985653655768199
X_causal,X_syn2,0,3,17,2,0.49657242841349103,0.4940468597976737,-0.0025255686158173196
X_causal,Z_noise1,0,4,17,2,0.49478563403425196,0.49567091480379855,0.0008852807695465814
X_causal,Z_noise2,0,5,17,2,0.49536890558541485,0.49642088297649956,0.001051977391084702
X_causal,Z_noise3,0,6,17,2,0.4928607395572024,0.4975714244207709,0.004710684863568515
X_conf,X_causal,1,0,17,2,0.4467528294289109,0.44866519044638004,0.0019123610174691108
X_conf,X_syn1,1,2,17,2,0.44750831364707594,0.4506586279325261,0.003150314285450151
X_conf,X_syn2,1,3,17,2,0.4433788099587919,0.4523137304556507,0.00893492049685879
X_conf,Z_noise1,1,4,17,2,0.4468667784609822,0.4471810154192588,0.0003142369582765925
X_conf,Z_noise2,1,5,17,2,0.44754485003816413,0.4436014798814102,-0.003943370156753945
X_conf,Z_noise3,1,6,17,2,0.4484250491494022,0.4462105378578876,-0.002214511291514565
X_syn1,X_causal,2,0,17,2,0.49627214802597575,0.4933455102033808,-0.0029266378225949463
X_syn1,X_conf,2,1,17,2,0.44726941632570255,0.4961658571517553,0.04889644082605277
X_syn1,X_syn2,2,3,17,2,0.47180730460842896,0.49736204218889823,0.025554737580469278
X_syn1,Z_noise1,2,4,17,2,0.4958599845341546,0.4987432814443685,0.0028832969102139394
X_syn1,Z_noise2,2,5,17,2,0.4937920156714628,0.4986902906127879,0.004898274941325109
X_syn1,Z_noise3,2,6,17,2,0.49785946890456156,0.4947139191693951,-0.003145549735166453
X_syn2,X_causal,3,0,17,2,0.49608256998115646,0.49576190684404076,-0.0003206631371157065
X_syn2,X_conf,3,1,17,2,0.44339526604530655,0.5009306482475802,0.05753538220227361
X_syn2,X_syn1,3,2,17,2,0.47228010935949166,0.5028513141198067,0.030571204760314996
X_syn2,Z_noise1,3,4,17,2,0.4942601580797613,0.4958671329353576,0.0016069748555962993
X_syn2,Z_noise2,3,5,17,2,0.5008469381153081,0.4965893267395915,-0.004257611375716619
X_syn2,Z_noise3,3,6,17,2,0.5003867734778774,0.4953279736231589,-0.005058799854718521
Z_noise1,X_causal,4,0,17,2,0.4943618362419076,0.49434934247205115,-1.249376985645867e-05
Z_noise1,X_conf,4,1,17,2,0.44712112487563843,0.49744161797245234,0.05032049309681391
Z_noise1,X_syn1,4,2,17,2,0.49543544785824284,0.4963266702263096,0.0008912223680667686
Z_noise1,X_syn2,4,3,17,2,0.49391054456831013,0.495924401738429,0.0020138571701188712
Z_noise1,Z_noise2,4,5,17,2,0.4930908848617657,0.4947872315188151,0.0016963466570493746
Z_noise1,Z_noise3,4,6,17,2,0.4969466077975513,0.4941955630756884,-0.002751044721862883
Z_noise2,X_causal,5,0,17,2,0.4964395703740376,0.494170248878218,-0.0022693214958195984
Z_noise2,X_conf,5,1,17,2,0.44797886344165466,0.499015394576083,0.05103653113442835
Z_noise2,X_syn1,5,2,17,2,0.4942916972790439,0.5010978999970328,0.0068062027179889295
Z_noise2,X_syn2,5,3,17,2,0.5007739153646871,0.4976603328038002,-0.003113582560886896
Z_noise2,Z_noise1,5,4,17,2,0.49300009550291435,0.4975996967519226,0.004599601249008267
Z_noise2,Z_noise3,5,6,17,2,0.4980029695466906,0.5000136216135903,0.0020106520668997097
Z_noise3,X_causal,6,0,17,2,0.49260179137127535,0.4919938046668736,-0.0006079867044017639
Z_noise3,X_conf,6,1,17,2,0.4487142307827382,0.49917472435443927,0.05046049357170107
Z_noise3,X_syn1,6,2,17,2,0.4987563020129957,0.49594142337591735,-0.002814878637078355
Z_noise3,X_syn2,6,3,17,2,0.5002994921559798,0.5007922688253328,0.00049277666935299
Z_noise3,Z_noise1,6,4,17,2,0.4970512355201038,0.4951771719040352,-0.0018740636160685664
Z_noise3,Z_noise2,6,5,17,2,0.49731001898544147,0.49638350692949956,-0.0009265120559419082
X_causal,X_conf,0,1,17,3,0.4403833521903658,0.49203900075464124,0.05165564856427546
X_causal,X_syn1,0,2,17,3,0.49478438048737183,0.49602340077933993,0.001239020291968096
X_causal,X_syn2,0,3,17,3,0.4938748765790514,0.48921300952187197,-0.004661867057179414
X_causal,Z_noise1,0,4,17,3,0.4950271036231589,0.4933928279655644,-0.0016342756575944972
X_causal,Z_noise2,0,5,17,3,0.4963576161120165,0.48999476801795233,-0.006362848094064177
X_causal,Z_noise3,0,6,17,3,0.49143126318850716,0.4956567216572164,0.004225458468709253
X_conf,X_causal,1,0,17,3,0.43882079804101193,0.4443326120916941,0.0055118140506821844
X_conf,X_syn1,1,2,17,3,0.4407603197004565,0.43873585285894984,-0.0020244668415066447
X_conf,X_syn2,1,3,17,3,0.4363579246385995,0.43883373391163877,0.0024758092730392534
X_conf,Z_noise1,1,4,17,3,0.4403175862235458,0.442826840331642,0.002509254108096215
X_conf,Z_noise2,1,5,17,3,0.4438387790337668,0.43894302097369675,-0.004895758060070032
X_conf,Z_noise3,1,6,17,3,0.4420805367305295,0.43890759469085605,-0.003172942039673443
X_syn1,X_causal,2,0,17,3,0.494281266698015,0.49489812557301394,0.0006168588749989601
X_syn1,X_conf,2,1,17,3,0.43996424881796375,0.49101377319060324,0.05104952437263949
X_syn1,X_syn2,2,3,17,3,0.4663412560985794,0.49198258861621014,0.025641332517630733
X_syn1,Z_noise1,2,4,17,3,0.4889440026303893,0.4940455449927359,0.005101542362346612
X_syn1,Z_noise2,2,5,17,3,0.494200793869767,0.49173097876822397,-0.002469815101543038
X_syn1,Z_noise3,2,6,17,3,0.49031041287298294,0.49234476290723767,0.0020343500342547283
X_syn2,X_causal,3,0,17,3,0.493364635891783,0.496248410100931,0.002883774209148038
X_syn2,X_conf,3,1,17,3,0.43590880283536737,0.48794894457194404,0.05204014173657667
X_syn2,X_syn1,3,2,17,3,0.4669643994656728,0.49070699450149596,0.023742595035823155
X_syn2,Z_noise1,3,4,17,3,0.49098863568215945,0.4916020808051237,0.0006134451229642401
X_syn2,Z_noise2,3,5,17,3,0.4948815251997965,0.49355828905650434,-0.0013232361432921613
X_syn2,Z_noise3,3,6,17,3,0.4892514191616064,0.49407771355348706,0.004826294391880648
Z_noise1,X_causal,4,0,17,3,0.49531440435955776,0.49619296687145575,0.0008785625118979956
Z_noise1,X_conf,4,1,17,3,0.4392862538710919,0.4949203821112249,0.05563412824013303
Z_noise1,X_syn1,4,2,17,3,0.4887546085090891,0.4948879936534185,0.0061333851443294285
Z_noise1,X_syn2,4,3,17,3,0.4910402124303867,0.4870206552590778,-0.004019557171308918
Z_noise1,Z_noise2,4,5,17,3,0.4972881626755505,0.4903461224167317,-0.006942040258818782
Z_noise1,Z_noise3,4,6,17,3,0.49548283717526004,0.4978316478191881,0.0023488106439280565
Z_noise2,X_causal,5,0,17,3,0.49640006283729277,0.5020608499555682,0.0056607871182754455
Z_noise2,X_conf,5,1,17,3,0.44393513008753155,0.49426554031767445,0.0503304102301429
Z_noise2,X_syn1,5,2,17,3,0.49504512024887387,0.49594758444115705,0.0009024641922831811
Z_noise2,X_syn2,5,3,17,3,0.4949467735049998,0.4955887599495579,0.0006419864445580958
Z_noise2,Z_noise1,5,4,17,3,0.49776089956656755,0.4955175105671416,-0.0022433889994259437
Z_noise2,Z_noise3,5,6,17,3,0.49270369275631554,0.4994555512357593,0.006751858479443762
Z_noise3,X_causal,6,0,17,3,0.4926609174937857,0.49586734101187213,0.003206423518086421
Z_noise3,X_conf,6,1,17,3,0.4415010660392677,0.49127284482741485,0.04977177878814715
Z_noise3,X_syn1,6,2,17,3,0.4904461845469126,0.49441340597759653,0.003967221430683954
Z_noise3,X_syn2,6,3,17,3,0.48876799487109723,0.4950767193000103,0.0063087244289130595
Z_noise3,Z_noise1,6,4,17,3,0.49459016175163695,0.4935338579422882,-0.0010563038093487354
Z_noise3,Z_noise2,6,5,17,3,0.4919741481039388,0.48943480098593745,-0.002539347118001356
X_causal,X_conf,0,1,17,4,0.45280365647987486,0.5003536455854648,0.04754998910558994
X_causal,X_syn1,0,2,17,4,0.4954388723882458,0.5000418521993992,0.004602979811153429
X_causal,X_syn2,0,3,17,4,0.5010359307568514,0.49630794091243585,-0.0047279898444155255
X_causal,Z_noise1,0,4,17,4,0.4974002952517725,0.4952986648552201,-0.0021016303965523675
X_causal,Z_noise2,0,5,17,4,0.4978535433831925,0.4974329142045299,-0.0004206291786625904
X_causal,Z_noise3,0,6,17,4,0.49769182554616803,0.4952230627554587,-0.0024687627907093446
X_conf,X_causal,1,0,17,4,0.4527357893506235,0.447348966450643,-0.005386822899980492
X_conf,X_syn1,1,2,17,4,0.4494677381012389,0.4456802104129905,-0.0037875276882484155
X_conf,X_syn2,1,3,17,4,0.44570812785831826,0.4435820488904286,-0.002126078967889633
X_conf,Z_noise1,1,4,17,4,0.45378057271150446,0.44496051171784257,-0.008820060993661893
X_conf,Z_noise2,1,5,17,4,0.4453045966309012,0.4476072810469637,0.0023026844160624615
X_conf,Z_noise3,1,6,17,4,0.44783456682658546,0.4460516662001895,-0.0017829006263959668
X_syn1,X_causal,2,0,17,4,0.4956200329460803,0.4966821624462438,0.001062129500163489
X_syn1,X_conf,2,1,17,4,0.44974108540920366,0.49999425657043384,0.05025317116123018
X_syn1,X_syn2,2,3,17,4,0.4786810116431481,0.49600105307079295,0.017320041427644872
X_syn1,Z_noise1,2,4,17,4,0.4990437116412209,0.4968099566303658,-0.0022337550108550985
X_syn1,Z_noise2,2,5,17,4,0.49704131252375916,0.4967162303106235,-0.00032508221313565233
X_syn1,Z_noise3,2,6,17,4,0.4991436230373196,0.49782107955934657,-0.0013225434779730039
X_syn2,X_causal,3,0,17,4,0.5011816340825237,0.49703070417891027,-0.004150929903613432
X_syn2,X_conf,3,1,17,4,0.44572311671956133,0.5007110402246974,0.05498792350513604
X_syn2,X_syn1,3,2,17,4,0.47865239600853804,0.499902287517574,0.021249891509035945
X_syn2,Z_noise1,3,4,17,4,0.498021922424325,0.4996470418708895,0.0016251194465644603
X_syn2,Z_noise2,3,5,17,4,0.4955850710504458,0.4970601887247458,0.001475117674299975
X_syn2,Z_noise3,3,6,17,4,0.49700580594453847,0.5009782968868405,0.003972490942302009
Z_noise1,X_causal,4,0,17,4,0.49772147274047285,0.5017198285715079,0.0039983558310350276
Z_noise1,X_conf,4,1,17,4,0.45417851172027013,0.5010231342010686,0.04684462248079846
Z_noise1,X_syn1,4,2,17,4,0.49718542626532564,0.4984947064357472,0.0013092801704215895
Z_noise1,X_syn2,4,3,17,4,0.49775512662795945,0.49782943555049386,7.430892253440513e-05
Z_noise1,Z_noise2,4,5,17,4,0.49614036521000765,0.496473184633601,0.0003328194235933668
Z_noise1,Z_noise3,4,6,17,4,0.49872379954134255,0.49482957432468766,-0.0038942252166548896
Z_noise2,X_causal,5,0,17,4,0.4981351121159404,0.4970945329221594,-0.0010405791937810327
Z_noise2,X_conf,5,1,17,4,0.44658870637850234,0.49566855821974126,0.04907985184123892
Z_noise2,X_syn1,5,2,17,4,0.4958701460697237,0.4980636514159585,0.002193505346234803
Z_noise2,X_syn2,5,3,17,4,0.4960528588517062,0.49146668309718583,-0.004586175754520361
Z_noise2,Z_noise1,5,4,17,4,0.49644865051245607,0.49621609690798374,-0.00023255360447232976
Z_noise2,Z_noise3,5,6,17,4,0.49828756013287545,0.4979028035070964,-0.0003847566257790258
Z_noise3,X_causal,6,0,17,4,0.4982134188585992,0.4964493842626915,-0.0017640345959077375
Z_noise3,X_conf,6,1,17,4,0.44784392790014416,0.5014321065397671,0.05358817863962295
Z_noise3,X_syn1,6,2,17,4,0.4991021801955427,0.4994719483880741,0.0003697681925314278
Z_noise3,X_syn2,6,3,17,4,0.49733986755432086,0.4965858450976091,-0.0007540224567117448
Z_noise3,Z_noise1,6,4,17,4,0.49826045202021657,0.4941803508301936,-0.0040801011900229445
Z_noise3,Z_noise2,6,5,17,4,0.4978555564525246,0.49893692656025945,0.001081370107734847
X_causal,X_conf,0,1,17,5,0.4361738490403759,0.49956907255188543,0.0633952235115095
X_causal,X_syn1,0,2,17,5,0.4995419782544533,0.5001726528235432,0.0006306745690898841
X_causal,X_syn2,0,3,17,5,0.4981875375824659,0.49929312217507793,0.0011055845926120078
X_causal,Z_noise1,0,4,17,5,0.49702535728770286,0.4964638784987858,-0.0005614787889170469
X_causal,Z_noise2,0,5,17,5,0.4949407088487117,0.4994506390821137,0.00450993023340196
X_causal,Z_noise3,0,6,17,5,0.4966230048065205,0.4973938877830073,0.0007708829764868086
X_conf,X_causal,1,0,17,5,0.4358759015586973,0.43342596931606725,-0.0024499322426300707
X_conf,X_syn1,1,2,17,5,0.4442441861374572,0.441969731531471,-0.002274454605986187
X_conf,X_syn2,1,3,17,5,0.43368396193300723,0.4411422619599023,0.0074583000268950705
X_conf,Z_noise1,1,4,17,5,0.44327376292503645,0.440577683452572,-0.0026960794724644743
X_conf,Z_noise2,1,5,17,5,0.43601333066800296,0.4385225624111063,0.0025092317431033573
X_conf,Z_noise3,1,6,17,5,0.43555196624278925,0.4399894050779883,0.004437438835199037
X_syn1,X_causal,2,0,17,5,0.50107509175826,0.4967317734986231,-0.0043433182596369635
X_syn1,X_conf,2,1,17,5,0.4430098731942368,0.5005570037278817,0.05754713053364491
X_syn1,X_syn2,2,3,17,5,0.4817047392424924,0.5027114431347652,0.021006703892272827
X_syn1,Z_noise1,2,4,17,5,0.5058667922573243,0.49937506244243707,-0.00649172981488727
X_syn1,Z_noise2,2,5,17,5,0.49837009695051093,0.5017380828975754,0.0033679859470644447
X_syn1,Z_noise3,2,6,17,5,0.49792135603337245,0.5045029091702892,0.006581553136916718
X_syn2,X_causal,3,0,17,5,0.4989637072167295,0.49525410218331617,-0.0037096050334133324
X_syn2,X_conf,3,1,17,5,0.43457286353179786,0.4968811143551212,0.06230825082332336
X_syn2,X_syn1,3,2,17,5,0.48106701572331106,0.4972053539332795,0.01613833820996846
X_syn2,Z_noise1,3,4,17,5,0.4971648165624739,0.4958938238265009,-0.001270992735973031
X_syn2,Z_noise2,3,5,17,5,0.4944102055788358,0.4976067674028021,0.0031965618239662708
X_syn2,Z_noise3,3,6,17,5,0.4961316125536526,0.4952644082808619,-0.0008672042727907447
Z_noise1,X_causal,4,0,17,5,0.4973767896211681,0.496674817097912,-0.0007019725232561003
Z_noise1,X_conf,4,1,17,5,0.4423790959852229,0.4997395264175791,0.057360430432356224
Z_noise1,X_syn1,4,2,17,5,0.5051537751078251,0.4977281101242378,-0.007425664983587321
Z_noise1,X_syn2,4,3,17,5,0.4970869910341656,0.5002393545743639,0.0031523635401982664
Z_noise1,Z_noise2,4,5,17,5,0.49157328677222595,0.5001088934651411,0.008535606692915143
Z_noise1,Z_noise3,4,6,17,5,0.4977370698121884,0.4968475729069285,-0.0008894969052599122
Z_noise2,X_causal,5,0,17,5,0.49516002359258293,0.49543128245138224,0.0002712588587993059
Z_noise2,X_conf,5,1,17,5,0.4348874566110861,0.4931812084558499,0.05829375184476382
Z_noise2,X_syn1,5,2,17,5,0.4987198266311135,0.4945772997508724,-0.0041425268802411375
Z_noise2,X_syn2,5,3,17,5,0.49397890307640013,0.49808384742142026,0.004104944345020123
Z_noise2,Z_noise1,5,4,17,5,0.49166349583185537,0.49794356261519535,0.006280066783339977
Z_noise2,Z_noise3,5,6,17,5,0.49623452216630104,0.49700663348938257,0.0007721113230815257
Z_noise3,X_causal,6,0,17,5,0.49705569496133384,0.4958348026890804,-0.0012208922722534155
Z_noise3,X_conf,6,1,17,5,0.43599991827800144,0.5001749004564462,0.06417498217844475
Z_noise3,X_syn1,6,2,17,5,0.49784793848876596,0.4951101195560156,-0.00273781893275038
Z_noise3,X_syn2,6,3,17,5,0.49593659013063807,0.49920672543202066,0.003270135301382593
Z_noise3,Z_noise1,6,4,17,5,0.4973980371322572,0.4958969756322358,-0.001501061500021439
Z_noise3,Z_noise2,6,5,17,5,0.4955751125060389,0.49821235177683953,0.0026372392708006176
X_causal,X_conf,0,1,17,6,0.4348317118579948,0.49894779032878617,0.06411607847079137
X_causal,X_syn1,0,2,17,6,0.49769037936627664,0.49569178701244365,-0.001998592353832984
X_causal,X_syn2,0,3,17,6,0.49537475796236213,0.4931682769278433,-0.0022064810345188146
X_causal,Z_noise1,0,4,17,6,0.49155623073897525,0.4943926770834924,0.0028364463445171295
X_causal,Z_noise2,0,5,17,6,0.4955442037016825,0.4896664429538371,-0.005877760747845406
X_causal,Z_noise3,0,6,17,6,0.49624107229852255,0.4941404323741937,-0.002100639924328851
X_conf,X_causal,1,0,17,6,0.4359900981945428,0.43608453134306246,9.44331485196459e-05
X_conf,X_syn1,1,2,17,6,0.4349993362608165,0.43644565914607775,0.001446322885261253
X_conf,X_syn2,1,3,17,6,0.4393238308307163,0.43040216883835386,-0.00892166199236244
X_conf,Z_noise1,1,4,17,6,0.43626275604367964,0.4401919226181783,0.003929166574498655
X_conf,Z_noise2,1,5,17,6,0.4308050496255459,0.4309982513640977,0.000193201738551807
X_conf,Z_noise3,1,6,17,6,0.43939601776811366,0.4344931317498784,-0.004902886018235242
X_syn1,X_causal,2,0,17,6,0.49832372822649434,0.49624967046299334,-0.0020740577635010027
X_syn1,X_conf,2,1,17,6,0.43552969556271626,0.49740628620897703,0.061876590646260776
X_syn1,X_syn2,2,3,17,6,0.47145953571870486,0.4976203465829219,0.026160810864217066
X_syn1,Z_noise1,2,4,17,6,0.49392904432387547,0.4932824907410501,-0.0006465535828253932
X_syn1,Z_noise2,2,5,17,6,0.49543456610754677,0.48970492312160036,-0.005729642985946415
X_syn1,Z_noise3,2,6,17,6,0.49864662038433955,0.48979702341302667,-0.008849596971312879
X_syn2,X_causal,3,0,17,6,0.49526977861729954,0.4974615720081873,0.002191793390887764
X_syn2,X_conf,3,1,17,6,0.4388636066354482,0.4960311080543853,0.05716750141893706
X_syn2,X_syn1,3,2,17,6,0.4714467662932015,0.49511250546208807,0.02366573916888659
X_syn2,Z_noise1,3,4,17,6,0.49432226465711415,0.49838672854912763,0.004064463892013481
X_syn2,Z_noise2,3,5,17,6,0.4958068037133451,0.49657242000466606,0.0007656162913209363
X_syn2,Z_noise3,3,6,17,6,0.49903642521409813,0.4962157599600121,-0.00282066525408603
Z_noise1,X_causal,4,0,17,6,0.49119954855552417,0.4947401270335808,0.0035405784780566107
Z_noise1,X_conf,4,1,17,6,0.4366350564075701,0.4949357568003852,0.0583007003928151
Z_noise1,X_syn1,4,2,17,6,0.4937964548376164,0.4957534094984912,0.00195695466087481
Z_noise1,X_syn2,4,3,17,6,0.4954308033584791,0.4903442751390425,-0.005086528219436615
Z_noise1,Z_noise2,4,5,17,6,0.4931275926914728,0.4871434819644862,-0.0059841107269866245
Z_noise1,Z_noise3,4,6,17,6,0.4959410112311581,0.49379281901547234,-0.0021481922156857403
Z_noise2,X_causal,5,0,17,6,0.4965603632580752,0.49407678933265725,-0.0024835739254179257
Z_noise2,X_conf,5,1,17,6,0.43015188717327346,0.4965175335817908,0.06636564640851733
Z_noise2,X_syn1,5,2,17,6,0.4958026722388341,0.4914199643255984,-0.004382707913235695
Z_noise2,X_syn2,5,3,17,6,0.4968217424462749,0.4909008416642581,-0.005920900782016791
Z_noise2,Z_noise1,5,4,17,6,0.49275810368435413,0.49800871573359146,0.005250612049237324
Z_noise2,Z_noise3,5,6,17,6,0.496948264847364,0.4952424751420204,-0.0017057897053435744
Z_noise3,X_causal,6,0,17,6,0.4955966351657023,0.4943395268392339,-0.0012571083264684146
Z_noise3,X_conf,6,1,17,6,0.44030453570187683,0.4974817220109798,0.057177186309102956
Z_noise3,X_syn1,6,2,17,6,0.4982666129353155,0.4963515011052812,-0.0019151118300342884
Z_noise3,X_syn2,6,3,17,6,0.4983833861640059,0.4932334200975485,-0.005149966066457401
Z_noise3,Z_noise1,6,4,17,6,0.4966667078077772,0.4934206769332759,-0.0032460308745013156
Z_noise3,Z_noise2,6,5,17,6,0.4959933444523932,0.496674506081479,0.0006811616290858247
X_causal,X_conf,0,1,17,7,0.451039633001452,0.4958299643294922,0.04479033132804022
X_causal,X_syn1,0,2,17,7,0.49089633469898525,0.4972768397999828,0.0063805051009975244
X_causal,X_syn2,0,3,17,7,0.49283884995625066,0.4984287091751668,0.005589859218916138
X_causal,Z_noise1,0,4,17,7,0.4963214861897763,0.4924185699479258,-0.0039029162418504626
X_causal,Z_noise2,0,5,17,7,0.49460890649534495,0.4918837462610036,-0.0027251602343413284
X_causal,Z_noise3,0,6,17,7,0.49941140484263163,0.49667026938446096,-0.0027411354581706737
X_conf,X_causal,1,0,17,7,0.4509401904202868,0.4515325159820487,0.0005923255617618639
X_conf,X_syn1,1,2,17,7,0.4520770000544261,0.44916345137414454,-0.0029135486802815413
X_conf,X_syn2,1,3,17,7,0.4515066226298824,0.4556411513304491,0.004134528700566686
X_conf,Z_noise1,1,4,17,7,0.44836659446343907,0.4487953447577161,0.00042875029427702493
X_conf,Z_noise2,1,5,17,7,0.450838165151235,0.4443598059197265,-0.006478359231508468
X_conf,Z_noise3,1,6,17,7,0.4504538250874406,0.448031521086542,-0.0024223040008986008
X_syn1,X_causal,2,0,17,7,0.4913522490790173,0.4948810053272689,0.0035287562482516077
X_syn1,X_conf,2,1,17,7,0.45287027100914795,0.4939143083026271,0.04104403729347916
X_syn1,X_syn2,2,3,17,7,0.4713132472885586,0.4919605488261441,0.020647301537585483
X_syn1,Z_noise1,2,4,17,7,0.4904359261791973,0.49279189200986395,0.002355965830666662
X_syn1,Z_noise2,2,5,17,7,0.4936434398436131,0.49035689050663245,-0.0032865493369806376
X_syn1,Z_noise3,2,6,17,7,0.4943396805689215,0.4922581067064735,-0.002081573862448005
X_syn2,X_causal,3,0,17,7,0.4929729060253124,0.49233478511052386,-0.0006381209147885425
X_syn2,X_conf,3,1,17,7,0.4508114828961088,0.49055512619576014,0.039743643299651354
X_syn2,X_syn1,3,2,17,7,0.47213456020361205,0.49535778209502307,0.023223221891411017
X_syn2,Z_noise1,3,4,17,7,0.4953278904448123,0.4913458814655903,-0.003982008979222018
X_syn2,Z_noise2,3,5,17,7,0.4922312894253292,0.4913817093746904,-0.0008495800506387874
X_syn2,Z_noise3,3,6,17,7,0.4968557239132212,0.49357002361857844,-0.003285700294642757
Z_noise1,X_causal,4,0,17,7,0.49708678730203076,0.49340468580180347,-0.003682101500227297
Z_noise1,X_conf,4,1,17,7,0.4489036396370013,0.49686877674389496,0.04796513710689365
Z_noise1,X_syn1,4,2,17,7,0.4901639283896297,0.49599290644325017,0.005828978053620482
Z_noise1,X_syn2,4,3,17,7,0.4946601915628723,0.5002936866282363,0.00563349506536398
Z_noise1,Z_noise2,4,5,17,7,0.49399573276711634,0.49551170582783494,0.0015159730607186006
Z_noise1,Z_noise3,4,6,17,7,0.5013248048205403,0.4982600505376551,-0.003064754282885218
Z_noise2,X_causal,5,0,17,7,0.49443016968302506,0.4942247136414292,-0.00020545604159583064
Z_noise2,X_conf,5,1,17,7,0.4506037935240395,0.49365747396170684,0.04305368043766733
Z_noise2,X_syn1,5,2,17,7,0.4942830233620069,0.49274735885755366,-0.001535664504453249
Z_noise2,X_syn2,5,3,17,7,0.4920451881473118,0.4931228222046454,0.0010776340573335763
Z_noise2,Z_noise1,5,4,17,7,0.4930459760325375,0.4902419068607701,-0.0028040691717673982
Z_noise2,Z_noise3,5,6,17,7,0.4946797497661658,0.49560662715138476,0.0009268773852189605
Z_noise3,X_causal,6,0,17,7,0.49956023120776194,0.494556669667106,-0.005003561540655954
Z_noise3,X_conf,6,1,17,7,0.4499174795533636,0.49589581436184266,0.04597833480847907
Z_noise3,X_syn1,6,2,17,7,0.49452923616449385,0.5005046752472646,0.0059754390827707615
Z_noise3,X_syn2,6,3,17,7,0.4966474777152257,0.4944789599587773,-0.0021685177564484404
Z_noise3,Z_noise1,6,4,17,7,0.5001852667793795,0.49558778403901127,-0.004597482740368197
Z_noise3,Z_noise2,6,5,17,7,0.4949895649604333,0.4921352266558841,-0.0028543383045491755
X_causal,X_conf,0,1,17,8,0.4417743852980967,0.49323183360845424,0.051457448310357534
X_causal,X_syn1,0,2,17,8,0.4969629984062261,0.49780825014695773,0.000845251740731634
X_causal,X_syn2,0,3,17,8,0.4973985507658395,0.49213546276108894,-0.00526308800475056
X_causal,Z_noise1,0,4,17,8,0.4946654198507183,0.49544865452934245,0.0007832346786241229
X_causal,Z_noise2,0,5,17,8,0.49667588938324264,0.5009639203524003,0.004288030969157697
X_causal,Z_noise3,0,6,17,8,0.49934989188140966,0.4961290220039678,-0.0032208698774418565
X_conf,X_causal,1,0,17,8,0.44145220205096786,0.44070506694576944,-0.0007471351051984154
X_conf,X_syn1,1,2,17,8,0.44369744237837455,0.44313685660455776,-0.0005605857738167908
X_conf,X_syn2,1,3,17,8,0.4420307029388735,0.43942185129129724,-0.002608851647576238
X_conf,Z_noise1,1,4,17,8,0.44163590699838995,0.44158182515007693,-5.408184831301455e-05
X_conf,Z_noise2,1,5,17,8,0.44087091047584714,0.44821000604339245,0.007339095567545306
X_conf,Z_noise3,1,6,17,8,0.44739953934067145,0.43911328932744936,-0.008286250013222085
X_syn1,X_causal,2,0,17,8,0.49646294514679906,0.5008581265917585,0.004395181444959484
X_syn1,X_conf,2,1,17,8,0.4435386158102565,0.49288786257917394,0.04934924676891744
X_syn1,X_syn2,2,3,17,8,0.4620813422577624,0.4951528104913594,0.03307146823359702
X_syn1,Z_noise1,2,4,17,8,0.4940861954832783,0.49533486726451603,0.0012486717812377202
X_syn1,Z_noise2,2,5,17,8,0.4969044325999479,0.5040860173492133,0.007181584749265446
X_syn1,Z_noise3,2,6,17,8,0.4998294831907542,0.4970523973159685,-0.002777085874785701
X_syn2,X_causal,3,0,17,8,0.49770691890964763,0.49984812201246537,0.0021412031028177347
X_syn2,X_conf,3,1,17,8,0.44130560313360484,0.4969345492658731,0.055628946132268264
X_syn2,X_syn1,3,2,17,8,0.4617832174267397,0.4993235434830466,0.03754032605630686
X_syn2,Z_noise1,3,4,17,8,0.49683885956224905,0.5005070064731908,0.0036681469109417497
X_syn2,Z_noise2,3,5,17,8,0.5005212475237613,0.5016395750687515,0.0011183275449901942
X_syn2,Z_noise3,3,6,17,8,0.5016640693703917,0.5004853452769652,-0.0011787240934264531
Z_noise1,X_causal,4,0,17,8,0.49510599408074035,0.497099487071124,0.0019934929903836496
Z_noise1,X_conf,4,1,17,8,0.4404143275852772,0.49207507053872424,0.051660742953447025
Z_noise1,X_syn1,4,2,17,8,0.4947504119855632,0.4966036079346318,0.0018531959490686312
Z_noise1,X_syn2,4,3,17,8,0.4959385565375517,0.49077514375484305,-0.005163412782708654
Z_noise1,Z_noise2,4,5,17,8,0.49173413728199217,0.5015436891214722,0.009809551839480013
Z_noise1,Z_noise3,4,6,17,8,0.5005026673353784,0.495579883173324,-0.004922784162054383
Z_noise2,X_causal,5,0,17,8,0.49701020976228333,0.4954865719207871,-0.0015236378414962282
Z_noise2,X_conf,5,1,17,8,0.4405415909318486,0.4964339830532596,0.055892392121411005
Z_noise2,X_syn1,5,2,17,8,0.49669402321960604,0.4970018705746957,0.0003078473550896521
Z_noise2,X_syn2,5,3,17,8,0.5017440389594501,0.49309603825619364,-0.008648000703256442
Z_noise2,Z_noise1,5,4,17,8,0.49272972853330954,0.4963373620417478,0.003607633508438235
Z_noise2,Z_noise3,5,6,17,8,0.49848350210242937,0.4973717820708714,-0.0011117200315579612
Z_noise3,X_causal,6,0,17,8,0.5000242400273237,0.5009395345156062,0.0009152944882825365
Z_noise3,X_conf,6,1,17,8,0.4477178089079137,0.4962328707458191,0.04851506183790544
Z_noise3,X_syn1,6,2,17,8,0.5003227224714549,0.5017668876679289,0.0014441651964739455
Z_noise3,X_syn2,6,3,17,8,0.5013614728394933,0.4956073774374314,-0.005754095402061898
Z_noise3,Z_noise1,6,4,17,8,0.5009178720831695,0.5012064608160511,0.0002885887328816228
Z_noise3,Z_noise2,6,5,17,8,0.4996386283648774,0.5061068519395931,0.00646822357471577
X_causal,X_conf,0,1,17,9,0.44497564287309455,0.4953464844186936,0.050370841545599065
X_causal,X_syn1,0,2,17,9,0.4964908759889838,0.4987085058527314,0.0022176298637476277
X_causal,X_syn2,0,3,17,9,0.4964559291005078,0.4982974548920615,0.001841525791553722
X_causal,Z_noise1,0,4,17,9,0.4991870761025666,0.49858404559700875,-0.0006030305055578222
X_causal,Z_noise2,0,5,17,9,0.49716739414703465,0.4976848780483778,0.000517483901343152
X_causal,Z_noise3,0,6,17,9,0.49634539654081955,0.4964651648603153,0.00011976831949572775
X_conf,X_causal,1,0,17,9,0.444593210735813,0.4464926453309579,0.001899434595144911
X_conf,X_syn1,1,2,17,9,0.44805374041758367,0.4454255907457931,-0.0026281496717905917
X_conf,X_syn2,1,3,17,9,0.4437148346620477,0.4487029541942168,0.0049881195321691
X_conf,Z_noise1,1,4,17,9,0.44916770829833724,0.4455452325777615,-0.003622475720575724
X_conf,Z_noise2,1,5,17,9,0.44206148803622536,0.44485898779700017,0.002797499760774813
X_conf,Z_noise3,1,6,17,9,0.4459391283045133,0.4450872117884978,-0.0008519165160155162
X_syn1,X_causal,2,0,17,9,0.4953402756239152,0.49770385867488715,0.0023635830509719513
X_syn1,X_conf,2,1,17,9,0.4479278552550262,0.4940712648265914,0.04614340957156521
X_syn1,X_syn2,2,3,17,9,0.46485182623059534,0.49547843375839884,0.030626607527803495
X_syn1,Z_noise1,2,4,17,9,0.49874812138759517,0.49629139907864345,-0.00245672230895172
X_syn1,Z_noise2,2,5,17,9,0.49342179668101155,0.49603756997995335,0.0026157732989418037
X_syn1,Z_noise3,2,6,17,9,0.49509960919730994,0.49204231246531005,-0.0030572967319998923
X_syn2,X_causal,3,0,17,9,0.49552913276471355,0.5017323951503125,0.006203262385598984
X_syn2,X_conf,3,1,17,9,0.44451678441932224,0.4948079516109358,0.050291167191613584
X_syn2,X_syn1,3,2,17,9,0.4654675570534124,0.49812311452794916,0.032655557474536745
X_syn2,Z_noise1,3,4,17,9,0.4990277433159584,0.4961565438715097,-0.002871199444448691
X_syn2,Z_noise2,3,5,17,9,0.4971806592668582,0.496927340095157,-0.0002533191717012384
X_syn2,Z_noise3,3,6,17,9,0.495622941428073,0.495455390423645,-0.00016755100442800153
Z_noise1,X_causal,4,0,17,9,0.4984654681715268,0.5032198109563174,0.004754342784790588
Z_noise1,X_conf,4,1,17,9,0.4489638201716592,0.500120023811007,0.05115620363934775
Z_noise1,X_syn1,4,2,17,9,0.49898600839590707,0.4970601559459126,-0.0019258524499944918
Z_noise1,X_syn2,4,3,17,9,0.4987115340151413,0.5017209454905117,0.003009411475370427
Z_noise1,Z_noise2,4,5,17,9,0.4946714856879658,0.5021619815626824,0.007490495874716618
Z_noise1,Z_noise3,4,6,17,9,0.4983460000348346,0.497669743178118,-0.0006762568567165728
Z_noise2,X_causal,5,0,17,9,0.49674137204181656,0.4997081350533199,0.002966763011503337
Z_noise2,X_conf,5,1,17,9,0.44241661989268016,0.49579474632563375,0.05337812643295359
Z_noise2,X_syn1,5,2,17,9,0.4930502786972705,0.4939857280752462,0.0009354493779756834
Z_noise2,X_syn2,5,3,17,9,0.4974352234081788,0.498227595003336,0.0007923715951572152
Z_noise2,Z_noise1,5,4,17,9,0.4947309448913254,0.4973570709479196,0.00262612605659418
Z_noise2,Z_noise3,5,6,17,9,0.4958040972420035,0.49546174261471143,-0.0003423546272920963
Z_noise3,X_causal,6,0,17,9,0.49635794053454907,0.4992318202723469,0.0028738797377978464
Z_noise3,X_conf,6,1,17,9,0.44499793142775707,0.4968399957784111,0.05184206435065403
Z_noise3,X_syn1,6,2,17,9,0.4957845155159155,0.4932978793724073,-0.002486636143508192
Z_noise3,X_syn2,6,3,17,9,0.49549827695394144,0.49602662819050075,0.0005283512365593102
Z_noise3,Z_noise1,6,4,17,9,0.49762249529138164,0.4974845552921327,-0.00013793999924893718
Z_noise3,Z_noise2,6,5,17,9,0.4961001938351134,0.49653612105844697,0.0004359272233335765
X_causal,X_conf,0,1,18,0,0.4180599680725216,0.49163845083473656,0.07357848276221496
X_causal,X_syn1,0,2,18,0,0.4953742591215774,0.4965636163190101,0.0011893571974326833
X_causal,X_syn2,0,3,18,0,0.49608206274534866,0.4930692698791548,-0.0030127928661938808
X_causal,Z_noise1,0,4,18,0,0.4949009342523829,0.494427316406228,-0.00047361784615490565
X_causal,Z_noise2,0,5,18,0,0.49526052853810226,0.49250008160384906,-0.0027604469342532023
X_causal,Z_noise3,0,6,18,0,0.4951369142397554,0.49577337746012656,0.0006364632203711418
X_conf,X_causal,1,0,18,0,0.41807353451105145,0.4163642726748035,-0.0017092618362479217
X_conf,X_syn1,1,2,18,0,0.420296071414886,0.42727787312124565,0.006981801706359647
X_conf,X_syn2,1,3,18,0,0.42610260330251426,0.4240653555168065,-0.002037247785707741
X_conf,Z_noise1,1,4,18,0,0.4189526452792665,0.41905244186610613,9.979658683961778e-05
X_conf,Z_noise2,1,5,18,0,0.42675480004920635,0.42369444774960235,-0.0030603522996039967
X_conf,Z_noise3,1,6,18,0,0.4228945740672635,0.4203945190671208,-0.00250005500014272
X_syn1,X_causal,2,0,18,0,0.49388403068658127,0.49223733363131067,-0.0016466970552705962
X_syn1,X_conf,2,1,18,0,0.4206256768999849,0.48783613991877706,0.06721046301879213
X_syn1,X_syn2,2,3,18,0,0.46824131455727935,0.4973765346620526,0.029135220104773263
X_syn1,Z_noise1,2,4,18,0,0.4904134478001078,0.49449868681237863,0.004085239012270814
X_syn1,Z_noise2,2,5,18,0,0.4914364269204628,0.4921020473164075,0.0006656203959446994
X_syn1,Z_noise3,2,6,18,0,0.49250656263368875,0.492079819242015,-0.0004267433916737562
X_syn2,X_causal,3,0,18,0,0.49623599797835743,0.49667236804267284,0.0004363700643154056
X_syn2,X_conf,3,1,18,0,0.4257247992460254,0.4964536423152948,0.07072884306926941
X_syn2,X_syn1,3,2,18,0,0.46912145681099826,0.4968383311153684,0.027716874304370143
X_syn2,Z_noise1,3,4,18,0,0.4959317994310988,0.49384381609195305,-0.002087983339145727
X_syn2,Z_noise2,3,5,18,0,0.495307456855097,0.4936265597468321,-0.001680897108264856
X_syn2,Z_noise3,3,6,18,0,0.49710282313577986,0.49687726998533827,-0.00022555315044159308
Z_noise1,X_causal,4,0,18,0,0.495428602502827,0.4934329369287637,-0.0019956655740632767
Z_noise1,X_conf,4,1,18,0,0.41872051571790597,0.4934922858271319,0.07477177010922592
Z_noise1,X_syn1,4,2,18,0,0.4914479764456175,0.4944223410403782,0.0029743645947606923
Z_noise1,X_syn2,4,3,18,0,0.4963806382645522,0.49465894293013013,-0.0017216953344220687
Z_noise1,Z_noise2,4,5,18,0,0.49110210013616856,0.4923999856059517,0.0012978854697831554
Z_noise1,Z_noise3,4,6,18,0,0.49725492128822746,0.49644741130142694,-0.0008075099868005142
Z_noise2,X_causal,5,0,18,0,0.4943109598701404,0.49069662667112907,-0.0036143331990113325
Z_noise2,X_conf,5,1,18,0,0.4270892457816925,0.49170426127837147,0.06461501549667897
Z_noise2,X_syn1,5,2,18,0,0.49169500667328564,0.4951022190029039,0.00340721232961827
Z_noise2,X_syn2,5,3,18,0,0.49513740361707864,0.49576818433673203,0.0006307807196533899
Z_noise2,Z_noise1,5,4,18,0,0.4909044821423591,0.4949184731603964,0.004013991018037288
Z_noise2,Z_noise3,5,6,18,0,0.494389691305196,0.4930678674863203,-0.0013218238188756892
Z_noise3,X_causal,6,0,18,0,0.4950930166183402,0.49412693746317665,-0.0009660791551635572
Z_noise3,X_conf,6,1,18,0,0.4224353345064095,0.49652785504993047,0.07409252054352095
Z_noise3,X_syn1,6,2,18,0,0.49232412809271603,0.49783802770038393,0.005513899607667905
Z_noise3,X_syn2,6,3,18,0,0.49768773690816254,0.4911590474509402,-0.0065286894572223475
Z_noise3,Z_noise1,6,4,18,0,0.4984622937967039,0.49185885196333406,-0.006603441833369861
Z_noise3,Z_noise2,6,5,18,0,0.4943946379813112,0.49675639938667077,0.0023617614053595415
X_causal,X_conf,0,1,18,1,0.44584330487128077,0.5011371886644922,0.05529388379321143
X_causal,X_syn1,0,2,18,1,0.5012384399157233,0.4934109237511068,-0.007827516164616466
X_causal,X_syn2,0,3,18,1,0.4988664815685668,0.49734273039949467,-0.0015237511690721073
X_causal,Z_noise1,0,4,18,1,0.498473067136397,0.49646968077649606,-0.0020033863599009383
X_causal,Z_noise2,0,5,18,1,0.4971014465514442,0.5007697095413262,0.003668262989881932
X_causal,Z_noise3,0,6,18,1,0.500439483780134,0.49493889250910716,-0.005500591271026867
X_conf,X_causal,1,0,18,1,0.44463325669540177,0.44277779910698994,-0.001855457588411824
X_conf,X_syn1,1,2,18,1,0.4437186043137792,0.4404052768061069,-0.00331332750767227
X_conf,X_syn2,1,3,18,1,0.44014750158582905,0.4448325965896274,0.0046850950037983785
X_conf,Z_noise1,1,4,18,1,0.4439336259942959,0.4473978935651543,0.0034642675708583814
X_conf,Z_noise2,1,5,18,1,0.4397420958499401,0.44548915153895174,0.0057470556890116264
X_conf,Z_noise3,1,6,18,1,0.442541423330167,0.44081800000006016,-0.0017234233301068325
X_syn1,X_causal,2,0,18,1,0.5007072470745508,0.4911620781680527,-0.009545168906498147
X_syn1,X_conf,2,1,18,1,0.4442767806471221,0.4987748207821038,0.05449804013498166
X_syn1,X_syn2,2,3,18,1,0.48205482570968616,0.4948314245096028,0.01277659879991666
X_syn1,Z_noise1,2,4,18,1,0.4956359899699042,0.4938862256647264,-0.0017497643051778144
X_syn1,Z_noise2,2,5,18,1,0.49711543716128265,0.49372402344595173,-0.0033914137153309154
X_syn1,Z_noise3,2,6,18,1,0.4936107205411568,0.49621979020180823,0.002609069660651442
X_syn2,X_causal,3,0,18,1,0.499255210384126,0.49546076713485165,-0.0037944432492743596
X_syn2,X_conf,3,1,18,1,0.44020950019165794,0.49850227232310906,0.05829277213145112
X_syn2,X_syn1,3,2,18,1,0.48187710118955485,0.4968388323691035,0.014961731179548632
X_syn2,Z_noise1,3,4,18,1,0.5030875562810684,0.49975247671019263,-0.003335079570875754
X_syn2,Z_noise2,3,5,18,1,0.4984593831433827,0.4971749171626413,-0.0012844659807413894
X_syn2,Z_noise3,3,6,18,1,0.4967609999016685,0.4956529417161264,-0.0011080581855421046
Z_noise1,X_causal,4,0,18,1,0.4974593098241948,0.4968774693595545,-0.0005818404646402708
Z_noise1,X_conf,4,1,18,1,0.4445535707522185,0.4994359832372066,0.0548824124849881
Z_noise1,X_syn1,4,2,18,1,0.49635567340198034,0.4954660853103585,-0.000889588091621818
Z_noise1,X_syn2,4,3,18,1,0.5029554596107159,0.49628731587055036,-0.0066681437401655
Z_noise1,Z_noise2,4,5,18,1,0.4976593154898726,0.5003954133675012,0.002736097877628574
Z_noise1,Z_noise3,4,6,18,1,0.49573034916972675,0.4964647004959178,0.0007343513261910406
Z_noise2,X_causal,5,0,18,1,0.496944786637061,0.4945167591913023,-0.002428027445758707
Z_noise2,X_conf,5,1,18,1,0.4394313505583551,0.49975969632980966,0.06032834577145457
Z_noise2,X_syn1,5,2,18,1,0.49751123362948224,0.4972351333876962,-0.000276100241786037
Z_noise2,X_syn2,5,3,18,1,0.49818883107543166,0.4952832460600652,-0.002905585015366474
Z_noise2,Z_noise1,5,4,18,1,0.4975642895365436,0.49862987116154056,0.0010655816249969807
Z_noise2,Z_noise3,5,6,18,1,0.4995621891162967,0.49637376936188843,-0.003188419754408256
Z_noise3,X_causal,6,0,18,1,0.5002585784031267,0.49437075642094075,-0.005887821982185959
Z_noise3,X_conf,6,1,18,1,0.44447669733445005,0.5019672869991669,0.057490589664716873
Z_noise3,X_syn1,6,2,18,1,0.49315537719758074,0.4954441267245973,0.002288749527016576
Z_noise3,X_syn2,6,3,18,1,0.49674702753180194,0.49793022494426953,0.0011831974124675848
Z_noise3,Z_noise1,6,4,18,1,0.4959082577833783,0.4962807354146252,0.0003724776312468703
Z_noise3,Z_noise2,6,5,18,1,0.4980686276754432,0.4964936581481104,-0.0015749695273327702
X_causal,X_conf,0,1,18,2,0.4378392665709726,0.4954431466698884,0.057603880098915816
X_causal,X_syn1,0,2,18,2,0.49614230290077616,0.49785238029306894,0.0017100773922927859
X_causal,X_syn2,0,3,18,2,0.49432706063132864,0.4981855444020142,0.003858483770685539
X_causal,Z_noise1,0,4,18,2,0.49665224427973137,0.5001270182245234,0.0034747739447920645
X_causal,Z_noise2,0,5,18,2,0.4937515276129162,0.4950941700163333,0.001342642403417138
X_causal,Z_noise3,0,6,18,2,0.4962599345541575,0.4983791442877736,0.0021192097336160676
X_conf,X_causal,1,0,18,2,0.43822474267769074,0.442001584214059,0.0037768415363682584
X_conf,X_syn1,1,2,18,2,0.43805141937445313,0.43185161950295936,-0.006199799871493772
X_conf,X_syn2,1,3,18,2,0.4317465694813909,0.44054210817937056,0.008795538697979666
X_conf,Z_noise1,1,4,18,2,0.4361091732826116,0.4429113339779926,0.0068021606953809766
X_conf,Z_noise2,1,5,18,2,0.43730920129113904,0.43640415957371237,-0.0009050417174266689
X_conf,Z_noise3,1,6,18,2,0.4351791085684847,0.43631990531870846,0.0011407967502237715
X_syn1,X_causal,2,0,18,2,0.4958215891193353,0.49876533673646445,0.002943747617129122
X_syn1,X_conf,2,1,18,2,0.43814538597552183,0.4954833948742073,0.057338008898685455
X_syn1,X_syn2,2,3,18,2,0.4765755524569311,0.4965567674150901,0.019981214958158966
X_syn1,Z_noise1,2,4,18,2,0.4943930440707146,0.49940810882941417,0.005015064758699561
X_syn1,Z_noise2,2,5,18,2,0.4956644533780774,0.4925735734000367,-0.003090879978040695
X_syn1,Z_noise3,2,6,18,2,0.49681744856729,0.49471140498910116,-0.002106043578188832
X_syn2,X_causal,3,0,18,2,0.4950166334395341,0.5003435539332385,0.005326920493704368
X_syn2,X_conf,3,1,18,2,0.43227985841435634,0.4946568174586914,0.062376959044335045
X_syn2,X_syn1,3,2,18,2,0.4758715110694254,0.4934153232964599,0.017543812227034494
X_syn2,Z_noise1,3,4,18,2,0.49341773297185004,0.4981581706900798,0.00474043771822974
X_syn2,Z_noise2,3,5,18,2,0.49788918431988616,0.492890617389091,-0.004998566930795145
X_syn2,Z_noise3,3,6,18,2,0.4924277112890806,0.49570315390732544,0.0032754426182448615
Z_noise1,X_causal,4,0,18,2,0.49580472781409035,0.498139724889714,0.002334997075623624
Z_noise1,X_conf,4,1,18,2,0.43640994455182336,0.4947815105520245,0.05837156600020116
Z_noise1,X_syn1,4,2,18,2,0.4941749830677548,0.49421105099992985,3.606793217503235e-05
Z_noise1,X_syn2,4,3,18,2,0.4934413046759332,0.4987785897981337,0.005337285122200497
Z_noise1,Z_noise2,4,5,18,2,0.4952888620591951,0.4942493720375963,-0.00103949002159881
Z_noise1,Z_noise3,4,6,18,2,0.49463173897931295,0.4977904627757952,0.0031587237964822434
Z_noise2,X_causal,5,0,18,2,0.4943404915153843,0.49850784069867765,0.004167349183293367
Z_noise2,X_conf,5,1,18,2,0.43891364142405587,0.49353019009432325,0.054616548670267384
Z_noise2,X_syn1,5,2,18,2,0.49569838154003926,0.4942281768293134,-0.001470204710725842
Z_noise2,X_syn2,5,3,18,2,0.49808729988751455,0.49686637680109186,-0.0012209230864226872
Z_noise2,Z_noise1,5,4,18,2,0.4944173392426608,0.49935815176005355,0.004940812517392756
Z_noise2,Z_noise3,5,6,18,2,0.49447769015869497,0.4966479301831946,0.0021702400244996145
Z_noise3,X_causal,6,0,18,2,0.4956462040579133,0.4973833752760534,0.001737171218140099
Z_noise3,X_conf,6,1,18,2,0.4355705823188009,0.49414084592692187,0.058570263608120954
Z_noise3,X_syn1,6,2,18,2,0.49586615720183636,0.4951681923813125,-0.0006979648205238664
Z_noise3,X_syn2,6,3,18,2,0.4928197379020766,0.49711550455391007,0.004295766651833455
Z_noise3,Z_noise1,6,4,18,2,0.49439606702363514,0.4973185862321756,0.002922519208540475
Z_noise3,Z_noise2,6,5,18,2,0.4951607790337104,0.4919203089224176,-0.0032404701112928036
X_causal,X_conf,0,1,18,3,0.4353772789271084,0.49207461921997686,0.05669734029286844
X_causal,X_syn1,0,2,18,3,0.4953843683762929,0.4943760219918846,-0.0010083463844083318
X_causal,X_syn2,0,3,18,3,0.4907100816693896,0.4898018670426541,-0.0009082146267355151
X_causal,Z_noise1,0,4,18,3,0.4938144620655289,0.49666634194396986,0.0028518798784409327
X_causal,Z_noise2,0,5,18,3,0.4941854805072253,0.4931139698974508,-0.0010715106097745064
X_causal,Z_noise3,0,6,18,3,0.49404035511609423,0.4930131815406006,-0.001027173575493645
X_conf,X_causal,1,0,18,3,0.43728171669042676,0.436191372308672,-0.0010903443817547598
X_conf,X_syn1,1,2,18,3,0.4396964670910362,0.4381003341060942,-0.0015961329849419892
X_conf,X_syn2,1,3,18,3,0.4330584123392801,0.4334819339921484,0.00042352165286829724
X_conf,Z_noise1,1,4,18,3,0.4353562863743087,0.4325203377530939,-0.002835948621214779
X_conf,Z_noise2,1,5,18,3,0.4336541385803917,0.43433391020011497,0.0006797716197232684
X_conf,Z_noise3,1,6,18,3,0.4292372307854742,0.43307919610149265,0.0038419653160184364
X_syn1,X_causal,2,0,18,3,0.4956194972798148,0.49219605808752376,-0.0034234391922910445
X_syn1,X_conf,2,1,18,3,0.44012933748936317,0.4897026779429392,0.04957334045357603
X_syn1,X_syn2,2,3,18,3,0.4632516550198891,0.49340386340567444,0.030152208385785362
X_syn1,Z_noise1,2,4,18,3,0.4955474191095111,0.49756448676871806,0.0020170676592069503
X_syn1,Z_noise2,2,5,18,3,0.4935595228905591,0.495931353956068,0.0023718310655089225
X_syn1,Z_noise3,2,6,18,3,0.4955464578969923,0.4948067611593884,-0.0007396967376039343
X_syn2,X_causal,3,0,18,3,0.49147790972058114,0.49243390103437684,0.000955991313795701
X_syn2,X_conf,3,1,18,3,0.43311036330511415,0.49231521329231226,0.059204849987198105
X_syn2,X_syn1,3,2,18,3,0.4636422450746854,0.49465547077666827,0.031013225701982894
X_syn2,Z_noise1,3,4,18,3,0.49185803322592425,0.4966842298735403,0.004826196647616021
X_syn2,Z_noise2,3,5,18,3,0.49598077986745615,0.49448174247850646,-0.0014990373889496866
X_syn2,Z_noise3,3,6,18,3,0.49407548125354855,0.4965247277873722,0.002449246533823668
Z_noise1,X_causal,4,0,18,3,0.49345088808007187,0.4938529131532083,0.0004020250731364139
Z_noise1,X_conf,4,1,18,3,0.43594331289175564,0.49614843921962015,0.06020512632786451
Z_noise1,X_syn1,4,2,18,3,0.49639015219329174,0.49433413426994677,-0.002056017923344977
Z_noise1,X_syn2,4,3,18,3,0.4911352145096075,0.49264380749369735,0.0015085929840898404
Z_noise1,Z_noise2,4,5,18,3,0.49456971747721373,0.49387509210645886,-0.0006946253707548755
Z_noise1,Z_noise3,4,6,18,3,0.492234429044917,0.4977474964084526,0.005513067363535629
Z_noise2,X_causal,5,0,18,3,0.49469330873552075,0.4942974054186425,-0.0003959033168782766
Z_noise2,X_conf,5,1,18,3,0.43253602632493876,0.4935389236859714,0.06100289736103265
Z_noise2,X_syn1,5,2,18,3,0.49295419003367213,0.49098029642198643,-0.0019738936116857064
Z_noise2,X_syn2,5,3,18,3,0.49648504611585464,0.4908287436733951,-0.005656302442459571
Z_noise2,Z_noise1,5,4,18,3,0.49486327216373244,0.49659691325061434,0.0017336410868818986
Z_noise2,Z_noise3,5,6,18,3,0.4956614124142719,0.4966663916116326,0.0010049791973607003
Z_noise3,X_causal,6,0,18,3,0.49426432206499754,0.4952281116176543,0.0009637895526567464
Z_noise3,X_conf,6,1,18,3,0.4292217662162155,0.4940854121411909,0.0648636459249754
Z_noise3,X_syn1,6,2,18,3,0.4953350258376384,0.492081634646077,-0.0032533911915613722
Z_noise3,X_syn2,6,3,18,3,0.4948730184915181,0.49046472315521816,-0.004408295336299939
Z_noise3,Z_noise1,6,4,18,3,0.49196388836508875,0.49616995591801805,0.0042060675529292935
Z_noise3,Z_noise2,6,5,18,3,0.4961257179112641,0.49472706274392075,-0.0013986551673433323
X_causal,X_conf,0,1,18,4,0.46690316198995413,0.49680123085806166,0.02989806886810753
X_causal,X_syn1,0,2,18,4,0.498082531047968,0.49711401095379654,-0.0009685200941714767
X_causal,X_syn2,0,3,18,4,0.49778963414867233,0.50127014506479,0.0034805109161176184
X_causal,Z_noise1,0,4,18,4,0.4975429613206297,0.49633328793695186,-0.001209673383677834
X_causal,Z_noise2,0,5,18,4,0.49720575952106705,0.49834563433676166,0.0011398748156946081
X_causal,Z_noise3,0,6,18,4,0.4990195889826659,0.499895791656447,0.0008762026737810791
X_conf,X_causal,1,0,18,4,0.4658522943238046,0.4640279313986819,-0.001824362925122669
X_conf,X_syn1,1,2,18,4,0.46122168315439027,0.4613452469256559,0.00012356377126565565
X_conf,X_syn2,1,3,18,4,0.4588197566844008,0.4552341654930416,-0.0035855911913592053
X_conf,Z_noise1,1,4,18,4,0.4617627224035609,0.45927391310321947,-0.0024888093003414546
X_conf,Z_noise2,1,5,18,4,0.45516381840976966,0.4584234832152747,0.003259664805505047
X_conf,Z_noise3,1,6,18,4,0.4595455193147452,0.4601383165413561,0.0005927972266109305
X_syn1,X_causal,2,0,18,4,0.4975789458238944,0.497194464387506,-0.0003844814363884175
X_syn1,X_conf,2,1,18,4,0.462738254075496,0.4905539506228938,0.027815696547397795
X_syn1,X_syn2,2,3,18,4,0.4697354292055512,0.493754858441427,0.0240194292358758
X_syn1,Z_noise1,2,4,18,4,0.4923458462392955,0.4920988077681964,-0.0002470384710990814
X_syn1,Z_noise2,2,5,18,4,0.4960682797192312,0.49503221468406,-0.0010360650351711742
X_syn1,Z_noise3,2,6,18,4,0.4964384224512743,0.49930672482257227,0.0028683023712979816
X_syn2,X_causal,3,0,18,4,0.4973135786613923,0.49792306777192114,0.0006094891105288269
X_syn2,X_conf,3,1,18,4,0.4581495677037129,0.4959796635338413,0.03783009583012842
X_syn2,X_syn1,3,2,18,4,0.4700589873205996,0.4998132227781921,0.029754235457592537
X_syn2,Z_noise1,3,4,18,4,0.4982978972663131,0.49690778371578115,-0.001390113550531924
X_syn2,Z_noise2,3,5,18,4,0.49581942942129775,0.49825581778770883,0.0024363883664110797
X_syn2,Z_noise3,3,6,18,4,0.4985664883825698,0.4970456846665281,-0.0015208037160416854
Z_noise1,X_causal,4,0,18,4,0.49723444816564943,0.4966392532871811,-0.0005951948784683192
Z_noise1,X_conf,4,1,18,4,0.46087180979526793,0.4960544456080138,0.03518263581274589
Z_noise1,X_syn1,4,2,18,4,0.49277708597858444,0.49752914110375507,0.004752055125170629
Z_noise1,X_syn2,4,3,18,4,0.4987560615537122,0.49786969454035224,-0.0008863670133599788
Z_noise1,Z_noise2,4,5,18,4,0.4945393622588792,0.4953628054935765,0.0008234432346972964
Z_noise1,Z_noise3,4,6,18,4,0.4989503496706521,0.4963194639901378,-0.0026308856805142833
Z_noise2,X_causal,5,0,18,4,0.49739450992897155,0.49655725146480995,-0.0008372584641616054
Z_noise2,X_conf,5,1,18,4,0.4554258129366178,0.495908736397043,0.0404829234604252
Z_noise2,X_syn1,5,2,18,4,0.4958314834725546,0.49985980077000375,0.004028317297449124
Z_noise2,X_syn2,5,3,18,4,0.49644127840264163,0.49666585967645477,0.0002245812738131403
Z_noise2,Z_noise1,5,4,18,4,0.49457953985037945,0.49597709794581657,0.0013975580954371236
Z_noise2,Z_noise3,5,6,18,4,0.4991898707749345,0.4966087666684873,-0.002581104106447185
Z_noise3,X_causal,6,0,18,4,0.4973954993178788,0.5015214270214298,0.004125927703550969
Z_noise3,X_conf,6,1,18,4,0.4597430232222067,0.49483220056575095,0.03508917734354422
Z_noise3,X_syn1,6,2,18,4,0.4970949649707852,0.4970425984660436,-5.2366504741607756e-05
Z_noise3,X_syn2,6,3,18,4,0.49822988892125575,0.4956929012153317,-0.002536987705924032
Z_noise3,Z_noise1,6,4,18,4,0.4988283157066515,0.4967731049052123,-0.002055210801439167
Z_noise3,Z_noise2,6,5,18,4,0.4988119830609803,0.49776530818862946,-0.001046674872350828
X_causal,X_conf,0,1,18,5,0.4587813548754122,0.49912323096359534,0.040341876088183126
X_causal,X_syn1,0,2,18,5,0.49512870283452776,0.49429222772265685,-0.0008364751118709046
X_causal,X_syn2,0,3,18,5,0.49570352454740846,0.49562508977094716,-7.843477646130026e-05
X_causal,Z_noise1,0,4,18,5,0.4967777952506968,0.4938957579518612,-0.002882037298835627
X_causal,Z_noise2,0,5,18,5,0.4989348921248074,0.4965036475774757,-0.002431244547331679
X_causal,Z_noise3,0,6,18,5,0.4976069508252186,0.4989851741651297,0.001378223339911111
X_conf,X_causal,1,0,18,5,0.4577167411255888,0.46265187878730274,0.00493513766171394
X_conf,X_syn1,1,2,18,5,0.46208979030665653,0.4626961728746878,0.0006063825680312496
X_conf,X_syn2,1,3,18,5,0.458037838062065,0.4633307891381126,0.005292951076047603
X_conf,Z_noise1,1,4,18,5,0.46109957918070055,0.45913052749518285,-0.0019690516855176976
X_conf,Z_noise2,1,5,18,5,0.4642408217906427,0.46501781206253706,0.0007769902718943733
X_conf,Z_noise3,1,6,18,5,0.4628235315263721,0.4611261034367694,-0.001697428089602715
X_syn1,X_causal,2,0,18,5,0.49618965275285815,0.49928958953051283,0.0030999367776546882
X_syn1,X_conf,2,1,18,5,0.4625518644351226,0.49351433049619653,0.030962466061073946
X_syn1,X_syn2,2,3,18,5,0.4835224454129417,0.49433380474191946,0.010811359328977754
X_syn1,Z_noise1,2,4,18,5,0.498398883895666,0.4951544368968264,-0.0032444469988395785
X_syn1,Z_noise2,2,5,18,5,0.49820714361999696,0.4959420470079409,-0.002265096612056039
X_syn1,Z_noise3,2,6,18,5,0.4966723156350098,0.4981087272301682,0.0014364115951583933
X_syn2,X_causal,3,0,18,5,0.4956004772906531,0.4971628950023594,0.0015624177117062876
X_syn2,X_conf,3,1,18,5,0.45832096994964605,0.49621082921081294,0.03788985926116689
X_syn2,X_syn1,3,2,18,5,0.48404108839980536,0.494659770370132,0.010618681970326616
X_syn2,Z_noise1,3,4,18,5,0.4945868515088181,0.4914633725868715,-0.0031234789219465875
X_syn2,Z_noise2,3,5,18,5,0.4965576363370276,0.4998908905951859,0.0033332542581582802
X_syn2,Z_noise3,3,6,18,5,0.49723199364311477,0.4952153997038076,-0.002016593939307143
Z_noise1,X_causal,4,0,18,5,0.4966232551114122,0.49931162038008514,0.002688365268672943
Z_noise1,X_conf,4,1,18,5,0.46223402241253253,0.49661017070666025,0.03437614829412772
Z_noise1,X_syn1,4,2,18,5,0.4969666072156215,0.49440578846371247,-0.0025608187519090553
Z_noise1,X_syn2,4,3,18,5,0.4952380074861345,0.4992857654382897,0.004047757952155173
Z_noise1,Z_noise2,4,5,18,5,0.494150283976779,0.49711127359559776,0.0029609896188187435
Z_noise1,Z_noise3,4,6,18,5,0.4997911217978744,0.4962344339519281,-0.0035566878459462603
Z_noise2,X_causal,5,0,18,5,0.4983067114304501,0.49867324317734785,0.00036653174689776913
Z_noise2,X_conf,5,1,18,5,0.46311373208931256,0.49598053656412217,0.03286680447480961
Z_noise2,X_syn1,5,2,18,5,0.4984639675745437,0.49594953660299174,-0.002514430971551962
Z_noise2,X_syn2,5,3,18,5,0.4966116627574878,0.49569223698314907,-0.0009194257743387335
Z_noise2,Z_noise1,5,4,18,5,0.4943547335358996,0.494067198698537,-0.0002875348373626019
Z_noise2,Z_noise3,5,6,18,5,0.49756461827193976,0.49594614372008805,-0.0016184745518517119
Z_noise3,X_causal,6,0,18,5,0.4972280269339914,0.49920360250771173,0.001975575573720356
Z_noise3,X_conf,6,1,18,5,0.4620185978969554,0.4963665998259822,0.03434800192902682
Z_noise3,X_syn1,6,2,18,5,0.49676972889872095,0.49731391721779794,0.0005441883190769881
Z_noise3,X_syn2,6,3,18,5,0.49740073779299226,0.49960957596456473,0.002208838171572469
Z_noise3,Z_noise1,6,4,18,5,0.49878457824502365,0.49716381099179957,-0.0016207672532240758
Z_noise3,Z_noise2,6,5,18,5,0.4972324511771144,0.49601719570695796,-0.00121525547015644
X_causal,X_conf,0,1,18,6,0.448418925584555,0.4997457041831153,0.05132677859856033
X_causal,X_syn1,0,2,18,6,0.5004615292531285,0.5001152887088959,-0.0003462405442326011
X_causal,X_syn2,0,3,18,6,0.4982904433816335,0.5046602181846122,0.006369774802978678
X_causal,Z_noise1,0,4,18,6,0.4993946049379041,0.5028174056558798,0.003422800717975738
X_causal,Z_noise2,0,5,18,6,0.49653950954133314,0.49825523214997103,0.001715722608637893
X_causal,Z_noise3,0,6,18,6,0.5040749044127163,0.49911777449094646,-0.004957129921769832
X_conf,X_causal,1,0,18,6,0.4486461158922417,0.44464223267262554,-0.0040038832196161445
X_conf,X_syn1,1,2,18,6,0.4531623467984517,0.4473874895661388,-0.005774857232312913
X_conf,X_syn2,1,3,18,6,0.45156156922033514,0.44413231693520105,-0.00742925228513408
X_conf,Z_noise1,1,4,18,6,0.4450919054316994,0.44655136944876117,0.0014594640170617623
X_conf,Z_noise2,1,5,18,6,0.44598364899663656,0.4489178706192606,0.0029342216226240225
X_conf,Z_noise3,1,6,18,6,0.45274863395409726,0.45216604935865734,-0.0005825845954399167
X_syn1,X_causal,2,0,18,6,0.5004491667774824,0.5008930337222307,0.0004438669447482946
X_syn1,X_conf,2,1,18,6,0.452879749993645,0.4985598018677965,0.04568005187415153
X_syn1,X_syn2,2,3,18,6,0.47446958022884606,0.5032713112712112,0.02880173104236511
X_syn1,Z_noise1,2,4,18,6,0.4961599434672321,0.49538117285945377,-0.0007787706077783119
X_syn1,Z_noise2,2,5,18,6,0.4963431933875319,0.49695751234771895,0.0006143189601870436
X_syn1,Z_noise3,2,6,18,6,0.5023810663280638,0.4976764002850441,-0.004704666043019667
X_syn2,X_causal,3,0,18,6,0.4988630887808603,0.49625190936236296,-0.0026111794184973114
X_syn2,X_conf,3,1,18,6,0.450467148927924,0.4998042082087612,0.0493370592808372
X_syn2,X_syn1,3,2,18,6,0.4742470142776226,0.4973583526665155,0.0231113383888929
X_syn2,Z_noise1,3,4,18,6,0.496447851594032,0.4916090038382402,-0.0048388477557917975
X_syn2,Z_noise2,3,5,18,6,0.49680669508832503,0.49877133410038405,0.0019646390120590107
X_syn2,Z_noise3,3,6,18,6,0.5023461708282887,0.49994965890942566,-0.0023965119188630313
Z_noise1,X_causal,4,0,18,6,0.499800247923249,0.49582741067080605,-0.003972837252442962
Z_noise1,X_conf,4,1,18,6,0.4440228737618007,0.4998589927576259,0.05583611899582519
Z_noise1,X_syn1,4,2,18,6,0.49676785867345047,0.4953705589743222,-0.0013972996991282738
Z_noise1,X_syn2,4,3,18,6,0.49630360112772814,0.49728939158477803,0.0009857904570498843
Z_noise1,Z_noise2,4,5,18,6,0.4945744388403443,0.4965566278640271,0.001982189023682801
Z_noise1,Z_noise3,4,6,18,6,0.504331360954397,0.4990021534905016,-0.0053292074638954245
Z_noise2,X_causal,5,0,18,6,0.4964426697678615,0.4952759784427348,-0.0011666913251267008
Z_noise2,X_conf,5,1,18,6,0.4458396752263443,0.4965466864374812,0.050707011211136854
Z_noise2,X_syn1,5,2,18,6,0.4963569867017981,0.495580820812753,-0.0007761658890451106
Z_noise2,X_syn2,5,3,18,6,0.4963825573108578,0.5002932657598937,0.00391070844903596
Z_noise2,Z_noise1,5,4,18,6,0.49438533209128743,0.49390780968652565,-0.00047752240476178764
Z_noise2,Z_noise3,5,6,18,6,0.49945702003326087,0.4965742862941391,-0.00288273373912179
Z_noise3,X_causal,6,0,18,6,0.5029359850608746,0.5013518383419148,-0.001584146718959789
Z_noise3,X_conf,6,1,18,6,0.4534662020412927,0.5002375837657476,0.046771381724454886
Z_noise3,X_syn1,6,2,18,6,0.5017656619100955,0.503243455497137,0.001477793587041476
Z_noise3,X_syn2,6,3,18,6,0.5030098980806326,0.5066080492689999,0.003598151188367371
Z_noise3,Z_noise1,6,4,18,6,0.5044979250055329,0.5041331993101026,-0.0003647256954303346
Z_noise3,Z_noise2,6,5,18,6,0.4994022245418436,0.5039646831125107,0.004562458570667172
X_causal,X_conf,0,1,18,7,0.43744472212430774,0.4995761867676324,0.06213146464332464
X_causal,X_syn1,0,2,18,7,0.4936431294156228,0.4984437102606904,0.004800580845067626
X_causal,X_syn2,0,3,18,7,0.49549613276081267,0.4956847995964357,0.00018866683562301922
X_causal,Z_noise1,0,4,18,7,0.49838509309544804,0.49389197182912387,-0.004493121266324174
X_causal,Z_noise2,0,5,18,7,0.49611695698626396,0.49774605144172174,0.0016290944554577802
X_causal,Z_noise3,0,6,18,7,0.49438339944780435,0.49503339990756773,0.000650000459763378
X_conf,X_causal,1,0,18,7,0.43749502167785675,0.43592309761576475,-0.0015719240620920005
X_conf,X_syn1,1,2,18,7,0.44079040587460633,0.4410535416176535,0.00026313574304714926
X_conf,X_syn2,1,3,18,7,0.4384139124641912,0.4365392506985141,-0.001874661765677077
X_conf,Z_noise1,1,4,18,7,0.4427548304795718,0.43897782698167426,-0.0037770034978975575
X_conf,Z_noise2,1,5,18,7,0.4369778744458643,0.4374127139615618,0.0004348395156975049
X_conf,Z_noise3,1,6,18,7,0.43560842263353927,0.43532264688441163,-0.0002857757491276369
X_syn1,X_causal,2,0,18,7,0.4940754598330513,0.4953520460486624,0.0012765862156111085
X_syn1,X_conf,2,1,18,7,0.4405987860515046,0.5010543666679652,0.060455580616460614
X_syn1,X_syn2,2,3,18,7,0.4575389546481898,0.49413298869663963,0.03659403404844985
X_syn1,Z_noise1,2,4,18,7,0.494219315650407,0.4907977346588531,-0.003421580991553874
X_syn1,Z_noise2,2,5,18,7,0.49450688944755794,0.49570035055565415,0.0011934611080962054
X_syn1,Z_noise3,2,6,18,7,0.49572623545038197,0.4911961283619815,-0.004530107088400459
X_syn2,X_causal,3,0,18,7,0.49461050598437994,0.49680020047125417,0.0021896944868742274
X_syn2,X_conf,3,1,18,7,0.4388810941999226,0.4954818438311061,0.0566007496311835
X_syn2,X_syn1,3,2,18,7,0.4582490923701029,0.49399684388556747,0.035747751515464554
X_syn2,Z_noise1,3,4,18,7,0.49845051396517925,0.4943955468187915,-0.004054967146387756
X_syn2,Z_noise2,3,5,18,7,0.49742707442367845,0.4943377248861567,-0.0030893495375217683
X_syn2,Z_noise3,3,6,18,7,0.49371197383191046,0.4946858061566672,0.0009738323247567293
Z_noise1,X_causal,4,0,18,7,0.4986564515928671,0.4959162307304751,-0.0027402208623920066
Z_noise1,X_conf,4,1,18,7,0.4420107214258034,0.4991264174677177,0.0571156960419143
Z_noise1,X_syn1,4,2,18,7,0.49382584730329815,0.49728347203816015,0.003457624734861997
Z_noise1,X_syn2,4,3,18,7,0.49805870812629066,0.49706722893534144,-0.0009914791909492182
Z_noise1,Z_noise2,4,5,18,7,0.4940348022958724,0.5008002363103615,0.006765434014489147
Z_noise1,Z_noise3,4,6,18,7,0.49846565942248905,0.4976036796496497,-0.0008619797728393608
Z_noise2,X_causal,5,0,18,7,0.49678879147882754,0.49271070068664485,-0.004078090792182687
Z_noise2,X_conf,5,1,18,7,0.4365265950535003,0.5010524330789932,0.06452583802549289
Z_noise2,X_syn1,5,2,18,7,0.4945245999519647,0.49798280677660794,0.003458206824643262
Z_noise2,X_syn2,5,3,18,7,0.4972943754299992,0.495589630723879,-0.0017047447061201981
Z_noise2,Z_noise1,5,4,18,7,0.4943650567384819,0.4976619427088061,0.0032968859703241815
Z_noise2,Z_noise3,5,6,18,7,0.495213820438161,0.49931764984072197,0.004103829402560988
Z_noise3,X_causal,6,0,18,7,0.49473098998208914,0.49792769408464593,0.003196704102556791
Z_noise3,X_conf,6,1,18,7,0.4351733388127391,0.500734584607767,0.06556124579502787
Z_noise3,X_syn1,6,2,18,7,0.49613200929103346,0.49715397055188965,0.0010219612608561857
Z_noise3,X_syn2,6,3,18,7,0.49485496589001193,0.4977809552701684,0.0029259893801564796
Z_noise3,Z_noise1,6,4,18,7,0.4989819128771112,0.49463288038822173,-0.004349032488889459
Z_noise3,Z_noise2,6,5,18,7,0.4945956157575538,0.49325429949080485,-0.0013413162667489376
X_causal,X_conf,0,1,18,8,0.4359039632250864,0.49217015725270175,0.056266194027615346
X_causal,X_syn1,0,2,18,8,0.49332267464208857,0.4936146763354356,0.00029200169334703263
X_causal,X_syn2,0,3,18,8,0.49561620449007115,0.4921872543705854,-0.003428950119485741
X_causal,Z_noise1,0,4,18,8,0.4969074706765633,0.4949915140765283,-0.0019159566000350181
X_causal,Z_noise2,0,5,18,8,0.49346144210783655,0.4955654412654812,0.0021039991576446426
X_causal,Z_noise3,0,6,18,8,0.4985333117225029,0.49354419558528334,-0.004989116137219585
X_conf,X_causal,1,0,18,8,0.4346696942202394,0.4426681891894117,0.00799849496917232
X_conf,X_syn1,1,2,18,8,0.44007790349162507,0.4396545656319659,-0.0004233378596591453
X_conf,X_syn2,1,3,18,8,0.44224643589984325,0.43955483985118243,-0.002691596048660816
X_conf,Z_noise1,1,4,18,8,0.4450077918725551,0.4456936171338594,0.0006858252613042848
X_conf,Z_noise2,1,5,18,8,0.44000433261255617,0.4437906981414478,0.003786365528891611
X_conf,Z_noise3,1,6,18,8,0.44636429161925895,0.4424679488517864,-0.003896342767472527
X_syn1,X_causal,2,0,18,8,0.4925304712282469,0.4940038932032418,0.001473421974994893
X_syn1,X_conf,2,1,18,8,0.4410398129212572,0.4943786668707541,0.05333885394949689
X_syn1,X_syn2,2,3,18,8,0.4810724495596431,0.49335156666175967,0.012279117102116544
X_syn1,Z_noise1,2,4,18,8,0.49649183070178937,0.49668881000009546,0.00019697929830608807
X_syn1,Z_noise2,2,5,18,8,0.4977609396890749,0.49544965566095955,-0.002311284028115368
X_syn1,Z_noise3,2,6,18,8,0.5020966775384106,0.4981006966148496,-0.00399598092356096
X_syn2,X_causal,3,0,18,8,0.4950484482076077,0.49312938969305703,-0.0019190585145506533
X_syn2,X_conf,3,1,18,8,0.4416998725622511,0.49813476135072843,0.056434888788477355
X_syn2,X_syn1,3,2,18,8,0.48061567278712186,0.4966556327314232,0.016039959944301352
X_syn2,Z_noise1,3,4,18,8,0.4950495202127396,0.4965500337860386,0.0015005135732990005
X_syn2,Z_noise2,3,5,18,8,0.49350840990350714,0.4934232415923366,-8.516831117055812e-05
X_syn2,Z_noise3,3,6,18,8,0.49783204787853563,0.495353538806669,-0.0024785090718666414
Z_noise1,X_causal,4,0,18,8,0.4978951313162651,0.49106679012521326,-0.0068283411910518566
Z_noise1,X_conf,4,1,18,8,0.44618888835403114,0.495003975282774,0.04881508692874287
Z_noise1,X_syn1,4,2,18,8,0.4977825534256555,0.49492650162192164,-0.0028560518037338833
Z_noise1,X_syn2,4,3,18,8,0.49506024799703935,0.4912152298663544,-0.0038450181306849407
Z_noise1,Z_noise2,4,5,18,8,0.49500319843311,0.4970523072431772,0.0020491088100672017
Z_noise1,Z_noise3,4,6,18,8,0.49669989302664647,0.49835828090535894,0.001658387878712475
Z_noise2,X_causal,5,0,18,8,0.4939609814603037,0.49257131438374463,-0.0013896670765590757
Z_noise2,X_conf,5,1,18,8,0.4398631527080096,0.49531790927222863,0.055454756564219054
Z_noise2,X_syn1,5,2,18,8,0.4968982881754191,0.4956510956993232,-0.001247192476095893
Z_noise2,X_syn2,5,3,18,8,0.4941698095418899,0.4957526854345215,0.0015828758926316189
Z_noise2,Z_noise1,5,4,18,8,0.495631734119946,0.4975849793362821,0.001953245216336108
Z_noise2,Z_noise3,5,6,18,8,0.497440730985204,0.4950684579082417,-0.0023722730769623057
Z_noise3,X_causal,6,0,18,8,0.4979495783986801,0.49649573413652287,-0.0014538442621572223
Z_noise3,X_conf,6,1,18,8,0.44592165015042634,0.49597655822308506,0.05005490807265872
Z_noise3,X_syn1,6,2,18,8,0.5022884252773648,0.4983991818597676,-0.0038892434175972213
Z_noise3,X_syn2,6,3,18,8,0.49831676267937103,0.49609474347506055,-0.002222019204310477
Z_noise3,Z_noise1,6,4,18,8,0.4970611976531156,0.49801482235737243,0.0009536247042568058
Z_noise3,Z_noise2,6,5,18,8,0.4965065253067047,0.49625227632781793,-0.0002542489788867619
X_causal,X_conf,0,1,18,9,0.42803318332586865,0.4892047899327948,0.061171606606926165
X_causal,X_syn1,0,2,18,9,0.48829555438692096,0.49084401427485674,0.0025484598879357834
X_causal,X_syn2,0,3,18,9,0.49152573591418197,0.4906115265189422,-0.0009142093952397845
X_causal,Z_noise1,0,4,18,9,0.49065675532368963,0.49289541782238827,0.0022386624986986403
X_causal,Z_noise2,0,5,18,9,0.4956246319566214,0.4910469033898383,-0.004577728566783068
X_causal,Z_noise3,0,6,18,9,0.4889855041633303,0.49118791225095826,0.0022024080876279495
X_conf,X_causal,1,0,18,9,0.4276725668749638,0.43409347894933165,0.006420912074367846
X_conf,X_syn1,1,2,18,9,0.43031727818581084,0.43477816589488255,0.004460887709071715
X_conf,X_syn2,1,3,18,9,0.4300175012622312,0.43183846031645723,0.0018209590542260234
X_conf,Z_noise1,1,4,18,9,0.4334520613262683,0.44124369560406496,0.007791634277796666
X_conf,Z_noise2,1,5,18,9,0.43311241393484673,0.43444666271374616,0.0013342487788994273
X_conf,Z_noise3,1,6,18,9,0.4329905366035444,0.43043742789206496,-0.002553108711479457
X_syn1,X_causal,2,0,18,9,0.4883006281074669,0.490374420989211,0.002073792881744141
X_syn1,X_conf,2,1,18,9,0.43015278447939476,0.49015244693532606,0.0599996624559313
X_syn1,X_syn2,2,3,18,9,0.46736245952387245,0.49222934112122535,0.024866881597352897
X_syn1,Z_noise1,2,4,18,9,0.4953297121208682,0.4894177851971447,-0.005911926923723498
X_syn1,Z_noise2,2,5,18,9,0.494962357165147,0.4930121973412932,-0.0019501598238538254
X_syn1,Z_noise3,2,6,18,9,0.4905861445773496,0.49016148306678026,-0.0004246615105693574
X_syn2,X_causal,3,0,18,9,0.4911207896671491,0.4920165436341669,0.0008957539670177983
X_syn2,X_conf,3,1,18,9,0.4298671668322949,0.494350053656084,0.06448288682378905
X_syn2,X_syn1,3,2,18,9,0.467084620660663,0.4891339458631978,0.02204932520253483
X_syn2,Z_noise1,3,4,18,9,0.49515618134169814,0.49646816950162836,0.0013119881599302219
X_syn2,Z_noise2,3,5,18,9,0.5001715846559743,0.49269352104931824,-0.0074780636066560935
X_syn2,Z_noise3,3,6,18,9,0.49328471026656884,0.4922264236606084,-0.0010582866059604124
Z_noise1,X_causal,4,0,18,9,0.49008207726136416,0.4964935167046976,0.006411439443333444
Z_noise1,X_conf,4,1,18,9,0.4347454404368514,0.49439845996006904,0.05965301952321761
Z_noise1,X_syn1,4,2,18,9,0.49468400786737665,0.49244184329979546,-0.002242164567581195
Z_noise1,X_syn2,4,3,18,9,0.4958907942188348,0.49908322803927124,0.0031924338204364355
Z_noise1,Z_noise2,4,5,18,9,0.4966859001488996,0.5000467608538459,0.0033608607049463446
Z_noise1,Z_noise3,4,6,18,9,0.49287467045011624,0.49359728342027215,0.0007226129701559114
Z_noise2,X_causal,5,0,18,9,0.4967780396327427,0.49430017961584694,-0.002477860016895761
Z_noise2,X_conf,5,1,18,9,0.4327845005656745,0.49725791165554273,0.0644734110898682
Z_noise2,X_syn1,5,2,18,9,0.4939024758078598,0.49381053526036717,-9.194054749261937e-05
Z_noise2,X_syn2,5,3,18,9,0.5010286273418202,0.4977242365852962,-0.0033043907565240005
Z_noise2,Z_noise1,5,4,18,9,0.49619458112724935,0.4971976131521533,0.001003032024903927
Z_noise2,Z_noise3,5,6,18,9,0.49553192635927096,0.49257691710436136,-0.002955009254909602
Z_noise3,X_causal,6,0,18,9,0.4887687538258752,0.49433196747603264,0.005563213650157439
Z_noise3,X_conf,6,1,18,9,0.43385417130077336,0.49160112224429736,0.057746950943524
Z_noise3,X_syn1,6,2,18,9,0.49020685122167207,0.4947393836496418,0.004532532427969749
Z_noise3,X_syn2,6,3,18,9,0.4936665372713052,0.4920297046379158,-0.001636832633389429
Z_noise3,Z_noise1,6,4,18,9,0.49272981566803664,0.4989163209537865,0.006186505285749877
Z_noise3,Z_noise2,6,5,18,9,0.49545605955163996,0.4940916054712625,-0.0013644540803774419
X_causal,X_conf,0,1,19,0,0.4325471150470606,0.49342788661246145,0.06088077156540084
X_causal,X_syn1,0,2,19,0,0.4966095014878737,0.4965680505197457,-4.1450968128020627e-05
X_causal,X_syn2,0,3,19,0,0.4953847680289032,0.4978976407566009,0.0025128727276977347
X_causal,Z_noise1,0,4,19,0,0.495055832499512,0.4943101593138421,-0.0007456731856699261
X_causal,Z_noise2,0,5,19,0,0.4989141437655799,0.49811410398647454,-0.0008000397791053659
X_causal,Z_noise3,0,6,19,0,0.4976292563261684,0.49503264663862556,-0.002596609687542828
X_conf,X_causal,1,0,19,0,0.43324666267868256,0.43945540737265226,0.006208744693969703
X_conf,X_syn1,1,2,19,0,0.4454174039521732,0.437544343100978,-0.007873060851195213
X_conf,X_syn2,1,3,19,0,0.43588154412928004,0.4393955839151136,0.0035140397858335337
X_conf,Z_noise1,1,4,19,0,0.43867627657478914,0.4321680394652983,-0.006508237109490833
X_conf,Z_noise2,1,5,19,0,0.4369506299945043,0.4411157957614161,0.0041651657669117825
X_conf,Z_noise3,1,6,19,0,0.4340989189832988,0.43787032985876706,0.003771410875468284
X_syn1,X_causal,2,0,19,0,0.4958646426704835,0.4971270611001576,0.0012624184296740615
X_syn1,X_conf,2,1,19,0,0.44606053451826444,0.49360430562363083,0.047543771105366395
X_syn1,X_syn2,2,3,19,0,0.4750414090352921,0.5018597131978012,0.026818304162509132
X_syn1,Z_noise1,2,4,19,0,0.49808543686778844,0.49535029898065036,-0.002735137887138084
X_syn1,Z_noise2,2,5,19,0,0.49857058371230045,0.4991194655472969,0.0005488818349964619
X_syn1,Z_noise3,2,6,19,0,0.501473369256703,0.49694082788181165,-0.004532541374891397
X_syn2,X_causal,3,0,19,0,0.49550273263783123,0.4934424433904457,-0.0020602892473855494
X_syn2,X_conf,3,1,19,0,0.4382126221925465,0.49458485264016827,0.056372230447621796
X_syn2,X_syn1,3,2,19,0,0.4742928830248729,0.49443802018978816,0.020145137164915283
X_syn2,Z_noise1,3,4,19,0,0.494811323454393,0.49603215408932844,0.0012208306349354436
X_syn2,Z_noise2,3,5,19,0,0.498093834526887,0.4949437326400766,-0.003150101886810419
X_syn2,Z_noise3,3,6,19,0,0.5007951016869885,0.4935404860227538,-0.007254615664234687
Z_noise1,X_causal,4,0,19,0,0.4963072724616518,0.4994649198798954,0.003157647418243592
Z_noise1,X_conf,4,1,19,0,0.43894009322691313,0.4973026272501034,0.05836253402319025
Z_noise1,X_syn1,4,2,19,0,0.49744126431103525,0.49830913798915133,0.0008678736781160823
Z_noise1,X_syn2,4,3,19,0,0.4950648410063788,0.4968910670465987,0.0018262260402198693
Z_noise1,Z_noise2,4,5,19,0,0.4947802035931501,0.4956977871091371,0.000917583515986975
Z_noise1,Z_noise3,4,6,19,0,0.5007714059074154,0.49883845219149314,-0.001932953715922281
Z_noise2,X_causal,5,0,19,0,0.4985510045520208,0.4951659511031815,-0.0033850534488392703
Z_noise2,X_conf,5,1,19,0,0.4378078055684143,0.49531947432921497,0.05751166876080066
Z_noise2,X_syn1,5,2,19,0,0.4980321257156567,0.5005866301896094,0.002554504473952668
Z_noise2,X_syn2,5,3,19,0,0.49830138711580496,0.49679385203436044,-0.001507535081444522
Z_noise2,Z_noise1,5,4,19,0,0.49578608741435726,0.4955538464681412,-0.00023224094621604463
Z_noise2,Z_noise3,5,6,19,0,0.5005116536513455,0.4958268688590924,-0.004684784792253149
Z_noise3,X_causal,6,0,19,0,0.49786713174358543,0.49938426795656954,0.0015171362129841048
Z_noise3,X_conf,6,1,19,0,0.4350938063585631,0.4963697244829441,0.06127591812438099
Z_noise3,X_syn1,6,2,19,0,0.5011603067463608,0.49981485689158806,-0.0013454498547727511
Z_noise3,X_syn2,6,3,19,0,0.5020753842813499,0.4983996937892373,-0.003675690492112582
Z_noise3,Z_noise1,6,4,19,0,0.5009577140009366,0.4978142354178435,-0.0031434785830931067
Z_noise3,Z_noise2,6,5,19,0,0.5002103568089168,0.501359100722087,0.0011487439131702137
X_causal,X_conf,0,1,19,1,0.43639537547212703,0.4998399944298928,0.06344461895776576
X_causal,X_syn1,0,2,19,1,0.4970302303215317,0.4941468691939339,-0.0028833611275977944
X_causal,X_syn2,0,3,19,1,0.4988209003532766,0.49680321431758934,-0.0020176860356872495
X_causal,Z_noise1,0,4,19,1,0.49730834843403227,0.4970403952188809,-0.00026795321515138415
X_causal,Z_noise2,0,5,19,1,0.4981933112619417,0.497949559247267,-0.00024375201467469187
X_causal,Z_noise3,0,6,19,1,0.4985965998789833,0.5001407670404545,0.0015441671614712105
X_conf,X_causal,1,0,19,1,0.4354286070139484,0.4401456996605969,0.004717092646648491
X_conf,X_syn1,1,2,19,1,0.44325391810181064,0.4413496367670311,-0.001904281334779545
X_conf,X_syn2,1,3,19,1,0.4402601988324006,0.4355240209454621,-0.004736177886938475
X_conf,Z_noise1,1,4,19,1,0.4405484322172112,0.4372616964165852,-0.003286735800625995
X_conf,Z_noise2,1,5,19,1,0.44173884662282126,0.43639335856781625,-0.00534548805500501
X_conf,Z_noise3,1,6,19,1,0.44205915594030376,0.4414040234918863,-0.0006551324484174725
X_syn1,X_causal,2,0,19,1,0.4974989303724249,0.49817365147130993,0.000674721098885056
X_syn1,X_conf,2,1,19,1,0.4434597484768508,0.4963436184169032,0.0528838699400524
X_syn1,X_syn2,2,3,19,1,0.48764483545992443,0.496467856249441,0.008823020789516578
X_syn1,Z_noise1,2,4,19,1,0.5004374476684524,0.4949994130576403,-0.005438034610812159
X_syn1,Z_noise2,2,5,19,1,0.4981757428644108,0.4984101036860511,0.00023436082164030037
X_syn1,Z_noise3,2,6,19,1,0.4979269958108359,0.4985546247894077,0.0006276289785718259
X_syn2,X_causal,3,0,19,1,0.49824297155719355,0.5012051445607801,0.002962173003586588
X_syn2,X_conf,3,1,19,1,0.4405640990972563,0.5004867507216194,0.05992265162436311
X_syn2,X_syn1,3,2,19,1,0.4860829519845417,0.4981150087493493,0.012032056764807564
X_syn2,Z_noise1,3,4,19,1,0.49690013695533797,0.5004301131990447,0.003529976243706767
X_syn2,Z_noise2,3,5,19,1,0.4996712866639204,0.5017195405700883,0.002048253906167863
X_syn2,Z_noise3,3,6,19,1,0.4984152663900755,0.49941875495933613,0.0010034885692606355
Z_noise1,X_causal,4,0,19,1,0.4977993788010566,0.500261342545268,0.0024619637442113707
Z_noise1,X_conf,4,1,19,1,0.4400218698275619,0.49885297486109903,0.05883110503353711
Z_noise1,X_syn1,4,2,19,1,0.5000638635717952,0.4984843653422563,-0.0015794982295389004
Z_noise1,X_syn2,4,3,19,1,0.4962931519759791,0.49240479881641996,-0.0038883531595591547
Z_noise1,Z_noise2,4,5,19,1,0.4974094516360894,0.49657532274708355,-0.0008341288890058585
Z_noise1,Z_noise3,4,6,19,1,0.4999738631842772,0.49811514001326884,-0.0018587231710083807
Z_noise2,X_causal,5,0,19,1,0.49824912298440577,0.4997648523445223,0.0015157293601165134
Z_noise2,X_conf,5,1,19,1,0.4418974214382874,0.5002242744317206,0.058326852993433154
Z_noise2,X_syn1,5,2,19,1,0.49871529063049796,0.5004043405911431,0.0016890499606451725
Z_noise2,X_syn2,5,3,19,1,0.499727787518799,0.4993045592902962,-0.00042322822850277
Z_noise2,Z_noise1,5,4,19,1,0.49667230674178353,0.4984136330395795,0.001741326297795942
Z_noise2,Z_noise3,5,6,19,1,0.4988345806584177,0.4990912117582723,0.00025663109985463173
Z_noise3,X_causal,6,0,19,1,0.4989965110425906,0.499111358562819,0.00011484752022844491
Z_noise3,X_conf,6,1,19,1,0.4411910129826005,0.498002244144969,0.056811231162368525
Z_noise3,X_syn1,6,2,19,1,0.4990615970187226,0.4972696288262404,-0.0017919681924822295
Z_noise3,X_syn2,6,3,19,1,0.49801737517008354,0.4945857211578047,-0.003431654012278851
Z_noise3,Z_noise1,6,4,19,1,0.5001048539199099,0.49757477386586435,-0.002530080054045536
Z_noise3,Z_noise2,6,5,19,1,0.4985778552476917,0.5037837367413561,0.0052058814936644104
X_causal,X_conf,0,1,19,2,0.44559316109854147,0.4981963198900804,0.05260315879153893
X_causal,X_syn1,0,2,19,2,0.49997014104125154,0.4979895928454201,-0.001980548195831433
X_causal,X_syn2,0,3,19,2,0.49587583987235234,0.4986250387760942,0.0027491989037418674
X_causal,Z_noise1,0,4,19,2,0.4965799463681303,0.4984557278360774,0.0018757814679470908
X_causal,Z_noise2,0,5,19,2,0.49623874616637315,0.49616876388295755,-6.998228341559276e-05
X_causal,Z_noise3,0,6,19,2,0.49651544701172695,0.4998447899923473,0.0033293429806203756
X_conf,X_causal,1,0,19,2,0.446217151977402,0.442971758071437,-0.0032453939059650105
X_conf,X_syn1,1,2,19,2,0.44398321759037007,0.4439077590953674,-7.54584950026782e-05
X_conf,X_syn2,1,3,19,2,0.4357513675732953,0.4485291853227986,0.012777817749503317
X_conf,Z_noise1,1,4,19,2,0.44148341686924725,0.44082747400002587,-0.000655942869221382
X_conf,Z_noise2,1,5,19,2,0.4409780298592824,0.4383911596107697,-0.0025868702485127293
X_conf,Z_noise3,1,6,19,2,0.4417488111081408,0.44697580448260377,0.005226993374462974
X_syn1,X_causal,2,0,19,2,0.49933536119643196,0.4950817004349137,-0.004253660761518285
X_syn1,X_conf,2,1,19,2,0.44387144845366644,0.4998605973018761,0.05598914884820966
X_syn1,X_syn2,2,3,19,2,0.4677515710028067,0.4983705058088029,0.0306189348059962
X_syn1,Z_noise1,2,4,19,2,0.4936793372055205,0.4956499172731251,0.001970580067604588
X_syn1,Z_noise2,2,5,19,2,0.4945824564313485,0.4950597238458589,0.0004772674145103739
X_syn1,Z_noise3,2,6,19,2,0.49339806226534566,0.49283809856335453,-0.0005599637019911285
X_syn2,X_causal,3,0,19,2,0.4971926237709612,0.4975374006717298,0.00034477690076861744
X_syn2,X_conf,3,1,19,2,0.43592300284132707,0.500346893578455,0.0644238907371279
X_syn2,X_syn1,3,2,19,2,0.4664858261554383,0.4959790523146851,0.029493226159246766
X_syn2,Z_noise1,3,4,19,2,0.49135416348733935,0.49681991652203394,0.005465753034694598
X_syn2,Z_noise2,3,5,19,2,0.49523512011640514,0.49394790834648233,-0.0012872117699228025
X_syn2,Z_noise3,3,6,19,2,0.49750198239180127,0.4966090562697333,-0.0008929261220679829
Z_noise1,X_causal,4,0,19,2,0.4969009258033811,0.4981572709422575,0.0012563451388764024
Z_noise1,X_conf,4,1,19,2,0.44052676572944677,0.49967795285615585,0.05915118712670908
Z_noise1,X_syn1,4,2,19,2,0.49354396720246163,0.4920011508879427,-0.0015428163145189133
Z_noise1,X_syn2,4,3,19,2,0.4912842762613233,0.4944315800609808,0.003147303799657497
Z_noise1,Z_noise2,4,5,19,2,0.49336595763712754,0.4933765858561184,1.062821899083799e-05
Z_noise1,Z_noise3,4,6,19,2,0.4951573904304919,0.4942832012343447,-0.0008741891961471793
Z_noise2,X_causal,5,0,19,2,0.495685348386131,0.49527224325552377,-0.00041310513060721643
Z_noise2,X_conf,5,1,19,2,0.44097843739985704,0.4967503547185699,0.05577191731871284
Z_noise2,X_syn1,5,2,19,2,0.49390352842426916,0.4928276608522014,-0.0010758675720677346
Z_noise2,X_syn2,5,3,19,2,0.4953075027212821,0.4949069702119833,-0.0004005325092987788
Z_noise2,Z_noise1,5,4,19,2,0.4930848139282077,0.4959208615890686,0.0028360476608609297
Z_noise2,Z_noise3,5,6,19,2,0.49997009890047467,0.49181200884686754,-0.008158090053607125
Z_noise3,X_causal,6,0,19,2,0.4972142393332925,0.4981171516497805,0.0009029123164879804
Z_noise3,X_conf,6,1,19,2,0.4429089059725899,0.4991362639232216,0.05622735795063166
Z_noise3,X_syn1,6,2,19,2,0.4937713918802628,0.4961953666515628,0.0024239747712999637
Z_noise3,X_syn2,6,3,19,2,0.4969924008147261,0.4989363164957296,0.001943915681003494
Z_noise3,Z_noise1,6,4,19,2,0.49592715680802696,0.4998424043700991,0.003915247562072122
Z_noise3,Z_noise2,6,5,19,2,0.4992306041897938,0.49814743659098754,-0.0010831675988062783
X_causal,X_conf,0,1,19,3,0.4372462466014261,0.4968116882701951,0.05956544166876904
X_causal,X_syn1,0,2,19,3,0.4972173745585616,0.49514968390257574,-0.002067690655985832
X_causal,X_syn2,0,3,19,3,0.4986537521815758,0.4947344685216868,-0.003919283659889028
X_causal,Z_noise1,0,4,19,3,0.5023473070663781,0.4966607297162003,-0.005686577350177802
X_causal,Z_noise2,0,5,19,3,0.4964387753473763,0.4980161191661194,0.0015773438187430822
X_causal,Z_noise3,0,6,19,3,0.4961201803503317,0.49941122391482873,0.0032910435644970537
X_conf,X_causal,1,0,19,3,0.43654654632236706,0.4318402767365766,-0.004706269585790457
X_conf,X_syn1,1,2,19,3,0.434338647447513,0.43358733133138533,-0.0007513161161276649
X_conf,X_syn2,1,3,19,3,0.43298821915600005,0.43100408069605123,-0.0019841384599488254
X_conf,Z_noise1,1,4,19,3,0.43643865427694467,0.43195189470228323,-0.004486759574661436
X_conf,Z_noise2,1,5,19,3,0.4309860585573836,0.43687677600151215,0.005890717444128557
X_conf,Z_noise3,1,6,19,3,0.4296091585233387,0.43603465586652135,0.006425497343182651
X_syn1,X_causal,2,0,19,3,0.49742687780137756,0.4933352921335793,-0.00409158566779827
X_syn1,X_conf,2,1,19,3,0.43555043744666355,0.4889146740006566,0.05336423655399303
X_syn1,X_syn2,2,3,19,3,0.47834720277475057,0.4941571583348561,0.015809955560105504
X_syn1,Z_noise1,2,4,19,3,0.49783946891585196,0.49404705882720074,-0.0037924100886512213
X_syn1,Z_noise2,2,5,19,3,0.4957108370261254,0.4934396294975814,-0.0022712075285439837
X_syn1,Z_noise3,2,6,19,3,0.49605299722955015,0.49385954021488915,-0.0021934570146610044
X_syn2,X_causal,3,0,19,3,0.4978929094373732,0.49540645217748935,-0.002486457259883834
X_syn2,X_conf,3,1,19,3,0.43403028157928203,0.49502417191984627,0.06099389034056424
X_syn2,X_syn1,3,2,19,3,0.4790847419240664,0.4981556469369367,0.019070905012870287
X_syn2,Z_noise1,3,4,19,3,0.4988285931233107,0.49711790928252547,-0.0017106838407852099
X_syn2,Z_noise2,3,5,19,3,0.4989903465657437,0.49698793443856837,-0.002002412127175335
X_syn2,Z_noise3,3,6,19,3,0.4949082418312608,0.49580912998526894,0.0009008881540081282
Z_noise1,X_causal,4,0,19,3,0.5011369107788207,0.4996675922447954,-0.0014693185340253212
Z_noise1,X_conf,4,1,19,3,0.43600394111562085,0.49420605004603896,0.058202108930418106
Z_noise1,X_syn1,4,2,19,3,0.4978074522758823,0.499728065346181,0.0019206130702987267
Z_noise1,X_syn2,4,3,19,3,0.49964379225274597,0.4962811652594906,-0.0033626269932553465
Z_noise1,Z_noise2,4,5,19,3,0.497104671575537,0.5009073122282831,0.003802640652746103
Z_noise1,Z_noise3,4,6,19,3,0.49720065761987586,0.4952706705999368,-0.0019299870199390723
Z_noise2,X_causal,5,0,19,3,0.4963473642673877,0.49913210582329687,0.002784741555909187
Z_noise2,X_conf,5,1,19,3,0.4315641249989478,0.4947181268235954,0.06315400182464759
Z_noise2,X_syn1,5,2,19,3,0.49477959281063816,0.4964661326922751,0.001686539881636917
Z_noise2,X_syn2,5,3,19,3,0.49915227091620124,0.49456345303551075,-0.004588817880690488
Z_noise2,Z_noise1,5,4,19,3,0.4971400920773322,0.4955705307328855,-0.0015695613444466905
Z_noise2,Z_noise3,5,6,19,3,0.49654555156579816,0.49887978795740195,0.0023342363916037945
Z_noise3,X_causal,6,0,19,3,0.4957885870964789,0.49435562805759686,-0.0014329590388820201
Z_noise3,X_conf,6,1,19,3,0.42916661773922565,0.4939008077357691,0.06473418999654346
Z_noise3,X_syn1,6,2,19,3,0.4954150480345759,0.4938550046171136,-0.001560043417462298
Z_noise3,X_syn2,6,3,19,3,0.4948362104979801,0.49777447465898583,0.0029382641610057325
Z_noise3,Z_noise1,6,4,19,3,0.49755521501331823,0.4952910652477906,-0.0022641497655276344
Z_noise3,Z_noise2,6,5,19,3,0.49608187060497355,0.4927066050051581,-0.0033752655998154357
X_causal,X_conf,0,1,19,4,0.4481034238528313,0.4967121435293447,0.04860871967651337
X_causal,X_syn1,0,2,19,4,0.49517322440437495,0.4936339282368796,-0.0015392961674953187
X_causal,X_syn2,0,3,19,4,0.5029289445712964,0.49670115953212896,-0.006227785039167488
X_causal,Z_noise1,0,4,19,4,0.4986406769116723,0.49804391975721285,-0.0005967571544594485
X_causal,Z_noise2,0,5,19,4,0.49709748898963396,0.4983822626798981,0.0012847736902641405
X_causal,Z_noise3,0,6,19,4,0.49921255793670255,0.4961876710497478,-0.0030248868869547363
X_conf,X_causal,1,0,19,4,0.4482938429172072,0.45408101231160597,0.005787169394398772
X_conf,X_syn1,1,2,19,4,0.4490134833807747,0.44851917793362794,-0.0004943054471467367
X_conf,X_syn2,1,3,19,4,0.45275564476854124,0.44639608401687453,-0.006359560751666715
X_conf,Z_noise1,1,4,19,4,0.4529635814278485,0.44818589089676675,-0.004777690531081735
X_conf,Z_noise2,1,5,19,4,0.4492702914950533,0.4543949011552952,0.005124609660241863
X_conf,Z_noise3,1,6,19,4,0.44893793412111255,0.45246461468108234,0.003526680559969797
X_syn1,X_causal,2,0,19,4,0.4951825091920991,0.49758518785472333,0.0024026786626242247
X_syn1,X_conf,2,1,19,4,0.44987961979833907,0.494412011468277,0.04453239166993794
X_syn1,X_syn2,2,3,19,4,0.4692375868606966,0.4944071262895312,0.025169539428834597
X_syn1,Z_noise1,2,4,19,4,0.4998067806973732,0.4963951818001273,-0.0034115988972459044
X_syn1,Z_noise2,2,5,19,4,0.49319472140734066,0.5022974909432018,0.009102769535861088
X_syn1,Z_noise3,2,6,19,4,0.49474588767716754,0.49242555103386687,-0.002320336643300669
X_syn2,X_causal,3,0,19,4,0.5023601116638439,0.4986548968292587,-0.003705214834585191
X_syn2,X_conf,3,1,19,4,0.45340042154873517,0.49901096505610015,0.04561054350736499
X_syn2,X_syn1,3,2,19,4,0.4695455479125832,0.49270016388903093,0.023154615976447745
X_syn2,Z_noise1,3,4,19,4,0.49906895348054675,0.4987361042857275,-0.00033284919481924025
X_syn2,Z_noise2,3,5,19,4,0.49936038055643467,0.5026429865044241,0.003282605947989403
X_syn2,Z_noise3,3,6,19,4,0.5002770660122855,0.4971598597642564,-0.0031172062480290808
Z_noise1,X_causal,4,0,19,4,0.4999575143167465,0.5032428979802601,0.003285383663513608
Z_noise1,X_conf,4,1,19,4,0.4527436800311567,0.49875285082468107,0.046009170793524345
Z_noise1,X_syn1,4,2,19,4,0.49925938249281643,0.5025018224081916,0.003242439915375206
Z_noise1,X_syn2,4,3,19,4,0.498394643972227,0.5010713590820076,0.002676715109780625
Z_noise1,Z_noise2,4,5,19,4,0.49710296019446953,0.5026360207357448,0.005533060541275225
Z_noise1,Z_noise3,4,6,19,4,0.4984461247354589,0.5009872403141195,0.0025411155786605466
Z_noise2,X_causal,5,0,19,4,0.4970828027727265,0.49895807857711943,0.0018752758043929507
Z_noise2,X_conf,5,1,19,4,0.45128362061095534,0.49450650190598416,0.043222881295028825
Z_noise2,X_syn1,5,2,19,4,0.49416858692016163,0.4931548040887834,-0.0010137828313782071
Z_noise2,X_syn2,5,3,19,4,0.49893668735566166,0.49539020819681523,-0.0035464791588464273
Z_noise2,Z_noise1,5,4,19,4,0.49749586036643034,0.4961227157684477,-0.0013731445979826562
Z_noise2,Z_noise3,5,6,19,4,0.4969763871822356,0.4927583221932146,-0.004218064989020998
Z_noise3,X_causal,6,0,19,4,0.49967802184166277,0.4982983496776648,-0.0013796721639979803
Z_noise3,X_conf,6,1,19,4,0.449809949202223,0.4993447198656498,0.04953477066342682
Z_noise3,X_syn1,6,2,19,4,0.49380636440489634,0.4946159503203819,0.0008095859154855778
Z_noise3,X_syn2,6,3,19,4,0.5001925503062497,0.4953925290307369,-0.004800021275512767
Z_noise3,Z_noise1,6,4,19,4,0.49872464491609986,0.4955691255872748,-0.003155519328825074
Z_noise3,Z_noise2,6,5,19,4,0.496305425461091,0.5024017686297715,0.0060963431686804626
X_causal,X_conf,0,1,19,5,0.44039558964330816,0.4941681101831189,0.05377252053981074
X_causal,X_syn1,0,2,19,5,0.4963045398598595,0.49557589431865084,-0.0007286455412086612
X_causal,X_syn2,0,3,19,5,0.4936312971817368,0.4966094944312817,0.0029781972495449005
X_causal,Z_noise1,0,4,19,5,0.49672698263322207,0.49276253162850053,-0.0039644510047215364
X_causal,Z_noise2,0,5,19,5,0.49608990686430193,0.4933963294964765,-0.0026935773678254393
X_causal,Z_noise3,0,6,19,5,0.4948310643408199,0.49760127168492485,0.0027702073441049357
X_conf,X_causal,1,0,19,5,0.44150724471952435,0.44356218670136127,0.002054941981836922
X_conf,X_syn1,1,2,19,5,0.4484350798919636,0.4452622789693308,-0.003172800922632779
X_conf,X_syn2,1,3,19,5,0.44394495616281976,0.4444416090208272,0.0004966528580074292
X_conf,Z_noise1,1,4,19,5,0.4475628132749896,0.4495094334268854,0.0019466201518957837
X_conf,Z_noise2,1,5,19,5,0.44360613627717604,0.43729255823441776,-0.006313578042758283
X_conf,Z_noise3,1,6,19,5,0.44473567158210187,0.4456423874142783,0.0009067158321764412
X_syn1,X_causal,2,0,19,5,0.496662763065405,0.49918453840841,0.0025217753430049616
X_syn1,X_conf,2,1,19,5,0.4469396574045748,0.492098908162164,0.0451592507575892
X_syn1,X_syn2,2,3,19,5,0.4666861884611968,0.5003454007131646,0.033659212251967774
X_syn1,Z_noise1,2,4,19,5,0.49630718739007984,0.49721145616766566,0.0009042687775858149
X_syn1,Z_noise2,2,5,19,5,0.4979329274318559,0.49254371221924925,-0.005389215212606657
X_syn1,Z_noise3,2,6,19,5,0.5005276175874936,0.49651489752988565,-0.004012720057607999
X_syn2,X_causal,3,0,19,5,0.49362211755605667,0.4990012029049685,0.0053790853489118495
X_syn2,X_conf,3,1,19,5,0.4443338850705675,0.4961079274711397,0.05177404240057221
X_syn2,X_syn1,3,2,19,5,0.466625600713283,0.4982888425996999,0.03166324188641689
X_syn2,Z_noise1,3,4,19,5,0.495686192752719,0.4961394283916736,0.0004532356389545522
X_syn2,Z_noise2,3,5,19,5,0.49969680221136004,0.4949009610601957,-0.004795841151164326
X_syn2,Z_noise3,3,6,19,5,0.4933930820021894,0.4978071719204939,0.004414089918304498
Z_noise1,X_causal,4,0,19,5,0.4961473173144129,0.4974910188160427,0.0013437015016297682
Z_noise1,X_conf,4,1,19,5,0.4464504428057485,0.4957943676073961,0.049343924801647565
Z_noise1,X_syn1,4,2,19,5,0.4949794811263902,0.49962942915520187,0.00464994802881169
Z_noise1,X_syn2,4,3,19,5,0.49572335051138083,0.49835968895122457,0.002636338439843733
Z_noise1,Z_noise2,4,5,19,5,0.49746662287780485,0.49474065547253704,-0.002725967405267815
Z_noise1,Z_noise3,4,6,19,5,0.498346486070755,0.4984035138253083,5.7027754553296006e-05
Z_noise2,X_causal,5,0,19,5,0.4962641287148468,0.49823409476784697,0.0019699660530001495
Z_noise2,X_conf,5,1,19,5,0.4429013682381398,0.49945768907050225,0.05655632083236245
Z_noise2,X_syn1,5,2,19,5,0.49843895042588354,0.5036972122832976,0.005258261857414015
Z_noise2,X_syn2,5,3,19,5,0.4992830421613856,0.4962814657372489,-0.003001576424136676
Z_noise2,Z_noise1,5,4,19,5,0.4981649783167651,0.49768532998022685,-0.0004796483365382409
Z_noise2,Z_noise3,5,6,19,5,0.4963851849574366,0.49774632899973686,0.0013611440423002552
Z_noise3,X_causal,6,0,19,5,0.49397422106485817,0.4979645111681751,0.003990290103316918
Z_noise3,X_conf,6,1,19,5,0.4440704385636478,0.49720818372609077,0.05313774516244296
Z_noise3,X_syn1,6,2,19,5,0.4987868433271873,0.49602935822133876,-0.002757485105848556
Z_noise3,X_syn2,6,3,19,5,0.4930168957292193,0.49857766764298045,0.005560771913761142
Z_noise3,Z_noise1,6,4,19,5,0.4984446624249208,0.4953789746683059,-0.003065687756614921
Z_noise3,Z_noise2,6,5,19,5,0.4956472357213916,0.4948145641014715,-0.0008326716199200668
X_causal,X_conf,0,1,19,6,0.44137797040344195,0.4893140728119628,0.047936102408520864
X_causal,X_syn1,0,2,19,6,0.49190464819043844,0.49388276638689216,0.0019781181964537153
X_causal,X_syn2,0,3,19,6,0.4930294736847194,0.49275123900806866,-0.00027823467665072377
X_causal,Z_noise1,0,4,19,6,0.493337381781104,0.49440357864271267,0.0010661968616086925
X_causal,Z_noise2,0,5,19,6,0.4912515660949166,0.48887261898273515,-0.002378947112181451
X_causal,Z_noise3,0,6,19,6,0.4951311561361523,0.4906310902462305,-0.0045000658899218005
X_conf,X_causal,1,0,19,6,0.44031517233536765,0.44422744094449546,0.0039122686091278
X_conf,X_syn1,1,2,19,6,0.44774417098587527,0.4473915251050848,-0.00035264588079048087
X_conf,X_syn2,1,3,19,6,0.4437605214273268,0.4398946686390551,-0.0038658527882717286
X_conf,Z_noise1,1,4,19,6,0.44464265471178627,0.4436174962168673,-0.0010251584949189652
X_conf,Z_noise2,1,5,19,6,0.44316080711853306,0.4410613647797007,-0.002099442338832358
X_conf,Z_noise3,1,6,19,6,0.44284119442186903,0.44418813788806794,0.0013469434661989022
X_syn1,X_causal,2,0,19,6,0.49206820204499796,0.48987346533539583,-0.0021947367096021297
X_syn1,X_conf,2,1,19,6,0.44774168965111266,0.49190147586689664,0.04415978621578398
X_syn1,X_syn2,2,3,19,6,0.4616956423549162,0.4935951274032186,0.03189948504830237
X_syn1,Z_noise1,2,4,19,6,0.4892672494908717,0.4956293338453953,0.006362084354523623
X_syn1,Z_noise2,2,5,19,6,0.491709571680232,0.4942551175900061,0.0025455459097741273
X_syn1,Z_noise3,2,6,19,6,0.4966122662893188,0.4908923538575426,-0.0057199124317762196
X_syn2,X_causal,3,0,19,6,0.49311518115810116,0.49502431781680545,0.0019091366587042913
X_syn2,X_conf,3,1,19,6,0.4437907008323936,0.49206944356064647,0.04827874272825289
X_syn2,X_syn1,3,2,19,6,0.46226898730334376,0.49236156259101704,0.030092575287673284
X_syn2,Z_noise1,3,4,19,6,0.4947503088916536,0.4946860560565933,-6.425283506028556e-05
X_syn2,Z_noise2,3,5,19,6,0.493774232883574,0.49322022053288544,-0.0005540123506885819
X_syn2,Z_noise3,3,6,19,6,0.49622943467999864,0.49364544615652023,-0.002583988523478409
Z_noise1,X_causal,4,0,19,6,0.49343583982830186,0.4923163576953624,-0.0011194821329394422
Z_noise1,X_conf,4,1,19,6,0.4455284957971022,0.490805900737334,0.0452774049402318
Z_noise1,X_syn1,4,2,19,6,0.4893383018368745,0.49321153687660546,0.003873235039730971
Z_noise1,X_syn2,4,3,19,6,0.4942827828271384,0.4920777105396338,-0.002205072287504606
Z_noise1,Z_noise2,4,5,19,6,0.49084188651594307,0.4951444263362351,0.004302539820292051
Z_noise1,Z_noise3,4,6,19,6,0.49653828520197635,0.49137446164283866,-0.005163823559137692
Z_noise2,X_causal,5,0,19,6,0.49191598566103295,0.4901000974209835,-0.001815888240049468
Z_noise2,X_conf,5,1,19,6,0.44252315023084016,0.48711734213197755,0.04459419190113739
Z_noise2,X_syn1,5,2,19,6,0.49155644242498037,0.4920845437373293,0.0005281013123489275
Z_noise2,X_syn2,5,3,19,6,0.49421082584921433,0.49373488758974204,-0.0004759382594722861
Z_noise2,Z_noise1,5,4,19,6,0.49044139611672005,0.49475145624651756,0.0043100601297975105
Z_noise2,Z_noise3,5,6,19,6,0.49339688397085313,0.49210443928053615,-0.001292444690316974
Z_noise3,X_causal,6,0,19,6,0.49515635910861705,0.49229568577800015,-0.002860673330616903
Z_noise3,X_conf,6,1,19,6,0.4435288051173101,0.4939385227106784,0.05040971759336832
Z_noise3,X_syn1,6,2,19,6,0.49690988010087617,0.497176277015346,0.00026639691446983527
Z_noise3,X_syn2,6,3,19,6,0.49496978049344553,0.49486109628662717,-0.00010868420681836577
Z_noise3,Z_noise1,6,4,19,6,0.4957467148940963,0.49742865837866074,0.0016819434845644632
Z_noise3,Z_noise2,6,5,19,6,0.49365825402039415,0.49425301444373504,0.0005947604233408899
X_causal,X_conf,0,1,19,7,0.44089804602345484,0.49401619830615623,0.05311815228270139
X_causal,X_syn1,0,2,19,7,0.49432323820878576,0.4974818519017652,0.0031586136929794284
X_causal,X_syn2,0,3,19,7,0.4905261061644026,0.49629727126321077,0.005771165098808151
X_causal,Z_noise1,0,4,19,7,0.495629129628519,0.4951503888586391,-0.0004787407698799151
X_causal,Z_noise2,0,5,19,7,0.49734872852133727,0.4936758099514592,-0.0036729185698780586
X_causal,Z_noise3,0,6,19,7,0.49970578251186504,0.4978005291214089,-0.001905253390456163
X_conf,X_causal,1,0,19,7,0.43983592694434204,0.44464791460492364,0.004811987660581607
X_conf,X_syn1,1,2,19,7,0.4433081494152047,0.4481525756298154,0.004844426214610731
X_conf,X_syn2,1,3,19,7,0.44233905269160495,0.4358010108812688,-0.006538041810336126
X_conf,Z_noise1,1,4,19,7,0.4498010238906681,0.4418479724501123,-0.007953051440555803
X_conf,Z_noise2,1,5,19,7,0.4412110218627593,0.44142598836549884,0.0002149665027395553
X_conf,Z_noise3,1,6,19,7,0.4442364397510392,0.44593585043584666,0.0016994106848074453
X_syn1,X_causal,2,0,19,7,0.49535319848517284,0.4961721021268585,0.0008189036416856865
X_syn1,X_conf,2,1,19,7,0.4420279967560989,0.49579759702943826,0.05376960027333938
X_syn1,X_syn2,2,3,19,7,0.4659677522047732,0.49483899866816594,0.02887124646339273
X_syn1,Z_noise1,2,4,19,7,0.49620857986269157,0.49455448735724983,-0.00165409250544174
X_syn1,Z_noise2,2,5,19,7,0.49454306633461637,0.4923162756658805,-0.0022267906687358785
X_syn1,Z_noise3,2,6,19,7,0.49588248764247483,0.497382766233038,0.0015002785905631755
X_syn2,X_causal,3,0,19,7,0.4899830383147938,0.49471395004775137,0.004730911732957588
X_syn2,X_conf,3,1,19,7,0.44265652364198704,0.49300703310372146,0.050350509461734416
X_syn2,X_syn1,3,2,19,7,0.46600307049398987,0.494958830366234,0.028955759872244136
X_syn2,Z_noise1,3,4,19,7,0.49312371993280435,0.49734209914544214,0.004218379212637791
X_syn2,Z_noise2,3,5,19,7,0.496727382078128,0.49538116634995216,-0.001346215728175837
X_syn2,Z_noise3,3,6,19,7,0.4944085469044462,0.4940457166911133,-0.00036283021333288756
Z_noise1,X_causal,4,0,19,7,0.4955015425238363,0.4972198472726077,0.001718304748771382
Z_noise1,X_conf,4,1,19,7,0.4497981525415462,0.4944203920850556,0.04462223954350941
Z_noise1,X_syn1,4,2,19,7,0.49735046363580804,0.4995982857082051,0.0022478220723970432
Z_noise1,X_syn2,4,3,19,7,0.4927010823513075,0.49878954878407816,0.006088466432770667
Z_noise1,Z_noise2,4,5,19,7,0.49479037627357325,0.4933563799402979,-0.0014339963332753447
Z_noise1,Z_noise3,4,6,19,7,0.49720392359823534,0.4956062734135329,-0.001597650184702426
Z_noise2,X_causal,5,0,19,7,0.49686278455565547,0.49776236736356655,0.0008995828079110813
Z_noise2,X_conf,5,1,19,7,0.44005609426860937,0.49666037145639125,0.05660427718778188
Z_noise2,X_syn1,5,2,19,7,0.4945845006386391,0.4986671691013745,0.0040826684627353615
Z_noise2,X_syn2,5,3,19,7,0.49565536209842354,0.4988869431565717,0.003231581058148192
Z_noise2,Z_noise1,5,4,19,7,0.49499176807839484,0.4975104787982244,0.0025187107198295644
Z_noise2,Z_noise3,5,6,19,7,0.49737585940129764,0.4997371503293012,0.0023612909280035788
Z_noise3,X_causal,6,0,19,7,0.5000947435218877,0.4968359129368882,-0.003258830584999428
Z_noise3,X_conf,6,1,19,7,0.4450033000431915,0.498593033540175,0.05358973349698348
Z_noise3,X_syn1,6,2,19,7,0.4963657555489953,0.49753309056007566,0.0011673350110803504
Z_noise3,X_syn2,6,3,19,7,0.4947630257335566,0.49510021506693086,0.0003371893333742326
Z_noise3,Z_noise1,6,4,19,7,0.49730717106979916,0.49999201288692413,0.002684841817124972
Z_noise3,Z_noise2,6,5,19,7,0.49826341572742655,0.4969680441620435,-0.0012953715653830633
X_causal,X_conf,0,1,19,8,0.44981128700525214,0.49312371145968076,0.04331242445442862
X_causal,X_syn1,0,2,19,8,0.4978833223179861,0.4943660826907023,-0.003517239627283786
X_causal,X_syn2,0,3,19,8,0.4921664180606016,0.49404555494474134,0.0018791368841397649
X_causal,Z_noise1,0,4,19,8,0.4923784682276976,0.4935424070563399,0.001163938828642297
X_causal,Z_noise2,0,5,19,8,0.4976541802691893,0.49268151813453226,-0.004972662134657024
X_causal,Z_noise3,0,6,19,8,0.4927222108654787,0.49286427071947525,0.00014205985399656784
X_conf,X_causal,1,0,19,8,0.4494959630673676,0.4408051561163083,-0.008690806951059282
X_conf,X_syn1,1,2,19,8,0.44261878642238806,0.4376930002455313,-0.004925786176856739
X_conf,X_syn2,1,3,19,8,0.44676657024140476,0.4439365669661652,-0.0028300032752395787
X_conf,Z_noise1,1,4,19,8,0.4434374526597639,0.4405461335358183,-0.002891319123945635
X_conf,Z_noise2,1,5,19,8,0.44374652818775595,0.4449365383720889,0.001190010184332957
X_conf,Z_noise3,1,6,19,8,0.44654219792464384,0.4417255433354636,-0.004816654589180236
X_syn1,X_causal,2,0,19,8,0.4974790248864692,0.49388201613395416,-0.003597008752515063
X_syn1,X_conf,2,1,19,8,0.4433310831952452,0.4971544102817604,0.05382332708651516
X_syn1,X_syn2,2,3,19,8,0.4796341843314353,0.49560847997118596,0.01597429563975067
X_syn1,Z_noise1,2,4,19,8,0.49150815879170645,0.49158290385517184,7.474506346538679e-05
X_syn1,Z_noise2,2,5,19,8,0.49655231187867865,0.49542878836410226,-0.0011235235145763967
X_syn1,Z_noise3,2,6,19,8,0.49713632967979027,0.4927318655254116,-0.004404464154378673
X_syn2,X_causal,3,0,19,8,0.49269480083812645,0.4936840796741846,0.0009892788360581495
X_syn2,X_conf,3,1,19,8,0.4467605264698319,0.4951051649590604,0.048344638489228486
X_syn2,X_syn1,3,2,19,8,0.48012223249755404,0.49297663801036584,0.012854405512811806
X_syn2,Z_noise1,3,4,19,8,0.4901321304241584,0.48950800669971456,-0.0006241237244438147
X_syn2,Z_noise2,3,5,19,8,0.496564552691768,0.49700784287932037,0.0004432901875523476
X_syn2,Z_noise3,3,6,19,8,0.49536356041067864,0.4965889880402149,0.0012254276295362576
Z_noise1,X_causal,4,0,19,8,0.4927499273170146,0.4938208615358389,0.0010709342188242599
Z_noise1,X_conf,4,1,19,8,0.4432619383903719,0.4899664413690495,0.046704502978677565
Z_noise1,X_syn1,4,2,19,8,0.49165687004442105,0.4933733527702832,0.0017164827258621673
Z_noise1,X_syn2,4,3,19,8,0.4907403975205898,0.49262101429465405,0.0018806167740642588
Z_noise1,Z_noise2,4,5,19,8,0.4934454094045835,0.49211877718337776,-0.0013266322212057147
Z_noise1,Z_noise3,4,6,19,8,0.4915968924520043,0.49357173069509536,0.0019748382430910816
Z_noise2,X_causal,5,0,19,8,0.4974750336330249,0.4941654755194993,-0.0033095581135256236
Z_noise2,X_conf,5,1,19,8,0.4442832547641551,0.4979660497379378,0.0536827949737827
Z_noise2,X_syn1,5,2,19,8,0.49692562640330734,0.4956277790391829,-0.001297847364124416
Z_noise2,X_syn2,5,3,19,8,0.496201395907122,0.49845452428686204,0.002253128379740066
Z_noise2,Z_noise1,5,4,19,8,0.4942340426308384,0.49250754597346086,-0.001726496657377563
Z_noise2,Z_noise3,5,6,19,8,0.49381968779363533,0.4960572968020676,0.002237609008432284
Z_noise3,X_causal,6,0,19,8,0.49307550981969545,0.49056355297162774,-0.002511956848067709
Z_noise3,X_conf,6,1,19,8,0.4469406931100016,0.49630180948793245,0.049361116377930836
Z_noise3,X_syn1,6,2,19,8,0.495909364775849,0.49644485316522724,0.0005354883893782247
Z_noise3,X_syn2,6,3,19,8,0.4937386814430556,0.49382423601694325,8.555457388764731e-05
Z_noise3,Z_noise1,6,4,19,8,0.49094748857036447,0.49423615982125324,0.003288671250888775
Z_noise3,Z_noise2,6,5,19,8,0.4936092970987026,0.4945693390163713,0.0009600419176686859
X_causal,X_conf,0,1,19,9,0.44079649885038485,0.4943080491649889,0.05351155031460403
X_causal,X_syn1,0,2,19,9,0.49214741024601233,0.4983172499827188,0.006169839736706484
X_causal,X_syn2,0,3,19,9,0.4983466729102959,0.5002461138897557,0.001899440979459821
X_causal,Z_noise1,0,4,19,9,0.49807296587211347,0.49331801508307394,-0.004754950789039536
X_causal,Z_noise2,0,5,19,9,0.49291286680504043,0.49241679529171667,-0.0004960715133237592
X_causal,Z_noise3,0,6,19,9,0.495402547323959,0.49309928098124184,-0.0023032663427171585
X_conf,X_causal,1,0,19,9,0.4406259790381109,0.4364583318106084,-0.004167647227502513
X_conf,X_syn1,1,2,19,9,0.4373979134714882,0.43597627610688094,-0.0014216373646072644
X_conf,X_syn2,1,3,19,9,0.44318758133986047,0.4462265967578434,0.0030390154179829043
X_conf,Z_noise1,1,4,19,9,0.43660017750796715,0.43882139423425326,0.0022212167262861127
X_conf,Z_noise2,1,5,19,9,0.4369102948272093,0.4327647363097973,-0.004145558517411996
X_conf,Z_noise3,1,6,19,9,0.4402535668598518,0.43547736499886724,-0.004776201860984541
X_syn1,X_causal,2,0,19,9,0.49150082111542287,0.49638585893295184,0.00488503781752897
X_syn1,X_conf,2,1,19,9,0.43658001063019003,0.4914981783959326,0.05491816776574254
X_syn1,X_syn2,2,3,19,9,0.47314719504781944,0.5002218355067418,0.027074640458922383
X_syn1,Z_noise1,2,4,19,9,0.49633872028271153,0.49077084710716584,-0.00556787317554569
X_syn1,Z_noise2,2,5,19,9,0.4948475198132049,0.4920612724398739,-0.0027862473733309967
X_syn1,Z_noise3,2,6,19,9,0.49465220497063744,0.4949794851108484,0.0003272801402109393
X_syn2,X_causal,3,0,19,9,0.4985937679689474,0.49453156747270843,-0.004062200496238955
X_syn2,X_conf,3,1,19,9,0.44287742518050466,0.49230047814481503,0.04942305296431038
X_syn2,X_syn1,3,2,19,9,0.4728290567934485,0.4986716539834569,0.02584259719000842
X_syn2,Z_noise1,3,4,19,9,0.4973971415146711,0.4953173213624629,-0.0020798201522082005
X_syn2,Z_noise2,3,5,19,9,0.49513116565126325,0.4935104520974774,-0.0016207135537858464
X_syn2,Z_noise3,3,6,19,9,0.4980885422370709,0.4938045947593469,-0.004283947477723982
Z_noise1,X_causal,4,0,19,9,0.49930602225071674,0.4951407490435887,-0.004165273207128062
Z_noise1,X_conf,4,1,19,9,0.4364651791425378,0.4954915417817058,0.059026362639167995
Z_noise1,X_syn1,4,2,19,9,0.4970890828934222,0.5003089034910914,0.0032198205976691763
Z_noise1,X_syn2,4,3,19,9,0.49690555779520285,0.5022265252182787,0.005320967423075862
Z_noise1,Z_noise2,4,5,19,9,0.4958841849882155,0.4953282951557614,-0.0005558898324541373
Z_noise1,Z_noise3,4,6,19,9,0.4970930721223597,0.4935988859000683,-0.0034941862222914177
Z_noise2,X_causal,5,0,19,9,0.4934466059575109,0.49574632048276035,0.0022997145252494633
Z_noise2,X_conf,5,1,19,9,0.4364483439343563,0.4954740250756289,0.0590256811412726
Z_noise2,X_syn1,5,2,19,9,0.4953228915588925,0.49977409438077347,0.004451202821880995
Z_noise2,X_syn2,5,3,19,9,0.4951091391333936,0.5011406320628364,0.006031492929442828
Z_noise2,Z_noise1,5,4,19,9,0.4950574843493744,0.4940191111096741,-0.0010383732397002965
Z_noise2,Z_noise3,5,6,19,9,0.5003577450641663,0.4920560970340892,-0.008301648030077102
Z_noise3,X_causal,6,0,19,9,0.4952776124931354,0.4977509589698824,0.002473346476747018
Z_noise3,X_conf,6,1,19,9,0.44076947720787996,0.49434789963382203,0.053578422425942074
Z_noise3,X_syn1,6,2,19,9,0.49458340409271007,0.5021357686453182,0.007552364552608104
Z_noise3,X_syn2,6,3,19,9,0.4983626231625788,0.49967574852652874,0.0013131253639499518
Z_noise3,Z_noise1,6,4,19,9,0.49769464486595266,0.4938555528315387,-0.00383909203441396
Z_noise3,Z_noise2,6,5,19,9,0.4999681436436257,0.4911672367397511,-0.008800906903874584
