combo,combo_size,logloss_original,logloss_null,delta,realization,has_informative,combo_type
"('$X_1$', '$X_2$')",2,0.05104220326922916,0.7031290013438013,0.6520867980745721,0,True,"$S \supseteq \{1,2\}$"
"('$X_1$', '$Z_{1}$')",2,0.7138489035238009,0.7021167542386818,-0.01173214928511912,0,True,"$|S \cap \{1,2\}| = 1$"
"('$X_1$', '$Z_{2}$')",2,0.7062069415068734,0.7147839083649276,0.008576966858054202,0,True,"$|S \cap \{1,2\}| = 1$"
"('$X_1$', '$Z_{3}$')",2,0.7104012149065512,0.7096381996743331,-0.0007630152322181116,0,True,"$|S \cap \{1,2\}| = 1$"
"('$X_1$', '$Z_{4}$')",2,0.7120317742086122,0.7057144453637911,-0.006317328844821057,0,True,"$|S \cap \{1,2\}| = 1$"
"('$X_1$', '$Z_{5}$')",2,0.7082091769371057,0.7071809537952427,-0.0010282231418630161,0,True,"$|S \cap \{1,2\}| = 1$"
"('$X_1$', '$Z_{6}$')",2,0.7108877099692609,0.6993216798447338,-0.01156603012452706,0,True,"$|S \cap \{1,2\}| = 1$"
"('$X_2$', '$Z_{1}$')",2,0.7113123263389642,0.7047224183543788,-0.006589907984585475,0,True,"$|S \cap \{1,2\}| = 1$"
"('$X_2$', '$Z_{2}$')",2,0.7060920803985798,0.7084915954576814,0.00239951505910152,0,True,"$|S \cap \{1,2\}| = 1$"
"('$X_2$', '$Z_{3}$')",2,0.7096467841094081,0.7122781938411286,0.002631409731720491,0,True,"$|S \cap \{1,2\}| = 1$"
"('$X_2$', '$Z_{4}$')",2,0.712768444695836,0.7088631231083207,-0.0039053215875153313,0,True,"$|S \cap \{1,2\}| = 1$"
"('$X_2$', '$Z_{5}$')",2,0.7081725082297742,0.7124754967848994,0.004302988555125231,0,True,"$|S \cap \{1,2\}| = 1$"
"('$X_2$', '$Z_{6}$')",2,0.7056643581060448,0.6914157585209733,-0.01424859958507152,0,True,"$|S \cap \{1,2\}| = 1$"
"('$Z_{1}$', '$Z_{2}$')",2,0.7062461220629546,0.7060950758237873,-0.0001510462391672851,0,False,"$S \cap \{1,2\} = \emptyset$"
"('$Z_{1}$', '$Z_{3}$')",2,0.707268032949939,0.711414240816947,0.004146207867008034,0,False,"$S \cap \{1,2\} = \emptyset$"
"('$Z_{1}$', '$Z_{4}$')",2,0.7070299583002562,0.7039629417417956,-0.0030670165584605336,0,False,"$S \cap \{1,2\} = \emptyset$"
"('$Z_{1}$', '$Z_{5}$')",2,0.7087447765583802,0.7077152988712356,-0.0010294776871445643,0,False,"$S \cap \{1,2\} = \emptyset$"
"('$Z_{1}$', '$Z_{6}$')",2,0.7104319795121248,0.7086552331381386,-0.001776746373986171,0,False,"$S \cap \{1,2\} = \emptyset$"
"('$Z_{2}$', '$Z_{3}$')",2,0.6989876037815427,0.7018736167651537,0.0028860129836110193,0,False,"$S \cap \{1,2\} = \emptyset$"
"('$Z_{2}$', '$Z_{4}$')",2,0.6986644494259666,0.7025271289199804,0.0038626794940137543,0,False,"$S \cap \{1,2\} = \emptyset$"
"('$Z_{2}$', '$Z_{5}$')",2,0.6976148468585174,0.7087266270796697,0.011111780221152334,0,False,"$S \cap \{1,2\} = \emptyset$"
"('$Z_{2}$', '$Z_{6}$')",2,0.7011053269381645,0.7077590280597776,0.00665370112161312,0,False,"$S \cap \{1,2\} = \emptyset$"
"('$Z_{3}$', '$Z_{4}$')",2,0.7044224526686579,0.7047304514560199,0.00030799878736198494,0,False,"$S \cap \{1,2\} = \emptyset$"
"('$Z_{3}$', '$Z_{5}$')",2,0.7063819609880299,0.7101431244849571,0.0037611634969272334,0,False,"$S \cap \{1,2\} = \emptyset$"
"('$Z_{3}$', '$Z_{6}$')",2,0.7008501187391797,0.7011292538903244,0.0002791351511447493,0,False,"$S \cap \{1,2\} = \emptyset$"
"('$Z_{4}$', '$Z_{5}$')",2,0.7017585166009628,0.7034479563165906,0.0016894397156278496,0,False,"$S \cap \{1,2\} = \emptyset$"
"('$Z_{4}$', '$Z_{6}$')",2,0.7061447254330112,0.7125866549849441,0.006441929551932901,0,False,"$S \cap \{1,2\} = \emptyset$"
"('$Z_{5}$', '$Z_{6}$')",2,0.705287424756181,0.7082656823489504,0.0029782575927693733,0,False,"$S \cap \{1,2\} = \emptyset$"
"('$X_1$', '$X_2$', '$Z_{1}$')",3,0.19251196869459644,0.6993837622823729,0.5068717935877765,0,True,"$S \supseteq \{1,2\}$"
"('$X_1$', '$X_2$', '$Z_{2}$')",3,0.17841496694810804,0.6973688055429422,0.5189538385948342,0,True,"$S \supseteq \{1,2\}$"
"('$X_1$', '$X_2$', '$Z_{3}$')",3,0.18050357928940583,0.7071036502176505,0.5266000709282447,0,True,"$S \supseteq \{1,2\}$"
"('$X_1$', '$X_2$', '$Z_{4}$')",3,0.17655233579292504,0.7037018006137973,0.5271494648208722,0,True,"$S \supseteq \{1,2\}$"
"('$X_1$', '$X_2$', '$Z_{5}$')",3,0.1772018009094622,0.6974643885836028,0.5202625876741407,0,True,"$S \supseteq \{1,2\}$"
"('$X_1$', '$X_2$', '$Z_{6}$')",3,0.18537909750442666,0.7020641524456164,0.5166850549411897,0,True,"$S \supseteq \{1,2\}$"
"('$X_1$', '$Z_{1}$', '$Z_{2}$')",3,0.7032917947081052,0.6898575511877515,-0.013434243520353717,0,True,"$|S \cap \{1,2\}| = 1$"
"('$X_1$', '$Z_{1}$', '$Z_{3}$')",3,0.7043352502083534,0.704274610199544,-6.064000880945386e-05,0,True,"$|S \cap \{1,2\}| = 1$"
"('$X_1$', '$Z_{1}$', '$Z_{4}$')",3,0.707992706205913,0.699661605257523,-0.008331100948390069,0,True,"$|S \cap \{1,2\}| = 1$"
"('$X_1$', '$Z_{1}$', '$Z_{5}$')",3,0.7055998404385522,0.7025250614871043,-0.0030747789514479207,0,True,"$|S \cap \{1,2\}| = 1$"
"('$X_1$', '$Z_{1}$', '$Z_{6}$')",3,0.7039613129842022,0.7098807315462506,0.005919418562048473,0,True,"$|S \cap \{1,2\}| = 1$"
"('$X_1$', '$Z_{2}$', '$Z_{3}$')",3,0.7014388076879647,0.7039610410344032,0.0025222333464384183,0,True,"$|S \cap \{1,2\}| = 1$"
"('$X_1$', '$Z_{2}$', '$Z_{4}$')",3,0.7063616515667056,0.7056203474477345,-0.0007413041189711089,0,True,"$|S \cap \{1,2\}| = 1$"
"('$X_1$', '$Z_{2}$', '$Z_{5}$')",3,0.6996416557854264,0.6918440315140337,-0.007797624271392634,0,True,"$|S \cap \{1,2\}| = 1$"
"('$X_1$', '$Z_{2}$', '$Z_{6}$')",3,0.7032901967462064,0.7000808264855175,-0.003209370260688904,0,True,"$|S \cap \{1,2\}| = 1$"
"('$X_1$', '$Z_{3}$', '$Z_{4}$')",3,0.705850394905343,0.6995959451934982,-0.006254449711844745,0,True,"$|S \cap \{1,2\}| = 1$"
"('$X_1$', '$Z_{3}$', '$Z_{5}$')",3,0.7049657496242969,0.6998856672903668,-0.0050800823339300916,0,True,"$|S \cap \{1,2\}| = 1$"
"('$X_1$', '$Z_{3}$', '$Z_{6}$')",3,0.7047400642918954,0.7007849652554449,-0.003955099036450527,0,True,"$|S \cap \{1,2\}| = 1$"
"('$X_1$', '$Z_{4}$', '$Z_{5}$')",3,0.7040209188562028,0.7040688092203156,4.789036411279035e-05,0,True,"$|S \cap \{1,2\}| = 1$"
"('$X_1$', '$Z_{4}$', '$Z_{6}$')",3,0.7091010201271104,0.6991970877432163,-0.009903932383894087,0,True,"$|S \cap \{1,2\}| = 1$"
"('$X_1$', '$Z_{5}$', '$Z_{6}$')",3,0.7048809143135433,0.699412843091403,-0.005468071222140325,0,True,"$|S \cap \{1,2\}| = 1$"
"('$X_2$', '$Z_{1}$', '$Z_{2}$')",3,0.7034919634906383,0.7032021018791785,-0.00028986161145971856,0,True,"$|S \cap \{1,2\}| = 1$"
"('$X_2$', '$Z_{1}$', '$Z_{3}$')",3,0.7048466654695961,0.6996785356084602,-0.005168129861135906,0,True,"$|S \cap \{1,2\}| = 1$"
"('$X_2$', '$Z_{1}$', '$Z_{4}$')",3,0.7054540816769206,0.7094225799886451,0.003968498311724522,0,True,"$|S \cap \{1,2\}| = 1$"
"('$X_2$', '$Z_{1}$', '$Z_{5}$')",3,0.705693559830069,0.7056858933177018,-7.666512367165979e-06,0,True,"$|S \cap \{1,2\}| = 1$"
"('$X_2$', '$Z_{1}$', '$Z_{6}$')",3,0.7039579218685447,0.6990059759203315,-0.004951945948213132,0,True,"$|S \cap \{1,2\}| = 1$"
"('$X_2$', '$Z_{2}$', '$Z_{3}$')",3,0.7003898983311351,0.6981998323440175,-0.002190065987117573,0,True,"$|S \cap \{1,2\}| = 1$"
"('$X_2$', '$Z_{2}$', '$Z_{4}$')",3,0.7059575502384275,0.7090677427783046,0.003110192539877099,0,True,"$|S \cap \{1,2\}| = 1$"
"('$X_2$', '$Z_{2}$', '$Z_{5}$')",3,0.699977026352465,0.6964883073214839,-0.0034887190309810245,0,True,"$|S \cap \{1,2\}| = 1$"
"('$X_2$', '$Z_{2}$', '$Z_{6}$')",3,0.7027394854325959,0.7028526169849031,0.00011313155230718852,0,True,"$|S \cap \{1,2\}| = 1$"
"('$X_2$', '$Z_{3}$', '$Z_{4}$')",3,0.7052894610783552,0.7012950207899806,-0.00399444028837459,0,True,"$|S \cap \{1,2\}| = 1$"
"('$X_2$', '$Z_{3}$', '$Z_{5}$')",3,0.7034984237102491,0.6940452798796628,-0.009453143830586264,0,True,"$|S \cap \{1,2\}| = 1$"
"('$X_2$', '$Z_{3}$', '$Z_{6}$')",3,0.7011081134864796,0.7039301693886774,0.002822055902197751,0,True,"$|S \cap \{1,2\}| = 1$"
"('$X_2$', '$Z_{4}$', '$Z_{5}$')",3,0.7060174140477263,0.7008191677570765,-0.0051982462906497995,0,True,"$|S \cap \{1,2\}| = 1$"
"('$X_2$', '$Z_{4}$', '$Z_{6}$')",3,0.7046380133525422,0.7072921598325875,0.0026541464800453607,0,True,"$|S \cap \{1,2\}| = 1$"
"('$X_2$', '$Z_{5}$', '$Z_{6}$')",3,0.7030792597100441,0.7090282548008844,0.005948995090840237,0,True,"$|S \cap \{1,2\}| = 1$"
"('$Z_{1}$', '$Z_{2}$', '$Z_{3}$')",3,0.699393161854184,0.7026934688261316,0.0033003069719476086,0,False,"$S \cap \{1,2\} = \emptyset$"
"('$Z_{1}$', '$Z_{2}$', '$Z_{4}$')",3,0.6996515024379774,0.7021667393065109,0.002515236868533499,0,False,"$S \cap \{1,2\} = \emptyset$"
"('$Z_{1}$', '$Z_{2}$', '$Z_{5}$')",3,0.6994659692156514,0.7124082990912073,0.01294232987555588,0,False,"$S \cap \{1,2\} = \emptyset$"
"('$Z_{1}$', '$Z_{2}$', '$Z_{6}$')",3,0.7050644223504174,0.6990628405350864,-0.0060015818153310585,0,False,"$S \cap \{1,2\} = \emptyset$"
"('$Z_{1}$', '$Z_{3}$', '$Z_{4}$')",3,0.7011767696732834,0.7093064328008588,0.00812966312757546,0,False,"$S \cap \{1,2\} = \emptyset$"
"('$Z_{1}$', '$Z_{3}$', '$Z_{5}$')",3,0.7022860880475841,0.7026918767765419,0.00040578872895780105,0,False,"$S \cap \{1,2\} = \emptyset$"
"('$Z_{1}$', '$Z_{3}$', '$Z_{6}$')",3,0.7003371204553103,0.6972261113802287,-0.00311100907508155,0,False,"$S \cap \{1,2\} = \emptyset$"
"('$Z_{1}$', '$Z_{4}$', '$Z_{5}$')",3,0.7017242740029737,0.6988202687759252,-0.0029040052270484784,0,False,"$S \cap \{1,2\} = \emptyset$"
"('$Z_{1}$', '$Z_{4}$', '$Z_{6}$')",3,0.7061570600479504,0.7030538845998617,-0.003103175448088691,0,False,"$S \cap \{1,2\} = \emptyset$"
"('$Z_{1}$', '$Z_{5}$', '$Z_{6}$')",3,0.7036498167523896,0.7028450749777562,-0.0008047417746334107,0,False,"$S \cap \{1,2\} = \emptyset$"
"('$Z_{2}$', '$Z_{3}$', '$Z_{4}$')",3,0.6992573408434253,0.7037684923173311,0.0045111514739057945,0,False,"$S \cap \{1,2\} = \emptyset$"
"('$Z_{2}$', '$Z_{3}$', '$Z_{5}$')",3,0.6970236866179236,0.7056031534140756,0.008579466796152069,0,False,"$S \cap \{1,2\} = \emptyset$"
"('$Z_{2}$', '$Z_{3}$', '$Z_{6}$')",3,0.6984148157147033,0.7025745124811458,0.0041596967664424556,0,False,"$S \cap \{1,2\} = \emptyset$"
"('$Z_{2}$', '$Z_{4}$', '$Z_{5}$')",3,0.6978314093485222,0.707107455780002,0.009276046431479834,0,False,"$S \cap \{1,2\} = \emptyset$"
"('$Z_{2}$', '$Z_{4}$', '$Z_{6}$')",3,0.7029626977434654,0.7097978248961363,0.006835127152670872,0,False,"$S \cap \{1,2\} = \emptyset$"
"('$Z_{2}$', '$Z_{5}$', '$Z_{6}$')",3,0.6990722497547522,0.6990352418395875,-3.700791516469959e-05,0,False,"$S \cap \{1,2\} = \emptyset$"
"('$Z_{3}$', '$Z_{4}$', '$Z_{5}$')",3,0.6999803836566162,0.7039085792954636,0.003928195638847387,0,False,"$S \cap \{1,2\} = \emptyset$"
"('$Z_{3}$', '$Z_{4}$', '$Z_{6}$')",3,0.7020618645316511,0.7062044197495403,0.004142555217889199,0,False,"$S \cap \{1,2\} = \emptyset$"
"('$Z_{3}$', '$Z_{5}$', '$Z_{6}$')",3,0.7014626346017424,0.7000711776527887,-0.0013914569489537065,0,False,"$S \cap \{1,2\} = \emptyset$"
"('$Z_{4}$', '$Z_{5}$', '$Z_{6}$')",3,0.7011748277282347,0.7082597598716455,0.0070849321434107715,0,False,"$S \cap \{1,2\} = \emptyset$"
"('$X_1$', '$X_2$')",2,0.05090878116491728,0.7088223314867077,0.6579135503217904,1,True,"$S \supseteq \{1,2\}$"
"('$X_1$', '$Z_{1}$')",2,0.7073224466599386,0.7120907095194913,0.004768262859552674,1,True,"$|S \cap \{1,2\}| = 1$"
"('$X_1$', '$Z_{2}$')",2,0.7126382371740122,0.7138268005815089,0.0011885634074967344,1,True,"$|S \cap \{1,2\}| = 1$"
"('$X_1$', '$Z_{3}$')",2,0.7171963704570382,0.7065297408144885,-0.010666629642549719,1,True,"$|S \cap \{1,2\}| = 1$"
"('$X_1$', '$Z_{4}$')",2,0.7098970469127126,0.7002532463304239,-0.009643800582288753,1,True,"$|S \cap \{1,2\}| = 1$"
"('$X_1$', '$Z_{5}$')",2,0.709668737178517,0.7075475018904883,-0.0021212352880286556,1,True,"$|S \cap \{1,2\}| = 1$"
"('$X_1$', '$Z_{6}$')",2,0.7059348893224381,0.7102631353037744,0.004328245981336298,1,True,"$|S \cap \{1,2\}| = 1$"
"('$X_2$', '$Z_{1}$')",2,0.711207743347832,0.71538454211217,0.004176798764337963,1,True,"$|S \cap \{1,2\}| = 1$"
"('$X_2$', '$Z_{2}$')",2,0.7131776493162649,0.7066731832801731,-0.006504466036091783,1,True,"$|S \cap \{1,2\}| = 1$"
"('$X_2$', '$Z_{3}$')",2,0.7090131842774235,0.703476124760229,-0.00553705951719452,1,True,"$|S \cap \{1,2\}| = 1$"
"('$X_2$', '$Z_{4}$')",2,0.7082538792476127,0.7064355010631838,-0.0018183781844289815,1,True,"$|S \cap \{1,2\}| = 1$"
"('$X_2$', '$Z_{5}$')",2,0.7073181141269698,0.7109171078079127,0.0035989936809429635,1,True,"$|S \cap \{1,2\}| = 1$"
"('$X_2$', '$Z_{6}$')",2,0.7072039106457269,0.7018346322069899,-0.005369278438736913,1,True,"$|S \cap \{1,2\}| = 1$"
"('$Z_{1}$', '$Z_{2}$')",2,0.7056641522005555,0.7127106308605545,0.007046478659999078,1,False,"$S \cap \{1,2\} = \emptyset$"
"('$Z_{1}$', '$Z_{3}$')",2,0.7094279542352484,0.7104254641935582,0.000997509958309828,1,False,"$S \cap \{1,2\} = \emptyset$"
"('$Z_{1}$', '$Z_{4}$')",2,0.709454984270533,0.7075456143943204,-0.0019093698762125966,1,False,"$S \cap \{1,2\} = \emptyset$"
"('$Z_{1}$', '$Z_{5}$')",2,0.7110875384803386,0.7105655294417426,-0.0005220090385960052,1,False,"$S \cap \{1,2\} = \emptyset$"
"('$Z_{1}$', '$Z_{6}$')",2,0.7080222608007041,0.6976962408833498,-0.010326019917354268,1,False,"$S \cap \{1,2\} = \emptyset$"
"('$Z_{2}$', '$Z_{3}$')",2,0.7094750033063852,0.7081888378955639,-0.0012861654108213827,1,False,"$S \cap \{1,2\} = \emptyset$"
"('$Z_{2}$', '$Z_{4}$')",2,0.7107553735259785,0.7068031537027533,-0.003952219823225245,1,False,"$S \cap \{1,2\} = \emptyset$"
"('$Z_{2}$', '$Z_{5}$')",2,0.7046318232913054,0.7023279720500886,-0.002303851241216792,1,False,"$S \cap \{1,2\} = \emptyset$"
"('$Z_{2}$', '$Z_{6}$')",2,0.7051017410272458,0.7117744954603104,0.006672754433064587,1,False,"$S \cap \{1,2\} = \emptyset$"
"('$Z_{3}$', '$Z_{4}$')",2,0.7148177546703103,0.7041148457910668,-0.010702908879243522,1,False,"$S \cap \{1,2\} = \emptyset$"
"('$Z_{3}$', '$Z_{5}$')",2,0.707124403805067,0.7095668946266358,0.002442490821568777,1,False,"$S \cap \{1,2\} = \emptyset$"
"('$Z_{3}$', '$Z_{6}$')",2,0.7056057231093901,0.705186272389558,-0.0004194507198320707,1,False,"$S \cap \{1,2\} = \emptyset$"
"('$Z_{4}$', '$Z_{5}$')",2,0.7126043784553381,0.7154652710051161,0.00286089254977806,1,False,"$S \cap \{1,2\} = \emptyset$"
"('$Z_{4}$', '$Z_{6}$')",2,0.7046259098250566,0.7103124300133689,0.005686520188312283,1,False,"$S \cap \{1,2\} = \emptyset$"
"('$Z_{5}$', '$Z_{6}$')",2,0.7013379104767916,0.7056295742026648,0.004291663725873196,1,False,"$S \cap \{1,2\} = \emptyset$"
"('$X_1$', '$X_2$', '$Z_{1}$')",3,0.16346085531315385,0.6965857168803927,0.5331248615672388,1,True,"$S \supseteq \{1,2\}$"
"('$X_1$', '$X_2$', '$Z_{2}$')",3,0.1581289391424765,0.7047192570800564,0.54659031793758,1,True,"$S \supseteq \{1,2\}$"
"('$X_1$', '$X_2$', '$Z_{3}$')",3,0.1625294786800925,0.7046334509487716,0.5421039722686791,1,True,"$S \supseteq \{1,2\}$"
"('$X_1$', '$X_2$', '$Z_{4}$')",3,0.15748573190131362,0.6968300230652928,0.5393442911639792,1,True,"$S \supseteq \{1,2\}$"
"('$X_1$', '$X_2$', '$Z_{5}$')",3,0.1597567875698371,0.7056767019320302,0.5459199143621931,1,True,"$S \supseteq \{1,2\}$"
"('$X_1$', '$X_2$', '$Z_{6}$')",3,0.1608607769263702,0.706492616532099,0.5456318396057288,1,True,"$S \supseteq \{1,2\}$"
"('$X_1$', '$Z_{1}$', '$Z_{2}$')",3,0.7020607240560593,0.7086815065101644,0.006620782454105023,1,True,"$|S \cap \{1,2\}| = 1$"
"('$X_1$', '$Z_{1}$', '$Z_{3}$')",3,0.7011152122837803,0.702594146970742,0.001478934686961697,1,True,"$|S \cap \{1,2\}| = 1$"
"('$X_1$', '$Z_{1}$', '$Z_{4}$')",3,0.702592461331461,0.7051495046700749,0.0025570433386138403,1,True,"$|S \cap \{1,2\}| = 1$"
"('$X_1$', '$Z_{1}$', '$Z_{5}$')",3,0.7020160033180921,0.6964773550631085,-0.005538648254983625,1,True,"$|S \cap \{1,2\}| = 1$"
"('$X_1$', '$Z_{1}$', '$Z_{6}$')",3,0.6988344774528327,0.7058280849418616,0.006993607489028886,1,True,"$|S \cap \{1,2\}| = 1$"
"('$X_1$', '$Z_{2}$', '$Z_{3}$')",3,0.7099629738656127,0.7011769234241135,-0.00878605044149916,1,True,"$|S \cap \{1,2\}| = 1$"
"('$X_1$', '$Z_{2}$', '$Z_{4}$')",3,0.7076912632346155,0.7089791233929941,0.001287860158378562,1,True,"$|S \cap \{1,2\}| = 1$"
"('$X_1$', '$Z_{2}$', '$Z_{5}$')",3,0.7047838053207425,0.7088251045396808,0.004041299218938366,1,True,"$|S \cap \{1,2\}| = 1$"
"('$X_1$', '$Z_{2}$', '$Z_{6}$')",3,0.7020425662704581,0.7029616813229796,0.000919115052521513,1,True,"$|S \cap \{1,2\}| = 1$"
"('$X_1$', '$Z_{3}$', '$Z_{4}$')",3,0.7077922100785548,0.7039446060116511,-0.0038476040669036538,1,True,"$|S \cap \{1,2\}| = 1$"
"('$X_1$', '$Z_{3}$', '$Z_{5}$')",3,0.7064719059863306,0.7055457209575875,-0.0009261850287430873,1,True,"$|S \cap \{1,2\}| = 1$"
"('$X_1$', '$Z_{3}$', '$Z_{6}$')",3,0.7039116634110764,0.7019134028841156,-0.0019982605269607268,1,True,"$|S \cap \{1,2\}| = 1$"
"('$X_1$', '$Z_{4}$', '$Z_{5}$')",3,0.7080623139092372,0.7083305839681391,0.00026827005890184275,1,True,"$|S \cap \{1,2\}| = 1$"
"('$X_1$', '$Z_{4}$', '$Z_{6}$')",3,0.7029386127298988,0.7017284477798749,-0.0012101649500239064,1,True,"$|S \cap \{1,2\}| = 1$"
"('$X_1$', '$Z_{5}$', '$Z_{6}$')",3,0.7026540679679855,0.700853648611108,-0.0018004193568774696,1,True,"$|S \cap \{1,2\}| = 1$"
"('$X_2$', '$Z_{1}$', '$Z_{2}$')",3,0.7038561998283197,0.6964117263646596,-0.007444473463660062,1,True,"$|S \cap \{1,2\}| = 1$"
"('$X_2$', '$Z_{1}$', '$Z_{3}$')",3,0.703270095914884,0.7060478781552306,0.002777782240346638,1,True,"$|S \cap \{1,2\}| = 1$"
"('$X_2$', '$Z_{1}$', '$Z_{4}$')",3,0.7034241425105288,0.6997340606183898,-0.00369008189213893,1,True,"$|S \cap \{1,2\}| = 1$"
"('$X_2$', '$Z_{1}$', '$Z_{5}$')",3,0.7086212023546845,0.7011703234552729,-0.00745087889941165,1,True,"$|S \cap \{1,2\}| = 1$"
"('$X_2$', '$Z_{1}$', '$Z_{6}$')",3,0.703532705532147,0.7088935111718732,0.005360805639726185,1,True,"$|S \cap \{1,2\}| = 1$"
"('$X_2$', '$Z_{2}$', '$Z_{3}$')",3,0.7046007846696023,0.7036224450575844,-0.0009783396120178756,1,True,"$|S \cap \{1,2\}| = 1$"
"('$X_2$', '$Z_{2}$', '$Z_{4}$')",3,0.7022304216363127,0.7076084787155803,0.00537805707926764,1,True,"$|S \cap \{1,2\}| = 1$"
"('$X_2$', '$Z_{2}$', '$Z_{5}$')",3,0.7030774453399339,0.703287144230907,0.000209698890973109,1,True,"$|S \cap \{1,2\}| = 1$"
"('$X_2$', '$Z_{2}$', '$Z_{6}$')",3,0.7015338570083034,0.7043376138401909,0.002803756831887494,1,True,"$|S \cap \{1,2\}| = 1$"
"('$X_2$', '$Z_{3}$', '$Z_{4}$')",3,0.7039904379666059,0.7033451341171255,-0.0006453038494803609,1,True,"$|S \cap \{1,2\}| = 1$"
"('$X_2$', '$Z_{3}$', '$Z_{5}$')",3,0.7056212559954523,0.706987752663462,0.001366496668009698,1,True,"$|S \cap \{1,2\}| = 1$"
"('$X_2$', '$Z_{3}$', '$Z_{6}$')",3,0.7036480170426421,0.7069408106109653,0.003292793568323127,1,True,"$|S \cap \{1,2\}| = 1$"
"('$X_2$', '$Z_{4}$', '$Z_{5}$')",3,0.7056336050790014,0.6972042627010896,-0.00842934237791182,1,True,"$|S \cap \{1,2\}| = 1$"
"('$X_2$', '$Z_{4}$', '$Z_{6}$')",3,0.7021337316489501,0.7070092889939597,0.004875557345009551,1,True,"$|S \cap \{1,2\}| = 1$"
"('$X_2$', '$Z_{5}$', '$Z_{6}$')",3,0.7039050990829937,0.7026935031705999,-0.001211595912393837,1,True,"$|S \cap \{1,2\}| = 1$"
"('$Z_{1}$', '$Z_{2}$', '$Z_{3}$')",3,0.7025942260057438,0.7031830558096703,0.0005888298039264939,1,False,"$S \cap \{1,2\} = \emptyset$"
"('$Z_{1}$', '$Z_{2}$', '$Z_{4}$')",3,0.7034979015241988,0.7036622512869817,0.00016434976278290048,1,False,"$S \cap \{1,2\} = \emptyset$"
"('$Z_{1}$', '$Z_{2}$', '$Z_{5}$')",3,0.7023230262694439,0.6989441835574441,-0.00337884271199973,1,False,"$S \cap \{1,2\} = \emptyset$"
"('$Z_{1}$', '$Z_{2}$', '$Z_{6}$')",3,0.7007170234791811,0.7032056235892026,0.0024886001100214994,1,False,"$S \cap \{1,2\} = \emptyset$"
"('$Z_{1}$', '$Z_{3}$', '$Z_{4}$')",3,0.7039707386505087,0.7056064471263358,0.001635708475827058,1,False,"$S \cap \{1,2\} = \emptyset$"
"('$Z_{1}$', '$Z_{3}$', '$Z_{5}$')",3,0.7047670137823052,0.7021116991753522,-0.0026553146069530076,1,False,"$S \cap \{1,2\} = \emptyset$"
"('$Z_{1}$', '$Z_{3}$', '$Z_{6}$')",3,0.7007036035532521,0.7094229641824122,0.008719360629160122,1,False,"$S \cap \{1,2\} = \emptyset$"
"('$Z_{1}$', '$Z_{4}$', '$Z_{5}$')",3,0.7084219419995956,0.6952075017614777,-0.013214440238117908,1,False,"$S \cap \{1,2\} = \emptyset$"
"('$Z_{1}$', '$Z_{4}$', '$Z_{6}$')",3,0.7012629754456269,0.7099683953173471,0.008705419871720244,1,False,"$S \cap \{1,2\} = \emptyset$"
"('$Z_{1}$', '$Z_{5}$', '$Z_{6}$')",3,0.7028537320020741,0.7036831504858833,0.0008294184838091301,1,False,"$S \cap \{1,2\} = \emptyset$"
"('$Z_{2}$', '$Z_{3}$', '$Z_{4}$')",3,0.7069762680421029,0.7019690574091211,-0.005007210632981818,1,False,"$S \cap \{1,2\} = \emptyset$"
"('$Z_{2}$', '$Z_{3}$', '$Z_{5}$')",3,0.7043598705692402,0.7085284796005679,0.0041686090313276525,1,False,"$S \cap \{1,2\} = \emptyset$"
"('$Z_{2}$', '$Z_{3}$', '$Z_{6}$')",3,0.7018541307250575,0.7028060524054272,0.0009519216803696162,1,False,"$S \cap \{1,2\} = \emptyset$"
"('$Z_{2}$', '$Z_{4}$', '$Z_{5}$')",3,0.7043624784120273,0.7041925766117769,-0.0001699018002503383,1,False,"$S \cap \{1,2\} = \emptyset$"
"('$Z_{2}$', '$Z_{4}$', '$Z_{6}$')",3,0.7034344309630504,0.7056205892504581,0.002186158287407758,1,False,"$S \cap \{1,2\} = \emptyset$"
"('$Z_{2}$', '$Z_{5}$', '$Z_{6}$')",3,0.6996680237327507,0.7001863743652802,0.000518350632529474,1,False,"$S \cap \{1,2\} = \emptyset$"
"('$Z_{3}$', '$Z_{4}$', '$Z_{5}$')",3,0.7087779164650543,0.7042370148370608,-0.004540901627993477,1,False,"$S \cap \{1,2\} = \emptyset$"
"('$Z_{3}$', '$Z_{4}$', '$Z_{6}$')",3,0.7038835622137124,0.7052809207151389,0.0013973585014265266,1,False,"$S \cap \{1,2\} = \emptyset$"
"('$Z_{3}$', '$Z_{5}$', '$Z_{6}$')",3,0.6993422286522698,0.6935847573821738,-0.00575747127009596,1,False,"$S \cap \{1,2\} = \emptyset$"
"('$Z_{4}$', '$Z_{5}$', '$Z_{6}$')",3,0.7019344614593013,0.7046885182363232,0.002754056777021896,1,False,"$S \cap \{1,2\} = \emptyset$"
"('$X_1$', '$X_2$')",2,0.053433212941233064,0.7036377212407312,0.6502045082994982,2,True,"$S \supseteq \{1,2\}$"
"('$X_1$', '$Z_{1}$')",2,0.7033715943056995,0.7136255154280293,0.010253921122329812,2,True,"$|S \cap \{1,2\}| = 1$"
"('$X_1$', '$Z_{2}$')",2,0.7004483070614292,0.7106656536254745,0.010217346564045271,2,True,"$|S \cap \{1,2\}| = 1$"
"('$X_1$', '$Z_{3}$')",2,0.7075153698752342,0.7126481120907954,0.005132742215561148,2,True,"$|S \cap \{1,2\}| = 1$"
"('$X_1$', '$Z_{4}$')",2,0.7013084998185052,0.7101180169700977,0.008809517151592505,2,True,"$|S \cap \{1,2\}| = 1$"
"('$X_1$', '$Z_{5}$')",2,0.705329543221213,0.6994192313849463,-0.0059103118362666685,2,True,"$|S \cap \{1,2\}| = 1$"
"('$X_1$', '$Z_{6}$')",2,0.7036375971713131,0.7131208640898467,0.009483266918533517,2,True,"$|S \cap \{1,2\}| = 1$"
"('$X_2$', '$Z_{1}$')",2,0.705798091941671,0.7061454801290956,0.0003473881874246354,2,True,"$|S \cap \{1,2\}| = 1$"
"('$X_2$', '$Z_{2}$')",2,0.7005480326106861,0.7126069495693891,0.012058916958702981,2,True,"$|S \cap \{1,2\}| = 1$"
"('$X_2$', '$Z_{3}$')",2,0.7081660025772926,0.706439758833036,-0.0017262437442565615,2,True,"$|S \cap \{1,2\}| = 1$"
"('$X_2$', '$Z_{4}$')",2,0.7123277148729623,0.7103109482198594,-0.0020167666531029083,2,True,"$|S \cap \{1,2\}| = 1$"
"('$X_2$', '$Z_{5}$')",2,0.7073579694642909,0.7030026208109166,-0.00435534865337428,2,True,"$|S \cap \{1,2\}| = 1$"
"('$X_2$', '$Z_{6}$')",2,0.7028987900252253,0.6978848349531713,-0.005013955072053933,2,True,"$|S \cap \{1,2\}| = 1$"
"('$Z_{1}$', '$Z_{2}$')",2,0.6978710839780793,0.7044282139934378,0.006557130015358514,2,False,"$S \cap \{1,2\} = \emptyset$"
"('$Z_{1}$', '$Z_{3}$')",2,0.7053564323936422,0.7059726131713131,0.0006161807776708939,2,False,"$S \cap \{1,2\} = \emptyset$"
"('$Z_{1}$', '$Z_{4}$')",2,0.7116682601591379,0.708305979775192,-0.003362280383945815,2,False,"$S \cap \{1,2\} = \emptyset$"
"('$Z_{1}$', '$Z_{5}$')",2,0.7123025079285732,0.708147390616577,-0.004155117311996137,2,False,"$S \cap \{1,2\} = \emptyset$"
"('$Z_{1}$', '$Z_{6}$')",2,0.7034839467553426,0.7080925742232584,0.0046086274679157935,2,False,"$S \cap \{1,2\} = \emptyset$"
"('$Z_{2}$', '$Z_{3}$')",2,0.7009795015474836,0.7093261887987361,0.008346687251252538,2,False,"$S \cap \{1,2\} = \emptyset$"
"('$Z_{2}$', '$Z_{4}$')",2,0.7025526239249864,0.703656371500116,0.0011037475751295434,2,False,"$S \cap \{1,2\} = \emptyset$"
"('$Z_{2}$', '$Z_{5}$')",2,0.7041749063360281,0.7141492303451732,0.009974324009145108,2,False,"$S \cap \{1,2\} = \emptyset$"
"('$Z_{2}$', '$Z_{6}$')",2,0.703968405455049,0.7102705610888328,0.006302155633783779,2,False,"$S \cap \{1,2\} = \emptyset$"
"('$Z_{3}$', '$Z_{4}$')",2,0.706674160655522,0.7041338806747707,-0.0025402799807513476,2,False,"$S \cap \{1,2\} = \emptyset$"
"('$Z_{3}$', '$Z_{5}$')",2,0.7060373059944389,0.7037809680103039,-0.0022563379841350484,2,False,"$S \cap \{1,2\} = \emptyset$"
"('$Z_{3}$', '$Z_{6}$')",2,0.7054814708829182,0.7069008190621675,0.001419348179249269,2,False,"$S \cap \{1,2\} = \emptyset$"
"('$Z_{4}$', '$Z_{5}$')",2,0.6962405214544569,0.7055022326017751,0.009261711147318219,2,False,"$S \cap \{1,2\} = \emptyset$"
"('$Z_{4}$', '$Z_{6}$')",2,0.7073696549154577,0.7055914553967968,-0.0017781995186608723,2,False,"$S \cap \{1,2\} = \emptyset$"
"('$Z_{5}$', '$Z_{6}$')",2,0.7033941655196584,0.7024113947152129,-0.0009827708044455319,2,False,"$S \cap \{1,2\} = \emptyset$"
"('$X_1$', '$X_2$', '$Z_{1}$')",3,0.14908789046624243,0.700893265916523,0.5518053754502805,2,True,"$S \supseteq \{1,2\}$"
"('$X_1$', '$X_2$', '$Z_{2}$')",3,0.1583019280003484,0.6990554261420283,0.54075349814168,2,True,"$S \supseteq \{1,2\}$"
"('$X_1$', '$X_2$', '$Z_{3}$')",3,0.15506403016470108,0.7045913568931816,0.5495273267284806,2,True,"$S \supseteq \{1,2\}$"
"('$X_1$', '$X_2$', '$Z_{4}$')",3,0.16047068826887656,0.70003016231779,0.5395594740489135,2,True,"$S \supseteq \{1,2\}$"
"('$X_1$', '$X_2$', '$Z_{5}$')",3,0.16178924188093166,0.7013649201904727,0.539575678309541,2,True,"$S \supseteq \{1,2\}$"
"('$X_1$', '$X_2$', '$Z_{6}$')",3,0.16439716235733146,0.6980672062098574,0.5336700438525259,2,True,"$S \supseteq \{1,2\}$"
"('$X_1$', '$Z_{1}$', '$Z_{2}$')",3,0.6953709280809065,0.6978740038742394,0.002503075793332865,2,True,"$|S \cap \{1,2\}| = 1$"
"('$X_1$', '$Z_{1}$', '$Z_{3}$')",3,0.7007351775940203,0.7020792557161358,0.0013440781221155662,2,True,"$|S \cap \{1,2\}| = 1$"
"('$X_1$', '$Z_{1}$', '$Z_{4}$')",3,0.7008626584307772,0.7032476434626828,0.00238498503190554,2,True,"$|S \cap \{1,2\}| = 1$"
"('$X_1$', '$Z_{1}$', '$Z_{5}$')",3,0.7068352189520218,0.710594781928032,0.003759562976010211,2,True,"$|S \cap \{1,2\}| = 1$"
"('$X_1$', '$Z_{1}$', '$Z_{6}$')",3,0.6979396273782665,0.6980597723963265,0.00012014501806001388,2,True,"$|S \cap \{1,2\}| = 1$"
"('$X_1$', '$Z_{2}$', '$Z_{3}$')",3,0.6977700831806376,0.7001777039985875,0.0024076208179498737,2,True,"$|S \cap \{1,2\}| = 1$"
"('$X_1$', '$Z_{2}$', '$Z_{4}$')",3,0.6977314674565822,0.7040742340948662,0.006342766638284036,2,True,"$|S \cap \{1,2\}| = 1$"
"('$X_1$', '$Z_{2}$', '$Z_{5}$')",3,0.7000108787716941,0.7073836264628997,0.00737274769120555,2,True,"$|S \cap \{1,2\}| = 1$"
"('$X_1$', '$Z_{2}$', '$Z_{6}$')",3,0.6962503579404817,0.707367154371651,0.011116796431169251,2,True,"$|S \cap \{1,2\}| = 1$"
"('$X_1$', '$Z_{3}$', '$Z_{4}$')",3,0.6975258614385134,0.7071232819479046,0.009597420509391275,2,True,"$|S \cap \{1,2\}| = 1$"
"('$X_1$', '$Z_{3}$', '$Z_{5}$')",3,0.7019992722240113,0.7042464358073462,0.002247163583334988,2,True,"$|S \cap \{1,2\}| = 1$"
"('$X_1$', '$Z_{3}$', '$Z_{6}$')",3,0.7006290717065639,0.7044930345677224,0.003863962861158532,2,True,"$|S \cap \{1,2\}| = 1$"
"('$X_1$', '$Z_{4}$', '$Z_{5}$')",3,0.6984383290762421,0.7072300548641856,0.008791725787943405,2,True,"$|S \cap \{1,2\}| = 1$"
"('$X_1$', '$Z_{4}$', '$Z_{6}$')",3,0.6966609938803351,0.6961720915074927,-0.0004889023728423814,2,True,"$|S \cap \{1,2\}| = 1$"
"('$X_1$', '$Z_{5}$', '$Z_{6}$')",3,0.7003205165266936,0.7062577224872045,0.0059372059605109495,2,True,"$|S \cap \{1,2\}| = 1$"
"('$X_2$', '$Z_{1}$', '$Z_{2}$')",3,0.6923065268309229,0.7015788129956635,0.009272286164740629,2,True,"$|S \cap \{1,2\}| = 1$"
"('$X_2$', '$Z_{1}$', '$Z_{3}$')",3,0.7006289828347956,0.7004084953238146,-0.0002204875109810267,2,True,"$|S \cap \{1,2\}| = 1$"
"('$X_2$', '$Z_{1}$', '$Z_{4}$')",3,0.7062501813247377,0.7002519085861516,-0.005998272738586108,2,True,"$|S \cap \{1,2\}| = 1$"
"('$X_2$', '$Z_{1}$', '$Z_{5}$')",3,0.7056478007065884,0.7028848741781694,-0.0027629265284190296,2,True,"$|S \cap \{1,2\}| = 1$"
"('$X_2$', '$Z_{1}$', '$Z_{6}$')",3,0.6980031665167327,0.7050931488224649,0.007089982305732212,2,True,"$|S \cap \{1,2\}| = 1$"
"('$X_2$', '$Z_{2}$', '$Z_{3}$')",3,0.6944726520001349,0.7041220705034695,0.009649418503334672,2,True,"$|S \cap \{1,2\}| = 1$"
"('$X_2$', '$Z_{2}$', '$Z_{4}$')",3,0.699827634701009,0.7024641862150425,0.002636551514033525,2,True,"$|S \cap \{1,2\}| = 1$"
"('$X_2$', '$Z_{2}$', '$Z_{5}$')",3,0.6995123330823713,0.7035220018962897,0.004009668813918399,2,True,"$|S \cap \{1,2\}| = 1$"
"('$X_2$', '$Z_{2}$', '$Z_{6}$')",3,0.694353819007756,0.7046271503034439,0.01027333129568797,2,True,"$|S \cap \{1,2\}| = 1$"
"('$X_2$', '$Z_{3}$', '$Z_{4}$')",3,0.7046251698239173,0.70591732371503,0.0012921538911127017,2,True,"$|S \cap \{1,2\}| = 1$"
"('$X_2$', '$Z_{3}$', '$Z_{5}$')",3,0.7044795072294965,0.7082697090268822,0.0037902017973857616,2,True,"$|S \cap \{1,2\}| = 1$"
"('$X_2$', '$Z_{3}$', '$Z_{6}$')",3,0.698854295204376,0.695713224982979,-0.00314107022139698,2,True,"$|S \cap \{1,2\}| = 1$"
"('$X_2$', '$Z_{4}$', '$Z_{5}$')",3,0.7018526210203194,0.7057285728911973,0.0038759518708778584,2,True,"$|S \cap \{1,2\}| = 1$"
"('$X_2$', '$Z_{4}$', '$Z_{6}$')",3,0.7025253948695184,0.705319984712569,0.0027945898430505878,2,True,"$|S \cap \{1,2\}| = 1$"
"('$X_2$', '$Z_{5}$', '$Z_{6}$')",3,0.69821980153742,0.7014946347773128,0.0032748332398927493,2,True,"$|S \cap \{1,2\}| = 1$"
"('$Z_{1}$', '$Z_{2}$', '$Z_{3}$')",3,0.6954715686474602,0.705923463140073,0.010451894492612857,2,False,"$S \cap \{1,2\} = \emptyset$"
"('$Z_{1}$', '$Z_{2}$', '$Z_{4}$')",3,0.7000183410378211,0.7043401210714919,0.004321780033670786,2,False,"$S \cap \{1,2\} = \emptyset$"
"('$Z_{1}$', '$Z_{2}$', '$Z_{5}$')",3,0.7035883089407825,0.7037898744778956,0.0002015655371131464,2,False,"$S \cap \{1,2\} = \emptyset$"
"('$Z_{1}$', '$Z_{2}$', '$Z_{6}$')",3,0.6979651159842621,0.6999924637173729,0.0020273477331107514,2,False,"$S \cap \{1,2\} = \emptyset$"
"('$Z_{1}$', '$Z_{3}$', '$Z_{4}$')",3,0.7032342207673302,0.7070174061463061,0.0037831853789759284,2,False,"$S \cap \{1,2\} = \emptyset$"
"('$Z_{1}$', '$Z_{3}$', '$Z_{5}$')",3,0.708227783593731,0.7041452342479676,-0.004082549345763353,2,False,"$S \cap \{1,2\} = \emptyset$"
"('$Z_{1}$', '$Z_{3}$', '$Z_{6}$')",3,0.7003957011594482,0.7067972660802597,0.006401564920811564,2,False,"$S \cap \{1,2\} = \emptyset$"
"('$Z_{1}$', '$Z_{4}$', '$Z_{5}$')",3,0.7064453881573293,0.7024944214710529,-0.003950966686276369,2,False,"$S \cap \{1,2\} = \emptyset$"
"('$Z_{1}$', '$Z_{4}$', '$Z_{6}$')",3,0.7043353497451235,0.703029239095165,-0.0013061106499584474,2,False,"$S \cap \{1,2\} = \emptyset$"
"('$Z_{1}$', '$Z_{5}$', '$Z_{6}$')",3,0.7052203009252916,0.6947692419034958,-0.010451059021795883,2,False,"$S \cap \{1,2\} = \emptyset$"
"('$Z_{2}$', '$Z_{3}$', '$Z_{4}$')",3,0.6978453632455107,0.7049229206180856,0.007077557372574872,2,False,"$S \cap \{1,2\} = \emptyset$"
"('$Z_{2}$', '$Z_{3}$', '$Z_{5}$')",3,0.7018894623718829,0.7026524101846312,0.0007629478127483269,2,False,"$S \cap \{1,2\} = \emptyset$"
"('$Z_{2}$', '$Z_{3}$', '$Z_{6}$')",3,0.6977786461193362,0.7004000601238303,0.002621414004494116,2,False,"$S \cap \{1,2\} = \emptyset$"
"('$Z_{2}$', '$Z_{4}$', '$Z_{5}$')",3,0.6988571261569336,0.6911317484074655,-0.007725377749468132,2,False,"$S \cap \{1,2\} = \emptyset$"
"('$Z_{2}$', '$Z_{4}$', '$Z_{6}$')",3,0.7006036792208764,0.7049656112201648,0.00436193199928836,2,False,"$S \cap \{1,2\} = \emptyset$"
"('$Z_{2}$', '$Z_{5}$', '$Z_{6}$')",3,0.6993830404822231,0.7006777265035966,0.0012946860213735034,2,False,"$S \cap \{1,2\} = \emptyset$"
"('$Z_{3}$', '$Z_{4}$', '$Z_{5}$')",3,0.6991543833395498,0.7073181807462408,0.008163797406690931,2,False,"$S \cap \{1,2\} = \emptyset$"
"('$Z_{3}$', '$Z_{4}$', '$Z_{6}$')",3,0.7045912946515941,0.7030290311436953,-0.0015622635078987868,2,False,"$S \cap \{1,2\} = \emptyset$"
"('$Z_{3}$', '$Z_{5}$', '$Z_{6}$')",3,0.7022969121179508,0.7014416612112329,-0.000855250906717897,2,False,"$S \cap \{1,2\} = \emptyset$"
"('$Z_{4}$', '$Z_{5}$', '$Z_{6}$')",3,0.7022170086785362,0.7019344213939543,-0.0002825872845818589,2,False,"$S \cap \{1,2\} = \emptyset$"
"('$X_1$', '$X_2$')",2,0.04559179443814035,0.7106537053289598,0.6650619108908195,3,True,"$S \supseteq \{1,2\}$"
"('$X_1$', '$Z_{1}$')",2,0.7146552921042653,0.7034220240649117,-0.011233268039353539,3,True,"$|S \cap \{1,2\}| = 1$"
"('$X_1$', '$Z_{2}$')",2,0.7108621250717085,0.7106551880624515,-0.0002069370092570022,3,True,"$|S \cap \{1,2\}| = 1$"
"('$X_1$', '$Z_{3}$')",2,0.7144766979284758,0.7078000147547712,-0.006676683173704623,3,True,"$|S \cap \{1,2\}| = 1$"
"('$X_1$', '$Z_{4}$')",2,0.7139064429605685,0.7049527105222011,-0.00895373243836739,3,True,"$|S \cap \{1,2\}| = 1$"
"('$X_1$', '$Z_{5}$')",2,0.7109456250308798,0.7097989838361063,-0.001146641194773479,3,True,"$|S \cap \{1,2\}| = 1$"
"('$X_1$', '$Z_{6}$')",2,0.7170703397249556,0.7047864266820771,-0.012283913042878458,3,True,"$|S \cap \{1,2\}| = 1$"
"('$X_2$', '$Z_{1}$')",2,0.7044726050006288,0.7112920114306532,0.006819406430024433,3,True,"$|S \cap \{1,2\}| = 1$"
"('$X_2$', '$Z_{2}$')",2,0.7003186439197037,0.7012490432013226,0.0009303992816189766,3,True,"$|S \cap \{1,2\}| = 1$"
"('$X_2$', '$Z_{3}$')",2,0.7070981768890695,0.7095116096251637,0.0024134327360941787,3,True,"$|S \cap \{1,2\}| = 1$"
"('$X_2$', '$Z_{4}$')",2,0.7002733285833299,0.7100081411026724,0.009734812519342495,3,True,"$|S \cap \{1,2\}| = 1$"
"('$X_2$', '$Z_{5}$')",2,0.7049595483636569,0.7118344132207622,0.006874864857105312,3,True,"$|S \cap \{1,2\}| = 1$"
"('$X_2$', '$Z_{6}$')",2,0.7097766589349498,0.7111226403146668,0.0013459813797169762,3,True,"$|S \cap \{1,2\}| = 1$"
"('$Z_{1}$', '$Z_{2}$')",2,0.7050665846961165,0.7076462209205053,0.002579636224388837,3,False,"$S \cap \{1,2\} = \emptyset$"
"('$Z_{1}$', '$Z_{3}$')",2,0.7169452351027723,0.7104153570358549,-0.006529878066917405,3,False,"$S \cap \{1,2\} = \emptyset$"
"('$Z_{1}$', '$Z_{4}$')",2,0.7046021459142033,0.7035125021252462,-0.0010896437889571509,3,False,"$S \cap \{1,2\} = \emptyset$"
"('$Z_{1}$', '$Z_{5}$')",2,0.7065481888955885,0.7025538126782267,-0.003994376217361761,3,False,"$S \cap \{1,2\} = \emptyset$"
"('$Z_{1}$', '$Z_{6}$')",2,0.7112388766005028,0.7050195552858722,-0.006219321314630544,3,False,"$S \cap \{1,2\} = \emptyset$"
"('$Z_{2}$', '$Z_{3}$')",2,0.7070065968052723,0.7135380252385587,0.006531428433286357,3,False,"$S \cap \{1,2\} = \emptyset$"
"('$Z_{2}$', '$Z_{4}$')",2,0.7068409667268988,0.7071436791589697,0.00030271243207091736,3,False,"$S \cap \{1,2\} = \emptyset$"
"('$Z_{2}$', '$Z_{5}$')",2,0.7092164163047167,0.7028684761618731,-0.006347940142843567,3,False,"$S \cap \{1,2\} = \emptyset$"
"('$Z_{2}$', '$Z_{6}$')",2,0.7094617661092917,0.7034129041691108,-0.0060488619401808386,3,False,"$S \cap \{1,2\} = \emptyset$"
"('$Z_{3}$', '$Z_{4}$')",2,0.7072317815043648,0.7155828627887884,0.008351081284423523,3,False,"$S \cap \{1,2\} = \emptyset$"
"('$Z_{3}$', '$Z_{5}$')",2,0.715323608082752,0.7149535293359986,-0.00037007874675332175,3,False,"$S \cap \{1,2\} = \emptyset$"
"('$Z_{3}$', '$Z_{6}$')",2,0.7123450618215293,0.705655481397376,-0.006689580424153352,3,False,"$S \cap \{1,2\} = \emptyset$"
"('$Z_{4}$', '$Z_{5}$')",2,0.7090373003712999,0.7153180925335499,0.006280792162250082,3,False,"$S \cap \{1,2\} = \emptyset$"
"('$Z_{4}$', '$Z_{6}$')",2,0.7108976710765815,0.7070486046719916,-0.003849066404589929,3,False,"$S \cap \{1,2\} = \emptyset$"
"('$Z_{5}$', '$Z_{6}$')",2,0.7098108701385422,0.7078024922599743,-0.0020083778785678907,3,False,"$S \cap \{1,2\} = \emptyset$"
"('$X_1$', '$X_2$', '$Z_{1}$')",3,0.17509376512135735,0.7004255764107711,0.5253318112894138,3,True,"$S \supseteq \{1,2\}$"
"('$X_1$', '$X_2$', '$Z_{2}$')",3,0.1702774656832549,0.7056141881907126,0.5353367225074577,3,True,"$S \supseteq \{1,2\}$"
"('$X_1$', '$X_2$', '$Z_{3}$')",3,0.17148798531187417,0.7040757955517722,0.5325878102398981,3,True,"$S \supseteq \{1,2\}$"
"('$X_1$', '$X_2$', '$Z_{4}$')",3,0.17014902957777137,0.6963982195180276,0.5262491899402563,3,True,"$S \supseteq \{1,2\}$"
"('$X_1$', '$X_2$', '$Z_{5}$')",3,0.17022300127796275,0.7082362547217053,0.5380132534437425,3,True,"$S \supseteq \{1,2\}$"
"('$X_1$', '$X_2$', '$Z_{6}$')",3,0.16999410066086887,0.7019743791345306,0.5319802784736618,3,True,"$S \supseteq \{1,2\}$"
"('$X_1$', '$Z_{1}$', '$Z_{2}$')",3,0.7071287471736937,0.7119280436969585,0.004799296523264829,3,True,"$|S \cap \{1,2\}| = 1$"
"('$X_1$', '$Z_{1}$', '$Z_{3}$')",3,0.7105988634387531,0.6972644464744944,-0.013334416964258744,3,True,"$|S \cap \{1,2\}| = 1$"
"('$X_1$', '$Z_{1}$', '$Z_{4}$')",3,0.7075454820916653,0.7033300907042568,-0.0042153913874085625,3,True,"$|S \cap \{1,2\}| = 1$"
"('$X_1$', '$Z_{1}$', '$Z_{5}$')",3,0.7082203382799362,0.7040827121897706,-0.004137626090165658,3,True,"$|S \cap \{1,2\}| = 1$"
"('$X_1$', '$Z_{1}$', '$Z_{6}$')",3,0.7085284421199907,0.697408877775354,-0.011119564344636679,3,True,"$|S \cap \{1,2\}| = 1$"
"('$X_1$', '$Z_{2}$', '$Z_{3}$')",3,0.7100226767860683,0.7054286309984831,-0.004594045787585266,3,True,"$|S \cap \{1,2\}| = 1$"
"('$X_1$', '$Z_{2}$', '$Z_{4}$')",3,0.7051021658969452,0.7012150822258907,-0.003887083671054503,3,True,"$|S \cap \{1,2\}| = 1$"
"('$X_1$', '$Z_{2}$', '$Z_{5}$')",3,0.7072706086587022,0.7068355005396735,-0.0004351081190286932,3,True,"$|S \cap \{1,2\}| = 1$"
"('$X_1$', '$Z_{2}$', '$Z_{6}$')",3,0.7107935051233697,0.7094900496130844,-0.001303455510285323,3,True,"$|S \cap \{1,2\}| = 1$"
"('$X_1$', '$Z_{3}$', '$Z_{4}$')",3,0.7056441903108867,0.7086420690349489,0.0029978787240622085,3,True,"$|S \cap \{1,2\}| = 1$"
"('$X_1$', '$Z_{3}$', '$Z_{5}$')",3,0.7087726011769523,0.7085137979654903,-0.0002588032114619887,3,True,"$|S \cap \{1,2\}| = 1$"
"('$X_1$', '$Z_{3}$', '$Z_{6}$')",3,0.7101543115720446,0.7073187585118638,-0.0028355530601807954,3,True,"$|S \cap \{1,2\}| = 1$"
"('$X_1$', '$Z_{4}$', '$Z_{5}$')",3,0.7065028264720336,0.7100939371767506,0.003591110704717071,3,True,"$|S \cap \{1,2\}| = 1$"
"('$X_1$', '$Z_{4}$', '$Z_{6}$')",3,0.7126011790572588,0.7089185461602813,-0.003682632896977567,3,True,"$|S \cap \{1,2\}| = 1$"
"('$X_1$', '$Z_{5}$', '$Z_{6}$')",3,0.7096719858177717,0.7062680373414797,-0.003403948476291996,3,True,"$|S \cap \{1,2\}| = 1$"
"('$X_2$', '$Z_{1}$', '$Z_{2}$')",3,0.6995183625975665,0.7027928789540404,0.003274516356473911,3,True,"$|S \cap \{1,2\}| = 1$"
"('$X_2$', '$Z_{1}$', '$Z_{3}$')",3,0.7041689052233948,0.7052538945040824,0.001084989280687565,3,True,"$|S \cap \{1,2\}| = 1$"
"('$X_2$', '$Z_{1}$', '$Z_{4}$')",3,0.6984027045736984,0.6975962619399996,-0.0008064426336987784,3,True,"$|S \cap \{1,2\}| = 1$"
"('$X_2$', '$Z_{1}$', '$Z_{5}$')",3,0.6993687475068309,0.7094932961961461,0.010124548689315227,3,True,"$|S \cap \{1,2\}| = 1$"
"('$X_2$', '$Z_{1}$', '$Z_{6}$')",3,0.7052842521554786,0.7028515093744718,-0.0024327427810068025,3,True,"$|S \cap \{1,2\}| = 1$"
"('$X_2$', '$Z_{2}$', '$Z_{3}$')",3,0.7007006112338304,0.7071057994870444,0.006405188253214011,3,True,"$|S \cap \{1,2\}| = 1$"
"('$X_2$', '$Z_{2}$', '$Z_{4}$')",3,0.6980358889826704,0.7004595374568603,0.0024236484741898545,3,True,"$|S \cap \{1,2\}| = 1$"
"('$X_2$', '$Z_{2}$', '$Z_{5}$')",3,0.7048273581987019,0.7045218619511685,-0.0003054962475333989,3,True,"$|S \cap \{1,2\}| = 1$"
"('$X_2$', '$Z_{2}$', '$Z_{6}$')",3,0.7044477967429865,0.7016736352641484,-0.002774161478838133,3,True,"$|S \cap \{1,2\}| = 1$"
"('$X_2$', '$Z_{3}$', '$Z_{4}$')",3,0.7001527852177744,0.7058170324401521,0.005664247222377794,3,True,"$|S \cap \{1,2\}| = 1$"
"('$X_2$', '$Z_{3}$', '$Z_{5}$')",3,0.7068588711468289,0.7065306358877524,-0.000328235259076437,3,True,"$|S \cap \{1,2\}| = 1$"
"('$X_2$', '$Z_{3}$', '$Z_{6}$')",3,0.7049054765098783,0.7117661501316529,0.00686067362177456,3,True,"$|S \cap \{1,2\}| = 1$"
"('$X_2$', '$Z_{4}$', '$Z_{5}$')",3,0.7009749734620605,0.7013511889944997,0.0003762155324391614,3,True,"$|S \cap \{1,2\}| = 1$"
"('$X_2$', '$Z_{4}$', '$Z_{6}$')",3,0.705599664835802,0.7008823606239435,-0.004717304211858564,3,True,"$|S \cap \{1,2\}| = 1$"
"('$X_2$', '$Z_{5}$', '$Z_{6}$')",3,0.7067057670877778,0.703623634736643,-0.0030821323511347476,3,True,"$|S \cap \{1,2\}| = 1$"
"('$Z_{1}$', '$Z_{2}$', '$Z_{3}$')",3,0.7081271073155121,0.705272001750164,-0.0028551055653480706,3,False,"$S \cap \{1,2\} = \emptyset$"
"('$Z_{1}$', '$Z_{2}$', '$Z_{4}$')",3,0.7025737452783177,0.6998624049282114,-0.0027113403501063393,3,False,"$S \cap \{1,2\} = \emptyset$"
"('$Z_{1}$', '$Z_{2}$', '$Z_{5}$')",3,0.7058674889197375,0.7025988691828888,-0.003268619736848666,3,False,"$S \cap \{1,2\} = \emptyset$"
"('$Z_{1}$', '$Z_{2}$', '$Z_{6}$')",3,0.7045493623762884,0.7065359589995743,0.00198659662328593,3,False,"$S \cap \{1,2\} = \emptyset$"
"('$Z_{1}$', '$Z_{3}$', '$Z_{4}$')",3,0.7050452045382803,0.7082873915027389,0.003242186964458549,3,False,"$S \cap \{1,2\} = \emptyset$"
"('$Z_{1}$', '$Z_{3}$', '$Z_{5}$')",3,0.7116329533957299,0.7075201208732335,-0.00411283252249639,3,False,"$S \cap \{1,2\} = \emptyset$"
"('$Z_{1}$', '$Z_{3}$', '$Z_{6}$')",3,0.707834905905158,0.7042859891732981,-0.0035489167318598636,3,False,"$S \cap \{1,2\} = \emptyset$"
"('$Z_{1}$', '$Z_{4}$', '$Z_{5}$')",3,0.7001623546612943,0.6980376135002978,-0.0021247411609964795,3,False,"$S \cap \{1,2\} = \emptyset$"
"('$Z_{1}$', '$Z_{4}$', '$Z_{6}$')",3,0.7052831907740464,0.7064612633879933,0.0011780726139468678,3,False,"$S \cap \{1,2\} = \emptyset$"
"('$Z_{1}$', '$Z_{5}$', '$Z_{6}$')",3,0.7067247451195839,0.7017753126366387,-0.004949432482945215,3,False,"$S \cap \{1,2\} = \emptyset$"
"('$Z_{2}$', '$Z_{3}$', '$Z_{4}$')",3,0.7046218994023021,0.7056890516005285,0.0010671521982263954,3,False,"$S \cap \{1,2\} = \emptyset$"
"('$Z_{2}$', '$Z_{3}$', '$Z_{5}$')",3,0.7099530528276712,0.7036662233872952,-0.006286829440375952,3,False,"$S \cap \{1,2\} = \emptyset$"
"('$Z_{2}$', '$Z_{3}$', '$Z_{6}$')",3,0.7071461199531475,0.7123288036418838,0.0051826836887363115,3,False,"$S \cap \{1,2\} = \emptyset$"
"('$Z_{2}$', '$Z_{4}$', '$Z_{5}$')",3,0.7053174054359851,0.7000842274083926,-0.005233178027592489,3,False,"$S \cap \{1,2\} = \emptyset$"
"('$Z_{2}$', '$Z_{4}$', '$Z_{6}$')",3,0.7073031677253837,0.7037000596549012,-0.0036031080704824747,3,False,"$S \cap \{1,2\} = \emptyset$"
"('$Z_{2}$', '$Z_{5}$', '$Z_{6}$')",3,0.7079540091715677,0.7001678044334322,-0.007786204738135516,3,False,"$S \cap \{1,2\} = \emptyset$"
"('$Z_{3}$', '$Z_{4}$', '$Z_{5}$')",3,0.7059869548006648,0.6986220588862824,-0.0073648959143823856,3,False,"$S \cap \{1,2\} = \emptyset$"
"('$Z_{3}$', '$Z_{4}$', '$Z_{6}$')",3,0.7090412811331179,0.7094469737295865,0.0004056925964686098,3,False,"$S \cap \{1,2\} = \emptyset$"
"('$Z_{3}$', '$Z_{5}$', '$Z_{6}$')",3,0.7086566292143334,0.701128501586782,-0.007528127627551395,3,False,"$S \cap \{1,2\} = \emptyset$"
"('$Z_{4}$', '$Z_{5}$', '$Z_{6}$')",3,0.7071494965702195,0.7015114001136367,-0.005638096456582864,3,False,"$S \cap \{1,2\} = \emptyset$"
"('$X_1$', '$X_2$')",2,0.05275320347738067,0.7077740841918344,0.6550208807144537,4,True,"$S \supseteq \{1,2\}$"
"('$X_1$', '$Z_{1}$')",2,0.7125685703681275,0.7160500101789575,0.003481439810830045,4,True,"$|S \cap \{1,2\}| = 1$"
"('$X_1$', '$Z_{2}$')",2,0.7056871669962581,0.71104316063269,0.0053559936364319105,4,True,"$|S \cap \{1,2\}| = 1$"
"('$X_1$', '$Z_{3}$')",2,0.6995754479720474,0.7163079508166049,0.016732502844557517,4,True,"$|S \cap \{1,2\}| = 1$"
"('$X_1$', '$Z_{4}$')",2,0.7040469958621641,0.7080735495508635,0.004026553688699419,4,True,"$|S \cap \{1,2\}| = 1$"
"('$X_1$', '$Z_{5}$')",2,0.7070830872149907,0.7019503073240669,-0.005132779890923755,4,True,"$|S \cap \{1,2\}| = 1$"
"('$X_1$', '$Z_{6}$')",2,0.7032252235001369,0.7086202553378805,0.005395031837743591,4,True,"$|S \cap \{1,2\}| = 1$"
"('$X_2$', '$Z_{1}$')",2,0.705243041866774,0.7029087261920567,-0.0023343156747173133,4,True,"$|S \cap \{1,2\}| = 1$"
"('$X_2$', '$Z_{2}$')",2,0.69841030998969,0.705695050222082,0.007284740232392006,4,True,"$|S \cap \{1,2\}| = 1$"
"('$X_2$', '$Z_{3}$')",2,0.7046265193492369,0.7103370050475364,0.005710485698299461,4,True,"$|S \cap \{1,2\}| = 1$"
"('$X_2$', '$Z_{4}$')",2,0.708939356869174,0.7036059749034135,-0.0053333819657604975,4,True,"$|S \cap \{1,2\}| = 1$"
"('$X_2$', '$Z_{5}$')",2,0.7082617538306495,0.7122974361946429,0.004035682363993431,4,True,"$|S \cap \{1,2\}| = 1$"
"('$X_2$', '$Z_{6}$')",2,0.7027558952970705,0.7040147743118056,0.0012588790147350926,4,True,"$|S \cap \{1,2\}| = 1$"
"('$Z_{1}$', '$Z_{2}$')",2,0.7112060390510498,0.7081532696184577,-0.0030527694325921395,4,False,"$S \cap \{1,2\} = \emptyset$"
"('$Z_{1}$', '$Z_{3}$')",2,0.708098593014022,0.7085944551435683,0.0004958621295463317,4,False,"$S \cap \{1,2\} = \emptyset$"
"('$Z_{1}$', '$Z_{4}$')",2,0.7091161060834965,0.7036920153578444,-0.0054240907256520865,4,False,"$S \cap \{1,2\} = \emptyset$"
"('$Z_{1}$', '$Z_{5}$')",2,0.7137765324498482,0.7015868480089321,-0.01218968444091606,4,False,"$S \cap \{1,2\} = \emptyset$"
"('$Z_{1}$', '$Z_{6}$')",2,0.710575134829718,0.697730441742362,-0.01284469308735603,4,False,"$S \cap \{1,2\} = \emptyset$"
"('$Z_{2}$', '$Z_{3}$')",2,0.704852505362007,0.7112677741390581,0.006415268777051009,4,False,"$S \cap \{1,2\} = \emptyset$"
"('$Z_{2}$', '$Z_{4}$')",2,0.7124418945095462,0.7085863323469405,-0.0038555621626057412,4,False,"$S \cap \{1,2\} = \emptyset$"
"('$Z_{2}$', '$Z_{5}$')",2,0.7066984284148743,0.708257282982752,0.0015588545678777432,4,False,"$S \cap \{1,2\} = \emptyset$"
"('$Z_{2}$', '$Z_{6}$')",2,0.708998258935475,0.7057421246772814,-0.0032561342581935993,4,False,"$S \cap \{1,2\} = \emptyset$"
"('$Z_{3}$', '$Z_{4}$')",2,0.7104502565309838,0.7107886560687556,0.0003383995377718163,4,False,"$S \cap \{1,2\} = \emptyset$"
"('$Z_{3}$', '$Z_{5}$')",2,0.7027782419070143,0.7041613166440754,0.0013830747370611185,4,False,"$S \cap \{1,2\} = \emptyset$"
"('$Z_{3}$', '$Z_{6}$')",2,0.7058776817012435,0.7143110004416863,0.00843331874044273,4,False,"$S \cap \{1,2\} = \emptyset$"
"('$Z_{4}$', '$Z_{5}$')",2,0.7067496700535515,0.7059512654848856,-0.000798404568665867,4,False,"$S \cap \{1,2\} = \emptyset$"
"('$Z_{4}$', '$Z_{6}$')",2,0.7047681424528577,0.7094381378961901,0.004669995443332464,4,False,"$S \cap \{1,2\} = \emptyset$"
"('$Z_{5}$', '$Z_{6}$')",2,0.7040049100440509,0.7057018427616047,0.0016969327175538895,4,False,"$S \cap \{1,2\} = \emptyset$"
"('$X_1$', '$X_2$', '$Z_{1}$')",3,0.16859195948272163,0.7042417151520278,0.5356497556693062,4,True,"$S \supseteq \{1,2\}$"
"('$X_1$', '$X_2$', '$Z_{2}$')",3,0.1681695586585866,0.7075048300599864,0.5393352714013998,4,True,"$S \supseteq \{1,2\}$"
"('$X_1$', '$X_2$', '$Z_{3}$')",3,0.16963428180427542,0.7051939948158809,0.5355597130116054,4,True,"$S \supseteq \{1,2\}$"
"('$X_1$', '$X_2$', '$Z_{4}$')",3,0.1590940259331105,0.7010304394338143,0.5419364135007038,4,True,"$S \supseteq \{1,2\}$"
"('$X_1$', '$X_2$', '$Z_{5}$')",3,0.17521245551678935,0.7054353670992863,0.530222911582497,4,True,"$S \supseteq \{1,2\}$"
"('$X_1$', '$X_2$', '$Z_{6}$')",3,0.1715903222776854,0.7118043951191615,0.5402140728414762,4,True,"$S \supseteq \{1,2\}$"
"('$X_1$', '$Z_{1}$', '$Z_{2}$')",3,0.7058516780691421,0.7050914748152648,-0.0007602032538772674,4,True,"$|S \cap \{1,2\}| = 1$"
"('$X_1$', '$Z_{1}$', '$Z_{3}$')",3,0.6998755107914908,0.700872418102589,0.0009969073110982496,4,True,"$|S \cap \{1,2\}| = 1$"
"('$X_1$', '$Z_{1}$', '$Z_{4}$')",3,0.7031102227914823,0.699788087134603,-0.0033221356568792215,4,True,"$|S \cap \{1,2\}| = 1$"
"('$X_1$', '$Z_{1}$', '$Z_{5}$')",3,0.7049018384143139,0.706503879356164,0.0016020409418501247,4,True,"$|S \cap \{1,2\}| = 1$"
"('$X_1$', '$Z_{1}$', '$Z_{6}$')",3,0.7006197565719507,0.7094612165023629,0.008841459930412188,4,True,"$|S \cap \{1,2\}| = 1$"
"('$X_1$', '$Z_{2}$', '$Z_{3}$')",3,0.6999555516965164,0.7021090314469488,0.002153479750432452,4,True,"$|S \cap \{1,2\}| = 1$"
"('$X_1$', '$Z_{2}$', '$Z_{4}$')",3,0.7057325591358988,0.7022981617339611,-0.003434397401937739,4,True,"$|S \cap \{1,2\}| = 1$"
"('$X_1$', '$Z_{2}$', '$Z_{5}$')",3,0.7001778622326784,0.7041742532755446,0.003996391042866199,4,True,"$|S \cap \{1,2\}| = 1$"
"('$X_1$', '$Z_{2}$', '$Z_{6}$')",3,0.7043237199820584,0.7002432790406231,-0.004080440941435337,4,True,"$|S \cap \{1,2\}| = 1$"
"('$X_1$', '$Z_{3}$', '$Z_{4}$')",3,0.7005936929649723,0.6955588321451253,-0.0050348608198470535,4,True,"$|S \cap \{1,2\}| = 1$"
"('$X_1$', '$Z_{3}$', '$Z_{5}$')",3,0.7006249057933996,0.7065321101756217,0.005907204382222031,4,True,"$|S \cap \{1,2\}| = 1$"
"('$X_1$', '$Z_{3}$', '$Z_{6}$')",3,0.701901629818716,0.6975960214222144,-0.004305608396501515,4,True,"$|S \cap \{1,2\}| = 1$"
"('$X_1$', '$Z_{4}$', '$Z_{5}$')",3,0.7008159785280018,0.7096700041586632,0.0088540256306614,4,True,"$|S \cap \{1,2\}| = 1$"
"('$X_1$', '$Z_{4}$', '$Z_{6}$')",3,0.701322144665492,0.6945015246066155,-0.006820620058876514,4,True,"$|S \cap \{1,2\}| = 1$"
"('$X_1$', '$Z_{5}$', '$Z_{6}$')",3,0.7002531766161811,0.7065939383734677,0.006340761757286595,4,True,"$|S \cap \{1,2\}| = 1$"
"('$X_2$', '$Z_{1}$', '$Z_{2}$')",3,0.697312561893474,0.7044434711987704,0.007130909305296362,4,True,"$|S \cap \{1,2\}| = 1$"
"('$X_2$', '$Z_{1}$', '$Z_{3}$')",3,0.7018651980541891,0.6978958947040259,-0.003969303350163211,4,True,"$|S \cap \{1,2\}| = 1$"
"('$X_2$', '$Z_{1}$', '$Z_{4}$')",3,0.7069871343888742,0.7000722014023565,-0.006914932986517686,4,True,"$|S \cap \{1,2\}| = 1$"
"('$X_2$', '$Z_{1}$', '$Z_{5}$')",3,0.7029873719525008,0.7036270480273572,0.0006396760748563768,4,True,"$|S \cap \{1,2\}| = 1$"
"('$X_2$', '$Z_{1}$', '$Z_{6}$')",3,0.703822090792874,0.7020013249927001,-0.0018207658001739846,4,True,"$|S \cap \{1,2\}| = 1$"
"('$X_2$', '$Z_{2}$', '$Z_{3}$')",3,0.6992447527186236,0.7063767573872751,0.007132004668651493,4,True,"$|S \cap \{1,2\}| = 1$"
"('$X_2$', '$Z_{2}$', '$Z_{4}$')",3,0.7051927812462272,0.7093254983753865,0.004132717129159302,4,True,"$|S \cap \{1,2\}| = 1$"
"('$X_2$', '$Z_{2}$', '$Z_{5}$')",3,0.6970134746796346,0.7035952737774133,0.006581799097778673,4,True,"$|S \cap \{1,2\}| = 1$"
"('$X_2$', '$Z_{2}$', '$Z_{6}$')",3,0.6997437693832176,0.6990154119208712,-0.0007283574623463407,4,True,"$|S \cap \{1,2\}| = 1$"
"('$X_2$', '$Z_{3}$', '$Z_{4}$')",3,0.7058017100315376,0.7056916831107283,-0.00011002692080930299,4,True,"$|S \cap \{1,2\}| = 1$"
"('$X_2$', '$Z_{3}$', '$Z_{5}$')",3,0.7014914954124506,0.7047986651180197,0.003307169705569102,4,True,"$|S \cap \{1,2\}| = 1$"
"('$X_2$', '$Z_{3}$', '$Z_{6}$')",3,0.7037892891300603,0.7026852346458877,-0.0011040544841726119,4,True,"$|S \cap \{1,2\}| = 1$"
"('$X_2$', '$Z_{4}$', '$Z_{5}$')",3,0.7032217629128606,0.7038693802669761,0.0006476173541154484,4,True,"$|S \cap \{1,2\}| = 1$"
"('$X_2$', '$Z_{4}$', '$Z_{6}$')",3,0.7021197199334263,0.7080634550713407,0.005943735137914463,4,True,"$|S \cap \{1,2\}| = 1$"
"('$X_2$', '$Z_{5}$', '$Z_{6}$')",3,0.7056927456241324,0.701697370339792,-0.003995375284340463,4,True,"$|S \cap \{1,2\}| = 1$"
"('$Z_{1}$', '$Z_{2}$', '$Z_{3}$')",3,0.7023153314308551,0.7056510567861823,0.0033357253553272237,4,False,"$S \cap \{1,2\} = \emptyset$"
"('$Z_{1}$', '$Z_{2}$', '$Z_{4}$')",3,0.7089633084938148,0.7081071066455503,-0.0008562018482645151,4,False,"$S \cap \{1,2\} = \emptyset$"
"('$Z_{1}$', '$Z_{2}$', '$Z_{5}$')",3,0.7049668578025844,0.7046930024074556,-0.0002738553951288081,4,False,"$S \cap \{1,2\} = \emptyset$"
"('$Z_{1}$', '$Z_{2}$', '$Z_{6}$')",3,0.7057490243499119,0.705978961423352,0.00022993707344010073,4,False,"$S \cap \{1,2\} = \emptyset$"
"('$Z_{1}$', '$Z_{3}$', '$Z_{4}$')",3,0.7077744973416409,0.704077650973583,-0.0036968463680578934,4,False,"$S \cap \{1,2\} = \emptyset$"
"('$Z_{1}$', '$Z_{3}$', '$Z_{5}$')",3,0.7017435284675055,0.6983283525751169,-0.0034151758923886,4,False,"$S \cap \{1,2\} = \emptyset$"
"('$Z_{1}$', '$Z_{3}$', '$Z_{6}$')",3,0.7048686718850464,0.7034126021317556,-0.0014560697532908229,4,False,"$S \cap \{1,2\} = \emptyset$"
"('$Z_{1}$', '$Z_{4}$', '$Z_{5}$')",3,0.7063181561151609,0.7047022980594164,-0.0016158580557444902,4,False,"$S \cap \{1,2\} = \emptyset$"
"('$Z_{1}$', '$Z_{4}$', '$Z_{6}$')",3,0.7027129066505997,0.7060513214219143,0.0033384147713145795,4,False,"$S \cap \{1,2\} = \emptyset$"
"('$Z_{1}$', '$Z_{5}$', '$Z_{6}$')",3,0.7058073865024008,0.7037363739066848,-0.0020710125957160708,4,False,"$S \cap \{1,2\} = \emptyset$"
"('$Z_{2}$', '$Z_{3}$', '$Z_{4}$')",3,0.707319886517058,0.7007742502547522,-0.006545636262305865,4,False,"$S \cap \{1,2\} = \emptyset$"
"('$Z_{2}$', '$Z_{3}$', '$Z_{5}$')",3,0.6983803359496351,0.700195234734263,0.0018148987846279274,4,False,"$S \cap \{1,2\} = \emptyset$"
"('$Z_{2}$', '$Z_{3}$', '$Z_{6}$')",3,0.704214102654312,0.7040329402896934,-0.00018116236461851454,4,False,"$S \cap \{1,2\} = \emptyset$"
"('$Z_{2}$', '$Z_{4}$', '$Z_{5}$')",3,0.7039111409927968,0.6967782548947561,-0.007132886098040747,4,False,"$S \cap \{1,2\} = \emptyset$"
"('$Z_{2}$', '$Z_{4}$', '$Z_{6}$')",3,0.7047915444692966,0.7018085878559198,-0.002982956613376775,4,False,"$S \cap \{1,2\} = \emptyset$"
"('$Z_{2}$', '$Z_{5}$', '$Z_{6}$')",3,0.7009152820265979,0.7035683601669971,0.0026530781403991677,4,False,"$S \cap \{1,2\} = \emptyset$"
"('$Z_{3}$', '$Z_{4}$', '$Z_{5}$')",3,0.7029616710908196,0.7002901110425742,-0.002671560048245425,4,False,"$S \cap \{1,2\} = \emptyset$"
"('$Z_{3}$', '$Z_{4}$', '$Z_{6}$')",3,0.7044800161176112,0.6992082289957735,-0.005271787121837734,4,False,"$S \cap \{1,2\} = \emptyset$"
"('$Z_{3}$', '$Z_{5}$', '$Z_{6}$')",3,0.7028833633519876,0.7059288934453899,0.003045530093402249,4,False,"$S \cap \{1,2\} = \emptyset$"
"('$Z_{4}$', '$Z_{5}$', '$Z_{6}$')",3,0.7019448955844699,0.7072566581033095,0.00531176251883958,4,False,"$S \cap \{1,2\} = \emptyset$"
"('$X_1$', '$X_2$')",2,0.05332821536730808,0.7090648610551189,0.6557366456878109,5,True,"$S \supseteq \{1,2\}$"
"('$X_1$', '$Z_{1}$')",2,0.7040414278858272,0.7023055910167504,-0.0017358368690768566,5,True,"$|S \cap \{1,2\}| = 1$"
"('$X_1$', '$Z_{2}$')",2,0.7042404155850392,0.711052632609712,0.006812217024672718,5,True,"$|S \cap \{1,2\}| = 1$"
"('$X_1$', '$Z_{3}$')",2,0.7014409141145709,0.7131698518939317,0.011728937779360793,5,True,"$|S \cap \{1,2\}| = 1$"
"('$X_1$', '$Z_{4}$')",2,0.7026839730855794,0.708349725836129,0.005665752750549591,5,True,"$|S \cap \{1,2\}| = 1$"
"('$X_1$', '$Z_{5}$')",2,0.7000514601263133,0.7069754832751441,0.006924023148830893,5,True,"$|S \cap \{1,2\}| = 1$"
"('$X_1$', '$Z_{6}$')",2,0.7001910066363448,0.7033474520773096,0.003156445440964828,5,True,"$|S \cap \{1,2\}| = 1$"
"('$X_2$', '$Z_{1}$')",2,0.7044546554330791,0.7130058632551233,0.008551207822044216,5,True,"$|S \cap \{1,2\}| = 1$"
"('$X_2$', '$Z_{2}$')",2,0.7068747151510472,0.7155245098169621,0.008649794665914978,5,True,"$|S \cap \{1,2\}| = 1$"
"('$X_2$', '$Z_{3}$')",2,0.7048967929931841,0.7010898767120923,-0.0038069162810917545,5,True,"$|S \cap \{1,2\}| = 1$"
"('$X_2$', '$Z_{4}$')",2,0.7056749159207684,0.7036905944672636,-0.0019843214535048004,5,True,"$|S \cap \{1,2\}| = 1$"
"('$X_2$', '$Z_{5}$')",2,0.7066641011744755,0.70957833515562,0.0029142339811444318,5,True,"$|S \cap \{1,2\}| = 1$"
"('$X_2$', '$Z_{6}$')",2,0.7029056736233221,0.6952589334618917,-0.00764674016143041,5,True,"$|S \cap \{1,2\}| = 1$"
"('$Z_{1}$', '$Z_{2}$')",2,0.7099650498270682,0.709706422449903,-0.00025862737716519923,5,False,"$S \cap \{1,2\} = \emptyset$"
"('$Z_{1}$', '$Z_{3}$')",2,0.7105142354570303,0.7046547750498644,-0.005859460407165895,5,False,"$S \cap \{1,2\} = \emptyset$"
"('$Z_{1}$', '$Z_{4}$')",2,0.7042705469636805,0.7076532405161068,0.0033826935524262636,5,False,"$S \cap \{1,2\} = \emptyset$"
"('$Z_{1}$', '$Z_{5}$')",2,0.7056030084688266,0.7096089067101856,0.004005898241358996,5,False,"$S \cap \{1,2\} = \emptyset$"
"('$Z_{1}$', '$Z_{6}$')",2,0.7085019046263368,0.7123822451751435,0.0038803405488067044,5,False,"$S \cap \{1,2\} = \emptyset$"
"('$Z_{2}$', '$Z_{3}$')",2,0.7061651838686508,0.702552711866653,-0.0036124720019977685,5,False,"$S \cap \{1,2\} = \emptyset$"
"('$Z_{2}$', '$Z_{4}$')",2,0.7050737394658706,0.7002140628100051,-0.004859676655865508,5,False,"$S \cap \{1,2\} = \emptyset$"
"('$Z_{2}$', '$Z_{5}$')",2,0.709077933735133,0.7031393591421549,-0.005938574592978085,5,False,"$S \cap \{1,2\} = \emptyset$"
"('$Z_{2}$', '$Z_{6}$')",2,0.7060020603219155,0.7079728257978408,0.00197076547592534,5,False,"$S \cap \{1,2\} = \emptyset$"
"('$Z_{3}$', '$Z_{4}$')",2,0.7005353304034213,0.7056035925295602,0.005068262126138867,5,False,"$S \cap \{1,2\} = \emptyset$"
"('$Z_{3}$', '$Z_{5}$')",2,0.7060500080020766,0.7107692321624579,0.004719224160381286,5,False,"$S \cap \{1,2\} = \emptyset$"
"('$Z_{3}$', '$Z_{6}$')",2,0.7008167733330946,0.7003020296514236,-0.0005147436816709261,5,False,"$S \cap \{1,2\} = \emptyset$"
"('$Z_{4}$', '$Z_{5}$')",2,0.706900893107616,0.7028058537937568,-0.004095039313859128,5,False,"$S \cap \{1,2\} = \emptyset$"
"('$Z_{4}$', '$Z_{6}$')",2,0.7061570609727577,0.7079857986192083,0.00182873764645064,5,False,"$S \cap \{1,2\} = \emptyset$"
"('$Z_{5}$', '$Z_{6}$')",2,0.710867509962215,0.7133673039627806,0.0024997940005655472,5,False,"$S \cap \{1,2\} = \emptyset$"
"('$X_1$', '$X_2$', '$Z_{1}$')",3,0.18542897553651222,0.7059888639551041,0.5205598884185918,5,True,"$S \supseteq \{1,2\}$"
"('$X_1$', '$X_2$', '$Z_{2}$')",3,0.17397388759625176,0.6998039301226407,0.525830042526389,5,True,"$S \supseteq \{1,2\}$"
"('$X_1$', '$X_2$', '$Z_{3}$')",3,0.183717495742876,0.7009057291338222,0.5171882333909462,5,True,"$S \supseteq \{1,2\}$"
"('$X_1$', '$X_2$', '$Z_{4}$')",3,0.18639932521650668,0.703954346880706,0.5175550216641993,5,True,"$S \supseteq \{1,2\}$"
"('$X_1$', '$X_2$', '$Z_{5}$')",3,0.17382794937651824,0.7030632404123158,0.5292352910357976,5,True,"$S \supseteq \{1,2\}$"
"('$X_1$', '$X_2$', '$Z_{6}$')",3,0.18108718327540868,0.6953657245664737,0.5142785412910651,5,True,"$S \supseteq \{1,2\}$"
"('$X_1$', '$Z_{1}$', '$Z_{2}$')",3,0.7006656672752725,0.7061270957629233,0.0054614284876508545,5,True,"$|S \cap \{1,2\}| = 1$"
"('$X_1$', '$Z_{1}$', '$Z_{3}$')",3,0.7011661304074152,0.7061969560695707,0.005030825662155514,5,True,"$|S \cap \{1,2\}| = 1$"
"('$X_1$', '$Z_{1}$', '$Z_{4}$')",3,0.6975457521952704,0.7048828879640725,0.007337135768802128,5,True,"$|S \cap \{1,2\}| = 1$"
"('$X_1$', '$Z_{1}$', '$Z_{5}$')",3,0.6960635308503349,0.7005331654072159,0.004469634556880986,5,True,"$|S \cap \{1,2\}| = 1$"
"('$X_1$', '$Z_{1}$', '$Z_{6}$')",3,0.6993003570704662,0.7018338098517807,0.002533452781314449,5,True,"$|S \cap \{1,2\}| = 1$"
"('$X_1$', '$Z_{2}$', '$Z_{3}$')",3,0.7000285964540887,0.704771955453969,0.0047433589998803205,5,True,"$|S \cap \{1,2\}| = 1$"
"('$X_1$', '$Z_{2}$', '$Z_{4}$')",3,0.6986567614824053,0.706221331304381,0.007564569821975731,5,True,"$|S \cap \{1,2\}| = 1$"
"('$X_1$', '$Z_{2}$', '$Z_{5}$')",3,0.6985165834399077,0.7080021162652497,0.009485532825341925,5,True,"$|S \cap \{1,2\}| = 1$"
"('$X_1$', '$Z_{2}$', '$Z_{6}$')",3,0.700168716701704,0.6978666635800388,-0.002302053121665204,5,True,"$|S \cap \{1,2\}| = 1$"
"('$X_1$', '$Z_{3}$', '$Z_{4}$')",3,0.6981084610007838,0.7033942232869226,0.005285762286138751,5,True,"$|S \cap \{1,2\}| = 1$"
"('$X_1$', '$Z_{3}$', '$Z_{5}$')",3,0.698132008197369,0.7001778445451741,0.0020458363478050856,5,True,"$|S \cap \{1,2\}| = 1$"
"('$X_1$', '$Z_{3}$', '$Z_{6}$')",3,0.6953045139235863,0.7037614019833336,0.008456888059747314,5,True,"$|S \cap \{1,2\}| = 1$"
"('$X_1$', '$Z_{4}$', '$Z_{5}$')",3,0.6971019134077249,0.707409023739964,0.010307110332239078,5,True,"$|S \cap \{1,2\}| = 1$"
"('$X_1$', '$Z_{4}$', '$Z_{6}$')",3,0.7003746142475601,0.7010679781369555,0.0006933638893954486,5,True,"$|S \cap \{1,2\}| = 1$"
"('$X_1$', '$Z_{5}$', '$Z_{6}$')",3,0.6982453456067951,0.7033853008737683,0.005139955266973195,5,True,"$|S \cap \{1,2\}| = 1$"
"('$X_2$', '$Z_{1}$', '$Z_{2}$')",3,0.7060619310775409,0.7057080405381575,-0.00035389053938339465,5,True,"$|S \cap \{1,2\}| = 1$"
"('$X_2$', '$Z_{1}$', '$Z_{3}$')",3,0.7031851017961697,0.7057684920498825,0.0025833902537127917,5,True,"$|S \cap \{1,2\}| = 1$"
"('$X_2$', '$Z_{1}$', '$Z_{4}$')",3,0.7013263293649574,0.6966553585310253,-0.0046709708339320866,5,True,"$|S \cap \{1,2\}| = 1$"
"('$X_2$', '$Z_{1}$', '$Z_{5}$')",3,0.6994892769651601,0.7086934437270954,0.009204166761935362,5,True,"$|S \cap \{1,2\}| = 1$"
"('$X_2$', '$Z_{1}$', '$Z_{6}$')",3,0.7006368843811779,0.6990678423493326,-0.0015690420318452691,5,True,"$|S \cap \{1,2\}| = 1$"
"('$X_2$', '$Z_{2}$', '$Z_{3}$')",3,0.7057083361133876,0.705083911525601,-0.000624424587786554,5,True,"$|S \cap \{1,2\}| = 1$"
"('$X_2$', '$Z_{2}$', '$Z_{4}$')",3,0.7037241245931054,0.7040899576439384,0.00036583305083304207,5,True,"$|S \cap \{1,2\}| = 1$"
"('$X_2$', '$Z_{2}$', '$Z_{5}$')",3,0.7028563369005298,0.7078072275144338,0.004950890613903969,5,True,"$|S \cap \{1,2\}| = 1$"
"('$X_2$', '$Z_{2}$', '$Z_{6}$')",3,0.7046210500799591,0.7050994985020024,0.0004784484220432539,5,True,"$|S \cap \{1,2\}| = 1$"
"('$X_2$', '$Z_{3}$', '$Z_{4}$')",3,0.6998014505409691,0.7027212964031352,0.0029198458621660928,5,True,"$|S \cap \{1,2\}| = 1$"
"('$X_2$', '$Z_{3}$', '$Z_{5}$')",3,0.7024764939831436,0.7012630219363227,-0.0012134720468208737,5,True,"$|S \cap \{1,2\}| = 1$"
"('$X_2$', '$Z_{3}$', '$Z_{6}$')",3,0.6995163081772519,0.7006881216802258,0.0011718135029739063,5,True,"$|S \cap \{1,2\}| = 1$"
"('$X_2$', '$Z_{4}$', '$Z_{5}$')",3,0.7010093770643208,0.7102700180939905,0.009260641029669725,5,True,"$|S \cap \{1,2\}| = 1$"
"('$X_2$', '$Z_{4}$', '$Z_{6}$')",3,0.7027140826932581,0.6986474362841935,-0.004066646409064623,5,True,"$|S \cap \{1,2\}| = 1$"
"('$X_2$', '$Z_{5}$', '$Z_{6}$')",3,0.6999533567833487,0.7098624698806497,0.009909113097301026,5,True,"$|S \cap \{1,2\}| = 1$"
"('$Z_{1}$', '$Z_{2}$', '$Z_{3}$')",3,0.7065561426040159,0.7110613329483763,0.004505190344360366,5,False,"$S \cap \{1,2\} = \emptyset$"
"('$Z_{1}$', '$Z_{2}$', '$Z_{4}$')",3,0.7037892314472877,0.6997101229316648,-0.004079108515622876,5,False,"$S \cap \{1,2\} = \emptyset$"
"('$Z_{1}$', '$Z_{2}$', '$Z_{5}$')",3,0.7046144819462979,0.7062010819638306,0.0015866000175326356,5,False,"$S \cap \{1,2\} = \emptyset$"
"('$Z_{1}$', '$Z_{2}$', '$Z_{6}$')",3,0.7052996358606353,0.6966910870820118,-0.008608548778623493,5,False,"$S \cap \{1,2\} = \emptyset$"
"('$Z_{1}$', '$Z_{3}$', '$Z_{4}$')",3,0.7029872420909221,0.7063961450599442,0.0034089029690220762,5,False,"$S \cap \{1,2\} = \emptyset$"
"('$Z_{1}$', '$Z_{3}$', '$Z_{5}$')",3,0.7038175644597127,0.7061887678766652,0.0023712034169525165,5,False,"$S \cap \{1,2\} = \emptyset$"
"('$Z_{1}$', '$Z_{3}$', '$Z_{6}$')",3,0.7035670889453008,0.7084819247362291,0.004914835790928218,5,False,"$S \cap \{1,2\} = \emptyset$"
"('$Z_{1}$', '$Z_{4}$', '$Z_{5}$')",3,0.7009716928732722,0.7019588731232608,0.0009871802499885618,5,False,"$S \cap \{1,2\} = \emptyset$"
"('$Z_{1}$', '$Z_{4}$', '$Z_{6}$')",3,0.7027741648313628,0.7024718814773145,-0.00030228335404824946,5,False,"$S \cap \{1,2\} = \emptyset$"
"('$Z_{1}$', '$Z_{5}$', '$Z_{6}$')",3,0.7040217527251573,0.7035725655871812,-0.00044918713797614807,5,False,"$S \cap \{1,2\} = \emptyset$"
"('$Z_{2}$', '$Z_{3}$', '$Z_{4}$')",3,0.7019347093081151,0.7017156418148377,-0.00021906749327738062,5,False,"$S \cap \{1,2\} = \emptyset$"
"('$Z_{2}$', '$Z_{3}$', '$Z_{5}$')",3,0.7043264011044367,0.7057498867185173,0.0014234856140806773,5,False,"$S \cap \{1,2\} = \emptyset$"
"('$Z_{2}$', '$Z_{3}$', '$Z_{6}$')",3,0.7006822745019153,0.7103290387698005,0.009646764267885133,5,False,"$S \cap \{1,2\} = \emptyset$"
"('$Z_{2}$', '$Z_{4}$', '$Z_{5}$')",3,0.7030837464579851,0.7123285710913895,0.00924482463340437,5,False,"$S \cap \{1,2\} = \emptyset$"
"('$Z_{2}$', '$Z_{4}$', '$Z_{6}$')",3,0.7018251943631197,0.695955982684421,-0.005869211678698694,5,False,"$S \cap \{1,2\} = \emptyset$"
"('$Z_{2}$', '$Z_{5}$', '$Z_{6}$')",3,0.7035672676890972,0.7029309664678317,-0.0006363012212654562,5,False,"$S \cap \{1,2\} = \emptyset$"
"('$Z_{3}$', '$Z_{4}$', '$Z_{5}$')",3,0.7012503072323193,0.7038672342880404,0.002616927055721141,5,False,"$S \cap \{1,2\} = \emptyset$"
"('$Z_{3}$', '$Z_{4}$', '$Z_{6}$')",3,0.6978308808017473,0.7007898304148008,0.002958949613053541,5,False,"$S \cap \{1,2\} = \emptyset$"
"('$Z_{3}$', '$Z_{5}$', '$Z_{6}$')",3,0.7036003448402036,0.7083811631342543,0.004780818294050637,5,False,"$S \cap \{1,2\} = \emptyset$"
"('$Z_{4}$', '$Z_{5}$', '$Z_{6}$')",3,0.7032261004652387,0.7065171850938705,0.003291084628631813,5,False,"$S \cap \{1,2\} = \emptyset$"
"('$X_1$', '$X_2$')",2,0.05055318271819994,0.7110313868451533,0.6604782041269533,6,True,"$S \supseteq \{1,2\}$"
"('$X_1$', '$Z_{1}$')",2,0.708737433986236,0.7137820714838945,0.0050446374976584885,6,True,"$|S \cap \{1,2\}| = 1$"
"('$X_1$', '$Z_{2}$')",2,0.7073231578453248,0.6971126714143528,-0.010210486430971999,6,True,"$|S \cap \{1,2\}| = 1$"
"('$X_1$', '$Z_{3}$')",2,0.712828464900806,0.7137378572208564,0.000909392320050384,6,True,"$|S \cap \{1,2\}| = 1$"
"('$X_1$', '$Z_{4}$')",2,0.7104570181841328,0.706204426560119,-0.004252591624013813,6,True,"$|S \cap \{1,2\}| = 1$"
"('$X_1$', '$Z_{5}$')",2,0.7120878603421466,0.7122632040893881,0.0001753437472415964,6,True,"$|S \cap \{1,2\}| = 1$"
"('$X_1$', '$Z_{6}$')",2,0.7030717268621542,0.7088925227037887,0.0058207958416344185,6,True,"$|S \cap \{1,2\}| = 1$"
"('$X_2$', '$Z_{1}$')",2,0.7079787902801413,0.7045418513171974,-0.0034369389629439473,6,True,"$|S \cap \{1,2\}| = 1$"
"('$X_2$', '$Z_{2}$')",2,0.7042123096903146,0.7059351748133119,0.0017228651229973524,6,True,"$|S \cap \{1,2\}| = 1$"
"('$X_2$', '$Z_{3}$')",2,0.7017973344999718,0.7058717729332223,0.004074438433250505,6,True,"$|S \cap \{1,2\}| = 1$"
"('$X_2$', '$Z_{4}$')",2,0.7041536754926563,0.7009026700629966,-0.0032510054296597257,6,True,"$|S \cap \{1,2\}| = 1$"
"('$X_2$', '$Z_{5}$')",2,0.7041120821074591,0.7125592470960497,0.00844716498859055,6,True,"$|S \cap \{1,2\}| = 1$"
"('$X_2$', '$Z_{6}$')",2,0.7064097871497499,0.7116610169845831,0.005251229834833171,6,True,"$|S \cap \{1,2\}| = 1$"
"('$Z_{1}$', '$Z_{2}$')",2,0.7088728486198502,0.7023438552785892,-0.006528993341261002,6,False,"$S \cap \{1,2\} = \emptyset$"
"('$Z_{1}$', '$Z_{3}$')",2,0.7112573577452566,0.706089057316296,-0.005168300428960548,6,False,"$S \cap \{1,2\} = \emptyset$"
"('$Z_{1}$', '$Z_{4}$')",2,0.7086638290033909,0.7053668764033985,-0.0032969525999924088,6,False,"$S \cap \{1,2\} = \emptyset$"
"('$Z_{1}$', '$Z_{5}$')",2,0.7137568058323656,0.7118279781371943,-0.0019288276951712202,6,False,"$S \cap \{1,2\} = \emptyset$"
"('$Z_{1}$', '$Z_{6}$')",2,0.7138242485541925,0.7019904759664926,-0.011833772587699909,6,False,"$S \cap \{1,2\} = \emptyset$"
"('$Z_{2}$', '$Z_{3}$')",2,0.7091689937840975,0.7001876717135419,-0.008981322070555575,6,False,"$S \cap \{1,2\} = \emptyset$"
"('$Z_{2}$', '$Z_{4}$')",2,0.7056982318797932,0.7001912384184663,-0.005506993461326881,6,False,"$S \cap \{1,2\} = \emptyset$"
"('$Z_{2}$', '$Z_{5}$')",2,0.7029189602076058,0.7001882263994662,-0.002730733808139596,6,False,"$S \cap \{1,2\} = \emptyset$"
"('$Z_{2}$', '$Z_{6}$')",2,0.7137231880779482,0.7037098162408437,-0.01001337183710449,6,False,"$S \cap \{1,2\} = \emptyset$"
"('$Z_{3}$', '$Z_{4}$')",2,0.7062419084899321,0.7091323395338036,0.002890431043871544,6,False,"$S \cap \{1,2\} = \emptyset$"
"('$Z_{3}$', '$Z_{5}$')",2,0.7093160748194578,0.7050105308736849,-0.004305543945772872,6,False,"$S \cap \{1,2\} = \emptyset$"
"('$Z_{3}$', '$Z_{6}$')",2,0.7030823589435371,0.7063573462069782,0.0032749872634411092,6,False,"$S \cap \{1,2\} = \emptyset$"
"('$Z_{4}$', '$Z_{5}$')",2,0.7088810095226522,0.7096646963283307,0.0007836868056785296,6,False,"$S \cap \{1,2\} = \emptyset$"
"('$Z_{4}$', '$Z_{6}$')",2,0.7011774218671749,0.7035957990741135,0.0024183772069386045,6,False,"$S \cap \{1,2\} = \emptyset$"
"('$Z_{5}$', '$Z_{6}$')",2,0.7052589680656026,0.708970650012247,0.003711681946644396,6,False,"$S \cap \{1,2\} = \emptyset$"
"('$X_1$', '$X_2$', '$Z_{1}$')",3,0.16898656016750488,0.7001551794844197,0.5311686193169148,6,True,"$S \supseteq \{1,2\}$"
"('$X_1$', '$X_2$', '$Z_{2}$')",3,0.16518143046113584,0.7035108683031966,0.5383294378420608,6,True,"$S \supseteq \{1,2\}$"
"('$X_1$', '$X_2$', '$Z_{3}$')",3,0.1708900789783945,0.7024988207243152,0.5316087417459208,6,True,"$S \supseteq \{1,2\}$"
"('$X_1$', '$X_2$', '$Z_{4}$')",3,0.16615703447956423,0.7004598780977201,0.5343028436181559,6,True,"$S \supseteq \{1,2\}$"
"('$X_1$', '$X_2$', '$Z_{5}$')",3,0.16910614564647733,0.7072403909324236,0.5381342452859463,6,True,"$S \supseteq \{1,2\}$"
"('$X_1$', '$X_2$', '$Z_{6}$')",3,0.16802430976354754,0.7029613236491304,0.5349370138855829,6,True,"$S \supseteq \{1,2\}$"
"('$X_1$', '$Z_{1}$', '$Z_{2}$')",3,0.7050135262058094,0.7054861418381899,0.0004726156323805464,6,True,"$|S \cap \{1,2\}| = 1$"
"('$X_1$', '$Z_{1}$', '$Z_{3}$')",3,0.7066342034284396,0.6985116521815096,-0.008122551246930065,6,True,"$|S \cap \{1,2\}| = 1$"
"('$X_1$', '$Z_{1}$', '$Z_{4}$')",3,0.7074539614947334,0.7034965129034352,-0.003957448591298207,6,True,"$|S \cap \{1,2\}| = 1$"
"('$X_1$', '$Z_{1}$', '$Z_{5}$')",3,0.7057501762821325,0.7025419480573736,-0.003208228224758969,6,True,"$|S \cap \{1,2\}| = 1$"
"('$X_1$', '$Z_{1}$', '$Z_{6}$')",3,0.705732259056626,0.7014956073827336,-0.004236651673892311,6,True,"$|S \cap \{1,2\}| = 1$"
"('$X_1$', '$Z_{2}$', '$Z_{3}$')",3,0.7061518618850008,0.7038244229212837,-0.002327438963717121,6,True,"$|S \cap \{1,2\}| = 1$"
"('$X_1$', '$Z_{2}$', '$Z_{4}$')",3,0.7042427690431569,0.7066163483684264,0.0023735793252694926,6,True,"$|S \cap \{1,2\}| = 1$"
"('$X_1$', '$Z_{2}$', '$Z_{5}$')",3,0.7048191995593843,0.7025690182895881,-0.0022501812697962587,6,True,"$|S \cap \{1,2\}| = 1$"
"('$X_1$', '$Z_{2}$', '$Z_{6}$')",3,0.7048980209275728,0.7066346407524243,0.0017366198248515152,6,True,"$|S \cap \{1,2\}| = 1$"
"('$X_1$', '$Z_{3}$', '$Z_{4}$')",3,0.7068867783404368,0.7007683651981489,-0.006118413142287893,6,True,"$|S \cap \{1,2\}| = 1$"
"('$X_1$', '$Z_{3}$', '$Z_{5}$')",3,0.7091189699492448,0.6984565678372519,-0.010662402111992986,6,True,"$|S \cap \{1,2\}| = 1$"
"('$X_1$', '$Z_{3}$', '$Z_{6}$')",3,0.7070482419767826,0.7026334823235961,-0.004414759653186495,6,True,"$|S \cap \{1,2\}| = 1$"
"('$X_1$', '$Z_{4}$', '$Z_{5}$')",3,0.7085464879100062,0.7057523569985708,-0.002794130911435433,6,True,"$|S \cap \{1,2\}| = 1$"
"('$X_1$', '$Z_{4}$', '$Z_{6}$')",3,0.7017941487558547,0.7064739433379484,0.004679794582093777,6,True,"$|S \cap \{1,2\}| = 1$"
"('$X_1$', '$Z_{5}$', '$Z_{6}$')",3,0.7009055092394658,0.7009823358602429,7.682662077712621e-05,6,True,"$|S \cap \{1,2\}| = 1$"
"('$X_2$', '$Z_{1}$', '$Z_{2}$')",3,0.7049419151232816,0.7065195850021998,0.0015776698789181642,6,True,"$|S \cap \{1,2\}| = 1$"
"('$X_2$', '$Z_{1}$', '$Z_{3}$')",3,0.7045507264464314,0.7023933337884041,-0.0021573926580272795,6,True,"$|S \cap \{1,2\}| = 1$"
"('$X_2$', '$Z_{1}$', '$Z_{4}$')",3,0.7027265335687382,0.6997126851425886,-0.0030138484261496012,6,True,"$|S \cap \{1,2\}| = 1$"
"('$X_2$', '$Z_{1}$', '$Z_{5}$')",3,0.7025558333239595,0.6950095642638031,-0.00754626906015643,6,True,"$|S \cap \{1,2\}| = 1$"
"('$X_2$', '$Z_{1}$', '$Z_{6}$')",3,0.7054437099426902,0.7079636830116972,0.0025199730690069755,6,True,"$|S \cap \{1,2\}| = 1$"
"('$X_2$', '$Z_{2}$', '$Z_{3}$')",3,0.7010336342283768,0.7011346918803971,0.0001010576520202866,6,True,"$|S \cap \{1,2\}| = 1$"
"('$X_2$', '$Z_{2}$', '$Z_{4}$')",3,0.7034086008962738,0.7062103908478785,0.0028017899516047384,6,True,"$|S \cap \{1,2\}| = 1$"
"('$X_2$', '$Z_{2}$', '$Z_{5}$')",3,0.6971126155471788,0.7035651329617211,0.006452517414542225,6,True,"$|S \cap \{1,2\}| = 1$"
"('$X_2$', '$Z_{2}$', '$Z_{6}$')",3,0.7063361869174317,0.6978078962230475,-0.00852829069438421,6,True,"$|S \cap \{1,2\}| = 1$"
"('$X_2$', '$Z_{3}$', '$Z_{4}$')",3,0.7035050672851344,0.6988011879001763,-0.004703879384958087,6,True,"$|S \cap \{1,2\}| = 1$"
"('$X_2$', '$Z_{3}$', '$Z_{5}$')",3,0.700670153762902,0.7039957603477837,0.0033256065848816796,6,True,"$|S \cap \{1,2\}| = 1$"
"('$X_2$', '$Z_{3}$', '$Z_{6}$')",3,0.7016006056088135,0.701638336835325,3.7731226511406035e-05,6,True,"$|S \cap \{1,2\}| = 1$"
"('$X_2$', '$Z_{4}$', '$Z_{5}$')",3,0.7030839037366013,0.7045709402587302,0.0014870365221288928,6,True,"$|S \cap \{1,2\}| = 1$"
"('$X_2$', '$Z_{4}$', '$Z_{6}$')",3,0.7012265590734245,0.701505634279655,0.00027907520623049464,6,True,"$|S \cap \{1,2\}| = 1$"
"('$X_2$', '$Z_{5}$', '$Z_{6}$')",3,0.7010740457948242,0.7054469821995383,0.004372936404714034,6,True,"$|S \cap \{1,2\}| = 1$"
"('$Z_{1}$', '$Z_{2}$', '$Z_{3}$')",3,0.708332615537088,0.7004137018789868,-0.007918913658101268,6,False,"$S \cap \{1,2\} = \emptyset$"
"('$Z_{1}$', '$Z_{2}$', '$Z_{4}$')",3,0.7038812668016147,0.7036446401355589,-0.00023662666605572813,6,False,"$S \cap \{1,2\} = \emptyset$"
"('$Z_{1}$', '$Z_{2}$', '$Z_{5}$')",3,0.703617427915279,0.6995023010294527,-0.004115126885826381,6,False,"$S \cap \{1,2\} = \emptyset$"
"('$Z_{1}$', '$Z_{2}$', '$Z_{6}$')",3,0.7086989965979241,0.7057343300658196,-0.0029646665321044763,6,False,"$S \cap \{1,2\} = \emptyset$"
"('$Z_{1}$', '$Z_{3}$', '$Z_{4}$')",3,0.705478997802314,0.7019749595141414,-0.003504038288172695,6,False,"$S \cap \{1,2\} = \emptyset$"
"('$Z_{1}$', '$Z_{3}$', '$Z_{5}$')",3,0.7090040637587832,0.6978844537544764,-0.011119610004306835,6,False,"$S \cap \{1,2\} = \emptyset$"
"('$Z_{1}$', '$Z_{3}$', '$Z_{6}$')",3,0.7057338049926029,0.7050938439289389,-0.0006399610636639297,6,False,"$S \cap \{1,2\} = \emptyset$"
"('$Z_{1}$', '$Z_{4}$', '$Z_{5}$')",3,0.7075849166320564,0.7080658528579828,0.0004809362259264871,6,False,"$S \cap \{1,2\} = \emptyset$"
"('$Z_{1}$', '$Z_{4}$', '$Z_{6}$')",3,0.7036800608607761,0.699395946305129,-0.004284114555647034,6,False,"$S \cap \{1,2\} = \emptyset$"
"('$Z_{1}$', '$Z_{5}$', '$Z_{6}$')",3,0.7062058771177033,0.7038318588899989,-0.002374018227704444,6,False,"$S \cap \{1,2\} = \emptyset$"
"('$Z_{2}$', '$Z_{3}$', '$Z_{4}$')",3,0.7025395260151507,0.7025381400053639,-1.3860097868301224e-06,6,False,"$S \cap \{1,2\} = \emptyset$"
"('$Z_{2}$', '$Z_{3}$', '$Z_{5}$')",3,0.6996827979072924,0.6949104265613095,-0.004772371345982851,6,False,"$S \cap \{1,2\} = \emptyset$"
"('$Z_{2}$', '$Z_{3}$', '$Z_{6}$')",3,0.7079357252709569,0.6991626674232172,-0.00877305784773974,6,False,"$S \cap \{1,2\} = \emptyset$"
"('$Z_{2}$', '$Z_{4}$', '$Z_{5}$')",3,0.7039217476805968,0.7034449796866289,-0.00047676799396789704,6,False,"$S \cap \{1,2\} = \emptyset$"
"('$Z_{2}$', '$Z_{4}$', '$Z_{6}$')",3,0.7060482998299243,0.707592544594764,0.0015442447648396085,6,False,"$S \cap \{1,2\} = \emptyset$"
"('$Z_{2}$', '$Z_{5}$', '$Z_{6}$')",3,0.7013405801904224,0.7043103915492527,0.002969811358830232,6,False,"$S \cap \{1,2\} = \emptyset$"
"('$Z_{3}$', '$Z_{4}$', '$Z_{5}$')",3,0.705193773047666,0.7014915831133615,-0.0037021899343044895,6,False,"$S \cap \{1,2\} = \emptyset$"
"('$Z_{3}$', '$Z_{4}$', '$Z_{6}$')",3,0.7000390817934047,0.7118552646442672,0.0118161828508625,6,False,"$S \cap \{1,2\} = \emptyset$"
"('$Z_{3}$', '$Z_{5}$', '$Z_{6}$')",3,0.7037343370239949,0.7076153042674829,0.003880967243487965,6,False,"$S \cap \{1,2\} = \emptyset$"
"('$Z_{4}$', '$Z_{5}$', '$Z_{6}$')",3,0.7012527504233892,0.7031350561525456,0.001882305729156375,6,False,"$S \cap \{1,2\} = \emptyset$"
"('$X_1$', '$X_2$')",2,0.052797871534558026,0.7124682446086653,0.6596703730741073,7,True,"$S \supseteq \{1,2\}$"
"('$X_1$', '$Z_{1}$')",2,0.7113869201842776,0.7069905388046936,-0.00439638137958398,7,True,"$|S \cap \{1,2\}| = 1$"
"('$X_1$', '$Z_{2}$')",2,0.7056917671787483,0.7138051957372231,0.008113428558474856,7,True,"$|S \cap \{1,2\}| = 1$"
"('$X_1$', '$Z_{3}$')",2,0.7141860995685144,0.7112905275325532,-0.002895572035961247,7,True,"$|S \cap \{1,2\}| = 1$"
"('$X_1$', '$Z_{4}$')",2,0.7089613435167842,0.7060115532201549,-0.00294979029662934,7,True,"$|S \cap \{1,2\}| = 1$"
"('$X_1$', '$Z_{5}$')",2,0.7017971630067179,0.70140768275253,-0.0003894802541879461,7,True,"$|S \cap \{1,2\}| = 1$"
"('$X_1$', '$Z_{6}$')",2,0.7118428646598346,0.7038679525543121,-0.00797491210552248,7,True,"$|S \cap \{1,2\}| = 1$"
"('$X_2$', '$Z_{1}$')",2,0.7143252766812287,0.7118948696039371,-0.0024304070772915853,7,True,"$|S \cap \{1,2\}| = 1$"
"('$X_2$', '$Z_{2}$')",2,0.7060994610227486,0.7124285215673588,0.006329060544610243,7,True,"$|S \cap \{1,2\}| = 1$"
"('$X_2$', '$Z_{3}$')",2,0.7046242974952341,0.6988117956180873,-0.005812501877146881,7,True,"$|S \cap \{1,2\}| = 1$"
"('$X_2$', '$Z_{4}$')",2,0.7121881799133765,0.7074930606463138,-0.004695119267062675,7,True,"$|S \cap \{1,2\}| = 1$"
"('$X_2$', '$Z_{5}$')",2,0.7096276815721172,0.7094466222131103,-0.00018105935900691872,7,True,"$|S \cap \{1,2\}| = 1$"
"('$X_2$', '$Z_{6}$')",2,0.7104759070700559,0.7127904760875556,0.0023145690174997124,7,True,"$|S \cap \{1,2\}| = 1$"
"('$Z_{1}$', '$Z_{2}$')",2,0.710396005902419,0.7111805866208722,0.0007845807184532205,7,False,"$S \cap \{1,2\} = \emptyset$"
"('$Z_{1}$', '$Z_{3}$')",2,0.7079002199699235,0.7073638326597561,-0.0005363873101673633,7,False,"$S \cap \{1,2\} = \emptyset$"
"('$Z_{1}$', '$Z_{4}$')",2,0.7120225621671494,0.7102343771883866,-0.0017881849787628745,7,False,"$S \cap \{1,2\} = \emptyset$"
"('$Z_{1}$', '$Z_{5}$')",2,0.7021688155078941,0.697225330137796,-0.004943485370098144,7,False,"$S \cap \{1,2\} = \emptyset$"
"('$Z_{1}$', '$Z_{6}$')",2,0.7081651341056125,0.7069172312662629,-0.0012479028393496128,7,False,"$S \cap \{1,2\} = \emptyset$"
"('$Z_{2}$', '$Z_{3}$')",2,0.7049141991975357,0.7091614832838339,0.004247284086298153,7,False,"$S \cap \{1,2\} = \emptyset$"
"('$Z_{2}$', '$Z_{4}$')",2,0.7032713778204789,0.7097383042785422,0.006466926458063349,7,False,"$S \cap \{1,2\} = \emptyset$"
"('$Z_{2}$', '$Z_{5}$')",2,0.6992119598484119,0.7074904344925732,0.008278474644161316,7,False,"$S \cap \{1,2\} = \emptyset$"
"('$Z_{2}$', '$Z_{6}$')",2,0.7079174612772186,0.7025378279064391,-0.005379633370779402,7,False,"$S \cap \{1,2\} = \emptyset$"
"('$Z_{3}$', '$Z_{4}$')",2,0.705625745613439,0.7065500752380782,0.0009243296246391752,7,False,"$S \cap \{1,2\} = \emptyset$"
"('$Z_{3}$', '$Z_{5}$')",2,0.7013279218016746,0.7073838354962703,0.006055913694595683,7,False,"$S \cap \{1,2\} = \emptyset$"
"('$Z_{3}$', '$Z_{6}$')",2,0.7064710852949152,0.7089236082295957,0.0024525229346804567,7,False,"$S \cap \{1,2\} = \emptyset$"
"('$Z_{4}$', '$Z_{5}$')",2,0.7060810967383938,0.7101405226222575,0.004059425883863654,7,False,"$S \cap \{1,2\} = \emptyset$"
"('$Z_{4}$', '$Z_{6}$')",2,0.7116905817835477,0.7114273153907381,-0.0002632663928096024,7,False,"$S \cap \{1,2\} = \emptyset$"
"('$Z_{5}$', '$Z_{6}$')",2,0.7058945780859618,0.7052673215139094,-0.0006272565720524259,7,False,"$S \cap \{1,2\} = \emptyset$"
"('$X_1$', '$X_2$', '$Z_{1}$')",3,0.17675546789977076,0.6968526162893874,0.5200971483896166,7,True,"$S \supseteq \{1,2\}$"
"('$X_1$', '$X_2$', '$Z_{2}$')",3,0.17535242291490788,0.7019157762864353,0.5265633533715275,7,True,"$S \supseteq \{1,2\}$"
"('$X_1$', '$X_2$', '$Z_{3}$')",3,0.17609214067459641,0.6999364962489137,0.5238443555743173,7,True,"$S \supseteq \{1,2\}$"
"('$X_1$', '$X_2$', '$Z_{4}$')",3,0.17260989239023042,0.7035485253731921,0.5309386329829617,7,True,"$S \supseteq \{1,2\}$"
"('$X_1$', '$X_2$', '$Z_{5}$')",3,0.1726960970471486,0.7033570017508721,0.5306609047037235,7,True,"$S \supseteq \{1,2\}$"
"('$X_1$', '$X_2$', '$Z_{6}$')",3,0.17780777644641466,0.7018339774024969,0.5240262009560822,7,True,"$S \supseteq \{1,2\}$"
"('$X_1$', '$Z_{1}$', '$Z_{2}$')",3,0.7084843837269196,0.7000169803118924,-0.008467403415027164,7,True,"$|S \cap \{1,2\}| = 1$"
"('$X_1$', '$Z_{1}$', '$Z_{3}$')",3,0.7032529287312079,0.709497117109699,0.006244188378491056,7,True,"$|S \cap \{1,2\}| = 1$"
"('$X_1$', '$Z_{1}$', '$Z_{4}$')",3,0.7092847557112256,0.7100132418257513,0.0007284861145256949,7,True,"$|S \cap \{1,2\}| = 1$"
"('$X_1$', '$Z_{1}$', '$Z_{5}$')",3,0.69899443702823,0.7058705448218477,0.006876107793617692,7,True,"$|S \cap \{1,2\}| = 1$"
"('$X_1$', '$Z_{1}$', '$Z_{6}$')",3,0.709027640377368,0.7066173279751459,-0.0024103124022221145,7,True,"$|S \cap \{1,2\}| = 1$"
"('$X_1$', '$Z_{2}$', '$Z_{3}$')",3,0.7051326728300188,0.7038856352251595,-0.0012470376048593357,7,True,"$|S \cap \{1,2\}| = 1$"
"('$X_1$', '$Z_{2}$', '$Z_{4}$')",3,0.7031693022759818,0.7024851149709955,-0.0006841873049863167,7,True,"$|S \cap \{1,2\}| = 1$"
"('$X_1$', '$Z_{2}$', '$Z_{5}$')",3,0.697283357205332,0.7059205864132696,0.008637229207937636,7,True,"$|S \cap \{1,2\}| = 1$"
"('$X_1$', '$Z_{2}$', '$Z_{6}$')",3,0.7027428772191695,0.6995013146809657,-0.003241562538203846,7,True,"$|S \cap \{1,2\}| = 1$"
"('$X_1$', '$Z_{3}$', '$Z_{4}$')",3,0.7052485509692351,0.7093448567014016,0.004096305732166461,7,True,"$|S \cap \{1,2\}| = 1$"
"('$X_1$', '$Z_{3}$', '$Z_{5}$')",3,0.7012891159196577,0.7061898992912348,0.0049007833715770666,7,True,"$|S \cap \{1,2\}| = 1$"
"('$X_1$', '$Z_{3}$', '$Z_{6}$')",3,0.7079698082680316,0.7064880640937565,-0.001481744174275046,7,True,"$|S \cap \{1,2\}| = 1$"
"('$X_1$', '$Z_{4}$', '$Z_{5}$')",3,0.6997353369572314,0.7066732078750656,0.006937870917834155,7,True,"$|S \cap \{1,2\}| = 1$"
"('$X_1$', '$Z_{4}$', '$Z_{6}$')",3,0.7078507949044631,0.7060367586472728,-0.0018140362571903434,7,True,"$|S \cap \{1,2\}| = 1$"
"('$X_1$', '$Z_{5}$', '$Z_{6}$')",3,0.7024604076426376,0.703017076271904,0.0005566686292663992,7,True,"$|S \cap \{1,2\}| = 1$"
"('$X_2$', '$Z_{1}$', '$Z_{2}$')",3,0.7100950859644243,0.7070478911560854,-0.0030471948083389266,7,True,"$|S \cap \{1,2\}| = 1$"
"('$X_2$', '$Z_{1}$', '$Z_{3}$')",3,0.7051431448654746,0.7003260575313034,-0.004817087334171188,7,True,"$|S \cap \{1,2\}| = 1$"
"('$X_2$', '$Z_{1}$', '$Z_{4}$')",3,0.7114292539313251,0.6959464724478935,-0.015482781483431518,7,True,"$|S \cap \{1,2\}| = 1$"
"('$X_2$', '$Z_{1}$', '$Z_{5}$')",3,0.7020890202117873,0.7039116323884002,0.0018226121766128367,7,True,"$|S \cap \{1,2\}| = 1$"
"('$X_2$', '$Z_{1}$', '$Z_{6}$')",3,0.7082662375857892,0.7008027385336161,-0.007463499052173139,7,True,"$|S \cap \{1,2\}| = 1$"
"('$X_2$', '$Z_{2}$', '$Z_{3}$')",3,0.7045732462842286,0.7052266176040302,0.0006533713198015878,7,True,"$|S \cap \{1,2\}| = 1$"
"('$X_2$', '$Z_{2}$', '$Z_{4}$')",3,0.7072183153623771,0.7003216595785392,-0.006896655783837913,7,True,"$|S \cap \{1,2\}| = 1$"
"('$X_2$', '$Z_{2}$', '$Z_{5}$')",3,0.7001415645131566,0.6989613800670752,-0.001180184446081367,7,True,"$|S \cap \{1,2\}| = 1$"
"('$X_2$', '$Z_{2}$', '$Z_{6}$')",3,0.7043652227368747,0.7051179210997889,0.0007526983629141393,7,True,"$|S \cap \{1,2\}| = 1$"
"('$X_2$', '$Z_{3}$', '$Z_{4}$')",3,0.7051782199147639,0.6981477350901979,-0.00703048482456603,7,True,"$|S \cap \{1,2\}| = 1$"
"('$X_2$', '$Z_{3}$', '$Z_{5}$')",3,0.7007930984266033,0.7038266047842073,0.003033506357604021,7,True,"$|S \cap \{1,2\}| = 1$"
"('$X_2$', '$Z_{3}$', '$Z_{6}$')",3,0.7017149760349749,0.7020432359874847,0.0003282599525098462,7,True,"$|S \cap \{1,2\}| = 1$"
"('$X_2$', '$Z_{4}$', '$Z_{5}$')",3,0.7037946528917514,0.7047552339379349,0.0009605810461835729,7,True,"$|S \cap \{1,2\}| = 1$"
"('$X_2$', '$Z_{4}$', '$Z_{6}$')",3,0.7090157808273878,0.7074583930545109,-0.0015573877728769503,7,True,"$|S \cap \{1,2\}| = 1$"
"('$X_2$', '$Z_{5}$', '$Z_{6}$')",3,0.7074812084156045,0.7034633483724081,-0.004017860043196375,7,True,"$|S \cap \{1,2\}| = 1$"
"('$Z_{1}$', '$Z_{2}$', '$Z_{3}$')",3,0.7070497284809862,0.7007140326395181,-0.006335695841468092,7,False,"$S \cap \{1,2\} = \emptyset$"
"('$Z_{1}$', '$Z_{2}$', '$Z_{4}$')",3,0.7064405509792178,0.7028816905331107,-0.0035588604461070927,7,False,"$S \cap \{1,2\} = \emptyset$"
"('$Z_{1}$', '$Z_{2}$', '$Z_{5}$')",3,0.6965489337702597,0.6965811034304218,3.216966016206246e-05,7,False,"$S \cap \{1,2\} = \emptyset$"
"('$Z_{1}$', '$Z_{2}$', '$Z_{6}$')",3,0.7062799356210976,0.7035508965705715,-0.0027290390505261275,7,False,"$S \cap \{1,2\} = \emptyset$"
"('$Z_{1}$', '$Z_{3}$', '$Z_{4}$')",3,0.7068633080863213,0.70909440597506,0.0022310978887387645,7,False,"$S \cap \{1,2\} = \emptyset$"
"('$Z_{1}$', '$Z_{3}$', '$Z_{5}$')",3,0.6960757044976121,0.7022418172566482,0.006166112759036113,7,False,"$S \cap \{1,2\} = \emptyset$"
"('$Z_{1}$', '$Z_{3}$', '$Z_{6}$')",3,0.7051472718068508,0.7034590275003371,-0.0016882443065137087,7,False,"$S \cap \{1,2\} = \emptyset$"
"('$Z_{1}$', '$Z_{4}$', '$Z_{5}$')",3,0.7006854740195996,0.7052151070336543,0.004529633014054735,7,False,"$S \cap \{1,2\} = \emptyset$"
"('$Z_{1}$', '$Z_{4}$', '$Z_{6}$')",3,0.7100029838948597,0.7044814038026427,-0.005521580092217038,7,False,"$S \cap \{1,2\} = \emptyset$"
"('$Z_{1}$', '$Z_{5}$', '$Z_{6}$')",3,0.7003785850266393,0.7070745098114787,0.00669592478483938,7,False,"$S \cap \{1,2\} = \emptyset$"
"('$Z_{2}$', '$Z_{3}$', '$Z_{4}$')",3,0.701558116968257,0.707997204648829,0.006439087680571998,7,False,"$S \cap \{1,2\} = \emptyset$"
"('$Z_{2}$', '$Z_{3}$', '$Z_{5}$')",3,0.697601056477892,0.698666284717656,0.001065228239764071,7,False,"$S \cap \{1,2\} = \emptyset$"
"('$Z_{2}$', '$Z_{3}$', '$Z_{6}$')",3,0.705671107581228,0.7073137555285554,0.0016426479473273803,7,False,"$S \cap \{1,2\} = \emptyset$"
"('$Z_{2}$', '$Z_{4}$', '$Z_{5}$')",3,0.6994810592027562,0.7055290827193083,0.006048023516552092,7,False,"$S \cap \{1,2\} = \emptyset$"
"('$Z_{2}$', '$Z_{4}$', '$Z_{6}$')",3,0.707438974922697,0.7058985245066572,-0.0015404504160397847,7,False,"$S \cap \{1,2\} = \emptyset$"
"('$Z_{2}$', '$Z_{5}$', '$Z_{6}$')",3,0.6995838518597973,0.6992389831765435,-0.00034486868325378506,7,False,"$S \cap \{1,2\} = \emptyset$"
"('$Z_{3}$', '$Z_{4}$', '$Z_{5}$')",3,0.7008337074019985,0.7032683609913416,0.0024346535893431387,7,False,"$S \cap \{1,2\} = \emptyset$"
"('$Z_{3}$', '$Z_{4}$', '$Z_{6}$')",3,0.7071829893657111,0.705145274240098,-0.0020377151256131265,7,False,"$S \cap \{1,2\} = \emptyset$"
"('$Z_{3}$', '$Z_{5}$', '$Z_{6}$')",3,0.7016884944493368,0.7019557155401835,0.0002672210908467587,7,False,"$S \cap \{1,2\} = \emptyset$"
"('$Z_{4}$', '$Z_{5}$', '$Z_{6}$')",3,0.7055505523111026,0.7048911082488286,-0.0006594440622740283,7,False,"$S \cap \{1,2\} = \emptyset$"
"('$X_1$', '$X_2$')",2,0.05006099967034322,0.7049506257963942,0.6548896261260511,8,True,"$S \supseteq \{1,2\}$"
"('$X_1$', '$Z_{1}$')",2,0.7089989582731814,0.713137204900847,0.004138246627665598,8,True,"$|S \cap \{1,2\}| = 1$"
"('$X_1$', '$Z_{2}$')",2,0.7127124453429085,0.7000262864781129,-0.012686158864795516,8,True,"$|S \cap \{1,2\}| = 1$"
"('$X_1$', '$Z_{3}$')",2,0.7021196816857935,0.70727037707462,0.0051506953888265095,8,True,"$|S \cap \{1,2\}| = 1$"
"('$X_1$', '$Z_{4}$')",2,0.7045470020371731,0.7040951385611345,-0.00045186347603864974,8,True,"$|S \cap \{1,2\}| = 1$"
"('$X_1$', '$Z_{5}$')",2,0.7059538176482161,0.713363184927991,0.0074093672797749255,8,True,"$|S \cap \{1,2\}| = 1$"
"('$X_1$', '$Z_{6}$')",2,0.7009825770872041,0.7079403130127414,0.006957735925537278,8,True,"$|S \cap \{1,2\}| = 1$"
"('$X_2$', '$Z_{1}$')",2,0.715888074886361,0.7044339559582045,-0.01145411892815651,8,True,"$|S \cap \{1,2\}| = 1$"
"('$X_2$', '$Z_{2}$')",2,0.7143483646439175,0.707158112631414,-0.007190252012503451,8,True,"$|S \cap \{1,2\}| = 1$"
"('$X_2$', '$Z_{3}$')",2,0.7051655233652958,0.7036462063447948,-0.0015193170205010098,8,True,"$|S \cap \{1,2\}| = 1$"
"('$X_2$', '$Z_{4}$')",2,0.7130119942039957,0.7002237133532146,-0.012788280850781097,8,True,"$|S \cap \{1,2\}| = 1$"
"('$X_2$', '$Z_{5}$')",2,0.7092227364164136,0.7080811995079418,-0.0011415369084718519,8,True,"$|S \cap \{1,2\}| = 1$"
"('$X_2$', '$Z_{6}$')",2,0.7136885364870739,0.7067209953807105,-0.006967541106363329,8,True,"$|S \cap \{1,2\}| = 1$"
"('$Z_{1}$', '$Z_{2}$')",2,0.7155255746157899,0.7121307096664427,-0.003394864949347265,8,False,"$S \cap \{1,2\} = \emptyset$"
"('$Z_{1}$', '$Z_{3}$')",2,0.7058156017317968,0.7086913521095715,0.002875750377774655,8,False,"$S \cap \{1,2\} = \emptyset$"
"('$Z_{1}$', '$Z_{4}$')",2,0.7089483842519275,0.7131506289314526,0.0042022446795251245,8,False,"$S \cap \{1,2\} = \emptyset$"
"('$Z_{1}$', '$Z_{5}$')",2,0.7088291547052352,0.7135764177434195,0.004747263038184291,8,False,"$S \cap \{1,2\} = \emptyset$"
"('$Z_{1}$', '$Z_{6}$')",2,0.7111951304468149,0.7059432999968547,-0.005251830449960249,8,False,"$S \cap \{1,2\} = \emptyset$"
"('$Z_{2}$', '$Z_{3}$')",2,0.7111414741979566,0.711967834062969,0.0008263598650124493,8,False,"$S \cap \{1,2\} = \emptyset$"
"('$Z_{2}$', '$Z_{4}$')",2,0.7146811072477276,0.7066291600733032,-0.008051947174424368,8,False,"$S \cap \{1,2\} = \emptyset$"
"('$Z_{2}$', '$Z_{5}$')",2,0.7117666702266431,0.709821192685608,-0.0019454775410351344,8,False,"$S \cap \{1,2\} = \emptyset$"
"('$Z_{2}$', '$Z_{6}$')",2,0.7084800500723857,0.7135342016326847,0.005054151560298981,8,False,"$S \cap \{1,2\} = \emptyset$"
"('$Z_{3}$', '$Z_{4}$')",2,0.7062169501926332,0.7129049752412466,0.006688025048613433,8,False,"$S \cap \{1,2\} = \emptyset$"
"('$Z_{3}$', '$Z_{5}$')",2,0.7103027979988169,0.7088258200796501,-0.0014769779191667887,8,False,"$S \cap \{1,2\} = \emptyset$"
"('$Z_{3}$', '$Z_{6}$')",2,0.7053727023195063,0.7005046954423697,-0.004868006877136621,8,False,"$S \cap \{1,2\} = \emptyset$"
"('$Z_{4}$', '$Z_{5}$')",2,0.7076646794863822,0.7053082193785883,-0.0023564601077938896,8,False,"$S \cap \{1,2\} = \emptyset$"
"('$Z_{4}$', '$Z_{6}$')",2,0.7098963816775431,0.7118176547722311,0.0019212730946880363,8,False,"$S \cap \{1,2\} = \emptyset$"
"('$Z_{5}$', '$Z_{6}$')",2,0.7139995547925349,0.7017275360408234,-0.012272018751711466,8,False,"$S \cap \{1,2\} = \emptyset$"
"('$X_1$', '$X_2$', '$Z_{1}$')",3,0.18116681038629678,0.7072524518522179,0.5260856414659211,8,True,"$S \supseteq \{1,2\}$"
"('$X_1$', '$X_2$', '$Z_{2}$')",3,0.17972438406752106,0.7029077446559804,0.5231833605884593,8,True,"$S \supseteq \{1,2\}$"
"('$X_1$', '$X_2$', '$Z_{3}$')",3,0.17239270488089517,0.7096802879797306,0.5372875830988354,8,True,"$S \supseteq \{1,2\}$"
"('$X_1$', '$X_2$', '$Z_{4}$')",3,0.17053012785243593,0.7040434761486413,0.5335133482962053,8,True,"$S \supseteq \{1,2\}$"
"('$X_1$', '$X_2$', '$Z_{5}$')",3,0.1772204600084111,0.7001423119571849,0.5229218519487738,8,True,"$S \supseteq \{1,2\}$"
"('$X_1$', '$X_2$', '$Z_{6}$')",3,0.17662526837678866,0.7028259408308393,0.5262006724540507,8,True,"$S \supseteq \{1,2\}$"
"('$X_1$', '$Z_{1}$', '$Z_{2}$')",3,0.711326908266903,0.7074938594087975,-0.0038330488581055366,8,True,"$|S \cap \{1,2\}| = 1$"
"('$X_1$', '$Z_{1}$', '$Z_{3}$')",3,0.7047723987582161,0.7065318624653217,0.0017594637071056685,8,True,"$|S \cap \{1,2\}| = 1$"
"('$X_1$', '$Z_{1}$', '$Z_{4}$')",3,0.7059938181791745,0.7039326232761559,-0.0020611949030185928,8,True,"$|S \cap \{1,2\}| = 1$"
"('$X_1$', '$Z_{1}$', '$Z_{5}$')",3,0.7063231247027258,0.7013237201791549,-0.0049994045235709494,8,True,"$|S \cap \{1,2\}| = 1$"
"('$X_1$', '$Z_{1}$', '$Z_{6}$')",3,0.7006667174089497,0.6976222685690154,-0.003044448839934266,8,True,"$|S \cap \{1,2\}| = 1$"
"('$X_1$', '$Z_{2}$', '$Z_{3}$')",3,0.7069652318788119,0.7154621189889135,0.008496887110101659,8,True,"$|S \cap \{1,2\}| = 1$"
"('$X_1$', '$Z_{2}$', '$Z_{4}$')",3,0.708834306737485,0.7026780495469364,-0.006156257190548686,8,True,"$|S \cap \{1,2\}| = 1$"
"('$X_1$', '$Z_{2}$', '$Z_{5}$')",3,0.7064464227659321,0.7045639054524072,-0.0018825173135248452,8,True,"$|S \cap \{1,2\}| = 1$"
"('$X_1$', '$Z_{2}$', '$Z_{6}$')",3,0.6968190392850677,0.7054949141051081,0.008675874820040397,8,True,"$|S \cap \{1,2\}| = 1$"
"('$X_1$', '$Z_{3}$', '$Z_{4}$')",3,0.6989578700916275,0.7111823356732861,0.012224465581658683,8,True,"$|S \cap \{1,2\}| = 1$"
"('$X_1$', '$Z_{3}$', '$Z_{5}$')",3,0.7008123537548322,0.7016292370184625,0.0008168832636302747,8,True,"$|S \cap \{1,2\}| = 1$"
"('$X_1$', '$Z_{3}$', '$Z_{6}$')",3,0.69423892754591,0.7039379914605186,0.009699063914608619,8,True,"$|S \cap \{1,2\}| = 1$"
"('$X_1$', '$Z_{4}$', '$Z_{5}$')",3,0.7022238098745093,0.7059768156465095,0.0037530057720002175,8,True,"$|S \cap \{1,2\}| = 1$"
"('$X_1$', '$Z_{4}$', '$Z_{6}$')",3,0.6981265524704077,0.7081678159723391,0.010041263501931463,8,True,"$|S \cap \{1,2\}| = 1$"
"('$X_1$', '$Z_{5}$', '$Z_{6}$')",3,0.7017451314457617,0.7090878251289918,0.00734269368323015,8,True,"$|S \cap \{1,2\}| = 1$"
"('$X_2$', '$Z_{1}$', '$Z_{2}$')",3,0.7114847469599241,0.702970170407232,-0.008514576552692166,8,True,"$|S \cap \{1,2\}| = 1$"
"('$X_2$', '$Z_{1}$', '$Z_{3}$')",3,0.7051430554665779,0.7109296171132273,0.00578656164664948,8,True,"$|S \cap \{1,2\}| = 1$"
"('$X_2$', '$Z_{1}$', '$Z_{4}$')",3,0.709617711931138,0.702334058742724,-0.007283653188413952,8,True,"$|S \cap \{1,2\}| = 1$"
"('$X_2$', '$Z_{1}$', '$Z_{5}$')",3,0.7091002645702557,0.7039902427989023,-0.005110021771353335,8,True,"$|S \cap \{1,2\}| = 1$"
"('$X_2$', '$Z_{1}$', '$Z_{6}$')",3,0.7079756987366147,0.7076591890450584,-0.00031650969155627706,8,True,"$|S \cap \{1,2\}| = 1$"
"('$X_2$', '$Z_{2}$', '$Z_{3}$')",3,0.7060070993975406,0.7045096059255853,-0.001497493471955269,8,True,"$|S \cap \{1,2\}| = 1$"
"('$X_2$', '$Z_{2}$', '$Z_{4}$')",3,0.7128677254589936,0.7029957594146535,-0.009871966044340041,8,True,"$|S \cap \{1,2\}| = 1$"
"('$X_2$', '$Z_{2}$', '$Z_{5}$')",3,0.7108131626085455,0.6985603276807434,-0.012252834927802159,8,True,"$|S \cap \{1,2\}| = 1$"
"('$X_2$', '$Z_{2}$', '$Z_{6}$')",3,0.7057126088413631,0.7057713019695957,5.8693128232589764e-05,8,True,"$|S \cap \{1,2\}| = 1$"
"('$X_2$', '$Z_{3}$', '$Z_{4}$')",3,0.7073799006274962,0.7061904550088247,-0.001189445618671514,8,True,"$|S \cap \{1,2\}| = 1$"
"('$X_2$', '$Z_{3}$', '$Z_{5}$')",3,0.704118405404843,0.7079749197623685,0.0038565143575254313,8,True,"$|S \cap \{1,2\}| = 1$"
"('$X_2$', '$Z_{3}$', '$Z_{6}$')",3,0.7033329635358261,0.7014141824786951,-0.0019187810571309472,8,True,"$|S \cap \{1,2\}| = 1$"
"('$X_2$', '$Z_{4}$', '$Z_{5}$')",3,0.7083840683876014,0.7067597339204278,-0.0016243344671735827,8,True,"$|S \cap \{1,2\}| = 1$"
"('$X_2$', '$Z_{4}$', '$Z_{6}$')",3,0.7066888977460519,0.7044954777660813,-0.002193419979970579,8,True,"$|S \cap \{1,2\}| = 1$"
"('$X_2$', '$Z_{5}$', '$Z_{6}$')",3,0.7103378193381181,0.7039477105436798,-0.006390108794438354,8,True,"$|S \cap \{1,2\}| = 1$"
"('$Z_{1}$', '$Z_{2}$', '$Z_{3}$')",3,0.7053054524848961,0.7009063450227018,-0.004399107462194296,8,False,"$S \cap \{1,2\} = \emptyset$"
"('$Z_{1}$', '$Z_{2}$', '$Z_{4}$')",3,0.7111299387941119,0.6998678204726329,-0.011262118321479053,8,False,"$S \cap \{1,2\} = \emptyset$"
"('$Z_{1}$', '$Z_{2}$', '$Z_{5}$')",3,0.7059688047103382,0.7053514970558024,-0.0006173076545358258,8,False,"$S \cap \{1,2\} = \emptyset$"
"('$Z_{1}$', '$Z_{2}$', '$Z_{6}$')",3,0.7035833613871492,0.7064609719601651,0.002877610573015943,8,False,"$S \cap \{1,2\} = \emptyset$"
"('$Z_{1}$', '$Z_{3}$', '$Z_{4}$')",3,0.7040106168286792,0.7058648664693679,0.0018542496406886988,8,False,"$S \cap \{1,2\} = \emptyset$"
"('$Z_{1}$', '$Z_{3}$', '$Z_{5}$')",3,0.7038206902433471,0.7098211786689442,0.006000488425597084,8,False,"$S \cap \{1,2\} = \emptyset$"
"('$Z_{1}$', '$Z_{3}$', '$Z_{6}$')",3,0.7052806092784129,0.7050387627964666,-0.0002418464819462507,8,False,"$S \cap \{1,2\} = \emptyset$"
"('$Z_{1}$', '$Z_{4}$', '$Z_{5}$')",3,0.7065671448996089,0.7020580438977047,-0.00450910100190427,8,False,"$S \cap \{1,2\} = \emptyset$"
"('$Z_{1}$', '$Z_{4}$', '$Z_{6}$')",3,0.7051419296293112,0.702116090149483,-0.003025839479828263,8,False,"$S \cap \{1,2\} = \emptyset$"
"('$Z_{1}$', '$Z_{5}$', '$Z_{6}$')",3,0.708514437007933,0.7060404294721813,-0.0024740075357517766,8,False,"$S \cap \{1,2\} = \emptyset$"
"('$Z_{2}$', '$Z_{3}$', '$Z_{4}$')",3,0.7077703228611967,0.7025490800272826,-0.005221242833914119,8,False,"$S \cap \{1,2\} = \emptyset$"
"('$Z_{2}$', '$Z_{3}$', '$Z_{5}$')",3,0.7083270984057625,0.7090896942636619,0.0007625958578993952,8,False,"$S \cap \{1,2\} = \emptyset$"
"('$Z_{2}$', '$Z_{3}$', '$Z_{6}$')",3,0.705545382152784,0.6981016987665436,-0.007443683386240352,8,False,"$S \cap \{1,2\} = \emptyset$"
"('$Z_{2}$', '$Z_{4}$', '$Z_{5}$')",3,0.7081552045549192,0.6960209019432234,-0.01213430261169579,8,False,"$S \cap \{1,2\} = \emptyset$"
"('$Z_{2}$', '$Z_{4}$', '$Z_{6}$')",3,0.7039116971100913,0.705281365063331,0.0013696679532396727,8,False,"$S \cap \{1,2\} = \emptyset$"
"('$Z_{2}$', '$Z_{5}$', '$Z_{6}$')",3,0.7068258986435603,0.7111547190242072,0.004328820380646969,8,False,"$S \cap \{1,2\} = \emptyset$"
"('$Z_{3}$', '$Z_{4}$', '$Z_{5}$')",3,0.7070058554407785,0.7040289246046568,-0.002976930836121716,8,False,"$S \cap \{1,2\} = \emptyset$"
"('$Z_{3}$', '$Z_{4}$', '$Z_{6}$')",3,0.704754793094343,0.7061605423464482,0.0014057492521052373,8,False,"$S \cap \{1,2\} = \emptyset$"
"('$Z_{3}$', '$Z_{5}$', '$Z_{6}$')",3,0.7092720951550666,0.7016067584449046,-0.007665336710162007,8,False,"$S \cap \{1,2\} = \emptyset$"
"('$Z_{4}$', '$Z_{5}$', '$Z_{6}$')",3,0.7065316577929375,0.7055406523905702,-0.0009910054023672954,8,False,"$S \cap \{1,2\} = \emptyset$"
"('$X_1$', '$X_2$')",2,0.05362429015208168,0.7070620827899379,0.6534377926378562,9,True,"$S \supseteq \{1,2\}$"
"('$X_1$', '$Z_{1}$')",2,0.7037920389631516,0.7109273216262251,0.0071352826630735056,9,True,"$|S \cap \{1,2\}| = 1$"
"('$X_1$', '$Z_{2}$')",2,0.7124119311037972,0.6997124876428863,-0.012699443460910897,9,True,"$|S \cap \{1,2\}| = 1$"
"('$X_1$', '$Z_{3}$')",2,0.6996080416427575,0.7059914498714831,0.006383408228725629,9,True,"$|S \cap \{1,2\}| = 1$"
"('$X_1$', '$Z_{4}$')",2,0.7021503937743607,0.7096622158992766,0.007511822124915857,9,True,"$|S \cap \{1,2\}| = 1$"
"('$X_1$', '$Z_{5}$')",2,0.7099461661609036,0.7087526020715501,-0.0011935640893534494,9,True,"$|S \cap \{1,2\}| = 1$"
"('$X_1$', '$Z_{6}$')",2,0.7036103439328918,0.7124401745079562,0.008829830575064368,9,True,"$|S \cap \{1,2\}| = 1$"
"('$X_2$', '$Z_{1}$')",2,0.7115340829529312,0.709415533421277,-0.0021185495316542458,9,True,"$|S \cap \{1,2\}| = 1$"
"('$X_2$', '$Z_{2}$')",2,0.7212916812456415,0.712568880681743,-0.008722800563898514,9,True,"$|S \cap \{1,2\}| = 1$"
"('$X_2$', '$Z_{3}$')",2,0.7081478056766816,0.7112701364446727,0.003122330767991177,9,True,"$|S \cap \{1,2\}| = 1$"
"('$X_2$', '$Z_{4}$')",2,0.7109516707434991,0.706405503465199,-0.0045461672783000395,9,True,"$|S \cap \{1,2\}| = 1$"
"('$X_2$', '$Z_{5}$')",2,0.7078429293491754,0.7112992602637008,0.003456330914525463,9,True,"$|S \cap \{1,2\}| = 1$"
"('$X_2$', '$Z_{6}$')",2,0.7148360827055252,0.7091991533826081,-0.00563692932291715,9,True,"$|S \cap \{1,2\}| = 1$"
"('$Z_{1}$', '$Z_{2}$')",2,0.7121626601758023,0.70543813983637,-0.006724520339432272,9,False,"$S \cap \{1,2\} = \emptyset$"
"('$Z_{1}$', '$Z_{3}$')",2,0.703987336635363,0.7034316183296735,-0.0005557183056894566,9,False,"$S \cap \{1,2\} = \emptyset$"
"('$Z_{1}$', '$Z_{4}$')",2,0.7099310302140956,0.7122715448149726,0.0023405146008769195,9,False,"$S \cap \{1,2\} = \emptyset$"
"('$Z_{1}$', '$Z_{5}$')",2,0.7103416787766069,0.7052172469376748,-0.005124431838932075,9,False,"$S \cap \{1,2\} = \emptyset$"
"('$Z_{1}$', '$Z_{6}$')",2,0.7086616608402877,0.7007112531739763,-0.007950407666311388,9,False,"$S \cap \{1,2\} = \emptyset$"
"('$Z_{2}$', '$Z_{3}$')",2,0.7062374496602599,0.7048375566953546,-0.0013998929649052805,9,False,"$S \cap \{1,2\} = \emptyset$"
"('$Z_{2}$', '$Z_{4}$')",2,0.708236390032094,0.7149987500427594,0.006762360010665325,9,False,"$S \cap \{1,2\} = \emptyset$"
"('$Z_{2}$', '$Z_{5}$')",2,0.7100775936059996,0.7185075165547893,0.008429922948789637,9,False,"$S \cap \{1,2\} = \emptyset$"
"('$Z_{2}$', '$Z_{6}$')",2,0.713107948113937,0.7100841882094999,-0.00302375990443704,9,False,"$S \cap \{1,2\} = \emptyset$"
"('$Z_{3}$', '$Z_{4}$')",2,0.7131005334608647,0.7057080274913904,-0.007392505969474272,9,False,"$S \cap \{1,2\} = \emptyset$"
"('$Z_{3}$', '$Z_{5}$')",2,0.708810982509818,0.7064047909038735,-0.0024061916059444632,9,False,"$S \cap \{1,2\} = \emptyset$"
"('$Z_{3}$', '$Z_{6}$')",2,0.7033690755693087,0.7125055049225238,0.009136429353215125,9,False,"$S \cap \{1,2\} = \emptyset$"
"('$Z_{4}$', '$Z_{5}$')",2,0.7054866687487376,0.710514997223401,0.0050283284746633905,9,False,"$S \cap \{1,2\} = \emptyset$"
"('$Z_{4}$', '$Z_{6}$')",2,0.7077193865529361,0.7062138339697354,-0.001505552583200731,9,False,"$S \cap \{1,2\} = \emptyset$"
"('$Z_{5}$', '$Z_{6}$')",2,0.7091586361072347,0.7099474759120711,0.0007888398048363499,9,False,"$S \cap \{1,2\} = \emptyset$"
"('$X_1$', '$X_2$', '$Z_{1}$')",3,0.19168799797824895,0.7032323166806703,0.5115443187024213,9,True,"$S \supseteq \{1,2\}$"
"('$X_1$', '$X_2$', '$Z_{2}$')",3,0.190712424165419,0.7039506264956451,0.5132382023302261,9,True,"$S \supseteq \{1,2\}$"
"('$X_1$', '$X_2$', '$Z_{3}$')",3,0.19029200507243127,0.7050008170722795,0.5147088119998482,9,True,"$S \supseteq \{1,2\}$"
"('$X_1$', '$X_2$', '$Z_{4}$')",3,0.1908456089567646,0.7035042629146384,0.5126586539578738,9,True,"$S \supseteq \{1,2\}$"
"('$X_1$', '$X_2$', '$Z_{5}$')",3,0.18448677388958898,0.7033100564785993,0.5188232825890103,9,True,"$S \supseteq \{1,2\}$"
"('$X_1$', '$X_2$', '$Z_{6}$')",3,0.18384875638383805,0.7004348095866908,0.5165860532028528,9,True,"$S \supseteq \{1,2\}$"
"('$X_1$', '$Z_{1}$', '$Z_{2}$')",3,0.7065455200558889,0.7066535576864005,0.00010803763051159265,9,True,"$|S \cap \{1,2\}| = 1$"
"('$X_1$', '$Z_{1}$', '$Z_{3}$')",3,0.7001343243765222,0.6958858675383067,-0.004248456838215509,9,True,"$|S \cap \{1,2\}| = 1$"
"('$X_1$', '$Z_{1}$', '$Z_{4}$')",3,0.701886031494981,0.703497076068164,0.0016110445731830625,9,True,"$|S \cap \{1,2\}| = 1$"
"('$X_1$', '$Z_{1}$', '$Z_{5}$')",3,0.70480271606101,0.7008530364279488,-0.003949679633061143,9,True,"$|S \cap \{1,2\}| = 1$"
"('$X_1$', '$Z_{1}$', '$Z_{6}$')",3,0.701604872508302,0.7090568434577623,0.007451970949460374,9,True,"$|S \cap \{1,2\}| = 1$"
"('$X_1$', '$Z_{2}$', '$Z_{3}$')",3,0.7025288448777012,0.7013974082767516,-0.001131436600949609,9,True,"$|S \cap \{1,2\}| = 1$"
"('$X_1$', '$Z_{2}$', '$Z_{4}$')",3,0.7008795201793144,0.7084053479446025,0.007525827765288096,9,True,"$|S \cap \{1,2\}| = 1$"
"('$X_1$', '$Z_{2}$', '$Z_{5}$')",3,0.7053122777358529,0.7021339696310157,-0.003178308104837213,9,True,"$|S \cap \{1,2\}| = 1$"
"('$X_1$', '$Z_{2}$', '$Z_{6}$')",3,0.7038248223375626,0.7044141138258024,0.0005892914882398292,9,True,"$|S \cap \{1,2\}| = 1$"
"('$X_1$', '$Z_{3}$', '$Z_{4}$')",3,0.7025745504730698,0.7116217516910736,0.009047201218003731,9,True,"$|S \cap \{1,2\}| = 1$"
"('$X_1$', '$Z_{3}$', '$Z_{5}$')",3,0.7041847403242484,0.6998815298710264,-0.004303210453222017,9,True,"$|S \cap \{1,2\}| = 1$"
"('$X_1$', '$Z_{3}$', '$Z_{6}$')",3,0.7000327270092221,0.7036884526954996,0.003655725686277478,9,True,"$|S \cap \{1,2\}| = 1$"
"('$X_1$', '$Z_{4}$', '$Z_{5}$')",3,0.7034374631457483,0.6988106479547482,-0.0046268151910000554,9,True,"$|S \cap \{1,2\}| = 1$"
"('$X_1$', '$Z_{4}$', '$Z_{6}$')",3,0.7001624115237248,0.707003019512561,0.006840607988836123,9,True,"$|S \cap \{1,2\}| = 1$"
"('$X_1$', '$Z_{5}$', '$Z_{6}$')",3,0.7024065073901693,0.7040841190396244,0.001677611649455124,9,True,"$|S \cap \{1,2\}| = 1$"
"('$X_2$', '$Z_{1}$', '$Z_{2}$')",3,0.7115314665260171,0.703768788586398,-0.007762677939619045,9,True,"$|S \cap \{1,2\}| = 1$"
"('$X_2$', '$Z_{1}$', '$Z_{3}$')",3,0.7032125371251893,0.6997585932247059,-0.0034539439004833694,9,True,"$|S \cap \{1,2\}| = 1$"
"('$X_2$', '$Z_{1}$', '$Z_{4}$')",3,0.7066638587328643,0.7028298393456985,-0.0038340193871657657,9,True,"$|S \cap \{1,2\}| = 1$"
"('$X_2$', '$Z_{1}$', '$Z_{5}$')",3,0.7031945636311061,0.6966781302477829,-0.006516433383323195,9,True,"$|S \cap \{1,2\}| = 1$"
"('$X_2$', '$Z_{1}$', '$Z_{6}$')",3,0.7089249404842437,0.7077488871586934,-0.0011760533255502637,9,True,"$|S \cap \{1,2\}| = 1$"
"('$X_2$', '$Z_{2}$', '$Z_{3}$')",3,0.7105510447134384,0.706096906365457,-0.004454138347981473,9,True,"$|S \cap \{1,2\}| = 1$"
"('$X_2$', '$Z_{2}$', '$Z_{4}$')",3,0.7105445510060905,0.7080640162380448,-0.0024805347680456613,9,True,"$|S \cap \{1,2\}| = 1$"
"('$X_2$', '$Z_{2}$', '$Z_{5}$')",3,0.7116787192097178,0.6979126048521066,-0.013766114357611214,9,True,"$|S \cap \{1,2\}| = 1$"
"('$X_2$', '$Z_{2}$', '$Z_{6}$')",3,0.7157418882394417,0.6966546021650595,-0.01908728607438226,9,True,"$|S \cap \{1,2\}| = 1$"
"('$X_2$', '$Z_{3}$', '$Z_{4}$')",3,0.7071556386101471,0.7041305756583628,-0.0030250629517842853,9,True,"$|S \cap \{1,2\}| = 1$"
"('$X_2$', '$Z_{3}$', '$Z_{5}$')",3,0.7034198196627003,0.7114646335324886,0.008044813869788281,9,True,"$|S \cap \{1,2\}| = 1$"
"('$X_2$', '$Z_{3}$', '$Z_{6}$')",3,0.7071888954620045,0.705226853924886,-0.0019620415371184308,9,True,"$|S \cap \{1,2\}| = 1$"
"('$X_2$', '$Z_{4}$', '$Z_{5}$')",3,0.706543225288204,0.7075267432838633,0.000983517995659322,9,True,"$|S \cap \{1,2\}| = 1$"
"('$X_2$', '$Z_{4}$', '$Z_{6}$')",3,0.7101167326596326,0.7002503144968025,-0.00986641816283007,9,True,"$|S \cap \{1,2\}| = 1$"
"('$X_2$', '$Z_{5}$', '$Z_{6}$')",3,0.7075884030913366,0.69962119438752,-0.00796720870381662,9,True,"$|S \cap \{1,2\}| = 1$"
"('$Z_{1}$', '$Z_{2}$', '$Z_{3}$')",3,0.7032411460850808,0.6978059313120707,-0.005435214773010122,9,False,"$S \cap \{1,2\} = \emptyset$"
"('$Z_{1}$', '$Z_{2}$', '$Z_{4}$')",3,0.7060424558616012,0.7012781730338469,-0.004764282827754318,9,False,"$S \cap \{1,2\} = \emptyset$"
"('$Z_{1}$', '$Z_{2}$', '$Z_{5}$')",3,0.7072971851358875,0.7051926457269658,-0.002104539408921635,9,False,"$S \cap \{1,2\} = \emptyset$"
"('$Z_{1}$', '$Z_{2}$', '$Z_{6}$')",3,0.7086657098717039,0.7025848613865989,-0.006080848485104928,9,False,"$S \cap \{1,2\} = \emptyset$"
"('$Z_{1}$', '$Z_{3}$', '$Z_{4}$')",3,0.7053061609673023,0.702542797862762,-0.002763363104540284,9,False,"$S \cap \{1,2\} = \emptyset$"
"('$Z_{1}$', '$Z_{3}$', '$Z_{5}$')",3,0.7056201397976963,0.7057230474575646,0.00010290765986831207,9,False,"$S \cap \{1,2\} = \emptyset$"
"('$Z_{1}$', '$Z_{3}$', '$Z_{6}$')",3,0.7032277330848058,0.6999437604312646,-0.0032839726535411895,9,False,"$S \cap \{1,2\} = \emptyset$"
"('$Z_{1}$', '$Z_{4}$', '$Z_{5}$')",3,0.7083158831357687,0.6971195568989572,-0.011196326236811438,9,False,"$S \cap \{1,2\} = \emptyset$"
"('$Z_{1}$', '$Z_{4}$', '$Z_{6}$')",3,0.7089741974738528,0.7080977344566456,-0.0008764630172072296,9,False,"$S \cap \{1,2\} = \emptyset$"
"('$Z_{1}$', '$Z_{5}$', '$Z_{6}$')",3,0.7069158086068256,0.7052671825660285,-0.0016486260407970743,9,False,"$S \cap \{1,2\} = \emptyset$"
"('$Z_{2}$', '$Z_{3}$', '$Z_{4}$')",3,0.7055599757649639,0.7097286649060062,0.004168689141042292,9,False,"$S \cap \{1,2\} = \emptyset$"
"('$Z_{2}$', '$Z_{3}$', '$Z_{5}$')",3,0.7026922135583653,0.7062458426981759,0.00355362913981061,9,False,"$S \cap \{1,2\} = \emptyset$"
"('$Z_{2}$', '$Z_{3}$', '$Z_{6}$')",3,0.7029846217539972,0.7060977317907584,0.0031131100367611797,9,False,"$S \cap \{1,2\} = \emptyset$"
"('$Z_{2}$', '$Z_{4}$', '$Z_{5}$')",3,0.7044556925335373,0.704496578837898,4.0886304360610026e-05,9,False,"$S \cap \{1,2\} = \emptyset$"
"('$Z_{2}$', '$Z_{4}$', '$Z_{6}$')",3,0.7054597551364407,0.7069392257923259,0.0014794706558852733,9,False,"$S \cap \{1,2\} = \emptyset$"
"('$Z_{2}$', '$Z_{5}$', '$Z_{6}$')",3,0.7073077482430051,0.7056886907149171,-0.001619057528087997,9,False,"$S \cap \{1,2\} = \emptyset$"
"('$Z_{3}$', '$Z_{4}$', '$Z_{5}$')",3,0.7073460327759479,0.7002407423436651,-0.007105290432282807,9,False,"$S \cap \{1,2\} = \emptyset$"
"('$Z_{3}$', '$Z_{4}$', '$Z_{6}$')",3,0.707167564737576,0.6995587596310872,-0.0076088051064888695,9,False,"$S \cap \{1,2\} = \emptyset$"
"('$Z_{3}$', '$Z_{5}$', '$Z_{6}$')",3,0.7045365150458989,0.7129424139800792,0.008405898934180311,9,False,"$S \cap \{1,2\} = \emptyset$"
"('$Z_{4}$', '$Z_{5}$', '$Z_{6}$')",3,0.705541119436262,0.7064575140126582,0.0009163945763962511,9,False,"$S \cap \{1,2\} = \emptyset$"
"('$X_1$', '$X_2$')",2,0.050142415117703516,0.7132361076998607,0.6630936925821571,10,True,"$S \supseteq \{1,2\}$"
"('$X_1$', '$Z_{1}$')",2,0.6983292114900074,0.7062738765283875,0.007944665038380094,10,True,"$|S \cap \{1,2\}| = 1$"
"('$X_1$', '$Z_{2}$')",2,0.7085644704505125,0.7014672220033586,-0.00709724844715387,10,True,"$|S \cap \{1,2\}| = 1$"
"('$X_1$', '$Z_{3}$')",2,0.6997753735211657,0.6994020453397171,-0.00037332818144864,10,True,"$|S \cap \{1,2\}| = 1$"
"('$X_1$', '$Z_{4}$')",2,0.7066580594238785,0.7042450957732933,-0.002412963650585187,10,True,"$|S \cap \{1,2\}| = 1$"
"('$X_1$', '$Z_{5}$')",2,0.7037639869068015,0.7157572822883125,0.011993295381510949,10,True,"$|S \cap \{1,2\}| = 1$"
"('$X_1$', '$Z_{6}$')",2,0.7006741780464786,0.708034675835315,0.0073604977888364065,10,True,"$|S \cap \{1,2\}| = 1$"
"('$X_2$', '$Z_{1}$')",2,0.7042551590603268,0.7058811019278465,0.001625942867519714,10,True,"$|S \cap \{1,2\}| = 1$"
"('$X_2$', '$Z_{2}$')",2,0.7102699997354718,0.7053839081552479,-0.004886091580223906,10,True,"$|S \cap \{1,2\}| = 1$"
"('$X_2$', '$Z_{3}$')",2,0.7076079382481812,0.7109238410331267,0.0033159027849454237,10,True,"$|S \cap \{1,2\}| = 1$"
"('$X_2$', '$Z_{4}$')",2,0.7071616286336468,0.7113467770046495,0.0041851483710027,10,True,"$|S \cap \{1,2\}| = 1$"
"('$X_2$', '$Z_{5}$')",2,0.7103790150589365,0.7033662672454463,-0.007012747813490261,10,True,"$|S \cap \{1,2\}| = 1$"
"('$X_2$', '$Z_{6}$')",2,0.7037018097552735,0.7057418669622069,0.0020400572069333434,10,True,"$|S \cap \{1,2\}| = 1$"
"('$Z_{1}$', '$Z_{2}$')",2,0.714230173693958,0.7081905154882621,-0.006039658205695964,10,False,"$S \cap \{1,2\} = \emptyset$"
"('$Z_{1}$', '$Z_{3}$')",2,0.7059254037248887,0.7121190778553603,0.006193674130471671,10,False,"$S \cap \{1,2\} = \emptyset$"
"('$Z_{1}$', '$Z_{4}$')",2,0.7039885219827489,0.7058864786327247,0.0018979566499758294,10,False,"$S \cap \{1,2\} = \emptyset$"
"('$Z_{1}$', '$Z_{5}$')",2,0.7101859393629939,0.7131489687085552,0.002963029345561252,10,False,"$S \cap \{1,2\} = \emptyset$"
"('$Z_{1}$', '$Z_{6}$')",2,0.7046604182664642,0.7103087066324909,0.00564828836602671,10,False,"$S \cap \{1,2\} = \emptyset$"
"('$Z_{2}$', '$Z_{3}$')",2,0.7130545890598939,0.704174784297868,-0.008879804762025989,10,False,"$S \cap \{1,2\} = \emptyset$"
"('$Z_{2}$', '$Z_{4}$')",2,0.7147651713245664,0.7038173327365116,-0.010947838588054815,10,False,"$S \cap \{1,2\} = \emptyset$"
"('$Z_{2}$', '$Z_{5}$')",2,0.7107720624813021,0.701180397068752,-0.009591665412550077,10,False,"$S \cap \{1,2\} = \emptyset$"
"('$Z_{2}$', '$Z_{6}$')",2,0.7083936802512997,0.7141932065360586,0.005799526284758882,10,False,"$S \cap \{1,2\} = \emptyset$"
"('$Z_{3}$', '$Z_{4}$')",2,0.7088102425514556,0.7049176631037231,-0.0038925794477325804,10,False,"$S \cap \{1,2\} = \emptyset$"
"('$Z_{3}$', '$Z_{5}$')",2,0.7132492334942425,0.7054802533973376,-0.007768980096904965,10,False,"$S \cap \{1,2\} = \emptyset$"
"('$Z_{3}$', '$Z_{6}$')",2,0.7062935518700935,0.707410594236413,0.0011170423663194873,10,False,"$S \cap \{1,2\} = \emptyset$"
"('$Z_{4}$', '$Z_{5}$')",2,0.7119803251053947,0.7085215348557058,-0.00345879024968887,10,False,"$S \cap \{1,2\} = \emptyset$"
"('$Z_{4}$', '$Z_{6}$')",2,0.7099200338655537,0.7081387125556946,-0.0017813213098590852,10,False,"$S \cap \{1,2\} = \emptyset$"
"('$Z_{5}$', '$Z_{6}$')",2,0.7065991164732481,0.6970636390806254,-0.009535477392622727,10,False,"$S \cap \{1,2\} = \emptyset$"
"('$X_1$', '$X_2$', '$Z_{1}$')",3,0.16483507680938977,0.708003466407619,0.5431683895982292,10,True,"$S \supseteq \{1,2\}$"
"('$X_1$', '$X_2$', '$Z_{2}$')",3,0.17294848603092805,0.7070589712983328,0.5341104852674048,10,True,"$S \supseteq \{1,2\}$"
"('$X_1$', '$X_2$', '$Z_{3}$')",3,0.16219380803618538,0.7063494326403986,0.5441556246042132,10,True,"$S \supseteq \{1,2\}$"
"('$X_1$', '$X_2$', '$Z_{4}$')",3,0.17274949783189586,0.7083501628257141,0.5356006649938182,10,True,"$S \supseteq \{1,2\}$"
"('$X_1$', '$X_2$', '$Z_{5}$')",3,0.16983709487144955,0.7021047684798286,0.5322676736083791,10,True,"$S \supseteq \{1,2\}$"
"('$X_1$', '$X_2$', '$Z_{6}$')",3,0.16181505992030282,0.7004226544672292,0.5386075945469264,10,True,"$S \supseteq \{1,2\}$"
"('$X_1$', '$Z_{1}$', '$Z_{2}$')",3,0.7091814638206061,0.7029942166042817,-0.006187247216324354,10,True,"$|S \cap \{1,2\}| = 1$"
"('$X_1$', '$Z_{1}$', '$Z_{3}$')",3,0.7015792821136984,0.7080426342917897,0.006463352178091353,10,True,"$|S \cap \{1,2\}| = 1$"
"('$X_1$', '$Z_{1}$', '$Z_{4}$')",3,0.7014728739353484,0.6973652721238888,-0.004107601811459638,10,True,"$|S \cap \{1,2\}| = 1$"
"('$X_1$', '$Z_{1}$', '$Z_{5}$')",3,0.7048365913717609,0.7000753280188831,-0.004761263352877854,10,True,"$|S \cap \{1,2\}| = 1$"
"('$X_1$', '$Z_{1}$', '$Z_{6}$')",3,0.700500662586421,0.6978814439660828,-0.002619218620338204,10,True,"$|S \cap \{1,2\}| = 1$"
"('$X_1$', '$Z_{2}$', '$Z_{3}$')",3,0.7048093088387747,0.7059353371421768,0.0011260283034021379,10,True,"$|S \cap \{1,2\}| = 1$"
"('$X_1$', '$Z_{2}$', '$Z_{4}$')",3,0.7095801628128185,0.7035739283805676,-0.006006234432250901,10,True,"$|S \cap \{1,2\}| = 1$"
"('$X_1$', '$Z_{2}$', '$Z_{5}$')",3,0.7067948205889649,0.7082902375394278,0.0014954169504628467,10,True,"$|S \cap \{1,2\}| = 1$"
"('$X_1$', '$Z_{2}$', '$Z_{6}$')",3,0.7035303513508051,0.7049740385157254,0.001443687164920271,10,True,"$|S \cap \{1,2\}| = 1$"
"('$X_1$', '$Z_{3}$', '$Z_{4}$')",3,0.7025279703388183,0.7038927391235014,0.001364768784683057,10,True,"$|S \cap \{1,2\}| = 1$"
"('$X_1$', '$Z_{3}$', '$Z_{5}$')",3,0.704042077175516,0.7071150065310807,0.003072929355564691,10,True,"$|S \cap \{1,2\}| = 1$"
"('$X_1$', '$Z_{3}$', '$Z_{6}$')",3,0.700355831102752,0.7048711645043017,0.004515333401549637,10,True,"$|S \cap \{1,2\}| = 1$"
"('$X_1$', '$Z_{4}$', '$Z_{5}$')",3,0.7006400667258553,0.7013944552289983,0.000754388503143022,10,True,"$|S \cap \{1,2\}| = 1$"
"('$X_1$', '$Z_{4}$', '$Z_{6}$')",3,0.7004229020247037,0.7012007416563923,0.0007778396316886482,10,True,"$|S \cap \{1,2\}| = 1$"
"('$X_1$', '$Z_{5}$', '$Z_{6}$')",3,0.7004330083756886,0.7076697677135384,0.007236759337849841,10,True,"$|S \cap \{1,2\}| = 1$"
"('$X_2$', '$Z_{1}$', '$Z_{2}$')",3,0.7063322866969792,0.7062798307832916,-5.245591368763236e-05,10,True,"$|S \cap \{1,2\}| = 1$"
"('$X_2$', '$Z_{1}$', '$Z_{3}$')",3,0.7038874797797375,0.7068473983854653,0.0029599186057277516,10,True,"$|S \cap \{1,2\}| = 1$"
"('$X_2$', '$Z_{1}$', '$Z_{4}$')",3,0.701564846651277,0.7032803366342636,0.00171548998298654,10,True,"$|S \cap \{1,2\}| = 1$"
"('$X_2$', '$Z_{1}$', '$Z_{5}$')",3,0.7052198160039217,0.7046333895500809,-0.0005864264538407715,10,True,"$|S \cap \{1,2\}| = 1$"
"('$X_2$', '$Z_{1}$', '$Z_{6}$')",3,0.7000234045588477,0.7023457110083753,0.002322306449527578,10,True,"$|S \cap \{1,2\}| = 1$"
"('$X_2$', '$Z_{2}$', '$Z_{3}$')",3,0.7061797703199015,0.6980251912756515,-0.008154579044249988,10,True,"$|S \cap \{1,2\}| = 1$"
"('$X_2$', '$Z_{2}$', '$Z_{4}$')",3,0.701277824255659,0.7044364947329849,0.0031586704773258756,10,True,"$|S \cap \{1,2\}| = 1$"
"('$X_2$', '$Z_{2}$', '$Z_{5}$')",3,0.7061108609355611,0.7117755815840446,0.005664720648483557,10,True,"$|S \cap \{1,2\}| = 1$"
"('$X_2$', '$Z_{2}$', '$Z_{6}$')",3,0.7023556886159208,0.7052024925592699,0.00284680394334913,10,True,"$|S \cap \{1,2\}| = 1$"
"('$X_2$', '$Z_{3}$', '$Z_{4}$')",3,0.7030388583045992,0.7031910971707541,0.0001522388661548968,10,True,"$|S \cap \{1,2\}| = 1$"
"('$X_2$', '$Z_{3}$', '$Z_{5}$')",3,0.707037705640076,0.7047280098233618,-0.0023096958167141413,10,True,"$|S \cap \{1,2\}| = 1$"
"('$X_2$', '$Z_{3}$', '$Z_{6}$')",3,0.7037996626921338,0.7030240679900022,-0.0007755947021316212,10,True,"$|S \cap \{1,2\}| = 1$"
"('$X_2$', '$Z_{4}$', '$Z_{5}$')",3,0.7035168481668704,0.703212397466531,-0.00030445070033946475,10,True,"$|S \cap \{1,2\}| = 1$"
"('$X_2$', '$Z_{4}$', '$Z_{6}$')",3,0.7014401195781633,0.7052953561924004,0.0038552366142370342,10,True,"$|S \cap \{1,2\}| = 1$"
"('$X_2$', '$Z_{5}$', '$Z_{6}$')",3,0.701980845794091,0.7022931671777198,0.0003123213836287997,10,True,"$|S \cap \{1,2\}| = 1$"
"('$Z_{1}$', '$Z_{2}$', '$Z_{3}$')",3,0.7103941996390395,0.7039855114393322,-0.006408688199707302,10,False,"$S \cap \{1,2\} = \emptyset$"
"('$Z_{1}$', '$Z_{2}$', '$Z_{4}$')",3,0.7104148384967777,0.7008705287943394,-0.009544309702438247,10,False,"$S \cap \{1,2\} = \emptyset$"
"('$Z_{1}$', '$Z_{2}$', '$Z_{5}$')",3,0.7074094508917903,0.702167487142011,-0.005241963749779255,10,False,"$S \cap \{1,2\} = \emptyset$"
"('$Z_{1}$', '$Z_{2}$', '$Z_{6}$')",3,0.7052446790103691,0.7012372365513686,-0.004007442459000532,10,False,"$S \cap \{1,2\} = \emptyset$"
"('$Z_{1}$', '$Z_{3}$', '$Z_{4}$')",3,0.7022552163876044,0.7037053825308374,0.0014501661432330115,10,False,"$S \cap \{1,2\} = \emptyset$"
"('$Z_{1}$', '$Z_{3}$', '$Z_{5}$')",3,0.7078910181829561,0.7065419228988143,-0.0013490952841417325,10,False,"$S \cap \{1,2\} = \emptyset$"
"('$Z_{1}$', '$Z_{3}$', '$Z_{6}$')",3,0.7057034377101655,0.7019553152372489,-0.0037481224729166707,10,False,"$S \cap \{1,2\} = \emptyset$"
"('$Z_{1}$', '$Z_{4}$', '$Z_{5}$')",3,0.7037318472616123,0.7023431023708866,-0.0013887448907257127,10,False,"$S \cap \{1,2\} = \emptyset$"
"('$Z_{1}$', '$Z_{4}$', '$Z_{6}$')",3,0.7022756283891832,0.7028821109849932,0.0006064825958099762,10,False,"$S \cap \{1,2\} = \emptyset$"
"('$Z_{1}$', '$Z_{5}$', '$Z_{6}$')",3,0.7033509924424559,0.696121232460933,-0.007229759981522865,10,False,"$S \cap \{1,2\} = \emptyset$"
"('$Z_{2}$', '$Z_{3}$', '$Z_{4}$')",3,0.7063055094563677,0.7038284824933765,-0.0024770269629912356,10,False,"$S \cap \{1,2\} = \emptyset$"
"('$Z_{2}$', '$Z_{3}$', '$Z_{5}$')",3,0.7089919946723633,0.7071865509012544,-0.0018054437711089166,10,False,"$S \cap \{1,2\} = \emptyset$"
"('$Z_{2}$', '$Z_{3}$', '$Z_{6}$')",3,0.7050130719323029,0.7100353882255047,0.005022316293201823,10,False,"$S \cap \{1,2\} = \emptyset$"
"('$Z_{2}$', '$Z_{4}$', '$Z_{5}$')",3,0.7065909629033648,0.7088333065381163,0.002242343634751509,10,False,"$S \cap \{1,2\} = \emptyset$"
"('$Z_{2}$', '$Z_{4}$', '$Z_{6}$')",3,0.7045986367832997,0.7069472769311741,0.0023486401478743923,10,False,"$S \cap \{1,2\} = \emptyset$"
"('$Z_{2}$', '$Z_{5}$', '$Z_{6}$')",3,0.7047849389739845,0.7017387004649902,-0.0030462385089943256,10,False,"$S \cap \{1,2\} = \emptyset$"
"('$Z_{3}$', '$Z_{4}$', '$Z_{5}$')",3,0.7081071135457744,0.7010003170728523,-0.007106796472922117,10,False,"$S \cap \{1,2\} = \emptyset$"
"('$Z_{3}$', '$Z_{4}$', '$Z_{6}$')",3,0.7042349928617564,0.7069201869814016,0.0026851941196451845,10,False,"$S \cap \{1,2\} = \emptyset$"
"('$Z_{3}$', '$Z_{5}$', '$Z_{6}$')",3,0.7054272002203247,0.6999212447819846,-0.005505955438340093,10,False,"$S \cap \{1,2\} = \emptyset$"
"('$Z_{4}$', '$Z_{5}$', '$Z_{6}$')",3,0.7057589900479981,0.7073866863459175,0.0016276962979193677,10,False,"$S \cap \{1,2\} = \emptyset$"
"('$X_1$', '$X_2$')",2,0.05108652146998234,0.7082045241851422,0.6571180027151599,11,True,"$S \supseteq \{1,2\}$"
"('$X_1$', '$Z_{1}$')",2,0.7052241381833491,0.707255529414607,0.0020313912312579507,11,True,"$|S \cap \{1,2\}| = 1$"
"('$X_1$', '$Z_{2}$')",2,0.7077802356348318,0.7059206275577983,-0.0018596080770335588,11,True,"$|S \cap \{1,2\}| = 1$"
"('$X_1$', '$Z_{3}$')",2,0.7061515153684804,0.7065818508752318,0.0004303355067514225,11,True,"$|S \cap \{1,2\}| = 1$"
"('$X_1$', '$Z_{4}$')",2,0.7178872324134773,0.7096991222899601,-0.008188110123517167,11,True,"$|S \cap \{1,2\}| = 1$"
"('$X_1$', '$Z_{5}$')",2,0.7064448452556996,0.7043043551715216,-0.0021404900841780483,11,True,"$|S \cap \{1,2\}| = 1$"
"('$X_1$', '$Z_{6}$')",2,0.7127272321476316,0.699747311041004,-0.012979921106627601,11,True,"$|S \cap \{1,2\}| = 1$"
"('$X_2$', '$Z_{1}$')",2,0.7066412633001976,0.7067169603747675,7.56970745698915e-05,11,True,"$|S \cap \{1,2\}| = 1$"
"('$X_2$', '$Z_{2}$')",2,0.7040809942685289,0.7110431502186022,0.006962155950073323,11,True,"$|S \cap \{1,2\}| = 1$"
"('$X_2$', '$Z_{3}$')",2,0.7068577110277363,0.7021241823421217,-0.0047335286856146075,11,True,"$|S \cap \{1,2\}| = 1$"
"('$X_2$', '$Z_{4}$')",2,0.7110938100739768,0.705859140134063,-0.0052346699399137275,11,True,"$|S \cap \{1,2\}| = 1$"
"('$X_2$', '$Z_{5}$')",2,0.7067301559874333,0.7087609236533329,0.002030767665899602,11,True,"$|S \cap \{1,2\}| = 1$"
"('$X_2$', '$Z_{6}$')",2,0.7105836733594278,0.7135375607386655,0.0029538873792376297,11,True,"$|S \cap \{1,2\}| = 1$"
"('$Z_{1}$', '$Z_{2}$')",2,0.7051875684766807,0.7071454200800763,0.001957851603395566,11,False,"$S \cap \{1,2\} = \emptyset$"
"('$Z_{1}$', '$Z_{3}$')",2,0.706455695695116,0.7031191197632644,-0.0033365759318516597,11,False,"$S \cap \{1,2\} = \emptyset$"
"('$Z_{1}$', '$Z_{4}$')",2,0.7131906839594833,0.7093710389167102,-0.003819645042773101,11,False,"$S \cap \{1,2\} = \emptyset$"
"('$Z_{1}$', '$Z_{5}$')",2,0.7050442216713778,0.7086172751497934,0.003573053478415633,11,False,"$S \cap \{1,2\} = \emptyset$"
"('$Z_{1}$', '$Z_{6}$')",2,0.7162822328092828,0.7073228823289441,-0.00895935048033869,11,False,"$S \cap \{1,2\} = \emptyset$"
"('$Z_{2}$', '$Z_{3}$')",2,0.7037703083778732,0.7057173802415414,0.0019470718636681594,11,False,"$S \cap \{1,2\} = \emptyset$"
"('$Z_{2}$', '$Z_{4}$')",2,0.7083102688113878,0.7095881762922654,0.001277907480877638,11,False,"$S \cap \{1,2\} = \emptyset$"
"('$Z_{2}$', '$Z_{5}$')",2,0.7048866635659569,0.7057390681950246,0.0008524046290677711,11,False,"$S \cap \{1,2\} = \emptyset$"
"('$Z_{2}$', '$Z_{6}$')",2,0.7123282886658769,0.7043784395367182,-0.007949849129158748,11,False,"$S \cap \{1,2\} = \emptyset$"
"('$Z_{3}$', '$Z_{4}$')",2,0.7116104168585832,0.7044298233451979,-0.007180593513385292,11,False,"$S \cap \{1,2\} = \emptyset$"
"('$Z_{3}$', '$Z_{5}$')",2,0.7048546828398925,0.7021317050184136,-0.0027229778214789002,11,False,"$S \cap \{1,2\} = \emptyset$"
"('$Z_{3}$', '$Z_{6}$')",2,0.7087250847020616,0.7051452993742903,-0.0035797853277713676,11,False,"$S \cap \{1,2\} = \emptyset$"
"('$Z_{4}$', '$Z_{5}$')",2,0.7088117829936713,0.7088810136995876,6.923070591624558e-05,11,False,"$S \cap \{1,2\} = \emptyset$"
"('$Z_{4}$', '$Z_{6}$')",2,0.7149223468348194,0.708827842461315,-0.006094504373504339,11,False,"$S \cap \{1,2\} = \emptyset$"
"('$Z_{5}$', '$Z_{6}$')",2,0.7095587327692402,0.7145034039590665,0.004944671189826333,11,False,"$S \cap \{1,2\} = \emptyset$"
"('$X_1$', '$X_2$', '$Z_{1}$')",3,0.17371205192199282,0.707094828585037,0.5333827766630442,11,True,"$S \supseteq \{1,2\}$"
"('$X_1$', '$X_2$', '$Z_{2}$')",3,0.17114971523513878,0.7006661324118243,0.5295164171766855,11,True,"$S \supseteq \{1,2\}$"
"('$X_1$', '$X_2$', '$Z_{3}$')",3,0.17668890304341486,0.6988039112465668,0.5221150082031519,11,True,"$S \supseteq \{1,2\}$"
"('$X_1$', '$X_2$', '$Z_{4}$')",3,0.17804112127443694,0.7062992875190592,0.5282581662446223,11,True,"$S \supseteq \{1,2\}$"
"('$X_1$', '$X_2$', '$Z_{5}$')",3,0.1710147200447099,0.7012385931157592,0.5302238730710493,11,True,"$S \supseteq \{1,2\}$"
"('$X_1$', '$X_2$', '$Z_{6}$')",3,0.1703828679762374,0.7002356069961733,0.5298527390199359,11,True,"$S \supseteq \{1,2\}$"
"('$X_1$', '$Z_{1}$', '$Z_{2}$')",3,0.6999594093554047,0.7027093024724533,0.002749893117048652,11,True,"$|S \cap \{1,2\}| = 1$"
"('$X_1$', '$Z_{1}$', '$Z_{3}$')",3,0.700885987936073,0.6992530727842343,-0.0016329151518387208,11,True,"$|S \cap \{1,2\}| = 1$"
"('$X_1$', '$Z_{1}$', '$Z_{4}$')",3,0.7068523919771619,0.70617792554168,-0.0006744664354818575,11,True,"$|S \cap \{1,2\}| = 1$"
"('$X_1$', '$Z_{1}$', '$Z_{5}$')",3,0.6980113189399755,0.6922756027708903,-0.005735716169085192,11,True,"$|S \cap \{1,2\}| = 1$"
"('$X_1$', '$Z_{1}$', '$Z_{6}$')",3,0.7080453741362662,0.6996314146173545,-0.008413959518911773,11,True,"$|S \cap \{1,2\}| = 1$"
"('$X_1$', '$Z_{2}$', '$Z_{3}$')",3,0.7020793460612896,0.7093534976763929,0.007274151615103253,11,True,"$|S \cap \{1,2\}| = 1$"
"('$X_1$', '$Z_{2}$', '$Z_{4}$')",3,0.7048362984820414,0.7046693393950304,-0.00016695908701103157,11,True,"$|S \cap \{1,2\}| = 1$"
"('$X_1$', '$Z_{2}$', '$Z_{5}$')",3,0.7007454502448733,0.7021852903066037,0.0014398400617303686,11,True,"$|S \cap \{1,2\}| = 1$"
"('$X_1$', '$Z_{2}$', '$Z_{6}$')",3,0.708706501492609,0.7027075741742964,-0.005998927318312641,11,True,"$|S \cap \{1,2\}| = 1$"
"('$X_1$', '$Z_{3}$', '$Z_{4}$')",3,0.7068941670894797,0.7085378594083676,0.001643692318887835,11,True,"$|S \cap \{1,2\}| = 1$"
"('$X_1$', '$Z_{3}$', '$Z_{5}$')",3,0.7031655508535373,0.7020905940944029,-0.0010749567591343823,11,True,"$|S \cap \{1,2\}| = 1$"
"('$X_1$', '$Z_{3}$', '$Z_{6}$')",3,0.7073210778850764,0.6995284870500177,-0.007792590835058677,11,True,"$|S \cap \{1,2\}| = 1$"
"('$X_1$', '$Z_{4}$', '$Z_{5}$')",3,0.703586927013478,0.7102308305664953,0.00664390355301725,11,True,"$|S \cap \{1,2\}| = 1$"
"('$X_1$', '$Z_{4}$', '$Z_{6}$')",3,0.7110561606388891,0.712322746743212,0.0012665861043229532,11,True,"$|S \cap \{1,2\}| = 1$"
"('$X_1$', '$Z_{5}$', '$Z_{6}$')",3,0.706358037091476,0.7022472783871924,-0.004110758704283679,11,True,"$|S \cap \{1,2\}| = 1$"
"('$X_2$', '$Z_{1}$', '$Z_{2}$')",3,0.7007472107004901,0.7077664070015116,0.007019196301021546,11,True,"$|S \cap \{1,2\}| = 1$"
"('$X_2$', '$Z_{1}$', '$Z_{3}$')",3,0.7053024051572679,0.6984937426345506,-0.00680866252271739,11,True,"$|S \cap \{1,2\}| = 1$"
"('$X_2$', '$Z_{1}$', '$Z_{4}$')",3,0.7096229205433408,0.7045792747394112,-0.005043645803929575,11,True,"$|S \cap \{1,2\}| = 1$"
"('$X_2$', '$Z_{1}$', '$Z_{5}$')",3,0.7042258910015087,0.7033648357577408,-0.0008610552437678942,11,True,"$|S \cap \{1,2\}| = 1$"
"('$X_2$', '$Z_{1}$', '$Z_{6}$')",3,0.7094319655546212,0.700593339524859,-0.008838626029762153,11,True,"$|S \cap \{1,2\}| = 1$"
"('$X_2$', '$Z_{2}$', '$Z_{3}$')",3,0.7033424614176594,0.7008654376890833,-0.0024770237285761665,11,True,"$|S \cap \{1,2\}| = 1$"
"('$X_2$', '$Z_{2}$', '$Z_{4}$')",3,0.7020909042672682,0.7057422189946186,0.0036513147273504742,11,True,"$|S \cap \{1,2\}| = 1$"
"('$X_2$', '$Z_{2}$', '$Z_{5}$')",3,0.7016753224599934,0.7094677758370613,0.007792453377067909,11,True,"$|S \cap \{1,2\}| = 1$"
"('$X_2$', '$Z_{2}$', '$Z_{6}$')",3,0.705043775714069,0.6989542578171178,-0.006089517896951113,11,True,"$|S \cap \{1,2\}| = 1$"
"('$X_2$', '$Z_{3}$', '$Z_{4}$')",3,0.7049987649118079,0.692551581747479,-0.012447183164328912,11,True,"$|S \cap \{1,2\}| = 1$"
"('$X_2$', '$Z_{3}$', '$Z_{5}$')",3,0.7040673177390182,0.7067838069955187,0.002716489256500476,11,True,"$|S \cap \{1,2\}| = 1$"
"('$X_2$', '$Z_{3}$', '$Z_{6}$')",3,0.706609941390259,0.6994702569896712,-0.007139684400587765,11,True,"$|S \cap \{1,2\}| = 1$"
"('$X_2$', '$Z_{4}$', '$Z_{5}$')",3,0.7036715608554172,0.7032021679033507,-0.0004693929520664941,11,True,"$|S \cap \{1,2\}| = 1$"
"('$X_2$', '$Z_{4}$', '$Z_{6}$')",3,0.7080236966667749,0.704331655538913,-0.0036920411278619225,11,True,"$|S \cap \{1,2\}| = 1$"
"('$X_2$', '$Z_{5}$', '$Z_{6}$')",3,0.703821676127897,0.7052017984447668,0.0013801223168697918,11,True,"$|S \cap \{1,2\}| = 1$"
"('$Z_{1}$', '$Z_{2}$', '$Z_{3}$')",3,0.7036024931581608,0.7026078715636886,-0.000994621594472167,11,False,"$S \cap \{1,2\} = \emptyset$"
"('$Z_{1}$', '$Z_{2}$', '$Z_{4}$')",3,0.703713625474153,0.7069111363774278,0.003197510903274803,11,False,"$S \cap \{1,2\} = \emptyset$"
"('$Z_{1}$', '$Z_{2}$', '$Z_{5}$')",3,0.701506699527476,0.7100290189908884,0.00852231946341242,11,False,"$S \cap \{1,2\} = \emptyset$"
"('$Z_{1}$', '$Z_{2}$', '$Z_{6}$')",3,0.7064996996662548,0.7023255992925415,-0.004174100373713352,11,False,"$S \cap \{1,2\} = \emptyset$"
"('$Z_{1}$', '$Z_{3}$', '$Z_{4}$')",3,0.7087635799120017,0.7085967726087529,-0.000166807303248806,11,False,"$S \cap \{1,2\} = \emptyset$"
"('$Z_{1}$', '$Z_{3}$', '$Z_{5}$')",3,0.7019077678912776,0.6993715327441973,-0.0025362351470803457,11,False,"$S \cap \{1,2\} = \emptyset$"
"('$Z_{1}$', '$Z_{3}$', '$Z_{6}$')",3,0.705133290536861,0.6974891869246077,-0.007644103612253317,11,False,"$S \cap \{1,2\} = \emptyset$"
"('$Z_{1}$', '$Z_{4}$', '$Z_{5}$')",3,0.7051026147314711,0.7054824127627622,0.0003797980312911786,11,False,"$S \cap \{1,2\} = \emptyset$"
"('$Z_{1}$', '$Z_{4}$', '$Z_{6}$')",3,0.7105313620568728,0.7048149059724735,-0.005716456084399302,11,False,"$S \cap \{1,2\} = \emptyset$"
"('$Z_{1}$', '$Z_{5}$', '$Z_{6}$')",3,0.7064656663080141,0.6972939520959651,-0.009171714212048987,11,False,"$S \cap \{1,2\} = \emptyset$"
"('$Z_{2}$', '$Z_{3}$', '$Z_{4}$')",3,0.7019118965110351,0.7044248295914387,0.0025129330804035677,11,False,"$S \cap \{1,2\} = \emptyset$"
"('$Z_{2}$', '$Z_{3}$', '$Z_{5}$')",3,0.7017665899062094,0.7019679143530371,0.00020132444682763317,11,False,"$S \cap \{1,2\} = \emptyset$"
"('$Z_{2}$', '$Z_{3}$', '$Z_{6}$')",3,0.7050499300567348,0.6995663082207723,-0.0054836218359625155,11,False,"$S \cap \{1,2\} = \emptyset$"
"('$Z_{2}$', '$Z_{4}$', '$Z_{5}$')",3,0.7028750117561268,0.7035886050914669,0.0007135933353401569,11,False,"$S \cap \{1,2\} = \emptyset$"
"('$Z_{2}$', '$Z_{4}$', '$Z_{6}$')",3,0.7042584281870832,0.700692963393131,-0.0035654647939521444,11,False,"$S \cap \{1,2\} = \emptyset$"
"('$Z_{2}$', '$Z_{5}$', '$Z_{6}$')",3,0.704787421283189,0.7089320430314461,0.004144621748257027,11,False,"$S \cap \{1,2\} = \emptyset$"
"('$Z_{3}$', '$Z_{4}$', '$Z_{5}$')",3,0.7052456206625102,0.7024559342746235,-0.0027896863878866807,11,False,"$S \cap \{1,2\} = \emptyset$"
"('$Z_{3}$', '$Z_{4}$', '$Z_{6}$')",3,0.7076286136921638,0.7066407476800645,-0.0009878660120993255,11,False,"$S \cap \{1,2\} = \emptyset$"
"('$Z_{3}$', '$Z_{5}$', '$Z_{6}$')",3,0.7050950744414154,0.6988676943484716,-0.006227380092943768,11,False,"$S \cap \{1,2\} = \emptyset$"
"('$Z_{4}$', '$Z_{5}$', '$Z_{6}$')",3,0.7056630314661793,0.7060020142834409,0.00033898281726163493,11,False,"$S \cap \{1,2\} = \emptyset$"
"('$X_1$', '$X_2$')",2,0.05084953268362885,0.704026583096434,0.6531770504128052,12,True,"$S \supseteq \{1,2\}$"
"('$X_1$', '$Z_{1}$')",2,0.7110046431061531,0.7016154787192945,-0.00938916438685855,12,True,"$|S \cap \{1,2\}| = 1$"
"('$X_1$', '$Z_{2}$')",2,0.705033438215569,0.7020983247657087,-0.002935113449860305,12,True,"$|S \cap \{1,2\}| = 1$"
"('$X_1$', '$Z_{3}$')",2,0.7041256691330134,0.7035727212191611,-0.0005529479138522975,12,True,"$|S \cap \{1,2\}| = 1$"
"('$X_1$', '$Z_{4}$')",2,0.7036537266473115,0.7145732049706536,0.010919478323342058,12,True,"$|S \cap \{1,2\}| = 1$"
"('$X_1$', '$Z_{5}$')",2,0.7040903755993473,0.7060311634645446,0.0019407878651973576,12,True,"$|S \cap \{1,2\}| = 1$"
"('$X_1$', '$Z_{6}$')",2,0.7120244492314179,0.7106522611358563,-0.0013721880955616106,12,True,"$|S \cap \{1,2\}| = 1$"
"('$X_2$', '$Z_{1}$')",2,0.700508872974283,0.7075540285195182,0.0070451555452352155,12,True,"$|S \cap \{1,2\}| = 1$"
"('$X_2$', '$Z_{2}$')",2,0.7079336305452907,0.7039429677911646,-0.003990662754126073,12,True,"$|S \cap \{1,2\}| = 1$"
"('$X_2$', '$Z_{3}$')",2,0.7077434999384193,0.7050033284189693,-0.002740171519450052,12,True,"$|S \cap \{1,2\}| = 1$"
"('$X_2$', '$Z_{4}$')",2,0.7069780742153088,0.7002701805177984,-0.006707893697510348,12,True,"$|S \cap \{1,2\}| = 1$"
"('$X_2$', '$Z_{5}$')",2,0.7083297283840484,0.7076509438239196,-0.00067878456012882,12,True,"$|S \cap \{1,2\}| = 1$"
"('$X_2$', '$Z_{6}$')",2,0.7093057335510734,0.7084919164939013,-0.0008138170571720948,12,True,"$|S \cap \{1,2\}| = 1$"
"('$Z_{1}$', '$Z_{2}$')",2,0.7031567288293101,0.7014510329839304,-0.0017056958453797177,12,False,"$S \cap \{1,2\} = \emptyset$"
"('$Z_{1}$', '$Z_{3}$')",2,0.7091206985631775,0.7049526156732907,-0.004168082889886793,12,False,"$S \cap \{1,2\} = \emptyset$"
"('$Z_{1}$', '$Z_{4}$')",2,0.7045676611090527,0.7044470481693035,-0.0001206129397491873,12,False,"$S \cap \{1,2\} = \emptyset$"
"('$Z_{1}$', '$Z_{5}$')",2,0.7100266697925685,0.7053836554293419,-0.004643014363226561,12,False,"$S \cap \{1,2\} = \emptyset$"
"('$Z_{1}$', '$Z_{6}$')",2,0.7142010570859617,0.7075403244539868,-0.006660732631974864,12,False,"$S \cap \{1,2\} = \emptyset$"
"('$Z_{2}$', '$Z_{3}$')",2,0.706575351631868,0.7122315771966189,0.005656225564750872,12,False,"$S \cap \{1,2\} = \emptyset$"
"('$Z_{2}$', '$Z_{4}$')",2,0.7087670436218418,0.7009598404671578,-0.007807203154684084,12,False,"$S \cap \{1,2\} = \emptyset$"
"('$Z_{2}$', '$Z_{5}$')",2,0.708687062877267,0.7073089391160122,-0.0013781237612547903,12,False,"$S \cap \{1,2\} = \emptyset$"
"('$Z_{2}$', '$Z_{6}$')",2,0.712226163971883,0.7085080894319312,-0.0037180745399517656,12,False,"$S \cap \{1,2\} = \emptyset$"
"('$Z_{3}$', '$Z_{4}$')",2,0.7062433985294239,0.7088731713048585,0.0026297727754346356,12,False,"$S \cap \{1,2\} = \emptyset$"
"('$Z_{3}$', '$Z_{5}$')",2,0.7085681923641234,0.7172547563084937,0.008686563944370285,12,False,"$S \cap \{1,2\} = \emptyset$"
"('$Z_{3}$', '$Z_{6}$')",2,0.7085277131418086,0.7131302308970305,0.004602517755221913,12,False,"$S \cap \{1,2\} = \emptyset$"
"('$Z_{4}$', '$Z_{5}$')",2,0.7072517148823563,0.7061553528988933,-0.0010963619834629679,12,False,"$S \cap \{1,2\} = \emptyset$"
"('$Z_{4}$', '$Z_{6}$')",2,0.7095158077564212,0.706760028766751,-0.0027557789896701657,12,False,"$S \cap \{1,2\} = \emptyset$"
"('$Z_{5}$', '$Z_{6}$')",2,0.7112938589155695,0.7117940580438262,0.0005001991282567175,12,False,"$S \cap \{1,2\} = \emptyset$"
"('$X_1$', '$X_2$', '$Z_{1}$')",3,0.14786079440614427,0.7040333191731324,0.5561725247669881,12,True,"$S \supseteq \{1,2\}$"
"('$X_1$', '$X_2$', '$Z_{2}$')",3,0.15186596165553667,0.7008588104799544,0.5489928488244177,12,True,"$S \supseteq \{1,2\}$"
"('$X_1$', '$X_2$', '$Z_{3}$')",3,0.15458005797186317,0.7031417198360017,0.5485616618641386,12,True,"$S \supseteq \{1,2\}$"
"('$X_1$', '$X_2$', '$Z_{4}$')",3,0.14825197437366555,0.7033723415454501,0.5551203671717846,12,True,"$S \supseteq \{1,2\}$"
"('$X_1$', '$X_2$', '$Z_{5}$')",3,0.15231634490104584,0.6940789590988257,0.5417626141977798,12,True,"$S \supseteq \{1,2\}$"
"('$X_1$', '$X_2$', '$Z_{6}$')",3,0.1615097947373476,0.7025749676291837,0.5410651728918361,12,True,"$S \supseteq \{1,2\}$"
"('$X_1$', '$Z_{1}$', '$Z_{2}$')",3,0.7056015692162448,0.7043486116466604,-0.0012529575695844342,12,True,"$|S \cap \{1,2\}| = 1$"
"('$X_1$', '$Z_{1}$', '$Z_{3}$')",3,0.705674917075805,0.7123995507318512,0.006724633656046253,12,True,"$|S \cap \{1,2\}| = 1$"
"('$X_1$', '$Z_{1}$', '$Z_{4}$')",3,0.7039177556296834,0.7048987879799158,0.0009810323502323914,12,True,"$|S \cap \{1,2\}| = 1$"
"('$X_1$', '$Z_{1}$', '$Z_{5}$')",3,0.7069468797406046,0.6962484650851513,-0.010698414655453292,12,True,"$|S \cap \{1,2\}| = 1$"
"('$X_1$', '$Z_{1}$', '$Z_{6}$')",3,0.7096344897705733,0.706202087916721,-0.003432401853852296,12,True,"$|S \cap \{1,2\}| = 1$"
"('$X_1$', '$Z_{2}$', '$Z_{3}$')",3,0.7000931979016916,0.7111300892157831,0.01103689131409158,12,True,"$|S \cap \{1,2\}| = 1$"
"('$X_1$', '$Z_{2}$', '$Z_{4}$')",3,0.7033638144172273,0.7005269277533841,-0.0028368866638431856,12,True,"$|S \cap \{1,2\}| = 1$"
"('$X_1$', '$Z_{2}$', '$Z_{5}$')",3,0.7059011235491959,0.7057347500993151,-0.00016637344988079672,12,True,"$|S \cap \{1,2\}| = 1$"
"('$X_1$', '$Z_{2}$', '$Z_{6}$')",3,0.7075374411373171,0.6994216972653815,-0.008115743871935588,12,True,"$|S \cap \{1,2\}| = 1$"
"('$X_1$', '$Z_{3}$', '$Z_{4}$')",3,0.6995376854661549,0.7068281171413594,0.0072904316752044895,12,True,"$|S \cap \{1,2\}| = 1$"
"('$X_1$', '$Z_{3}$', '$Z_{5}$')",3,0.7019877703812647,0.701141403215144,-0.0008463671661207428,12,True,"$|S \cap \{1,2\}| = 1$"
"('$X_1$', '$Z_{3}$', '$Z_{6}$')",3,0.7020963786568077,0.7078123224751196,0.005715943818311864,12,True,"$|S \cap \{1,2\}| = 1$"
"('$X_1$', '$Z_{4}$', '$Z_{5}$')",3,0.7008193077522447,0.7036522129230954,0.0028329051708507746,12,True,"$|S \cap \{1,2\}| = 1$"
"('$X_1$', '$Z_{4}$', '$Z_{6}$')",3,0.706326146583066,0.7001534132887712,-0.0061727332942947966,12,True,"$|S \cap \{1,2\}| = 1$"
"('$X_1$', '$Z_{5}$', '$Z_{6}$')",3,0.707526821490121,0.7079077797771133,0.0003809582869922501,12,True,"$|S \cap \{1,2\}| = 1$"
"('$X_2$', '$Z_{1}$', '$Z_{2}$')",3,0.7049449492229939,0.707297038658689,0.0023520894356950928,12,True,"$|S \cap \{1,2\}| = 1$"
"('$X_2$', '$Z_{1}$', '$Z_{3}$')",3,0.7031144595943603,0.7054108073516503,0.0022963477572900404,12,True,"$|S \cap \{1,2\}| = 1$"
"('$X_2$', '$Z_{1}$', '$Z_{4}$')",3,0.7005943532608581,0.6973986438416436,-0.003195709419214432,12,True,"$|S \cap \{1,2\}| = 1$"
"('$X_2$', '$Z_{1}$', '$Z_{5}$')",3,0.7018056720266661,0.7001427543080059,-0.0016629177186602284,12,True,"$|S \cap \{1,2\}| = 1$"
"('$X_2$', '$Z_{1}$', '$Z_{6}$')",3,0.7028614735543628,0.7014458076949108,-0.0014156658594519644,12,True,"$|S \cap \{1,2\}| = 1$"
"('$X_2$', '$Z_{2}$', '$Z_{3}$')",3,0.7051800503121216,0.7055614587923542,0.00038140848023260343,12,True,"$|S \cap \{1,2\}| = 1$"
"('$X_2$', '$Z_{2}$', '$Z_{4}$')",3,0.7047467575650285,0.7076618280556649,0.00291507049063644,12,True,"$|S \cap \{1,2\}| = 1$"
"('$X_2$', '$Z_{2}$', '$Z_{5}$')",3,0.706322811275869,0.7081307978088778,0.001807986533008732,12,True,"$|S \cap \{1,2\}| = 1$"
"('$X_2$', '$Z_{2}$', '$Z_{6}$')",3,0.7078525833414387,0.7028723874965523,-0.004980195844886404,12,True,"$|S \cap \{1,2\}| = 1$"
"('$X_2$', '$Z_{3}$', '$Z_{4}$')",3,0.7062721790304485,0.7062618242537869,-1.0354776661558596e-05,12,True,"$|S \cap \{1,2\}| = 1$"
"('$X_2$', '$Z_{3}$', '$Z_{5}$')",3,0.702889039712688,0.7104151151446283,0.007526075431940282,12,True,"$|S \cap \{1,2\}| = 1$"
"('$X_2$', '$Z_{3}$', '$Z_{6}$')",3,0.7057682415678692,0.7065861091294419,0.0008178675615726494,12,True,"$|S \cap \{1,2\}| = 1$"
"('$X_2$', '$Z_{4}$', '$Z_{5}$')",3,0.7041168630173862,0.701744896243961,-0.002371966773425216,12,True,"$|S \cap \{1,2\}| = 1$"
"('$X_2$', '$Z_{4}$', '$Z_{6}$')",3,0.7064986092383855,0.7040448892438377,-0.0024537199945477983,12,True,"$|S \cap \{1,2\}| = 1$"
"('$X_2$', '$Z_{5}$', '$Z_{6}$')",3,0.7039814621941304,0.7053718167708314,0.0013903545767010028,12,True,"$|S \cap \{1,2\}| = 1$"
"('$Z_{1}$', '$Z_{2}$', '$Z_{3}$')",3,0.7048120417626381,0.7091588012698269,0.004346759507188769,12,False,"$S \cap \{1,2\} = \emptyset$"
"('$Z_{1}$', '$Z_{2}$', '$Z_{4}$')",3,0.7025103873424663,0.7071644968701709,0.00465410952770462,12,False,"$S \cap \{1,2\} = \emptyset$"
"('$Z_{1}$', '$Z_{2}$', '$Z_{5}$')",3,0.7055586140002529,0.7022920053175342,-0.0032666086827186636,12,False,"$S \cap \{1,2\} = \emptyset$"
"('$Z_{1}$', '$Z_{2}$', '$Z_{6}$')",3,0.7073508082701503,0.7097745230342375,0.0024237147640872037,12,False,"$S \cap \{1,2\} = \emptyset$"
"('$Z_{1}$', '$Z_{3}$', '$Z_{4}$')",3,0.7030507197554807,0.7071400518617385,0.004089332106257726,12,False,"$S \cap \{1,2\} = \emptyset$"
"('$Z_{1}$', '$Z_{3}$', '$Z_{5}$')",3,0.7060732620778126,0.704642495459549,-0.0014307666182635792,12,False,"$S \cap \{1,2\} = \emptyset$"
"('$Z_{1}$', '$Z_{3}$', '$Z_{6}$')",3,0.7056088006877272,0.7009035525144625,-0.004705248173264787,12,False,"$S \cap \{1,2\} = \emptyset$"
"('$Z_{1}$', '$Z_{4}$', '$Z_{5}$')",3,0.7053256134484546,0.7090038752507568,0.0036782618023022406,12,False,"$S \cap \{1,2\} = \emptyset$"
"('$Z_{1}$', '$Z_{4}$', '$Z_{6}$')",3,0.7035911285742118,0.701482331508615,-0.002108797065596746,12,False,"$S \cap \{1,2\} = \emptyset$"
"('$Z_{1}$', '$Z_{5}$', '$Z_{6}$')",3,0.7102714724863725,0.6947841835013506,-0.01548728898502183,12,False,"$S \cap \{1,2\} = \emptyset$"
"('$Z_{2}$', '$Z_{3}$', '$Z_{4}$')",3,0.7024191704198519,0.6968884985367829,-0.005530671883068994,12,False,"$S \cap \{1,2\} = \emptyset$"
"('$Z_{2}$', '$Z_{3}$', '$Z_{5}$')",3,0.7041672663984866,0.7075176884060173,0.0033504220075306623,12,False,"$S \cap \{1,2\} = \emptyset$"
"('$Z_{2}$', '$Z_{3}$', '$Z_{6}$')",3,0.7029340898863741,0.7054228257553032,0.0024887358689291705,12,False,"$S \cap \{1,2\} = \emptyset$"
"('$Z_{2}$', '$Z_{4}$', '$Z_{5}$')",3,0.7063229944973021,0.7078324752733033,0.0015094807760012152,12,False,"$S \cap \{1,2\} = \emptyset$"
"('$Z_{2}$', '$Z_{4}$', '$Z_{6}$')",3,0.7066200386421242,0.7045061425684469,-0.0021138960736772905,12,False,"$S \cap \{1,2\} = \emptyset$"
"('$Z_{2}$', '$Z_{5}$', '$Z_{6}$')",3,0.706955313844772,0.7012452536177156,-0.005710060227056335,12,False,"$S \cap \{1,2\} = \emptyset$"
"('$Z_{3}$', '$Z_{4}$', '$Z_{5}$')",3,0.7021475496838999,0.7055413487764713,0.0033937990925714256,12,False,"$S \cap \{1,2\} = \emptyset$"
"('$Z_{3}$', '$Z_{4}$', '$Z_{6}$')",3,0.7027546561704299,0.6972086382424708,-0.005546017927959057,12,False,"$S \cap \{1,2\} = \emptyset$"
"('$Z_{3}$', '$Z_{5}$', '$Z_{6}$')",3,0.7050758714886372,0.703698936263158,-0.0013769352254791034,12,False,"$S \cap \{1,2\} = \emptyset$"
"('$Z_{4}$', '$Z_{5}$', '$Z_{6}$')",3,0.7082782666719907,0.7091757288785507,0.0008974622065600624,12,False,"$S \cap \{1,2\} = \emptyset$"
"('$X_1$', '$X_2$')",2,0.05216081657582752,0.7091533269253065,0.656992510349479,13,True,"$S \supseteq \{1,2\}$"
"('$X_1$', '$Z_{1}$')",2,0.7027229997553125,0.7071101488589432,0.004387149103630694,13,True,"$|S \cap \{1,2\}| = 1$"
"('$X_1$', '$Z_{2}$')",2,0.7073858320198669,0.7070255811375188,-0.0003602508823481454,13,True,"$|S \cap \{1,2\}| = 1$"
"('$X_1$', '$Z_{3}$')",2,0.7094760125440405,0.698913779050973,-0.010562233493067508,13,True,"$|S \cap \{1,2\}| = 1$"
"('$X_1$', '$Z_{4}$')",2,0.709632017643288,0.7077175481279746,-0.0019144695153133773,13,True,"$|S \cap \{1,2\}| = 1$"
"('$X_1$', '$Z_{5}$')",2,0.7071484056589545,0.7059699215540377,-0.0011784841049168326,13,True,"$|S \cap \{1,2\}| = 1$"
"('$X_1$', '$Z_{6}$')",2,0.7097179322644718,0.7016302204528863,-0.008087711811585518,13,True,"$|S \cap \{1,2\}| = 1$"
"('$X_2$', '$Z_{1}$')",2,0.708182866650309,0.7059881200578968,-0.0021947465924122556,13,True,"$|S \cap \{1,2\}| = 1$"
"('$X_2$', '$Z_{2}$')",2,0.7037896435118136,0.6998878123605177,-0.0039018311512959425,13,True,"$|S \cap \{1,2\}| = 1$"
"('$X_2$', '$Z_{3}$')",2,0.7041648468871532,0.7057722396022387,0.001607392715085476,13,True,"$|S \cap \{1,2\}| = 1$"
"('$X_2$', '$Z_{4}$')",2,0.7113444988111459,0.7080238821613694,-0.0033206166497765643,13,True,"$|S \cap \{1,2\}| = 1$"
"('$X_2$', '$Z_{5}$')",2,0.7039623433340655,0.7019941840392219,-0.001968159294843619,13,True,"$|S \cap \{1,2\}| = 1$"
"('$X_2$', '$Z_{6}$')",2,0.711641238647301,0.7056132524295042,-0.006027986217796766,13,True,"$|S \cap \{1,2\}| = 1$"
"('$Z_{1}$', '$Z_{2}$')",2,0.7026809057924973,0.7060338918121525,0.0033529860196551686,13,False,"$S \cap \{1,2\} = \emptyset$"
"('$Z_{1}$', '$Z_{3}$')",2,0.7121116662385725,0.7057913524496255,-0.00632031378894693,13,False,"$S \cap \{1,2\} = \emptyset$"
"('$Z_{1}$', '$Z_{4}$')",2,0.7071959330801353,0.7140334136777633,0.0068374805976280095,13,False,"$S \cap \{1,2\} = \emptyset$"
"('$Z_{1}$', '$Z_{5}$')",2,0.7057732467923048,0.7041416677574561,-0.0016315790348486736,13,False,"$S \cap \{1,2\} = \emptyset$"
"('$Z_{1}$', '$Z_{6}$')",2,0.7139264520275076,0.7033169936063982,-0.010609458421109386,13,False,"$S \cap \{1,2\} = \emptyset$"
"('$Z_{2}$', '$Z_{3}$')",2,0.7134397849149668,0.7024117121808361,-0.011028072734130756,13,False,"$S \cap \{1,2\} = \emptyset$"
"('$Z_{2}$', '$Z_{4}$')",2,0.7029929172912215,0.715745986999911,0.012753069708689502,13,False,"$S \cap \{1,2\} = \emptyset$"
"('$Z_{2}$', '$Z_{5}$')",2,0.7073170506281932,0.706911260476878,-0.00040579015131514407,13,False,"$S \cap \{1,2\} = \emptyset$"
"('$Z_{2}$', '$Z_{6}$')",2,0.7069161925895247,0.7077339528338071,0.0008177602442824838,13,False,"$S \cap \{1,2\} = \emptyset$"
"('$Z_{3}$', '$Z_{4}$')",2,0.7094808935980101,0.7045848928801284,-0.0048960007178817655,13,False,"$S \cap \{1,2\} = \emptyset$"
"('$Z_{3}$', '$Z_{5}$')",2,0.7082784903460497,0.6984424817128466,-0.009836008633203108,13,False,"$S \cap \{1,2\} = \emptyset$"
"('$Z_{3}$', '$Z_{6}$')",2,0.7146434593477946,0.696891862165578,-0.01775159718221664,13,False,"$S \cap \{1,2\} = \emptyset$"
"('$Z_{4}$', '$Z_{5}$')",2,0.7078170000835649,0.6999336618835067,-0.007883338200058154,13,False,"$S \cap \{1,2\} = \emptyset$"
"('$Z_{4}$', '$Z_{6}$')",2,0.7146258919625449,0.7088599374814851,-0.005765954481059765,13,False,"$S \cap \{1,2\} = \emptyset$"
"('$Z_{5}$', '$Z_{6}$')",2,0.7114751448867016,0.7035236683562955,-0.007951476530406065,13,False,"$S \cap \{1,2\} = \emptyset$"
"('$X_1$', '$X_2$', '$Z_{1}$')",3,0.16050290302684475,0.7053310441307754,0.5448281411039306,13,True,"$S \supseteq \{1,2\}$"
"('$X_1$', '$X_2$', '$Z_{2}$')",3,0.16403222672488516,0.7032776114123774,0.5392453846874923,13,True,"$S \supseteq \{1,2\}$"
"('$X_1$', '$X_2$', '$Z_{3}$')",3,0.1596234702139022,0.7043734377057301,0.5447499674918279,13,True,"$S \supseteq \{1,2\}$"
"('$X_1$', '$X_2$', '$Z_{4}$')",3,0.16901591555637588,0.7024712407077065,0.5334553251513307,13,True,"$S \supseteq \{1,2\}$"
"('$X_1$', '$X_2$', '$Z_{5}$')",3,0.15731620118372985,0.7012444325263059,0.543928231342576,13,True,"$S \supseteq \{1,2\}$"
"('$X_1$', '$X_2$', '$Z_{6}$')",3,0.17522922565391513,0.704900859147588,0.5296716334936729,13,True,"$S \supseteq \{1,2\}$"
"('$X_1$', '$Z_{1}$', '$Z_{2}$')",3,0.7013273029471693,0.6970673682396532,-0.0042599347075160665,13,True,"$|S \cap \{1,2\}| = 1$"
"('$X_1$', '$Z_{1}$', '$Z_{3}$')",3,0.7055597688586572,0.7016750674226447,-0.0038847014360124943,13,True,"$|S \cap \{1,2\}| = 1$"
"('$X_1$', '$Z_{1}$', '$Z_{4}$')",3,0.7032268322143632,0.7030817588993766,-0.00014507331498658793,13,True,"$|S \cap \{1,2\}| = 1$"
"('$X_1$', '$Z_{1}$', '$Z_{5}$')",3,0.7030475427532088,0.7077375621589895,0.004690019405780732,13,True,"$|S \cap \{1,2\}| = 1$"
"('$X_1$', '$Z_{1}$', '$Z_{6}$')",3,0.7032933647805605,0.7026959970188986,-0.00059736776166186,13,True,"$|S \cap \{1,2\}| = 1$"
"('$X_1$', '$Z_{2}$', '$Z_{3}$')",3,0.7057991637339478,0.702470784146795,-0.003328379587152819,13,True,"$|S \cap \{1,2\}| = 1$"
"('$X_1$', '$Z_{2}$', '$Z_{4}$')",3,0.7033347790423129,0.6977400933017889,-0.005594685740524019,13,True,"$|S \cap \{1,2\}| = 1$"
"('$X_1$', '$Z_{2}$', '$Z_{5}$')",3,0.7042884438866338,0.7053808138975228,0.001092370010889021,13,True,"$|S \cap \{1,2\}| = 1$"
"('$X_1$', '$Z_{2}$', '$Z_{6}$')",3,0.707879558424135,0.7018166151965243,-0.006062943227610695,13,True,"$|S \cap \{1,2\}| = 1$"
"('$X_1$', '$Z_{3}$', '$Z_{4}$')",3,0.7040255067135721,0.7070911628403332,0.0030656561267611293,13,True,"$|S \cap \{1,2\}| = 1$"
"('$X_1$', '$Z_{3}$', '$Z_{5}$')",3,0.7057575286622426,0.7063334480139809,0.0005759193517382855,13,True,"$|S \cap \{1,2\}| = 1$"
"('$X_1$', '$Z_{3}$', '$Z_{6}$')",3,0.7080757272752408,0.705541077509107,-0.002534649766133823,13,True,"$|S \cap \{1,2\}| = 1$"
"('$X_1$', '$Z_{4}$', '$Z_{5}$')",3,0.7042989829637981,0.7023308724493923,-0.0019681105144058186,13,True,"$|S \cap \{1,2\}| = 1$"
"('$X_1$', '$Z_{4}$', '$Z_{6}$')",3,0.7083177542966109,0.7042928945950448,-0.004024859701566075,13,True,"$|S \cap \{1,2\}| = 1$"
"('$X_1$', '$Z_{5}$', '$Z_{6}$')",3,0.7036362609842178,0.6984958198858798,-0.005140441098338,13,True,"$|S \cap \{1,2\}| = 1$"
"('$X_2$', '$Z_{1}$', '$Z_{2}$')",3,0.70223150356051,0.6995840170659889,-0.0026474864945210674,13,True,"$|S \cap \{1,2\}| = 1$"
"('$X_2$', '$Z_{1}$', '$Z_{3}$')",3,0.70438755232835,0.7011214876229686,-0.0032660647053814884,13,True,"$|S \cap \{1,2\}| = 1$"
"('$X_2$', '$Z_{1}$', '$Z_{4}$')",3,0.7038296168357469,0.7039939893563539,0.00016437252060708119,13,True,"$|S \cap \{1,2\}| = 1$"
"('$X_2$', '$Z_{1}$', '$Z_{5}$')",3,0.705394999554128,0.7065206601460076,0.0011256605918795737,13,True,"$|S \cap \{1,2\}| = 1$"
"('$X_2$', '$Z_{1}$', '$Z_{6}$')",3,0.7091902168778461,0.7038155127065449,-0.005374704171301259,13,True,"$|S \cap \{1,2\}| = 1$"
"('$X_2$', '$Z_{2}$', '$Z_{3}$')",3,0.7024637832367974,0.7074554324804574,0.0049916492436600235,13,True,"$|S \cap \{1,2\}| = 1$"
"('$X_2$', '$Z_{2}$', '$Z_{4}$')",3,0.7025807057650556,0.7031855651268286,0.0006048593617730136,13,True,"$|S \cap \{1,2\}| = 1$"
"('$X_2$', '$Z_{2}$', '$Z_{5}$')",3,0.7035601950609232,0.6967454141452627,-0.006814780915660457,13,True,"$|S \cap \{1,2\}| = 1$"
"('$X_2$', '$Z_{2}$', '$Z_{6}$')",3,0.7054859444768251,0.7116718080930647,0.0061858636162396285,13,True,"$|S \cap \{1,2\}| = 1$"
"('$X_2$', '$Z_{3}$', '$Z_{4}$')",3,0.7016929255143824,0.7017158512699848,2.2925755602365427e-05,13,True,"$|S \cap \{1,2\}| = 1$"
"('$X_2$', '$Z_{3}$', '$Z_{5}$')",3,0.703448715103279,0.7028539504892048,-0.0005947646140741503,13,True,"$|S \cap \{1,2\}| = 1$"
"('$X_2$', '$Z_{3}$', '$Z_{6}$')",3,0.7066750567190906,0.7037202288069766,-0.0029548279121139887,13,True,"$|S \cap \{1,2\}| = 1$"
"('$X_2$', '$Z_{4}$', '$Z_{5}$')",3,0.7028571378422112,0.6974375019087292,-0.005419635933481937,13,True,"$|S \cap \{1,2\}| = 1$"
"('$X_2$', '$Z_{4}$', '$Z_{6}$')",3,0.7085433728625826,0.6989862865684456,-0.009557086294136985,13,True,"$|S \cap \{1,2\}| = 1$"
"('$X_2$', '$Z_{5}$', '$Z_{6}$')",3,0.7089644782004616,0.7006943986564065,-0.00827007954405512,13,True,"$|S \cap \{1,2\}| = 1$"
"('$Z_{1}$', '$Z_{2}$', '$Z_{3}$')",3,0.7059651928390569,0.6976130105823483,-0.00835218225670864,13,False,"$S \cap \{1,2\} = \emptyset$"
"('$Z_{1}$', '$Z_{2}$', '$Z_{4}$')",3,0.6998894046109673,0.6988152298375594,-0.0010741747734078766,13,False,"$S \cap \{1,2\} = \emptyset$"
"('$Z_{1}$', '$Z_{2}$', '$Z_{5}$')",3,0.7031757914757772,0.6967515133013839,-0.006424278174393394,13,False,"$S \cap \{1,2\} = \emptyset$"
"('$Z_{1}$', '$Z_{2}$', '$Z_{6}$')",3,0.7040449020334241,0.702805341409814,-0.001239560623610081,13,False,"$S \cap \{1,2\} = \emptyset$"
"('$Z_{1}$', '$Z_{3}$', '$Z_{4}$')",3,0.7064030314016554,0.7011901412046321,-0.005212890197023312,13,False,"$S \cap \{1,2\} = \emptyset$"
"('$Z_{1}$', '$Z_{3}$', '$Z_{5}$')",3,0.7058839855346937,0.7005365036162349,-0.005347481918458796,13,False,"$S \cap \{1,2\} = \emptyset$"
"('$Z_{1}$', '$Z_{3}$', '$Z_{6}$')",3,0.709887902876509,0.7016539925949178,-0.008233910281591261,13,False,"$S \cap \{1,2\} = \emptyset$"
"('$Z_{1}$', '$Z_{4}$', '$Z_{5}$')",3,0.7022636962201269,0.7026423478840514,0.0003786516639245896,13,False,"$S \cap \{1,2\} = \emptyset$"
"('$Z_{1}$', '$Z_{4}$', '$Z_{6}$')",3,0.7053703870770484,0.7000687067495871,-0.005301680327461256,13,False,"$S \cap \{1,2\} = \emptyset$"
"('$Z_{1}$', '$Z_{5}$', '$Z_{6}$')",3,0.7044960434418404,0.701069005098387,-0.0034270383434533702,13,False,"$S \cap \{1,2\} = \emptyset$"
"('$Z_{2}$', '$Z_{3}$', '$Z_{4}$')",3,0.701762491525533,0.7023205773341687,0.0005580858086356999,13,False,"$S \cap \{1,2\} = \emptyset$"
"('$Z_{2}$', '$Z_{3}$', '$Z_{5}$')",3,0.7064661706901397,0.705627648918161,-0.0008385217719787397,13,False,"$S \cap \{1,2\} = \emptyset$"
"('$Z_{2}$', '$Z_{3}$', '$Z_{6}$')",3,0.7075029916431456,0.7017661827787351,-0.005736808864410414,13,False,"$S \cap \{1,2\} = \emptyset$"
"('$Z_{2}$', '$Z_{4}$', '$Z_{5}$')",3,0.7007188277620162,0.707064568747804,0.006345740985787773,13,False,"$S \cap \{1,2\} = \emptyset$"
"('$Z_{2}$', '$Z_{4}$', '$Z_{6}$')",3,0.7064927049724252,0.7035926878605436,-0.002900017111881592,13,False,"$S \cap \{1,2\} = \emptyset$"
"('$Z_{2}$', '$Z_{5}$', '$Z_{6}$')",3,0.7074400646099607,0.710781987730387,0.00334192312042636,13,False,"$S \cap \{1,2\} = \emptyset$"
"('$Z_{3}$', '$Z_{4}$', '$Z_{5}$')",3,0.7049803624052579,0.6994867874975693,-0.0054935749076885365,13,False,"$S \cap \{1,2\} = \emptyset$"
"('$Z_{3}$', '$Z_{4}$', '$Z_{6}$')",3,0.7096718249425508,0.6986017266758223,-0.011070098266728445,13,False,"$S \cap \{1,2\} = \emptyset$"
"('$Z_{3}$', '$Z_{5}$', '$Z_{6}$')",3,0.708961329302301,0.7036997296996633,-0.005261599602637723,13,False,"$S \cap \{1,2\} = \emptyset$"
"('$Z_{4}$', '$Z_{5}$', '$Z_{6}$')",3,0.708998494669787,0.700938664458278,-0.008059830211509023,13,False,"$S \cap \{1,2\} = \emptyset$"
"('$X_1$', '$X_2$')",2,0.04744783167145702,0.7062045946174594,0.6587567629460024,14,True,"$S \supseteq \{1,2\}$"
"('$X_1$', '$Z_{1}$')",2,0.7038257380634049,0.7124550186429087,0.00862928057950385,14,True,"$|S \cap \{1,2\}| = 1$"
"('$X_1$', '$Z_{2}$')",2,0.7061250400075905,0.7099253128997614,0.003800272892170886,14,True,"$|S \cap \{1,2\}| = 1$"
"('$X_1$', '$Z_{3}$')",2,0.7004697571158612,0.6954174428981311,-0.005052314217730114,14,True,"$|S \cap \{1,2\}| = 1$"
"('$X_1$', '$Z_{4}$')",2,0.7004161395093895,0.7144010628694709,0.013984923360081392,14,True,"$|S \cap \{1,2\}| = 1$"
"('$X_1$', '$Z_{5}$')",2,0.7022147193216801,0.7013705680198146,-0.0008441513018655478,14,True,"$|S \cap \{1,2\}| = 1$"
"('$X_1$', '$Z_{6}$')",2,0.6985310266999812,0.7042443674042482,0.005713340704266989,14,True,"$|S \cap \{1,2\}| = 1$"
"('$X_2$', '$Z_{1}$')",2,0.7116199035147336,0.709431493542045,-0.002188409972688543,14,True,"$|S \cap \{1,2\}| = 1$"
"('$X_2$', '$Z_{2}$')",2,0.7093129466531228,0.7098445734207549,0.0005316267676320763,14,True,"$|S \cap \{1,2\}| = 1$"
"('$X_2$', '$Z_{3}$')",2,0.7062782517404091,0.7053062819510035,-0.0009719697894056134,14,True,"$|S \cap \{1,2\}| = 1$"
"('$X_2$', '$Z_{4}$')",2,0.7055715230510773,0.7089730101424336,0.0034014870913563477,14,True,"$|S \cap \{1,2\}| = 1$"
"('$X_2$', '$Z_{5}$')",2,0.7142455894381433,0.7010635110017278,-0.0131820784364155,14,True,"$|S \cap \{1,2\}| = 1$"
"('$X_2$', '$Z_{6}$')",2,0.7063643002672088,0.7160128205562204,0.009648520289011642,14,True,"$|S \cap \{1,2\}| = 1$"
"('$Z_{1}$', '$Z_{2}$')",2,0.7133519473940575,0.7044370128825581,-0.008914934511499384,14,False,"$S \cap \{1,2\} = \emptyset$"
"('$Z_{1}$', '$Z_{3}$')",2,0.7078642311851834,0.7056144795730431,-0.0022497516121402494,14,False,"$S \cap \{1,2\} = \emptyset$"
"('$Z_{1}$', '$Z_{4}$')",2,0.7094740354410537,0.7054208913212601,-0.004053144119793628,14,False,"$S \cap \{1,2\} = \emptyset$"
"('$Z_{1}$', '$Z_{5}$')",2,0.7075274796776737,0.7067036512943284,-0.0008238283833452709,14,False,"$S \cap \{1,2\} = \emptyset$"
"('$Z_{1}$', '$Z_{6}$')",2,0.7085710774149274,0.709824049133942,0.0012529717190146172,14,False,"$S \cap \{1,2\} = \emptyset$"
"('$Z_{2}$', '$Z_{3}$')",2,0.7090268820200929,0.7093387449158479,0.0003118628957550218,14,False,"$S \cap \{1,2\} = \emptyset$"
"('$Z_{2}$', '$Z_{4}$')",2,0.7029650705221574,0.7030035045083032,3.843398614578053e-05,14,False,"$S \cap \{1,2\} = \emptyset$"
"('$Z_{2}$', '$Z_{5}$')",2,0.7098774644345022,0.7105498786670585,0.0006724142325563731,14,False,"$S \cap \{1,2\} = \emptyset$"
"('$Z_{2}$', '$Z_{6}$')",2,0.7068191545825503,0.7029924548572458,-0.003826699725304472,14,False,"$S \cap \{1,2\} = \emptyset$"
"('$Z_{3}$', '$Z_{4}$')",2,0.7061037838715402,0.7106473280632206,0.00454354419168046,14,False,"$S \cap \{1,2\} = \emptyset$"
"('$Z_{3}$', '$Z_{5}$')",2,0.7052364946352004,0.7010380167530235,-0.004198477882176976,14,False,"$S \cap \{1,2\} = \emptyset$"
"('$Z_{3}$', '$Z_{6}$')",2,0.7054561717856446,0.711312479641088,0.005856307855443443,14,False,"$S \cap \{1,2\} = \emptyset$"
"('$Z_{4}$', '$Z_{5}$')",2,0.7073974597323086,0.7018695646145464,-0.005527895117762194,14,False,"$S \cap \{1,2\} = \emptyset$"
"('$Z_{4}$', '$Z_{6}$')",2,0.7083802391114835,0.7086912627453481,0.0003110236338645933,14,False,"$S \cap \{1,2\} = \emptyset$"
"('$Z_{5}$', '$Z_{6}$')",2,0.7081606582191035,0.7052019131559961,-0.0029587450631073375,14,False,"$S \cap \{1,2\} = \emptyset$"
"('$X_1$', '$X_2$', '$Z_{1}$')",3,0.1798738268030635,0.7053742007449342,0.5255003739418707,14,True,"$S \supseteq \{1,2\}$"
"('$X_1$', '$X_2$', '$Z_{2}$')",3,0.19131226686180966,0.7040920779410899,0.5127798110792802,14,True,"$S \supseteq \{1,2\}$"
"('$X_1$', '$X_2$', '$Z_{3}$')",3,0.17588770585155655,0.7042364554142587,0.5283487495627022,14,True,"$S \supseteq \{1,2\}$"
"('$X_1$', '$X_2$', '$Z_{4}$')",3,0.18072959713980222,0.7024003354972119,0.5216707383574097,14,True,"$S \supseteq \{1,2\}$"
"('$X_1$', '$X_2$', '$Z_{5}$')",3,0.18468994497257188,0.6998801322320201,0.5151901872594482,14,True,"$S \supseteq \{1,2\}$"
"('$X_1$', '$X_2$', '$Z_{6}$')",3,0.18886021686769555,0.7060945747025374,0.517234357834842,14,True,"$S \supseteq \{1,2\}$"
"('$X_1$', '$Z_{1}$', '$Z_{2}$')",3,0.7057737623105104,0.6948612521612242,-0.010912510149286181,14,True,"$|S \cap \{1,2\}| = 1$"
"('$X_1$', '$Z_{1}$', '$Z_{3}$')",3,0.7025155007851386,0.7023531123849482,-0.00016238840019033862,14,True,"$|S \cap \{1,2\}| = 1$"
"('$X_1$', '$Z_{1}$', '$Z_{4}$')",3,0.7013732490280681,0.7088704327593451,0.007497183731277057,14,True,"$|S \cap \{1,2\}| = 1$"
"('$X_1$', '$Z_{1}$', '$Z_{5}$')",3,0.7009038777853371,0.7097225611442431,0.00881868335890601,14,True,"$|S \cap \{1,2\}| = 1$"
"('$X_1$', '$Z_{1}$', '$Z_{6}$')",3,0.6993455647184558,0.6903029187418919,-0.009042645976563901,14,True,"$|S \cap \{1,2\}| = 1$"
"('$X_1$', '$Z_{2}$', '$Z_{3}$')",3,0.7026933495579624,0.7059853849230726,0.0032920353651102463,14,True,"$|S \cap \{1,2\}| = 1$"
"('$X_1$', '$Z_{2}$', '$Z_{4}$')",3,0.7036876867758328,0.7018150130878252,-0.0018726736880075867,14,True,"$|S \cap \{1,2\}| = 1$"
"('$X_1$', '$Z_{2}$', '$Z_{5}$')",3,0.7043975660882231,0.7040536378700941,-0.0003439282181290082,14,True,"$|S \cap \{1,2\}| = 1$"
"('$X_1$', '$Z_{2}$', '$Z_{6}$')",3,0.6997234086379888,0.7018221863452618,0.0020987777072730696,14,True,"$|S \cap \{1,2\}| = 1$"
"('$X_1$', '$Z_{3}$', '$Z_{4}$')",3,0.7006268205857643,0.7006097337451356,-1.708684062873278e-05,14,True,"$|S \cap \{1,2\}| = 1$"
"('$X_1$', '$Z_{3}$', '$Z_{5}$')",3,0.6982614367462071,0.7058134517986349,0.007552015052427752,14,True,"$|S \cap \{1,2\}| = 1$"
"('$X_1$', '$Z_{3}$', '$Z_{6}$')",3,0.6972398430551753,0.7011424249204546,0.0039025818652793642,14,True,"$|S \cap \{1,2\}| = 1$"
"('$X_1$', '$Z_{4}$', '$Z_{5}$')",3,0.6956159796580849,0.7049452694286059,0.009329289770521054,14,True,"$|S \cap \{1,2\}| = 1$"
"('$X_1$', '$Z_{4}$', '$Z_{6}$')",3,0.6993683903259621,0.7038588599910798,0.00449046966511768,14,True,"$|S \cap \{1,2\}| = 1$"
"('$X_1$', '$Z_{5}$', '$Z_{6}$')",3,0.700077271672969,0.6974014971007636,-0.0026757745722053583,14,True,"$|S \cap \{1,2\}| = 1$"
"('$X_2$', '$Z_{1}$', '$Z_{2}$')",3,0.7063098781929398,0.7046084070416371,-0.0017014711513027025,14,True,"$|S \cap \{1,2\}| = 1$"
"('$X_2$', '$Z_{1}$', '$Z_{3}$')",3,0.7036364556967186,0.7012198253547048,-0.0024166303420137814,14,True,"$|S \cap \{1,2\}| = 1$"
"('$X_2$', '$Z_{1}$', '$Z_{4}$')",3,0.7042537327579589,0.70320019157097,-0.00105354118698886,14,True,"$|S \cap \{1,2\}| = 1$"
"('$X_2$', '$Z_{1}$', '$Z_{5}$')",3,0.7070064881854621,0.6944775244441114,-0.012528963741350707,14,True,"$|S \cap \{1,2\}| = 1$"
"('$X_2$', '$Z_{1}$', '$Z_{6}$')",3,0.7006641571521111,0.7048347290757936,0.004170571923682531,14,True,"$|S \cap \{1,2\}| = 1$"
"('$X_2$', '$Z_{2}$', '$Z_{3}$')",3,0.703177125624494,0.7033776355510553,0.00020050992656128752,14,True,"$|S \cap \{1,2\}| = 1$"
"('$X_2$', '$Z_{2}$', '$Z_{4}$')",3,0.7023045363287128,0.7061083695710297,0.003803833242316923,14,True,"$|S \cap \{1,2\}| = 1$"
"('$X_2$', '$Z_{2}$', '$Z_{5}$')",3,0.7072917082470535,0.7054334002910757,-0.001858307955977745,14,True,"$|S \cap \{1,2\}| = 1$"
"('$X_2$', '$Z_{2}$', '$Z_{6}$')",3,0.7051409303364329,0.7039867049519756,-0.001154225384457308,14,True,"$|S \cap \{1,2\}| = 1$"
"('$X_2$', '$Z_{3}$', '$Z_{4}$')",3,0.6990272510512032,0.7022014136331323,0.003174162581929041,14,True,"$|S \cap \{1,2\}| = 1$"
"('$X_2$', '$Z_{3}$', '$Z_{5}$')",3,0.704403812046164,0.7067702265153235,0.002366414469159528,14,True,"$|S \cap \{1,2\}| = 1$"
"('$X_2$', '$Z_{3}$', '$Z_{6}$')",3,0.7020776983291139,0.7051815708696548,0.0031038725405408973,14,True,"$|S \cap \{1,2\}| = 1$"
"('$X_2$', '$Z_{4}$', '$Z_{5}$')",3,0.7039353009622801,0.7032459275295037,-0.0006893734327764189,14,True,"$|S \cap \{1,2\}| = 1$"
"('$X_2$', '$Z_{4}$', '$Z_{6}$')",3,0.7032363580170201,0.7007344551281434,-0.0025019028888767503,14,True,"$|S \cap \{1,2\}| = 1$"
"('$X_2$', '$Z_{5}$', '$Z_{6}$')",3,0.706838608749137,0.7029897927920669,-0.0038488159570700953,14,True,"$|S \cap \{1,2\}| = 1$"
"('$Z_{1}$', '$Z_{2}$', '$Z_{3}$')",3,0.7078831003561399,0.7005377979297496,-0.00734530242639031,14,False,"$S \cap \{1,2\} = \emptyset$"
"('$Z_{1}$', '$Z_{2}$', '$Z_{4}$')",3,0.705607340435166,0.7056785408655795,7.120043041342061e-05,14,False,"$S \cap \{1,2\} = \emptyset$"
"('$Z_{1}$', '$Z_{2}$', '$Z_{5}$')",3,0.7043541417709536,0.7009725525521039,-0.0033815892188496788,14,False,"$S \cap \{1,2\} = \emptyset$"
"('$Z_{1}$', '$Z_{2}$', '$Z_{6}$')",3,0.701061746641419,0.6910504375678802,-0.010011309073538754,14,False,"$S \cap \{1,2\} = \emptyset$"
"('$Z_{1}$', '$Z_{3}$', '$Z_{4}$')",3,0.7058990469417047,0.7012255650823686,-0.004673481859336137,14,False,"$S \cap \{1,2\} = \emptyset$"
"('$Z_{1}$', '$Z_{3}$', '$Z_{5}$')",3,0.703771445062529,0.7019804148059964,-0.0017910302565325997,14,False,"$S \cap \{1,2\} = \emptyset$"
"('$Z_{1}$', '$Z_{3}$', '$Z_{6}$')",3,0.7019390750183095,0.7045092165578042,0.0025701415394946414,14,False,"$S \cap \{1,2\} = \emptyset$"
"('$Z_{1}$', '$Z_{4}$', '$Z_{5}$')",3,0.7029908898418078,0.6990650042659441,-0.003925885575863708,14,False,"$S \cap \{1,2\} = \emptyset$"
"('$Z_{1}$', '$Z_{4}$', '$Z_{6}$')",3,0.7051763746657939,0.7067276950137248,0.001551320347930929,14,False,"$S \cap \{1,2\} = \emptyset$"
"('$Z_{1}$', '$Z_{5}$', '$Z_{6}$')",3,0.7019131929474862,0.7016819788391379,-0.00023121410834836542,14,False,"$S \cap \{1,2\} = \emptyset$"
"('$Z_{2}$', '$Z_{3}$', '$Z_{4}$')",3,0.7049698323459943,0.7041502106470539,-0.0008196216989404537,14,False,"$S \cap \{1,2\} = \emptyset$"
"('$Z_{2}$', '$Z_{3}$', '$Z_{5}$')",3,0.7012141315994982,0.7033293293634467,0.0021151977639485287,14,False,"$S \cap \{1,2\} = \emptyset$"
"('$Z_{2}$', '$Z_{3}$', '$Z_{6}$')",3,0.7018554753066535,0.6983153042626743,-0.00354017104397919,14,False,"$S \cap \{1,2\} = \emptyset$"
"('$Z_{2}$', '$Z_{4}$', '$Z_{5}$')",3,0.7035409562966156,0.7020557854593666,-0.0014851708372489725,14,False,"$S \cap \{1,2\} = \emptyset$"
"('$Z_{2}$', '$Z_{4}$', '$Z_{6}$')",3,0.703542326020305,0.69996494582746,-0.0035773801928449256,14,False,"$S \cap \{1,2\} = \emptyset$"
"('$Z_{2}$', '$Z_{5}$', '$Z_{6}$')",3,0.7049303638163034,0.6989272776076703,-0.006003086208633102,14,False,"$S \cap \{1,2\} = \emptyset$"
"('$Z_{3}$', '$Z_{4}$', '$Z_{5}$')",3,0.70116618916304,0.7007716526205909,-0.000394536542449031,14,False,"$S \cap \{1,2\} = \emptyset$"
"('$Z_{3}$', '$Z_{4}$', '$Z_{6}$')",3,0.7049842664002994,0.7038081142371229,-0.0011761521631765692,14,False,"$S \cap \{1,2\} = \emptyset$"
"('$Z_{3}$', '$Z_{5}$', '$Z_{6}$')",3,0.7031672067309443,0.699201772925954,-0.00396543380499037,14,False,"$S \cap \{1,2\} = \emptyset$"
"('$Z_{4}$', '$Z_{5}$', '$Z_{6}$')",3,0.7040022917523511,0.7028154657071677,-0.0011868260451833867,14,False,"$S \cap \{1,2\} = \emptyset$"
"('$X_1$', '$X_2$')",2,0.059927208937847413,0.7032113419737852,0.6432841330359378,15,True,"$S \supseteq \{1,2\}$"
"('$X_1$', '$Z_{1}$')",2,0.7043834958890104,0.7114306880699341,0.007047192180923756,15,True,"$|S \cap \{1,2\}| = 1$"
"('$X_1$', '$Z_{2}$')",2,0.7113763407674776,0.7101966454436647,-0.0011796953238129015,15,True,"$|S \cap \{1,2\}| = 1$"
"('$X_1$', '$Z_{3}$')",2,0.7079367203994582,0.7077009059082492,-0.00023581449120901876,15,True,"$|S \cap \{1,2\}| = 1$"
"('$X_1$', '$Z_{4}$')",2,0.7097849359698607,0.7015602131408525,-0.008224722829008213,15,True,"$|S \cap \{1,2\}| = 1$"
"('$X_1$', '$Z_{5}$')",2,0.7037561213355582,0.7042383128546837,0.00048219151912554103,15,True,"$|S \cap \{1,2\}| = 1$"
"('$X_1$', '$Z_{6}$')",2,0.7114067224149514,0.7093884008119542,-0.0020183216029971973,15,True,"$|S \cap \{1,2\}| = 1$"
"('$X_2$', '$Z_{1}$')",2,0.7018945337430049,0.7030337207882642,0.0011391870452592823,15,True,"$|S \cap \{1,2\}| = 1$"
"('$X_2$', '$Z_{2}$')",2,0.6946972880979301,0.7062153988485647,0.01151811075063458,15,True,"$|S \cap \{1,2\}| = 1$"
"('$X_2$', '$Z_{3}$')",2,0.7056561089945015,0.7047748728712978,-0.000881236123203677,15,True,"$|S \cap \{1,2\}| = 1$"
"('$X_2$', '$Z_{4}$')",2,0.705283769470783,0.7017725523827889,-0.0035112170879940674,15,True,"$|S \cap \{1,2\}| = 1$"
"('$X_2$', '$Z_{5}$')",2,0.6999535876376634,0.7063465466673192,0.006392959029655865,15,True,"$|S \cap \{1,2\}| = 1$"
"('$X_2$', '$Z_{6}$')",2,0.7082052405906368,0.7106553983260687,0.0024501577354318904,15,True,"$|S \cap \{1,2\}| = 1$"
"('$Z_{1}$', '$Z_{2}$')",2,0.7050733377992076,0.7129391598485185,0.007865822049310967,15,False,"$S \cap \{1,2\} = \emptyset$"
"('$Z_{1}$', '$Z_{3}$')",2,0.7107059542779776,0.711553911963156,0.0008479576851784243,15,False,"$S \cap \{1,2\} = \emptyset$"
"('$Z_{1}$', '$Z_{4}$')",2,0.7130691785535026,0.7063273748942094,-0.006741803659293222,15,False,"$S \cap \{1,2\} = \emptyset$"
"('$Z_{1}$', '$Z_{5}$')",2,0.7004645532977225,0.7114375407760086,0.010972987478286123,15,False,"$S \cap \{1,2\} = \emptyset$"
"('$Z_{1}$', '$Z_{6}$')",2,0.7097597296275242,0.7070931252177091,-0.002666604409815143,15,False,"$S \cap \{1,2\} = \emptyset$"
"('$Z_{2}$', '$Z_{3}$')",2,0.7107891413202408,0.7121533080169435,0.0013641666967026955,15,False,"$S \cap \{1,2\} = \emptyset$"
"('$Z_{2}$', '$Z_{4}$')",2,0.7071438180439763,0.7014401318638529,-0.005703686180123402,15,False,"$S \cap \{1,2\} = \emptyset$"
"('$Z_{2}$', '$Z_{5}$')",2,0.7067953219417816,0.7080404481553446,0.001245126213562986,15,False,"$S \cap \{1,2\} = \emptyset$"
"('$Z_{2}$', '$Z_{6}$')",2,0.7086246531743638,0.7066947376030942,-0.001929915571269647,15,False,"$S \cap \{1,2\} = \emptyset$"
"('$Z_{3}$', '$Z_{4}$')",2,0.705032120052874,0.7079815854469478,0.0029494653940738136,15,False,"$S \cap \{1,2\} = \emptyset$"
"('$Z_{3}$', '$Z_{5}$')",2,0.7079849248120201,0.7062579485530125,-0.0017269762590076398,15,False,"$S \cap \{1,2\} = \emptyset$"
"('$Z_{3}$', '$Z_{6}$')",2,0.7170734163018657,0.704222852322405,-0.012850563979460716,15,False,"$S \cap \{1,2\} = \emptyset$"
"('$Z_{4}$', '$Z_{5}$')",2,0.7046277114944066,0.7045547633269821,-7.29481674245358e-05,15,False,"$S \cap \{1,2\} = \emptyset$"
"('$Z_{4}$', '$Z_{6}$')",2,0.7050592342681903,0.7057236295922572,0.0006643953240669243,15,False,"$S \cap \{1,2\} = \emptyset$"
"('$Z_{5}$', '$Z_{6}$')",2,0.7032052645873053,0.7096339959832164,0.006428731395911158,15,False,"$S \cap \{1,2\} = \emptyset$"
"('$X_1$', '$X_2$', '$Z_{1}$')",3,0.20674691100578496,0.7036442611453322,0.4968973501395472,15,True,"$S \supseteq \{1,2\}$"
"('$X_1$', '$X_2$', '$Z_{2}$')",3,0.2070289916298732,0.7108939301503688,0.5038649385204956,15,True,"$S \supseteq \{1,2\}$"
"('$X_1$', '$X_2$', '$Z_{3}$')",3,0.21391213171961682,0.7046453284691482,0.49073319674953136,15,True,"$S \supseteq \{1,2\}$"
"('$X_1$', '$X_2$', '$Z_{4}$')",3,0.20941096919860328,0.7044482731197004,0.4950373039210971,15,True,"$S \supseteq \{1,2\}$"
"('$X_1$', '$X_2$', '$Z_{5}$')",3,0.20373853726442664,0.7034032383969038,0.49966470113247713,15,True,"$S \supseteq \{1,2\}$"
"('$X_1$', '$X_2$', '$Z_{6}$')",3,0.19670613330557774,0.7004789608268605,0.5037728275212827,15,True,"$S \supseteq \{1,2\}$"
"('$X_1$', '$Z_{1}$', '$Z_{2}$')",3,0.7030639812159204,0.7019965119739736,-0.0010674692419467835,15,True,"$|S \cap \{1,2\}| = 1$"
"('$X_1$', '$Z_{1}$', '$Z_{3}$')",3,0.7052545335125149,0.7007976063378047,-0.004456927174710135,15,True,"$|S \cap \{1,2\}| = 1$"
"('$X_1$', '$Z_{1}$', '$Z_{4}$')",3,0.7044003238421702,0.704417338365612,1.70145234418273e-05,15,True,"$|S \cap \{1,2\}| = 1$"
"('$X_1$', '$Z_{1}$', '$Z_{5}$')",3,0.7009714973864996,0.7037667401487641,0.002795242762264505,15,True,"$|S \cap \{1,2\}| = 1$"
"('$X_1$', '$Z_{1}$', '$Z_{6}$')",3,0.7064189846942063,0.7035087550032308,-0.00291022969097543,15,True,"$|S \cap \{1,2\}| = 1$"
"('$X_1$', '$Z_{2}$', '$Z_{3}$')",3,0.7095773183018724,0.7050993969395076,-0.004477921362364801,15,True,"$|S \cap \{1,2\}| = 1$"
"('$X_1$', '$Z_{2}$', '$Z_{4}$')",3,0.7053972170614446,0.7030975468366862,-0.00229967022475841,15,True,"$|S \cap \{1,2\}| = 1$"
"('$X_1$', '$Z_{2}$', '$Z_{5}$')",3,0.7070133691627994,0.7001870708425535,-0.006826298320245949,15,True,"$|S \cap \{1,2\}| = 1$"
"('$X_1$', '$Z_{2}$', '$Z_{6}$')",3,0.7079546409354169,0.7044165655218607,-0.0035380754135562187,15,True,"$|S \cap \{1,2\}| = 1$"
"('$X_1$', '$Z_{3}$', '$Z_{4}$')",3,0.7031350328055578,0.7014915137856649,-0.0016435190198929028,15,True,"$|S \cap \{1,2\}| = 1$"
"('$X_1$', '$Z_{3}$', '$Z_{5}$')",3,0.7030152735892177,0.6958096349540531,-0.007205638635164546,15,True,"$|S \cap \{1,2\}| = 1$"
"('$X_1$', '$Z_{3}$', '$Z_{6}$')",3,0.7090000521435765,0.6989741794376362,-0.010025872705940353,15,True,"$|S \cap \{1,2\}| = 1$"
"('$X_1$', '$Z_{4}$', '$Z_{5}$')",3,0.7031577165304442,0.6981473371742082,-0.00501037935623605,15,True,"$|S \cap \{1,2\}| = 1$"
"('$X_1$', '$Z_{4}$', '$Z_{6}$')",3,0.7037141087579631,0.7032857413710805,-0.0004283673868826776,15,True,"$|S \cap \{1,2\}| = 1$"
"('$X_1$', '$Z_{5}$', '$Z_{6}$')",3,0.7028575349928698,0.7082984632721149,0.0054409282792450275,15,True,"$|S \cap \{1,2\}| = 1$"
"('$X_2$', '$Z_{1}$', '$Z_{2}$')",3,0.6960000690292479,0.7032642139941627,0.007264144964914787,15,True,"$|S \cap \{1,2\}| = 1$"
"('$X_2$', '$Z_{1}$', '$Z_{3}$')",3,0.7035470102584309,0.701537468558356,-0.002009541700074946,15,True,"$|S \cap \{1,2\}| = 1$"
"('$X_2$', '$Z_{1}$', '$Z_{4}$')",3,0.7042393231059588,0.7037791525725745,-0.0004601705333843187,15,True,"$|S \cap \{1,2\}| = 1$"
"('$X_2$', '$Z_{1}$', '$Z_{5}$')",3,0.6979616311809466,0.7032505488423569,0.005288917661410375,15,True,"$|S \cap \{1,2\}| = 1$"
"('$X_2$', '$Z_{1}$', '$Z_{6}$')",3,0.702160405207733,0.7056830012811947,0.0035225960734616146,15,True,"$|S \cap \{1,2\}| = 1$"
"('$X_2$', '$Z_{2}$', '$Z_{3}$')",3,0.6988518855302427,0.7050749774405356,0.0062230919102929105,15,True,"$|S \cap \{1,2\}| = 1$"
"('$X_2$', '$Z_{2}$', '$Z_{4}$')",3,0.6993216928550295,0.706339846872688,0.0070181540176584845,15,True,"$|S \cap \{1,2\}| = 1$"
"('$X_2$', '$Z_{2}$', '$Z_{5}$')",3,0.6960001031470294,0.7080358035189234,0.012035700371893943,15,True,"$|S \cap \{1,2\}| = 1$"
"('$X_2$', '$Z_{2}$', '$Z_{6}$')",3,0.697704010952717,0.7026040486516517,0.004900037698934767,15,True,"$|S \cap \{1,2\}| = 1$"
"('$X_2$', '$Z_{3}$', '$Z_{4}$')",3,0.6989714287612825,0.7030985022070732,0.004127073445790663,15,True,"$|S \cap \{1,2\}| = 1$"
"('$X_2$', '$Z_{3}$', '$Z_{5}$')",3,0.7007526841195316,0.7054695436010395,0.004716859481507907,15,True,"$|S \cap \{1,2\}| = 1$"
"('$X_2$', '$Z_{3}$', '$Z_{6}$')",3,0.7067214494985001,0.6969828403334954,-0.009738609165004686,15,True,"$|S \cap \{1,2\}| = 1$"
"('$X_2$', '$Z_{4}$', '$Z_{5}$')",3,0.6979626153871186,0.7002215274848017,0.002258912097683141,15,True,"$|S \cap \{1,2\}| = 1$"
"('$X_2$', '$Z_{4}$', '$Z_{6}$')",3,0.7023459463394987,0.704466722235346,0.00212077589584736,15,True,"$|S \cap \{1,2\}| = 1$"
"('$X_2$', '$Z_{5}$', '$Z_{6}$')",3,0.6997061098003967,0.7051112487104707,0.005405138910073992,15,True,"$|S \cap \{1,2\}| = 1$"
"('$Z_{1}$', '$Z_{2}$', '$Z_{3}$')",3,0.7074450219939695,0.7049682710486741,-0.002476750945295425,15,False,"$S \cap \{1,2\} = \emptyset$"
"('$Z_{1}$', '$Z_{2}$', '$Z_{4}$')",3,0.7040750062546608,0.709820755879794,0.00574574962513319,15,False,"$S \cap \{1,2\} = \emptyset$"
"('$Z_{1}$', '$Z_{2}$', '$Z_{5}$')",3,0.7013548003617179,0.7043661232935938,0.0030113229318758927,15,False,"$S \cap \{1,2\} = \emptyset$"
"('$Z_{1}$', '$Z_{2}$', '$Z_{6}$')",3,0.7029255083463606,0.7013349433784736,-0.0015905649678870093,15,False,"$S \cap \{1,2\} = \emptyset$"
"('$Z_{1}$', '$Z_{3}$', '$Z_{4}$')",3,0.7047631934754982,0.7036120817406266,-0.0011511117348715905,15,False,"$S \cap \{1,2\} = \emptyset$"
"('$Z_{1}$', '$Z_{3}$', '$Z_{5}$')",3,0.7032725077774922,0.7048706560124626,0.001598148234970398,15,False,"$S \cap \{1,2\} = \emptyset$"
"('$Z_{1}$', '$Z_{3}$', '$Z_{6}$')",3,0.7077134132216513,0.708543750213852,0.0008303369922006976,15,False,"$S \cap \{1,2\} = \emptyset$"
"('$Z_{1}$', '$Z_{4}$', '$Z_{5}$')",3,0.7047030599142513,0.7067869701085056,0.002083910194254246,15,False,"$S \cap \{1,2\} = \emptyset$"
"('$Z_{1}$', '$Z_{4}$', '$Z_{6}$')",3,0.706408338495108,0.7022865569178686,-0.004121781577239414,15,False,"$S \cap \{1,2\} = \emptyset$"
"('$Z_{1}$', '$Z_{5}$', '$Z_{6}$')",3,0.7020294420350649,0.7112975448368443,0.009268102801779365,15,False,"$S \cap \{1,2\} = \emptyset$"
"('$Z_{2}$', '$Z_{3}$', '$Z_{4}$')",3,0.7019799348400979,0.6987236760073544,-0.003256258832743497,15,False,"$S \cap \{1,2\} = \emptyset$"
"('$Z_{2}$', '$Z_{3}$', '$Z_{5}$')",3,0.704056171457278,0.7021472696177724,-0.001908901839505539,15,False,"$S \cap \{1,2\} = \emptyset$"
"('$Z_{2}$', '$Z_{3}$', '$Z_{6}$')",3,0.7079695372198628,0.6961449093913262,-0.01182462782853655,15,False,"$S \cap \{1,2\} = \emptyset$"
"('$Z_{2}$', '$Z_{4}$', '$Z_{5}$')",3,0.700284394284245,0.7027131016553835,0.0024287073711384277,15,False,"$S \cap \{1,2\} = \emptyset$"
"('$Z_{2}$', '$Z_{4}$', '$Z_{6}$')",3,0.699563713954301,0.7021998656398312,0.002636151685530219,15,False,"$S \cap \{1,2\} = \emptyset$"
"('$Z_{2}$', '$Z_{5}$', '$Z_{6}$')",3,0.6996370055613397,0.7087272268609366,0.009090221299596912,15,False,"$S \cap \{1,2\} = \emptyset$"
"('$Z_{3}$', '$Z_{4}$', '$Z_{5}$')",3,0.7011667210069029,0.6976184122689961,-0.0035483087379067912,15,False,"$S \cap \{1,2\} = \emptyset$"
"('$Z_{3}$', '$Z_{4}$', '$Z_{6}$')",3,0.7073446628496104,0.7028615703380237,-0.004483092511586739,15,False,"$S \cap \{1,2\} = \emptyset$"
"('$Z_{3}$', '$Z_{5}$', '$Z_{6}$')",3,0.7037297354889088,0.7107667708859811,0.007037035397072233,15,False,"$S \cap \{1,2\} = \emptyset$"
"('$Z_{4}$', '$Z_{5}$', '$Z_{6}$')",3,0.6975758627057919,0.7028405825937455,0.005264719887953628,15,False,"$S \cap \{1,2\} = \emptyset$"
"('$X_1$', '$X_2$')",2,0.05994340749327489,0.7114749088427185,0.6515315013494436,16,True,"$S \supseteq \{1,2\}$"
"('$X_1$', '$Z_{1}$')",2,0.7091878367266335,0.7056981301811889,-0.0034897065454446707,16,True,"$|S \cap \{1,2\}| = 1$"
"('$X_1$', '$Z_{2}$')",2,0.7101479234715259,0.7061790913201004,-0.0039688321514255165,16,True,"$|S \cap \{1,2\}| = 1$"
"('$X_1$', '$Z_{3}$')",2,0.7011897884484897,0.7133026295746333,0.012112841126143636,16,True,"$|S \cap \{1,2\}| = 1$"
"('$X_1$', '$Z_{4}$')",2,0.7072693247504833,0.7050571800433659,-0.0022121447071173916,16,True,"$|S \cap \{1,2\}| = 1$"
"('$X_1$', '$Z_{5}$')",2,0.7096819451530934,0.7089774397300118,-0.0007045054230815362,16,True,"$|S \cap \{1,2\}| = 1$"
"('$X_1$', '$Z_{6}$')",2,0.7109356282556423,0.7056855521162849,-0.005250076139357351,16,True,"$|S \cap \{1,2\}| = 1$"
"('$X_2$', '$Z_{1}$')",2,0.708854958861208,0.7057341710215393,-0.003120787839668626,16,True,"$|S \cap \{1,2\}| = 1$"
"('$X_2$', '$Z_{2}$')",2,0.7015726565747478,0.7092750428511634,0.007702386276415618,16,True,"$|S \cap \{1,2\}| = 1$"
"('$X_2$', '$Z_{3}$')",2,0.7043769230882033,0.7028582368050252,-0.0015186862831780834,16,True,"$|S \cap \{1,2\}| = 1$"
"('$X_2$', '$Z_{4}$')",2,0.7114526292521862,0.7044094750890791,-0.007043154163107079,16,True,"$|S \cap \{1,2\}| = 1$"
"('$X_2$', '$Z_{5}$')",2,0.7087156045048562,0.705092115603904,-0.0036234889009522098,16,True,"$|S \cap \{1,2\}| = 1$"
"('$X_2$', '$Z_{6}$')",2,0.710618096521875,0.7135440971033943,0.0029260005815192613,16,True,"$|S \cap \{1,2\}| = 1$"
"('$Z_{1}$', '$Z_{2}$')",2,0.7123578558290357,0.7087493335259266,-0.0036085223031090408,16,False,"$S \cap \{1,2\} = \emptyset$"
"('$Z_{1}$', '$Z_{3}$')",2,0.7087820838406198,0.7104191121179226,0.0016370282773028322,16,False,"$S \cap \{1,2\} = \emptyset$"
"('$Z_{1}$', '$Z_{4}$')",2,0.7073521718994296,0.7087956229564916,0.0014434510570620063,16,False,"$S \cap \{1,2\} = \emptyset$"
"('$Z_{1}$', '$Z_{5}$')",2,0.706649340793841,0.7092929225945529,0.0026435818007118916,16,False,"$S \cap \{1,2\} = \emptyset$"
"('$Z_{1}$', '$Z_{6}$')",2,0.7092310688763445,0.7063738326374239,-0.0028572362389205352,16,False,"$S \cap \{1,2\} = \emptyset$"
"('$Z_{2}$', '$Z_{3}$')",2,0.709647090149733,0.7063564613272535,-0.0032906288224795466,16,False,"$S \cap \{1,2\} = \emptyset$"
"('$Z_{2}$', '$Z_{4}$')",2,0.7134400000749301,0.7113015207167904,-0.002138479358139711,16,False,"$S \cap \{1,2\} = \emptyset$"
"('$Z_{2}$', '$Z_{5}$')",2,0.7079165547948598,0.702259488831547,-0.005657065963312835,16,False,"$S \cap \{1,2\} = \emptyset$"
"('$Z_{2}$', '$Z_{6}$')",2,0.7126569841124938,0.7154248389174949,0.00276785480500108,16,False,"$S \cap \{1,2\} = \emptyset$"
"('$Z_{3}$', '$Z_{4}$')",2,0.7125602574977741,0.7105420410898964,-0.002018216407877693,16,False,"$S \cap \{1,2\} = \emptyset$"
"('$Z_{3}$', '$Z_{5}$')",2,0.7106495464353069,0.7092937795378996,-0.00135576689740724,16,False,"$S \cap \{1,2\} = \emptyset$"
"('$Z_{3}$', '$Z_{6}$')",2,0.7127336379472977,0.7050948609919698,-0.007638776955327886,16,False,"$S \cap \{1,2\} = \emptyset$"
"('$Z_{4}$', '$Z_{5}$')",2,0.7104070019087679,0.7074781048415,-0.002928897067267955,16,False,"$S \cap \{1,2\} = \emptyset$"
"('$Z_{4}$', '$Z_{6}$')",2,0.7070740511270922,0.7093086014230735,0.002234550295981297,16,False,"$S \cap \{1,2\} = \emptyset$"
"('$Z_{5}$', '$Z_{6}$')",2,0.714394997989732,0.7041097084930653,-0.010285289496666739,16,False,"$S \cap \{1,2\} = \emptyset$"
"('$X_1$', '$X_2$', '$Z_{1}$')",3,0.20292850151728214,0.7101358881083247,0.5072073865910426,16,True,"$S \supseteq \{1,2\}$"
"('$X_1$', '$X_2$', '$Z_{2}$')",3,0.20286595173164612,0.7027981930972532,0.4999322413656071,16,True,"$S \supseteq \{1,2\}$"
"('$X_1$', '$X_2$', '$Z_{3}$')",3,0.20507684559293513,0.7005640437562811,0.49548719816334597,16,True,"$S \supseteq \{1,2\}$"
"('$X_1$', '$X_2$', '$Z_{4}$')",3,0.2103702122601081,0.703503868337161,0.49313365607705295,16,True,"$S \supseteq \{1,2\}$"
"('$X_1$', '$X_2$', '$Z_{5}$')",3,0.2189426475620737,0.7041580539159645,0.4852154063538908,16,True,"$S \supseteq \{1,2\}$"
"('$X_1$', '$X_2$', '$Z_{6}$')",3,0.20429144873327912,0.6950416597134128,0.4907502109801337,16,True,"$S \supseteq \{1,2\}$"
"('$X_1$', '$Z_{1}$', '$Z_{2}$')",3,0.7072496898105872,0.7014295070759139,-0.005820182734673329,16,True,"$|S \cap \{1,2\}| = 1$"
"('$X_1$', '$Z_{1}$', '$Z_{3}$')",3,0.7000750499578472,0.7070961536767973,0.00702110371895015,16,True,"$|S \cap \{1,2\}| = 1$"
"('$X_1$', '$Z_{1}$', '$Z_{4}$')",3,0.7020660779794604,0.7091100003907247,0.007043922411264281,16,True,"$|S \cap \{1,2\}| = 1$"
"('$X_1$', '$Z_{1}$', '$Z_{5}$')",3,0.704827683418271,0.7021915556519889,-0.0026361277662820815,16,True,"$|S \cap \{1,2\}| = 1$"
"('$X_1$', '$Z_{1}$', '$Z_{6}$')",3,0.7075692708327019,0.7031655975922398,-0.0044036732404620915,16,True,"$|S \cap \{1,2\}| = 1$"
"('$X_1$', '$Z_{2}$', '$Z_{3}$')",3,0.7008010688316508,0.7076391605605792,0.006838091728928353,16,True,"$|S \cap \{1,2\}| = 1$"
"('$X_1$', '$Z_{2}$', '$Z_{4}$')",3,0.706986659736606,0.705826649600921,-0.0011600101356850079,16,True,"$|S \cap \{1,2\}| = 1$"
"('$X_1$', '$Z_{2}$', '$Z_{5}$')",3,0.7066442954926229,0.7040388617940059,-0.002605433698616988,16,True,"$|S \cap \{1,2\}| = 1$"
"('$X_1$', '$Z_{2}$', '$Z_{6}$')",3,0.7117852881971889,0.7058008927193467,-0.0059843954778422415,16,True,"$|S \cap \{1,2\}| = 1$"
"('$X_1$', '$Z_{3}$', '$Z_{4}$')",3,0.7011422960864652,0.6973747948813902,-0.0037675012050749634,16,True,"$|S \cap \{1,2\}| = 1$"
"('$X_1$', '$Z_{3}$', '$Z_{5}$')",3,0.7040019289129598,0.709377317969984,0.005375389057024282,16,True,"$|S \cap \{1,2\}| = 1$"
"('$X_1$', '$Z_{3}$', '$Z_{6}$')",3,0.7061228930850769,0.7024251883866937,-0.003697704698383264,16,True,"$|S \cap \{1,2\}| = 1$"
"('$X_1$', '$Z_{4}$', '$Z_{5}$')",3,0.7048574224789667,0.6990965050479518,-0.0057609174310148115,16,True,"$|S \cap \{1,2\}| = 1$"
"('$X_1$', '$Z_{4}$', '$Z_{6}$')",3,0.7021176961932148,0.7043834272353213,0.002265731042106478,16,True,"$|S \cap \{1,2\}| = 1$"
"('$X_1$', '$Z_{5}$', '$Z_{6}$')",3,0.7119704468562724,0.7003800643960214,-0.011590382460251014,16,True,"$|S \cap \{1,2\}| = 1$"
"('$X_2$', '$Z_{1}$', '$Z_{2}$')",3,0.7039844231395156,0.7080579286614,0.004073505521884457,16,True,"$|S \cap \{1,2\}| = 1$"
"('$X_2$', '$Z_{1}$', '$Z_{3}$')",3,0.7033940478343398,0.7082293086220884,0.004835260787748652,16,True,"$|S \cap \{1,2\}| = 1$"
"('$X_2$', '$Z_{1}$', '$Z_{4}$')",3,0.7029673197121729,0.7073844325510462,0.0044171128388733605,16,True,"$|S \cap \{1,2\}| = 1$"
"('$X_2$', '$Z_{1}$', '$Z_{5}$')",3,0.7054182376884571,0.7024261851707256,-0.0029920525177314916,16,True,"$|S \cap \{1,2\}| = 1$"
"('$X_2$', '$Z_{1}$', '$Z_{6}$')",3,0.7062496164222862,0.7032307335236208,-0.003018882898665476,16,True,"$|S \cap \{1,2\}| = 1$"
"('$X_2$', '$Z_{2}$', '$Z_{3}$')",3,0.7013069624344994,0.6989574879528542,-0.0023494744816452418,16,True,"$|S \cap \{1,2\}| = 1$"
"('$X_2$', '$Z_{2}$', '$Z_{4}$')",3,0.7043351136345775,0.7003793601075023,-0.003955753527075112,16,True,"$|S \cap \{1,2\}| = 1$"
"('$X_2$', '$Z_{2}$', '$Z_{5}$')",3,0.7006121848049814,0.7055219465462258,0.004909761741244356,16,True,"$|S \cap \{1,2\}| = 1$"
"('$X_2$', '$Z_{2}$', '$Z_{6}$')",3,0.704191575215233,0.7038535886266651,-0.00033798658856787345,16,True,"$|S \cap \{1,2\}| = 1$"
"('$X_2$', '$Z_{3}$', '$Z_{4}$')",3,0.7065948596296006,0.7015509582306234,-0.005043901398977146,16,True,"$|S \cap \{1,2\}| = 1$"
"('$X_2$', '$Z_{3}$', '$Z_{5}$')",3,0.703022199920142,0.6946572137125191,-0.008364986207622938,16,True,"$|S \cap \{1,2\}| = 1$"
"('$X_2$', '$Z_{3}$', '$Z_{6}$')",3,0.7077180850775094,0.7055806933569378,-0.002137391720571591,16,True,"$|S \cap \{1,2\}| = 1$"
"('$X_2$', '$Z_{4}$', '$Z_{5}$')",3,0.7075577398176731,0.7032616470642853,-0.004296092753387826,16,True,"$|S \cap \{1,2\}| = 1$"
"('$X_2$', '$Z_{4}$', '$Z_{6}$')",3,0.7059255116541455,0.7028810639385472,-0.0030444477155983085,16,True,"$|S \cap \{1,2\}| = 1$"
"('$X_2$', '$Z_{5}$', '$Z_{6}$')",3,0.7099074029066211,0.7030720393645388,-0.006835363542082362,16,True,"$|S \cap \{1,2\}| = 1$"
"('$Z_{1}$', '$Z_{2}$', '$Z_{3}$')",3,0.7052483868042605,0.698163567367635,-0.0070848194366255335,16,False,"$S \cap \{1,2\} = \emptyset$"
"('$Z_{1}$', '$Z_{2}$', '$Z_{4}$')",3,0.7061143931299811,0.7007926099760764,-0.005321783153904747,16,False,"$S \cap \{1,2\} = \emptyset$"
"('$Z_{1}$', '$Z_{2}$', '$Z_{5}$')",3,0.7063003591598006,0.7096561663043833,0.003355807144582723,16,False,"$S \cap \{1,2\} = \emptyset$"
"('$Z_{1}$', '$Z_{2}$', '$Z_{6}$')",3,0.7101331467467369,0.7055587835410806,-0.0045743632056562955,16,False,"$S \cap \{1,2\} = \emptyset$"
"('$Z_{1}$', '$Z_{3}$', '$Z_{4}$')",3,0.7047727554206468,0.7035004222039661,-0.0012723332166806323,16,False,"$S \cap \{1,2\} = \emptyset$"
"('$Z_{1}$', '$Z_{3}$', '$Z_{5}$')",3,0.7033783895156225,0.6998496267299635,-0.0035287627856589454,16,False,"$S \cap \{1,2\} = \emptyset$"
"('$Z_{1}$', '$Z_{3}$', '$Z_{6}$')",3,0.707374398920606,0.7106197520309112,0.0032453531103051603,16,False,"$S \cap \{1,2\} = \emptyset$"
"('$Z_{1}$', '$Z_{4}$', '$Z_{5}$')",3,0.7033053864892724,0.7044619823456437,0.0011565958563712897,16,False,"$S \cap \{1,2\} = \emptyset$"
"('$Z_{1}$', '$Z_{4}$', '$Z_{6}$')",3,0.7066882342973104,0.6981867327989041,-0.008501501498406339,16,False,"$S \cap \{1,2\} = \emptyset$"
"('$Z_{1}$', '$Z_{5}$', '$Z_{6}$')",3,0.7062558164343744,0.7092065898801536,0.002950773445779209,16,False,"$S \cap \{1,2\} = \emptyset$"
"('$Z_{2}$', '$Z_{3}$', '$Z_{4}$')",3,0.7071915941071616,0.7075053914327757,0.0003137973256140958,16,False,"$S \cap \{1,2\} = \emptyset$"
"('$Z_{2}$', '$Z_{3}$', '$Z_{5}$')",3,0.7064370971793719,0.7076564095185961,0.0012193123392242322,16,False,"$S \cap \{1,2\} = \emptyset$"
"('$Z_{2}$', '$Z_{3}$', '$Z_{6}$')",3,0.7095948886340925,0.6971254491588311,-0.012469439475261357,16,False,"$S \cap \{1,2\} = \emptyset$"
"('$Z_{2}$', '$Z_{4}$', '$Z_{5}$')",3,0.7055064660657743,0.7003523229670984,-0.005154143098675901,16,False,"$S \cap \{1,2\} = \emptyset$"
"('$Z_{2}$', '$Z_{4}$', '$Z_{6}$')",3,0.7053733316451607,0.7039624358759218,-0.001410895769238918,16,False,"$S \cap \{1,2\} = \emptyset$"
"('$Z_{2}$', '$Z_{5}$', '$Z_{6}$')",3,0.7093535985211429,0.7025334083306725,-0.006820190190470421,16,False,"$S \cap \{1,2\} = \emptyset$"
"('$Z_{3}$', '$Z_{4}$', '$Z_{5}$')",3,0.7068147869344773,0.6979414010208518,-0.00887338591362552,16,False,"$S \cap \{1,2\} = \emptyset$"
"('$Z_{3}$', '$Z_{4}$', '$Z_{6}$')",3,0.7091918000573928,0.7004299208829621,-0.00876187917443072,16,False,"$S \cap \{1,2\} = \emptyset$"
"('$Z_{3}$', '$Z_{5}$', '$Z_{6}$')",3,0.7110623187475331,0.6967974985419899,-0.014264820205543205,16,False,"$S \cap \{1,2\} = \emptyset$"
"('$Z_{4}$', '$Z_{5}$', '$Z_{6}$')",3,0.7075646262291655,0.6993634014333658,-0.008201224795799655,16,False,"$S \cap \{1,2\} = \emptyset$"
"('$X_1$', '$X_2$')",2,0.049722930316140834,0.7086363332051023,0.6589134028889615,17,True,"$S \supseteq \{1,2\}$"
"('$X_1$', '$Z_{1}$')",2,0.7086609703811161,0.7078705059387148,-0.000790464442401273,17,True,"$|S \cap \{1,2\}| = 1$"
"('$X_1$', '$Z_{2}$')",2,0.7119894212312646,0.7058996909355464,-0.006089730295718243,17,True,"$|S \cap \{1,2\}| = 1$"
"('$X_1$', '$Z_{3}$')",2,0.705805186584584,0.7147297822837998,0.008924595699215776,17,True,"$|S \cap \{1,2\}| = 1$"
"('$X_1$', '$Z_{4}$')",2,0.7094778977388422,0.7146032555044753,0.005125357765633165,17,True,"$|S \cap \{1,2\}| = 1$"
"('$X_1$', '$Z_{5}$')",2,0.7148536463747335,0.7050976685969124,-0.009755977777821112,17,True,"$|S \cap \{1,2\}| = 1$"
"('$X_1$', '$Z_{6}$')",2,0.7100742470098167,0.6959924827464574,-0.014081764263359275,17,True,"$|S \cap \{1,2\}| = 1$"
"('$X_2$', '$Z_{1}$')",2,0.7105617011623012,0.7062588265788733,-0.004302874583427929,17,True,"$|S \cap \{1,2\}| = 1$"
"('$X_2$', '$Z_{2}$')",2,0.7067775735348805,0.7041412598897598,-0.002636313645120625,17,True,"$|S \cap \{1,2\}| = 1$"
"('$X_2$', '$Z_{3}$')",2,0.7023771085939702,0.7069802982695569,0.004603189675586705,17,True,"$|S \cap \{1,2\}| = 1$"
"('$X_2$', '$Z_{4}$')",2,0.7063185086134457,0.705897042735512,-0.00042146587793367996,17,True,"$|S \cap \{1,2\}| = 1$"
"('$X_2$', '$Z_{5}$')",2,0.7092247465329874,0.7095621460824668,0.0003373995494794224,17,True,"$|S \cap \{1,2\}| = 1$"
"('$X_2$', '$Z_{6}$')",2,0.7041284620018113,0.7041179196002283,-1.0542401583046868e-05,17,True,"$|S \cap \{1,2\}| = 1$"
"('$Z_{1}$', '$Z_{2}$')",2,0.7018488998456666,0.7037140752317288,0.0018651753860622344,17,False,"$S \cap \{1,2\} = \emptyset$"
"('$Z_{1}$', '$Z_{3}$')",2,0.7048953536776996,0.6980294602318463,-0.0068658934458533105,17,False,"$S \cap \{1,2\} = \emptyset$"
"('$Z_{1}$', '$Z_{4}$')",2,0.7088622384393531,0.7085013839963114,-0.0003608544430417915,17,False,"$S \cap \{1,2\} = \emptyset$"
"('$Z_{1}$', '$Z_{5}$')",2,0.7116700264063393,0.7069080353766667,-0.004761991029672563,17,False,"$S \cap \{1,2\} = \emptyset$"
"('$Z_{1}$', '$Z_{6}$')",2,0.7064939316785712,0.6997464405378692,-0.0067474911407020555,17,False,"$S \cap \{1,2\} = \emptyset$"
"('$Z_{2}$', '$Z_{3}$')",2,0.7066559714959467,0.7030530613753135,-0.003602910120633185,17,False,"$S \cap \{1,2\} = \emptyset$"
"('$Z_{2}$', '$Z_{4}$')",2,0.7039026908065582,0.7067574800002319,0.002854789193673657,17,False,"$S \cap \{1,2\} = \emptyset$"
"('$Z_{2}$', '$Z_{5}$')",2,0.7082289382195284,0.7090859853729329,0.000857047153404511,17,False,"$S \cap \{1,2\} = \emptyset$"
"('$Z_{2}$', '$Z_{6}$')",2,0.7132581077347925,0.705028396742844,-0.008229710991948469,17,False,"$S \cap \{1,2\} = \emptyset$"
"('$Z_{3}$', '$Z_{4}$')",2,0.7064593380527925,0.7094501362978547,0.0029907982450622095,17,False,"$S \cap \{1,2\} = \emptyset$"
"('$Z_{3}$', '$Z_{5}$')",2,0.7101548772824045,0.709640680757637,-0.000514196524767474,17,False,"$S \cap \{1,2\} = \emptyset$"
"('$Z_{3}$', '$Z_{6}$')",2,0.7052988250412273,0.709309997339862,0.00401117229863468,17,False,"$S \cap \{1,2\} = \emptyset$"
"('$Z_{4}$', '$Z_{5}$')",2,0.7103866803999213,0.7086090476627506,-0.0017776327371706868,17,False,"$S \cap \{1,2\} = \emptyset$"
"('$Z_{4}$', '$Z_{6}$')",2,0.7051237880117645,0.700754052223029,-0.0043697357887354515,17,False,"$S \cap \{1,2\} = \emptyset$"
"('$Z_{5}$', '$Z_{6}$')",2,0.7113599397077183,0.7088595287018945,-0.002500411005823766,17,False,"$S \cap \{1,2\} = \emptyset$"
"('$X_1$', '$X_2$', '$Z_{1}$')",3,0.16089536573819235,0.7051244669501577,0.5442291012119653,17,True,"$S \supseteq \{1,2\}$"
"('$X_1$', '$X_2$', '$Z_{2}$')",3,0.15499952300908676,0.7000518321065438,0.545052309097457,17,True,"$S \supseteq \{1,2\}$"
"('$X_1$', '$X_2$', '$Z_{3}$')",3,0.15874371327394868,0.7109517009918206,0.5522079877178719,17,True,"$S \supseteq \{1,2\}$"
"('$X_1$', '$X_2$', '$Z_{4}$')",3,0.15733263250038118,0.7042213660061015,0.5468887335057203,17,True,"$S \supseteq \{1,2\}$"
"('$X_1$', '$X_2$', '$Z_{5}$')",3,0.15730608376629088,0.7026699731743146,0.5453638894080237,17,True,"$S \supseteq \{1,2\}$"
"('$X_1$', '$X_2$', '$Z_{6}$')",3,0.17311543104369914,0.7048550833193155,0.5317396522756164,17,True,"$S \supseteq \{1,2\}$"
"('$X_1$', '$Z_{1}$', '$Z_{2}$')",3,0.7020804689691448,0.6956848496085286,-0.006395619360616167,17,True,"$|S \cap \{1,2\}| = 1$"
"('$X_1$', '$Z_{1}$', '$Z_{3}$')",3,0.7020185436869112,0.7097897882855493,0.007771244598638094,17,True,"$|S \cap \{1,2\}| = 1$"
"('$X_1$', '$Z_{1}$', '$Z_{4}$')",3,0.7051836274410319,0.6951756286751983,-0.010007998765833581,17,True,"$|S \cap \{1,2\}| = 1$"
"('$X_1$', '$Z_{1}$', '$Z_{5}$')",3,0.7089724599378304,0.7034886264765006,-0.005483833461329857,17,True,"$|S \cap \{1,2\}| = 1$"
"('$X_1$', '$Z_{1}$', '$Z_{6}$')",3,0.7066774574398519,0.7033361218270222,-0.0033413356128296767,17,True,"$|S \cap \{1,2\}| = 1$"
"('$X_1$', '$Z_{2}$', '$Z_{3}$')",3,0.704179641904139,0.7071624068296495,0.002982764925510528,17,True,"$|S \cap \{1,2\}| = 1$"
"('$X_1$', '$Z_{2}$', '$Z_{4}$')",3,0.7051325406801807,0.6993295577213459,-0.005802982958834857,17,True,"$|S \cap \{1,2\}| = 1$"
"('$X_1$', '$Z_{2}$', '$Z_{5}$')",3,0.7098151761886659,0.7036149335605398,-0.006200242628126018,17,True,"$|S \cap \{1,2\}| = 1$"
"('$X_1$', '$Z_{2}$', '$Z_{6}$')",3,0.7090970220389569,0.701328542473294,-0.007768479565662845,17,True,"$|S \cap \{1,2\}| = 1$"
"('$X_1$', '$Z_{3}$', '$Z_{4}$')",3,0.7046139642947021,0.7051354174376679,0.0005214531429658109,17,True,"$|S \cap \{1,2\}| = 1$"
"('$X_1$', '$Z_{3}$', '$Z_{5}$')",3,0.7085111820247715,0.7039626933652332,-0.0045484886595382745,17,True,"$|S \cap \{1,2\}| = 1$"
"('$X_1$', '$Z_{3}$', '$Z_{6}$')",3,0.7040210903093571,0.707512320962187,0.0034912306528298576,17,True,"$|S \cap \{1,2\}| = 1$"
"('$X_1$', '$Z_{4}$', '$Z_{5}$')",3,0.7088804733718707,0.7051043576669638,-0.0037761157049068794,17,True,"$|S \cap \{1,2\}| = 1$"
"('$X_1$', '$Z_{4}$', '$Z_{6}$')",3,0.7039709389957202,0.7061519373726458,0.002180998376925647,17,True,"$|S \cap \{1,2\}| = 1$"
"('$X_1$', '$Z_{5}$', '$Z_{6}$')",3,0.7096788783647303,0.6977912634231987,-0.011887614941531566,17,True,"$|S \cap \{1,2\}| = 1$"
"('$X_2$', '$Z_{1}$', '$Z_{2}$')",3,0.7065458778117649,0.7080976264513581,0.0015517486395931757,17,True,"$|S \cap \{1,2\}| = 1$"
"('$X_2$', '$Z_{1}$', '$Z_{3}$')",3,0.7044977947892208,0.7035814718847211,-0.0009163229044997223,17,True,"$|S \cap \{1,2\}| = 1$"
"('$X_2$', '$Z_{1}$', '$Z_{4}$')",3,0.7064379828111801,0.7054951516991691,-0.0009428311120109889,17,True,"$|S \cap \{1,2\}| = 1$"
"('$X_2$', '$Z_{1}$', '$Z_{5}$')",3,0.7084343229091037,0.7003917561803851,-0.008042566728718614,17,True,"$|S \cap \{1,2\}| = 1$"
"('$X_2$', '$Z_{1}$', '$Z_{6}$')",3,0.7079548212322675,0.7031716944872665,-0.004783126745001032,17,True,"$|S \cap \{1,2\}| = 1$"
"('$X_2$', '$Z_{2}$', '$Z_{3}$')",3,0.7043416189069146,0.7022746066993816,-0.0020670122075330255,17,True,"$|S \cap \{1,2\}| = 1$"
"('$X_2$', '$Z_{2}$', '$Z_{4}$')",3,0.7003267222049556,0.698996311564254,-0.001330410640701607,17,True,"$|S \cap \{1,2\}| = 1$"
"('$X_2$', '$Z_{2}$', '$Z_{5}$')",3,0.7049789601609734,0.7100811099392251,0.005102149778251741,17,True,"$|S \cap \{1,2\}| = 1$"
"('$X_2$', '$Z_{2}$', '$Z_{6}$')",3,0.7064983955000684,0.7045306105182894,-0.001967784981779075,17,True,"$|S \cap \{1,2\}| = 1$"
"('$X_2$', '$Z_{3}$', '$Z_{4}$')",3,0.702002944496917,0.700409497017809,-0.0015934474791080566,17,True,"$|S \cap \{1,2\}| = 1$"
"('$X_2$', '$Z_{3}$', '$Z_{5}$')",3,0.7041591771485018,0.7026055175411146,-0.0015536596073872921,17,True,"$|S \cap \{1,2\}| = 1$"
"('$X_2$', '$Z_{3}$', '$Z_{6}$')",3,0.702710247028146,0.6981605447456576,-0.00454970228248841,17,True,"$|S \cap \{1,2\}| = 1$"
"('$X_2$', '$Z_{4}$', '$Z_{5}$')",3,0.7043755928119331,0.7063453090046653,0.0019697161927322293,17,True,"$|S \cap \{1,2\}| = 1$"
"('$X_2$', '$Z_{4}$', '$Z_{6}$')",3,0.7030968245000585,0.7088034649385802,0.0057066404385216485,17,True,"$|S \cap \{1,2\}| = 1$"
"('$X_2$', '$Z_{5}$', '$Z_{6}$')",3,0.7054945408509695,0.6995451462678857,-0.005949394583083856,17,True,"$|S \cap \{1,2\}| = 1$"
"('$Z_{1}$', '$Z_{2}$', '$Z_{3}$')",3,0.7015679508365311,0.6997145559117212,-0.001853394924809959,17,False,"$S \cap \{1,2\} = \emptyset$"
"('$Z_{1}$', '$Z_{2}$', '$Z_{4}$')",3,0.6995935519776643,0.7084434889668412,0.00884993698917691,17,False,"$S \cap \{1,2\} = \emptyset$"
"('$Z_{1}$', '$Z_{2}$', '$Z_{5}$')",3,0.7041368056745096,0.7065679366322616,0.002431130957751937,17,False,"$S \cap \{1,2\} = \emptyset$"
"('$Z_{1}$', '$Z_{2}$', '$Z_{6}$')",3,0.7052669135092696,0.7040534297535697,-0.0012134837556999623,17,False,"$S \cap \{1,2\} = \emptyset$"
"('$Z_{1}$', '$Z_{3}$', '$Z_{4}$')",3,0.7033170812545295,0.7017473992644734,-0.0015696819900561376,17,False,"$S \cap \{1,2\} = \emptyset$"
"('$Z_{1}$', '$Z_{3}$', '$Z_{5}$')",3,0.7068599629329942,0.706061665552889,-0.000798297380105284,17,False,"$S \cap \{1,2\} = \emptyset$"
"('$Z_{1}$', '$Z_{3}$', '$Z_{6}$')",3,0.7047139348116049,0.7043144572948079,-0.00039947751679703103,17,False,"$S \cap \{1,2\} = \emptyset$"
"('$Z_{1}$', '$Z_{4}$', '$Z_{5}$')",3,0.7065162764601685,0.7088341859718111,0.0023179095116426796,17,False,"$S \cap \{1,2\} = \emptyset$"
"('$Z_{1}$', '$Z_{4}$', '$Z_{6}$')",3,0.7059795523414946,0.7033312399703613,-0.0026483123711332768,17,False,"$S \cap \{1,2\} = \emptyset$"
"('$Z_{1}$', '$Z_{5}$', '$Z_{6}$')",3,0.7080938640508869,0.7073859109459677,-0.0007079531049192234,17,False,"$S \cap \{1,2\} = \emptyset$"
"('$Z_{2}$', '$Z_{3}$', '$Z_{4}$')",3,0.7024191882301855,0.7015854614784103,-0.0008337267517751767,17,False,"$S \cap \{1,2\} = \emptyset$"
"('$Z_{2}$', '$Z_{3}$', '$Z_{5}$')",3,0.705785772710095,0.7033491234514092,-0.002436649258685808,17,False,"$S \cap \{1,2\} = \emptyset$"
"('$Z_{2}$', '$Z_{3}$', '$Z_{6}$')",3,0.7074324118971712,0.7004930067239186,-0.006939405173252644,17,False,"$S \cap \{1,2\} = \emptyset$"
"('$Z_{2}$', '$Z_{4}$', '$Z_{5}$')",3,0.703390066782802,0.7016335502298827,-0.0017565165529193072,17,False,"$S \cap \{1,2\} = \emptyset$"
"('$Z_{2}$', '$Z_{4}$', '$Z_{6}$')",3,0.704610572200869,0.7012551444341887,-0.0033554277666802967,17,False,"$S \cap \{1,2\} = \emptyset$"
"('$Z_{2}$', '$Z_{5}$', '$Z_{6}$')",3,0.7078557188010083,0.702534339122735,-0.005321379678273286,17,False,"$S \cap \{1,2\} = \emptyset$"
"('$Z_{3}$', '$Z_{4}$', '$Z_{5}$')",3,0.7069123927803469,0.7055951705404007,-0.0013172222399462363,17,False,"$S \cap \{1,2\} = \emptyset$"
"('$Z_{3}$', '$Z_{4}$', '$Z_{6}$')",3,0.7036619044591501,0.7041194822637712,0.0004575778046210788,17,False,"$S \cap \{1,2\} = \emptyset$"
"('$Z_{3}$', '$Z_{5}$', '$Z_{6}$')",3,0.7073218091453652,0.7114991544913792,0.004177345346013994,17,False,"$S \cap \{1,2\} = \emptyset$"
"('$Z_{4}$', '$Z_{5}$', '$Z_{6}$')",3,0.7073087977074037,0.6979223022479843,-0.009386495459419386,17,False,"$S \cap \{1,2\} = \emptyset$"
"('$X_1$', '$X_2$')",2,0.044231261714201865,0.7046881030182071,0.6604568413040052,18,True,"$S \supseteq \{1,2\}$"
"('$X_1$', '$Z_{1}$')",2,0.7074918917498103,0.7064228770077595,-0.001069014742050789,18,True,"$|S \cap \{1,2\}| = 1$"
"('$X_1$', '$Z_{2}$')",2,0.7071859313822216,0.7067637062560664,-0.0004222251261551957,18,True,"$|S \cap \{1,2\}| = 1$"
"('$X_1$', '$Z_{3}$')",2,0.7054769849922632,0.7122345617258069,0.006757576733543713,18,True,"$|S \cap \{1,2\}| = 1$"
"('$X_1$', '$Z_{4}$')",2,0.7068737062301396,0.7005494360696095,-0.006324270160530054,18,True,"$|S \cap \{1,2\}| = 1$"
"('$X_1$', '$Z_{5}$')",2,0.7096506525502098,0.7082711233664802,-0.001379529183729522,18,True,"$|S \cap \{1,2\}| = 1$"
"('$X_1$', '$Z_{6}$')",2,0.7056400080701335,0.7095106757620963,0.003870667691962759,18,True,"$|S \cap \{1,2\}| = 1$"
"('$X_2$', '$Z_{1}$')",2,0.7066119039212999,0.7096272358748922,0.0030153319535922707,18,True,"$|S \cap \{1,2\}| = 1$"
"('$X_2$', '$Z_{2}$')",2,0.7145359932195438,0.7075024779328185,-0.007033515286725245,18,True,"$|S \cap \{1,2\}| = 1$"
"('$X_2$', '$Z_{3}$')",2,0.710148894341169,0.7082781764413271,-0.001870717899841945,18,True,"$|S \cap \{1,2\}| = 1$"
"('$X_2$', '$Z_{4}$')",2,0.7054565018035904,0.7084820668490815,0.0030255650454911187,18,True,"$|S \cap \{1,2\}| = 1$"
"('$X_2$', '$Z_{5}$')",2,0.7114125031348237,0.7043165315111978,-0.007095971623625963,18,True,"$|S \cap \{1,2\}| = 1$"
"('$X_2$', '$Z_{6}$')",2,0.709440775173963,0.7050997776254596,-0.004340997548503367,18,True,"$|S \cap \{1,2\}| = 1$"
"('$Z_{1}$', '$Z_{2}$')",2,0.7119233015967127,0.7037209558471794,-0.008202345749533269,18,False,"$S \cap \{1,2\} = \emptyset$"
"('$Z_{1}$', '$Z_{3}$')",2,0.7092241035769387,0.7110280504178577,0.0018039468409190018,18,False,"$S \cap \{1,2\} = \emptyset$"
"('$Z_{1}$', '$Z_{4}$')",2,0.7093519041958468,0.7014503233112483,-0.00790158088459847,18,False,"$S \cap \{1,2\} = \emptyset$"
"('$Z_{1}$', '$Z_{5}$')",2,0.7071655568955277,0.6979501720828518,-0.00921538481267592,18,False,"$S \cap \{1,2\} = \emptyset$"
"('$Z_{1}$', '$Z_{6}$')",2,0.7062155645116177,0.7062339595648377,1.8395053219988355e-05,18,False,"$S \cap \{1,2\} = \emptyset$"
"('$Z_{2}$', '$Z_{3}$')",2,0.7138667702189525,0.7056988312485768,-0.00816793897037571,18,False,"$S \cap \{1,2\} = \emptyset$"
"('$Z_{2}$', '$Z_{4}$')",2,0.7107822643168202,0.7032405795032051,-0.007541684813615168,18,False,"$S \cap \{1,2\} = \emptyset$"
"('$Z_{2}$', '$Z_{5}$')",2,0.7061033040173073,0.7039152991417379,-0.0021880048755693604,18,False,"$S \cap \{1,2\} = \emptyset$"
"('$Z_{2}$', '$Z_{6}$')",2,0.7043558144898234,0.7037223206594693,-0.0006334938303541593,18,False,"$S \cap \{1,2\} = \emptyset$"
"('$Z_{3}$', '$Z_{4}$')",2,0.7126602875577812,0.7108217605407067,-0.0018385270170745427,18,False,"$S \cap \{1,2\} = \emptyset$"
"('$Z_{3}$', '$Z_{5}$')",2,0.7091838870317472,0.7022348138687546,-0.006949073162992536,18,False,"$S \cap \{1,2\} = \emptyset$"
"('$Z_{3}$', '$Z_{6}$')",2,0.7044458040964949,0.7039643207642703,-0.00048148333222464146,18,False,"$S \cap \{1,2\} = \emptyset$"
"('$Z_{4}$', '$Z_{5}$')",2,0.7098848413410961,0.7083750916942627,-0.0015097496468333693,18,False,"$S \cap \{1,2\} = \emptyset$"
"('$Z_{4}$', '$Z_{6}$')",2,0.7067566089237192,0.7049572619493613,-0.0017993469743579071,18,False,"$S \cap \{1,2\} = \emptyset$"
"('$Z_{5}$', '$Z_{6}$')",2,0.7051782964716338,0.7064735583669512,0.0012952618953174788,18,False,"$S \cap \{1,2\} = \emptyset$"
"('$X_1$', '$X_2$', '$Z_{1}$')",3,0.1555298388963493,0.7069177923680696,0.5513879534717203,18,True,"$S \supseteq \{1,2\}$"
"('$X_1$', '$X_2$', '$Z_{2}$')",3,0.16597711178620556,0.705328898943306,0.5393517871571004,18,True,"$S \supseteq \{1,2\}$"
"('$X_1$', '$X_2$', '$Z_{3}$')",3,0.1549406225317687,0.7080126301110762,0.5530720075793074,18,True,"$S \supseteq \{1,2\}$"
"('$X_1$', '$X_2$', '$Z_{4}$')",3,0.16307676755107292,0.7036221282954016,0.5405453607443287,18,True,"$S \supseteq \{1,2\}$"
"('$X_1$', '$X_2$', '$Z_{5}$')",3,0.15722426287360763,0.7025293069961106,0.5453050441225029,18,True,"$S \supseteq \{1,2\}$"
"('$X_1$', '$X_2$', '$Z_{6}$')",3,0.16090254281632801,0.7003864097595883,0.5394838669432603,18,True,"$S \supseteq \{1,2\}$"
"('$X_1$', '$Z_{1}$', '$Z_{2}$')",3,0.7067648832202851,0.7034030702895561,-0.0033618129307290134,18,True,"$|S \cap \{1,2\}| = 1$"
"('$X_1$', '$Z_{1}$', '$Z_{3}$')",3,0.7054461727172733,0.7025668024189815,-0.0028793702982917724,18,True,"$|S \cap \{1,2\}| = 1$"
"('$X_1$', '$Z_{1}$', '$Z_{4}$')",3,0.708625942648996,0.7065448546590025,-0.002081087989993513,18,True,"$|S \cap \{1,2\}| = 1$"
"('$X_1$', '$Z_{1}$', '$Z_{5}$')",3,0.7076759695633964,0.7014417968512701,-0.00623417271212634,18,True,"$|S \cap \{1,2\}| = 1$"
"('$X_1$', '$Z_{1}$', '$Z_{6}$')",3,0.7052632080459923,0.6982742916398107,-0.0069889164061816,18,True,"$|S \cap \{1,2\}| = 1$"
"('$X_1$', '$Z_{2}$', '$Z_{3}$')",3,0.7081296703165599,0.705101069017265,-0.003028601299294942,18,True,"$|S \cap \{1,2\}| = 1$"
"('$X_1$', '$Z_{2}$', '$Z_{4}$')",3,0.7070829095317864,0.7080552362596991,0.0009723267279126979,18,True,"$|S \cap \{1,2\}| = 1$"
"('$X_1$', '$Z_{2}$', '$Z_{5}$')",3,0.7042788206849634,0.7044392860849528,0.00016046539998937348,18,True,"$|S \cap \{1,2\}| = 1$"
"('$X_1$', '$Z_{2}$', '$Z_{6}$')",3,0.7020736233286171,0.7054872863305907,0.0034136630019735437,18,True,"$|S \cap \{1,2\}| = 1$"
"('$X_1$', '$Z_{3}$', '$Z_{4}$')",3,0.7058689475805325,0.7045214650217972,-0.0013474825587352912,18,True,"$|S \cap \{1,2\}| = 1$"
"('$X_1$', '$Z_{3}$', '$Z_{5}$')",3,0.704961825573977,0.7007765918037339,-0.0041852337702431575,18,True,"$|S \cap \{1,2\}| = 1$"
"('$X_1$', '$Z_{3}$', '$Z_{6}$')",3,0.7022509530852483,0.7020427323128947,-0.0002082207723536067,18,True,"$|S \cap \{1,2\}| = 1$"
"('$X_1$', '$Z_{4}$', '$Z_{5}$')",3,0.7082608981396867,0.7011818201823761,-0.007079077957310664,18,True,"$|S \cap \{1,2\}| = 1$"
"('$X_1$', '$Z_{4}$', '$Z_{6}$')",3,0.7013315414188462,0.7003525846533842,-0.0009789567654620024,18,True,"$|S \cap \{1,2\}| = 1$"
"('$X_1$', '$Z_{5}$', '$Z_{6}$')",3,0.7038333170954261,0.7028636747017822,-0.0009696423936438325,18,True,"$|S \cap \{1,2\}| = 1$"
"('$X_2$', '$Z_{1}$', '$Z_{2}$')",3,0.7065828238721117,0.7065969109728378,1.4087100726145607e-05,18,True,"$|S \cap \{1,2\}| = 1$"
"('$X_2$', '$Z_{1}$', '$Z_{3}$')",3,0.7058725297653929,0.7023563413518421,-0.003516188413550836,18,True,"$|S \cap \{1,2\}| = 1$"
"('$X_2$', '$Z_{1}$', '$Z_{4}$')",3,0.702540341036643,0.7029673481294867,0.00042700709284371197,18,True,"$|S \cap \{1,2\}| = 1$"
"('$X_2$', '$Z_{1}$', '$Z_{5}$')",3,0.7056334644394231,0.7049230399051979,-0.0007104245342252069,18,True,"$|S \cap \{1,2\}| = 1$"
"('$X_2$', '$Z_{1}$', '$Z_{6}$')",3,0.70228646196211,0.7007577535365431,-0.0015287084255668493,18,True,"$|S \cap \{1,2\}| = 1$"
"('$X_2$', '$Z_{2}$', '$Z_{3}$')",3,0.7113390603196433,0.6983909504821393,-0.012948109837504052,18,True,"$|S \cap \{1,2\}| = 1$"
"('$X_2$', '$Z_{2}$', '$Z_{4}$')",3,0.7053218178810647,0.703215333312971,-0.0021064845680937028,18,True,"$|S \cap \{1,2\}| = 1$"
"('$X_2$', '$Z_{2}$', '$Z_{5}$')",3,0.7075949866814361,0.7043672173472476,-0.003227769334188446,18,True,"$|S \cap \{1,2\}| = 1$"
"('$X_2$', '$Z_{2}$', '$Z_{6}$')",3,0.7056071679146557,0.7027922690010484,-0.002814898913607311,18,True,"$|S \cap \{1,2\}| = 1$"
"('$X_2$', '$Z_{3}$', '$Z_{4}$')",3,0.7053280793794977,0.7051654738563393,-0.00016260552315838783,18,True,"$|S \cap \{1,2\}| = 1$"
"('$X_2$', '$Z_{3}$', '$Z_{5}$')",3,0.7078843489273372,0.7014983267781995,-0.006386022149137749,18,True,"$|S \cap \{1,2\}| = 1$"
"('$X_2$', '$Z_{3}$', '$Z_{6}$')",3,0.706054662448762,0.6987847548568652,-0.007269907591896829,18,True,"$|S \cap \{1,2\}| = 1$"
"('$X_2$', '$Z_{4}$', '$Z_{5}$')",3,0.7047596118027427,0.7031529038078633,-0.001606707994879386,18,True,"$|S \cap \{1,2\}| = 1$"
"('$X_2$', '$Z_{4}$', '$Z_{6}$')",3,0.7041471214611859,0.7024975022573062,-0.0016496192038796265,18,True,"$|S \cap \{1,2\}| = 1$"
"('$X_2$', '$Z_{5}$', '$Z_{6}$')",3,0.7063992922292411,0.7089262310744443,0.002526938845203164,18,True,"$|S \cap \{1,2\}| = 1$"
"('$Z_{1}$', '$Z_{2}$', '$Z_{3}$')",3,0.709073946628661,0.6995051871089731,-0.00956875951968783,18,False,"$S \cap \{1,2\} = \emptyset$"
"('$Z_{1}$', '$Z_{2}$', '$Z_{4}$')",3,0.7098222164234461,0.695552901975374,-0.014269314448072112,18,False,"$S \cap \{1,2\} = \emptyset$"
"('$Z_{1}$', '$Z_{2}$', '$Z_{5}$')",3,0.7074729309253572,0.7003600665051749,-0.00711286442018233,18,False,"$S \cap \{1,2\} = \emptyset$"
"('$Z_{1}$', '$Z_{2}$', '$Z_{6}$')",3,0.7037119081275177,0.7001771582757892,-0.0035347498517285247,18,False,"$S \cap \{1,2\} = \emptyset$"
"('$Z_{1}$', '$Z_{3}$', '$Z_{4}$')",3,0.7064522705133854,0.7059745022650922,-0.00047776824829326436,18,False,"$S \cap \{1,2\} = \emptyset$"
"('$Z_{1}$', '$Z_{3}$', '$Z_{5}$')",3,0.704280514633685,0.7049187578044005,0.0006382431707154801,18,False,"$S \cap \{1,2\} = \emptyset$"
"('$Z_{1}$', '$Z_{3}$', '$Z_{6}$')",3,0.7002618621965965,0.7001513711242965,-0.00011049107229998967,18,False,"$S \cap \{1,2\} = \emptyset$"
"('$Z_{1}$', '$Z_{4}$', '$Z_{5}$')",3,0.704518105824346,0.6968023072068602,-0.007715798617485836,18,False,"$S \cap \{1,2\} = \emptyset$"
"('$Z_{1}$', '$Z_{4}$', '$Z_{6}$')",3,0.7064501374760092,0.7103224605108164,0.0038723230348072235,18,False,"$S \cap \{1,2\} = \emptyset$"
"('$Z_{1}$', '$Z_{5}$', '$Z_{6}$')",3,0.7045604525663941,0.7015230622639973,-0.003037390302396803,18,False,"$S \cap \{1,2\} = \emptyset$"
"('$Z_{2}$', '$Z_{3}$', '$Z_{4}$')",3,0.7103158165691417,0.7039421402501934,-0.0063736763189482515,18,False,"$S \cap \{1,2\} = \emptyset$"
"('$Z_{2}$', '$Z_{3}$', '$Z_{5}$')",3,0.7073565040791707,0.7014171424121485,-0.005939361667022247,18,False,"$S \cap \{1,2\} = \emptyset$"
"('$Z_{2}$', '$Z_{3}$', '$Z_{6}$')",3,0.7025381845015026,0.7056423722056202,0.003104187704117578,18,False,"$S \cap \{1,2\} = \emptyset$"
"('$Z_{2}$', '$Z_{4}$', '$Z_{5}$')",3,0.7069080475448414,0.7087129488672236,0.001804901322382202,18,False,"$S \cap \{1,2\} = \emptyset$"
"('$Z_{2}$', '$Z_{4}$', '$Z_{6}$')",3,0.7063524484645952,0.7077767275545708,0.0014242790899755553,18,False,"$S \cap \{1,2\} = \emptyset$"
"('$Z_{2}$', '$Z_{5}$', '$Z_{6}$')",3,0.6994354232653145,0.7067226950317014,0.0072872717663868825,18,False,"$S \cap \{1,2\} = \emptyset$"
"('$Z_{3}$', '$Z_{4}$', '$Z_{5}$')",3,0.7058305556354059,0.7137002757793944,0.007869720143988568,18,False,"$S \cap \{1,2\} = \emptyset$"
"('$Z_{3}$', '$Z_{4}$', '$Z_{6}$')",3,0.7041626542969411,0.7001456484261557,-0.004017005870785462,18,False,"$S \cap \{1,2\} = \emptyset$"
"('$Z_{3}$', '$Z_{5}$', '$Z_{6}$')",3,0.7015073482878136,0.7039067522540793,0.0023994039662657007,18,False,"$S \cap \{1,2\} = \emptyset$"
"('$Z_{4}$', '$Z_{5}$', '$Z_{6}$')",3,0.7049091987586315,0.6992392359254472,-0.005669962833184217,18,False,"$S \cap \{1,2\} = \emptyset$"
"('$X_1$', '$X_2$')",2,0.04298284737689634,0.7071414796183348,0.6641586322414386,19,True,"$S \supseteq \{1,2\}$"
"('$X_1$', '$Z_{1}$')",2,0.7023361053970103,0.7090487738639645,0.006712668466954175,19,True,"$|S \cap \{1,2\}| = 1$"
"('$X_1$', '$Z_{2}$')",2,0.7038800419023393,0.7150844314268205,0.011204389524481217,19,True,"$|S \cap \{1,2\}| = 1$"
"('$X_1$', '$Z_{3}$')",2,0.7022821754445194,0.7044645853406064,0.0021824098960869787,19,True,"$|S \cap \{1,2\}| = 1$"
"('$X_1$', '$Z_{4}$')",2,0.7083417368135833,0.7069675279073314,-0.0013742089062518392,19,True,"$|S \cap \{1,2\}| = 1$"
"('$X_1$', '$Z_{5}$')",2,0.6958165193144523,0.7088890265430957,0.013072507228643393,19,True,"$|S \cap \{1,2\}| = 1$"
"('$X_1$', '$Z_{6}$')",2,0.7049855462738287,0.7091537519968026,0.004168205722973939,19,True,"$|S \cap \{1,2\}| = 1$"
"('$X_2$', '$Z_{1}$')",2,0.7021607096778346,0.7061414192223022,0.003980709544467609,19,True,"$|S \cap \{1,2\}| = 1$"
"('$X_2$', '$Z_{2}$')",2,0.7088993311935046,0.7009586884686109,-0.007940642724893698,19,True,"$|S \cap \{1,2\}| = 1$"
"('$X_2$', '$Z_{3}$')",2,0.7063984426212326,0.7070639611521969,0.0006655185309643041,19,True,"$|S \cap \{1,2\}| = 1$"
"('$X_2$', '$Z_{4}$')",2,0.704366735193379,0.7091495066982386,0.0047827715048596176,19,True,"$|S \cap \{1,2\}| = 1$"
"('$X_2$', '$Z_{5}$')",2,0.7053311306031931,0.7019523986026172,-0.0033787320005759236,19,True,"$|S \cap \{1,2\}| = 1$"
"('$X_2$', '$Z_{6}$')",2,0.7063361109876602,0.708346589175437,0.0020104781877767763,19,True,"$|S \cap \{1,2\}| = 1$"
"('$Z_{1}$', '$Z_{2}$')",2,0.705718553379722,0.7103145465187543,0.004595993139032251,19,False,"$S \cap \{1,2\} = \emptyset$"
"('$Z_{1}$', '$Z_{3}$')",2,0.7052914539913849,0.7008119274862002,-0.004479526505184683,19,False,"$S \cap \{1,2\} = \emptyset$"
"('$Z_{1}$', '$Z_{4}$')",2,0.708615311167701,0.7076898609259024,-0.0009254502417986865,19,False,"$S \cap \{1,2\} = \emptyset$"
"('$Z_{1}$', '$Z_{5}$')",2,0.7069177026784537,0.7012432477143147,-0.005674454964138986,19,False,"$S \cap \{1,2\} = \emptyset$"
"('$Z_{1}$', '$Z_{6}$')",2,0.7085379425322382,0.7129327596835763,0.0043948171513380485,19,False,"$S \cap \{1,2\} = \emptyset$"
"('$Z_{2}$', '$Z_{3}$')",2,0.7078782683143165,0.7067541346749676,-0.0011241336393489343,19,False,"$S \cap \{1,2\} = \emptyset$"
"('$Z_{2}$', '$Z_{4}$')",2,0.707806323356405,0.7013866746020826,-0.006419648754322438,19,False,"$S \cap \{1,2\} = \emptyset$"
"('$Z_{2}$', '$Z_{5}$')",2,0.7083366300416064,0.6999192174374852,-0.00841741260412121,19,False,"$S \cap \{1,2\} = \emptyset$"
"('$Z_{2}$', '$Z_{6}$')",2,0.7124074319421897,0.7082155528725821,-0.004191879069607607,19,False,"$S \cap \{1,2\} = \emptyset$"
"('$Z_{3}$', '$Z_{4}$')",2,0.7032538097526112,0.7043913144293867,0.001137504676775536,19,False,"$S \cap \{1,2\} = \emptyset$"
"('$Z_{3}$', '$Z_{5}$')",2,0.7033163722482634,0.6961458109702651,-0.007170561277998311,19,False,"$S \cap \{1,2\} = \emptyset$"
"('$Z_{3}$', '$Z_{6}$')",2,0.7097751988885209,0.7170598988308142,0.0072846999422933045,19,False,"$S \cap \{1,2\} = \emptyset$"
"('$Z_{4}$', '$Z_{5}$')",2,0.7025271875712199,0.7038387884603784,0.001311600889158493,19,False,"$S \cap \{1,2\} = \emptyset$"
"('$Z_{4}$', '$Z_{6}$')",2,0.7083532608599256,0.6954194894158089,-0.01293377144411667,19,False,"$S \cap \{1,2\} = \emptyset$"
"('$Z_{5}$', '$Z_{6}$')",2,0.7094783084023161,0.7088306513689988,-0.0006476570333172615,19,False,"$S \cap \{1,2\} = \emptyset$"
"('$X_1$', '$X_2$', '$Z_{1}$')",3,0.17043923240952905,0.6991060148902236,0.5286667824806945,19,True,"$S \supseteq \{1,2\}$"
"('$X_1$', '$X_2$', '$Z_{2}$')",3,0.18091671534808898,0.7053924943503775,0.5244757790022886,19,True,"$S \supseteq \{1,2\}$"
"('$X_1$', '$X_2$', '$Z_{3}$')",3,0.17730342175902503,0.7035384424548435,0.5262350206958185,19,True,"$S \supseteq \{1,2\}$"
"('$X_1$', '$X_2$', '$Z_{4}$')",3,0.1860513903578093,0.70815767325959,0.5221062829017807,19,True,"$S \supseteq \{1,2\}$"
"('$X_1$', '$X_2$', '$Z_{5}$')",3,0.1863222092837799,0.7059328269741627,0.5196106176903827,19,True,"$S \supseteq \{1,2\}$"
"('$X_1$', '$X_2$', '$Z_{6}$')",3,0.1688998220417194,0.6971369727786776,0.5282371507369582,19,True,"$S \supseteq \{1,2\}$"
"('$X_1$', '$Z_{1}$', '$Z_{2}$')",3,0.6990569237234724,0.7031678615989944,0.004110937875521969,19,True,"$|S \cap \{1,2\}| = 1$"
"('$X_1$', '$Z_{1}$', '$Z_{3}$')",3,0.7007346583921438,0.6992641445583478,-0.0014705138337959278,19,True,"$|S \cap \{1,2\}| = 1$"
"('$X_1$', '$Z_{1}$', '$Z_{4}$')",3,0.6999011393959352,0.7020311393331176,0.0021299999371823253,19,True,"$|S \cap \{1,2\}| = 1$"
"('$X_1$', '$Z_{1}$', '$Z_{5}$')",3,0.6975755223885992,0.7049366215814428,0.0073610991928435565,19,True,"$|S \cap \{1,2\}| = 1$"
"('$X_1$', '$Z_{1}$', '$Z_{6}$')",3,0.6997646540957531,0.7083259123883071,0.008561258292554053,19,True,"$|S \cap \{1,2\}| = 1$"
"('$X_1$', '$Z_{2}$', '$Z_{3}$')",3,0.7040798651876184,0.706180827405744,0.0021009622181255017,19,True,"$|S \cap \{1,2\}| = 1$"
"('$X_1$', '$Z_{2}$', '$Z_{4}$')",3,0.7007334672618504,0.7049856668018216,0.0042521995399712464,19,True,"$|S \cap \{1,2\}| = 1$"
"('$X_1$', '$Z_{2}$', '$Z_{5}$')",3,0.7008252587882327,0.702171428059216,0.0013461692709832995,19,True,"$|S \cap \{1,2\}| = 1$"
"('$X_1$', '$Z_{2}$', '$Z_{6}$')",3,0.7027756007894163,0.7074592880278556,0.004683687238439371,19,True,"$|S \cap \{1,2\}| = 1$"
"('$X_1$', '$Z_{3}$', '$Z_{4}$')",3,0.6985403434948991,0.699445630810272,0.0009052873153728713,19,True,"$|S \cap \{1,2\}| = 1$"
"('$X_1$', '$Z_{3}$', '$Z_{5}$')",3,0.6992874373599416,0.7099709711975662,0.01068353383762466,19,True,"$|S \cap \{1,2\}| = 1$"
"('$X_1$', '$Z_{3}$', '$Z_{6}$')",3,0.7008512946992771,0.69963712863192,-0.0012141660673571364,19,True,"$|S \cap \{1,2\}| = 1$"
"('$X_1$', '$Z_{4}$', '$Z_{5}$')",3,0.6972015364910941,0.6995473008413264,0.002345764350232371,19,True,"$|S \cap \{1,2\}| = 1$"
"('$X_1$', '$Z_{4}$', '$Z_{6}$')",3,0.7009673526883704,0.706433143569962,0.005465790881591603,19,True,"$|S \cap \{1,2\}| = 1$"
"('$X_1$', '$Z_{5}$', '$Z_{6}$')",3,0.6997699438559637,0.7037838135659172,0.004013869709953544,19,True,"$|S \cap \{1,2\}| = 1$"
"('$X_2$', '$Z_{1}$', '$Z_{2}$')",3,0.7040590317128859,0.704860712872161,0.0008016811592751472,19,True,"$|S \cap \{1,2\}| = 1$"
"('$X_2$', '$Z_{1}$', '$Z_{3}$')",3,0.703129824356584,0.705990448469902,0.002860624113318,19,True,"$|S \cap \{1,2\}| = 1$"
"('$X_2$', '$Z_{1}$', '$Z_{4}$')",3,0.7015840815790758,0.7047600275572663,0.0031759459781904864,19,True,"$|S \cap \{1,2\}| = 1$"
"('$X_2$', '$Z_{1}$', '$Z_{5}$')",3,0.7012116564581333,0.7062922683920324,0.005080611933899082,19,True,"$|S \cap \{1,2\}| = 1$"
"('$X_2$', '$Z_{1}$', '$Z_{6}$')",3,0.6977917161093266,0.7091825174518366,0.011390801342510026,19,True,"$|S \cap \{1,2\}| = 1$"
"('$X_2$', '$Z_{2}$', '$Z_{3}$')",3,0.7071209491512639,0.699447805944486,-0.0076731432067779215,19,True,"$|S \cap \{1,2\}| = 1$"
"('$X_2$', '$Z_{2}$', '$Z_{4}$')",3,0.7013858760968863,0.7107903616122253,0.009404485515339012,19,True,"$|S \cap \{1,2\}| = 1$"
"('$X_2$', '$Z_{2}$', '$Z_{5}$')",3,0.7065160900277715,0.6998126339572833,-0.006703456070488167,19,True,"$|S \cap \{1,2\}| = 1$"
"('$X_2$', '$Z_{2}$', '$Z_{6}$')",3,0.7054790551149581,0.7016418645297356,-0.003837190585222472,19,True,"$|S \cap \{1,2\}| = 1$"
"('$X_2$', '$Z_{3}$', '$Z_{4}$')",3,0.7027359690502167,0.6976814133438763,-0.005054555706340391,19,True,"$|S \cap \{1,2\}| = 1$"
"('$X_2$', '$Z_{3}$', '$Z_{5}$')",3,0.7035370117969746,0.7045030127893918,0.0009660009924171709,19,True,"$|S \cap \{1,2\}| = 1$"
"('$X_2$', '$Z_{3}$', '$Z_{6}$')",3,0.7029130080938736,0.6947270439233216,-0.008185964170551951,19,True,"$|S \cap \{1,2\}| = 1$"
"('$X_2$', '$Z_{4}$', '$Z_{5}$')",3,0.6949566804327598,0.7086761321949236,0.013719451762163826,19,True,"$|S \cap \{1,2\}| = 1$"
"('$X_2$', '$Z_{4}$', '$Z_{6}$')",3,0.7019203204840166,0.7024849289602483,0.0005646084762316317,19,True,"$|S \cap \{1,2\}| = 1$"
"('$X_2$', '$Z_{5}$', '$Z_{6}$')",3,0.7035966462490426,0.7077171986723545,0.004120552423311885,19,True,"$|S \cap \{1,2\}| = 1$"
"('$Z_{1}$', '$Z_{2}$', '$Z_{3}$')",3,0.7036108686163595,0.703720483561077,0.00010961494471750655,19,False,"$S \cap \{1,2\} = \emptyset$"
"('$Z_{1}$', '$Z_{2}$', '$Z_{4}$')",3,0.702962859522549,0.704155462444605,0.0011926029220560297,19,False,"$S \cap \{1,2\} = \emptyset$"
"('$Z_{1}$', '$Z_{2}$', '$Z_{5}$')",3,0.7049312441435336,0.7034337150896054,-0.0014975290539281927,19,False,"$S \cap \{1,2\} = \emptyset$"
"('$Z_{1}$', '$Z_{2}$', '$Z_{6}$')",3,0.7047762263042221,0.7037833167563342,-0.000992909547887888,19,False,"$S \cap \{1,2\} = \emptyset$"
"('$Z_{1}$', '$Z_{3}$', '$Z_{4}$')",3,0.7015016245835652,0.7031610568436615,0.0016594322600962386,19,False,"$S \cap \{1,2\} = \emptyset$"
"('$Z_{1}$', '$Z_{3}$', '$Z_{5}$')",3,0.7012067272779898,0.7028409389483075,0.0016342116703176313,19,False,"$S \cap \{1,2\} = \emptyset$"
"('$Z_{1}$', '$Z_{3}$', '$Z_{6}$')",3,0.7036051269505517,0.706118606681783,0.002513479731231283,19,False,"$S \cap \{1,2\} = \emptyset$"
"('$Z_{1}$', '$Z_{4}$', '$Z_{5}$')",3,0.7032132528378991,0.7113774731873062,0.008164220349407003,19,False,"$S \cap \{1,2\} = \emptyset$"
"('$Z_{1}$', '$Z_{4}$', '$Z_{6}$')",3,0.7045297861635386,0.7012938374488638,-0.003235948714674808,19,False,"$S \cap \{1,2\} = \emptyset$"
"('$Z_{1}$', '$Z_{5}$', '$Z_{6}$')",3,0.7047942739788098,0.7071618124041679,0.0023675384253580845,19,False,"$S \cap \{1,2\} = \emptyset$"
"('$Z_{2}$', '$Z_{3}$', '$Z_{4}$')",3,0.7016884521382412,0.6982305973791536,-0.003457854759087553,19,False,"$S \cap \{1,2\} = \emptyset$"
"('$Z_{2}$', '$Z_{3}$', '$Z_{5}$')",3,0.7058412142304703,0.6976248917636645,-0.008216322466805814,19,False,"$S \cap \{1,2\} = \emptyset$"
"('$Z_{2}$', '$Z_{3}$', '$Z_{6}$')",3,0.7083971382375183,0.7068576622232331,-0.0015394760142851682,19,False,"$S \cap \{1,2\} = \emptyset$"
"('$Z_{2}$', '$Z_{4}$', '$Z_{5}$')",3,0.7042580447238074,0.7032310669669839,-0.0010269777568234773,19,False,"$S \cap \{1,2\} = \emptyset$"
"('$Z_{2}$', '$Z_{4}$', '$Z_{6}$')",3,0.7073682263026083,0.6989644220292619,-0.008403804273346416,19,False,"$S \cap \{1,2\} = \emptyset$"
"('$Z_{2}$', '$Z_{5}$', '$Z_{6}$')",3,0.7095043166071102,0.7031665509221955,-0.006337765684914731,19,False,"$S \cap \{1,2\} = \emptyset$"
"('$Z_{3}$', '$Z_{4}$', '$Z_{5}$')",3,0.6998829713994321,0.7082635392054846,0.008380567806052452,19,False,"$S \cap \{1,2\} = \emptyset$"
"('$Z_{3}$', '$Z_{4}$', '$Z_{6}$')",3,0.7032127017592329,0.7019153611701161,-0.001297340589116791,19,False,"$S \cap \{1,2\} = \emptyset$"
"('$Z_{3}$', '$Z_{5}$', '$Z_{6}$')",3,0.7026255649039472,0.6991238760598165,-0.0035016888441307126,19,False,"$S \cap \{1,2\} = \emptyset$"
"('$Z_{4}$', '$Z_{5}$', '$Z_{6}$')",3,0.7022760164684108,0.699399872603563,-0.002876143864847802,19,False,"$S \cap \{1,2\} = \emptyset$"
"('$X_1$', '$X_2$')",2,0.05346383561010546,0.7082336135128354,0.6547697779027299,20,True,"$S \supseteq \{1,2\}$"
"('$X_1$', '$Z_{1}$')",2,0.7142332768382558,0.7057499696016846,-0.008483307236571203,20,True,"$|S \cap \{1,2\}| = 1$"
"('$X_1$', '$Z_{2}$')",2,0.7111375086192226,0.7029811936737758,-0.008156314945446885,20,True,"$|S \cap \{1,2\}| = 1$"
"('$X_1$', '$Z_{3}$')",2,0.7046062710714633,0.7010158722911481,-0.003590398780315196,20,True,"$|S \cap \{1,2\}| = 1$"
"('$X_1$', '$Z_{4}$')",2,0.701037165916705,0.7075032933085634,0.006466127391858478,20,True,"$|S \cap \{1,2\}| = 1$"
"('$X_1$', '$Z_{5}$')",2,0.7156746246057953,0.702489683801566,-0.013184940804229384,20,True,"$|S \cap \{1,2\}| = 1$"
"('$X_1$', '$Z_{6}$')",2,0.7098682983873961,0.7138903957474506,0.004022097360054544,20,True,"$|S \cap \{1,2\}| = 1$"
"('$X_2$', '$Z_{1}$')",2,0.7111879160702974,0.7106966326858059,-0.0004912833844915587,20,True,"$|S \cap \{1,2\}| = 1$"
"('$X_2$', '$Z_{2}$')",2,0.705960398980304,0.7137226906427979,0.00776229166249387,20,True,"$|S \cap \{1,2\}| = 1$"
"('$X_2$', '$Z_{3}$')",2,0.7030357996305786,0.7087067684760926,0.005670968845513991,20,True,"$|S \cap \{1,2\}| = 1$"
"('$X_2$', '$Z_{4}$')",2,0.7117336864904167,0.7073979528476491,-0.004335733642767625,20,True,"$|S \cap \{1,2\}| = 1$"
"('$X_2$', '$Z_{5}$')",2,0.7101370109833913,0.7108056425053219,0.0006686315219305294,20,True,"$|S \cap \{1,2\}| = 1$"
"('$X_2$', '$Z_{6}$')",2,0.7124391025615011,0.712768144261719,0.00032904170021785806,20,True,"$|S \cap \{1,2\}| = 1$"
"('$Z_{1}$', '$Z_{2}$')",2,0.7097617656149824,0.7107566338405329,0.0009948682255505048,20,False,"$S \cap \{1,2\} = \emptyset$"
"('$Z_{1}$', '$Z_{3}$')",2,0.7089298996799912,0.7032933889804528,-0.005636510699538411,20,False,"$S \cap \{1,2\} = \emptyset$"
"('$Z_{1}$', '$Z_{4}$')",2,0.7082231631773819,0.7008017334049405,-0.0074214297724414235,20,False,"$S \cap \{1,2\} = \emptyset$"
"('$Z_{1}$', '$Z_{5}$')",2,0.7103658038427145,0.7108929821697154,0.0005271783270008878,20,False,"$S \cap \{1,2\} = \emptyset$"
"('$Z_{1}$', '$Z_{6}$')",2,0.7189437226708228,0.7071150748304442,-0.011828647840378625,20,False,"$S \cap \{1,2\} = \emptyset$"
"('$Z_{2}$', '$Z_{3}$')",2,0.6970709795713074,0.7030248756993644,0.005953896128057079,20,False,"$S \cap \{1,2\} = \emptyset$"
"('$Z_{2}$', '$Z_{4}$')",2,0.7052230847570634,0.6974772297403602,-0.007745855016703218,20,False,"$S \cap \{1,2\} = \emptyset$"
"('$Z_{2}$', '$Z_{5}$')",2,0.7075905730272359,0.6996269600969002,-0.007963612930335762,20,False,"$S \cap \{1,2\} = \emptyset$"
"('$Z_{2}$', '$Z_{6}$')",2,0.7085152301591908,0.7092728779478807,0.0007576477886899191,20,False,"$S \cap \{1,2\} = \emptyset$"
"('$Z_{3}$', '$Z_{4}$')",2,0.7069562643472637,0.711716443693403,0.0047601793461393704,20,False,"$S \cap \{1,2\} = \emptyset$"
"('$Z_{3}$', '$Z_{5}$')",2,0.7067892787218752,0.7075392501925077,0.0007499714706324934,20,False,"$S \cap \{1,2\} = \emptyset$"
"('$Z_{3}$', '$Z_{6}$')",2,0.705848480715419,0.7062360276869688,0.00038754697154985696,20,False,"$S \cap \{1,2\} = \emptyset$"
"('$Z_{4}$', '$Z_{5}$')",2,0.7062541288796796,0.7088556004924691,0.002601471612789452,20,False,"$S \cap \{1,2\} = \emptyset$"
"('$Z_{4}$', '$Z_{6}$')",2,0.7056072390551253,0.7092343380001686,0.0036270989450432056,20,False,"$S \cap \{1,2\} = \emptyset$"
"('$Z_{5}$', '$Z_{6}$')",2,0.7104223255593028,0.7090760291854004,-0.0013462963739024891,20,False,"$S \cap \{1,2\} = \emptyset$"
"('$X_1$', '$X_2$', '$Z_{1}$')",3,0.17219804167083086,0.6986308726706232,0.5264328309997923,20,True,"$S \supseteq \{1,2\}$"
"('$X_1$', '$X_2$', '$Z_{2}$')",3,0.17243248971394765,0.7000870726077263,0.5276545828937786,20,True,"$S \supseteq \{1,2\}$"
"('$X_1$', '$X_2$', '$Z_{3}$')",3,0.16199258797617072,0.6988072600644543,0.5368146720882836,20,True,"$S \supseteq \{1,2\}$"
"('$X_1$', '$X_2$', '$Z_{4}$')",3,0.16759000882211048,0.7108516089292074,0.5432616001070969,20,True,"$S \supseteq \{1,2\}$"
"('$X_1$', '$X_2$', '$Z_{5}$')",3,0.18235688812948847,0.7058111916557969,0.5234543035263084,20,True,"$S \supseteq \{1,2\}$"
"('$X_1$', '$X_2$', '$Z_{6}$')",3,0.16413805049558666,0.7085975896816602,0.5444595391860736,20,True,"$S \supseteq \{1,2\}$"
"('$X_1$', '$Z_{1}$', '$Z_{2}$')",3,0.7105652958928215,0.7011748696416068,-0.009390426251214667,20,True,"$|S \cap \{1,2\}| = 1$"
"('$X_1$', '$Z_{1}$', '$Z_{3}$')",3,0.7074666681617372,0.708795710336888,0.0013290421751508408,20,True,"$|S \cap \{1,2\}| = 1$"
"('$X_1$', '$Z_{1}$', '$Z_{4}$')",3,0.7009961591528167,0.7052554907081522,0.004259331555335533,20,True,"$|S \cap \{1,2\}| = 1$"
"('$X_1$', '$Z_{1}$', '$Z_{5}$')",3,0.708450645776131,0.7031364900769695,-0.0053141556991614936,20,True,"$|S \cap \{1,2\}| = 1$"
"('$X_1$', '$Z_{1}$', '$Z_{6}$')",3,0.7077206166766025,0.7013162454224078,-0.006404371254194685,20,True,"$|S \cap \{1,2\}| = 1$"
"('$X_1$', '$Z_{2}$', '$Z_{3}$')",3,0.7034213240982081,0.7081652668443905,0.004743942746182395,20,True,"$|S \cap \{1,2\}| = 1$"
"('$X_1$', '$Z_{2}$', '$Z_{4}$')",3,0.7016546420189832,0.7023581370190008,0.000703495000017651,20,True,"$|S \cap \{1,2\}| = 1$"
"('$X_1$', '$Z_{2}$', '$Z_{5}$')",3,0.7089516793736524,0.7002781634354857,-0.008673515938166787,20,True,"$|S \cap \{1,2\}| = 1$"
"('$X_1$', '$Z_{2}$', '$Z_{6}$')",3,0.7037929131702402,0.7040552914198686,0.0002623782496283811,20,True,"$|S \cap \{1,2\}| = 1$"
"('$X_1$', '$Z_{3}$', '$Z_{4}$')",3,0.699320786961538,0.7082089096440337,0.008888122682495725,20,True,"$|S \cap \{1,2\}| = 1$"
"('$X_1$', '$Z_{3}$', '$Z_{5}$')",3,0.7069284960126317,0.6973048657442364,-0.0096236302683953,20,True,"$|S \cap \{1,2\}| = 1$"
"('$X_1$', '$Z_{3}$', '$Z_{6}$')",3,0.702466913948643,0.7025998627003507,0.00013294875170766218,20,True,"$|S \cap \{1,2\}| = 1$"
"('$X_1$', '$Z_{4}$', '$Z_{5}$')",3,0.6967117002780541,0.6992615365216646,0.0025498362436104927,20,True,"$|S \cap \{1,2\}| = 1$"
"('$X_1$', '$Z_{4}$', '$Z_{6}$')",3,0.6949971066944525,0.7043114587051164,0.009314352010663884,20,True,"$|S \cap \{1,2\}| = 1$"
"('$X_1$', '$Z_{5}$', '$Z_{6}$')",3,0.7029550848870715,0.7049311866701666,0.001976101783095152,20,True,"$|S \cap \{1,2\}| = 1$"
"('$X_2$', '$Z_{1}$', '$Z_{2}$')",3,0.7055100441315539,0.7024820031644963,-0.003028040967057666,20,True,"$|S \cap \{1,2\}| = 1$"
"('$X_2$', '$Z_{1}$', '$Z_{3}$')",3,0.7041022075339042,0.702592309944508,-0.0015098975893961253,20,True,"$|S \cap \{1,2\}| = 1$"
"('$X_2$', '$Z_{1}$', '$Z_{4}$')",3,0.7058428373630484,0.7137610336567493,0.00791819629370083,20,True,"$|S \cap \{1,2\}| = 1$"
"('$X_2$', '$Z_{1}$', '$Z_{5}$')",3,0.7052157949853666,0.7004056748911697,-0.004810120094196901,20,True,"$|S \cap \{1,2\}| = 1$"
"('$X_2$', '$Z_{1}$', '$Z_{6}$')",3,0.7107066755936715,0.7048404681479954,-0.005866207445676119,20,True,"$|S \cap \{1,2\}| = 1$"
"('$X_2$', '$Z_{2}$', '$Z_{3}$')",3,0.6973188805024432,0.6978213962298427,0.0005025157273995662,20,True,"$|S \cap \{1,2\}| = 1$"
"('$X_2$', '$Z_{2}$', '$Z_{4}$')",3,0.7038187433348458,0.7081082657051645,0.004289522370318655,20,True,"$|S \cap \{1,2\}| = 1$"
"('$X_2$', '$Z_{2}$', '$Z_{5}$')",3,0.7055667626625891,0.70142908234782,-0.004137680314769132,20,True,"$|S \cap \{1,2\}| = 1$"
"('$X_2$', '$Z_{2}$', '$Z_{6}$')",3,0.7049551879043247,0.6970049881612879,-0.00795019974303679,20,True,"$|S \cap \{1,2\}| = 1$"
"('$X_2$', '$Z_{3}$', '$Z_{4}$')",3,0.7040912868449252,0.6980754821410209,-0.006015804703904282,20,True,"$|S \cap \{1,2\}| = 1$"
"('$X_2$', '$Z_{3}$', '$Z_{5}$')",3,0.6994345782150628,0.7072495631939419,0.007814984978879114,20,True,"$|S \cap \{1,2\}| = 1$"
"('$X_2$', '$Z_{3}$', '$Z_{6}$')",3,0.701262079457369,0.7035664190793262,0.0023043396219571965,20,True,"$|S \cap \{1,2\}| = 1$"
"('$X_2$', '$Z_{4}$', '$Z_{5}$')",3,0.7040745219369932,0.7070539011381587,0.002979379201165533,20,True,"$|S \cap \{1,2\}| = 1$"
"('$X_2$', '$Z_{4}$', '$Z_{6}$')",3,0.7052240154019677,0.700611153358609,-0.004612862043358645,20,True,"$|S \cap \{1,2\}| = 1$"
"('$X_2$', '$Z_{5}$', '$Z_{6}$')",3,0.7045119340830138,0.7059867423750383,0.0014748082920245098,20,True,"$|S \cap \{1,2\}| = 1$"
"('$Z_{1}$', '$Z_{2}$', '$Z_{3}$')",3,0.7023530008698476,0.701472856293828,-0.0008801445760195925,20,False,"$S \cap \{1,2\} = \emptyset$"
"('$Z_{1}$', '$Z_{2}$', '$Z_{4}$')",3,0.7029543955506145,0.7101248370798191,0.007170441529204652,20,False,"$S \cap \{1,2\} = \emptyset$"
"('$Z_{1}$', '$Z_{2}$', '$Z_{5}$')",3,0.7070589435800664,0.7042767852253733,-0.0027821583546930873,20,False,"$S \cap \{1,2\} = \emptyset$"
"('$Z_{1}$', '$Z_{2}$', '$Z_{6}$')",3,0.7082965339410375,0.6999132711712284,-0.008383262769809163,20,False,"$S \cap \{1,2\} = \emptyset$"
"('$Z_{1}$', '$Z_{3}$', '$Z_{4}$')",3,0.7047049260198276,0.7009599370946595,-0.003744988925168058,20,False,"$S \cap \{1,2\} = \emptyset$"
"('$Z_{1}$', '$Z_{3}$', '$Z_{5}$')",3,0.702404118708521,0.7028346989534872,0.0004305802449661167,20,False,"$S \cap \{1,2\} = \emptyset$"
"('$Z_{1}$', '$Z_{3}$', '$Z_{6}$')",3,0.7077242990141122,0.7056010764213925,-0.002123222592719687,20,False,"$S \cap \{1,2\} = \emptyset$"
"('$Z_{1}$', '$Z_{4}$', '$Z_{5}$')",3,0.7006367346057295,0.7073579121704037,0.006721177564674163,20,False,"$S \cap \{1,2\} = \emptyset$"
"('$Z_{1}$', '$Z_{4}$', '$Z_{6}$')",3,0.7039976482268742,0.7027219514674412,-0.0012756967594329538,20,False,"$S \cap \{1,2\} = \emptyset$"
"('$Z_{1}$', '$Z_{5}$', '$Z_{6}$')",3,0.7071166238488483,0.6986817843863056,-0.008434839462542754,20,False,"$S \cap \{1,2\} = \emptyset$"
"('$Z_{2}$', '$Z_{3}$', '$Z_{4}$')",3,0.6988189613356683,0.7053929848788425,0.006574023543174157,20,False,"$S \cap \{1,2\} = \emptyset$"
"('$Z_{2}$', '$Z_{3}$', '$Z_{5}$')",3,0.701022050693726,0.6979232625109649,-0.003098788182761103,20,False,"$S \cap \{1,2\} = \emptyset$"
"('$Z_{2}$', '$Z_{3}$', '$Z_{6}$')",3,0.6991338206173469,0.7077410049236031,0.008607184306256288,20,False,"$S \cap \{1,2\} = \emptyset$"
"('$Z_{2}$', '$Z_{4}$', '$Z_{5}$')",3,0.7027683264361978,0.7033706318553706,0.0006023054191728328,20,False,"$S \cap \{1,2\} = \emptyset$"
"('$Z_{2}$', '$Z_{4}$', '$Z_{6}$')",3,0.7018784756709101,0.704243561405335,0.0023650857344248433,20,False,"$S \cap \{1,2\} = \emptyset$"
"('$Z_{2}$', '$Z_{5}$', '$Z_{6}$')",3,0.7030870681482163,0.7078117578413041,0.0047246896930878135,20,False,"$S \cap \{1,2\} = \emptyset$"
"('$Z_{3}$', '$Z_{4}$', '$Z_{5}$')",3,0.7000881822451377,0.6992083651060079,-0.0008798171391297682,20,False,"$S \cap \{1,2\} = \emptyset$"
"('$Z_{3}$', '$Z_{4}$', '$Z_{6}$')",3,0.7000762064685992,0.7000778211727511,1.61470415183107e-06,20,False,"$S \cap \{1,2\} = \emptyset$"
"('$Z_{3}$', '$Z_{5}$', '$Z_{6}$')",3,0.6988226713857978,0.7034925234217589,0.004669852035961153,20,False,"$S \cap \{1,2\} = \emptyset$"
"('$Z_{4}$', '$Z_{5}$', '$Z_{6}$')",3,0.6978258659914477,0.6910108714918625,-0.006814994499585225,20,False,"$S \cap \{1,2\} = \emptyset$"
"('$X_1$', '$X_2$')",2,0.05357968051153748,0.7062580442553505,0.652678363743813,21,True,"$S \supseteq \{1,2\}$"
"('$X_1$', '$Z_{1}$')",2,0.7098598047497091,0.7011299469683703,-0.008729857781338834,21,True,"$|S \cap \{1,2\}| = 1$"
"('$X_1$', '$Z_{2}$')",2,0.7126531408923203,0.7023782636652688,-0.01027487722705156,21,True,"$|S \cap \{1,2\}| = 1$"
"('$X_1$', '$Z_{3}$')",2,0.6988243966314748,0.7080159664115743,0.009191569780099496,21,True,"$|S \cap \{1,2\}| = 1$"
"('$X_1$', '$Z_{4}$')",2,0.7059357102605495,0.6958177318150386,-0.010117978445510878,21,True,"$|S \cap \{1,2\}| = 1$"
"('$X_1$', '$Z_{5}$')",2,0.713475139513688,0.7060250756999977,-0.007450063813690289,21,True,"$|S \cap \{1,2\}| = 1$"
"('$X_1$', '$Z_{6}$')",2,0.7068056787683241,0.7024952409923316,-0.004310437775992493,21,True,"$|S \cap \{1,2\}| = 1$"
"('$X_2$', '$Z_{1}$')",2,0.7012749508358891,0.7073322157503349,0.0060572649144458035,21,True,"$|S \cap \{1,2\}| = 1$"
"('$X_2$', '$Z_{2}$')",2,0.7065031658687071,0.7045172691430752,-0.001985896725631875,21,True,"$|S \cap \{1,2\}| = 1$"
"('$X_2$', '$Z_{3}$')",2,0.702274515697854,0.7115764478874769,0.00930193218962283,21,True,"$|S \cap \{1,2\}| = 1$"
"('$X_2$', '$Z_{4}$')",2,0.7035104810729883,0.7111112930194463,0.007600811946458008,21,True,"$|S \cap \{1,2\}| = 1$"
"('$X_2$', '$Z_{5}$')",2,0.7117687617226824,0.7016045937505574,-0.010164167972125049,21,True,"$|S \cap \{1,2\}| = 1$"
"('$X_2$', '$Z_{6}$')",2,0.7087155677056749,0.6971820845944063,-0.011533483111268561,21,True,"$|S \cap \{1,2\}| = 1$"
"('$Z_{1}$', '$Z_{2}$')",2,0.7093595037190855,0.7104897439265512,0.0011302402074656603,21,False,"$S \cap \{1,2\} = \emptyset$"
"('$Z_{1}$', '$Z_{3}$')",2,0.7030087147568936,0.7086318935841164,0.005623178827222741,21,False,"$S \cap \{1,2\} = \emptyset$"
"('$Z_{1}$', '$Z_{4}$')",2,0.7041369822707423,0.7109523155574273,0.006815333286685044,21,False,"$S \cap \{1,2\} = \emptyset$"
"('$Z_{1}$', '$Z_{5}$')",2,0.7067914865713428,0.7100859999436206,0.0032945133722778186,21,False,"$S \cap \{1,2\} = \emptyset$"
"('$Z_{1}$', '$Z_{6}$')",2,0.7069910237680781,0.7122933497836036,0.005302326015525494,21,False,"$S \cap \{1,2\} = \emptyset$"
"('$Z_{2}$', '$Z_{3}$')",2,0.7037031753855167,0.7072737177749046,0.0035705423893878097,21,False,"$S \cap \{1,2\} = \emptyset$"
"('$Z_{2}$', '$Z_{4}$')",2,0.7094540607693689,0.6974559809958757,-0.011998079773493209,21,False,"$S \cap \{1,2\} = \emptyset$"
"('$Z_{2}$', '$Z_{5}$')",2,0.7076209557559696,0.7030948005974752,-0.004526155158494416,21,False,"$S \cap \{1,2\} = \emptyset$"
"('$Z_{2}$', '$Z_{6}$')",2,0.7105200801145256,0.7033195082894326,-0.007200571825093038,21,False,"$S \cap \{1,2\} = \emptyset$"
"('$Z_{3}$', '$Z_{4}$')",2,0.6929443356953978,0.7051839147743633,0.012239579078965446,21,False,"$S \cap \{1,2\} = \emptyset$"
"('$Z_{3}$', '$Z_{5}$')",2,0.7011293881832025,0.7131300844233592,0.01200069624015676,21,False,"$S \cap \{1,2\} = \emptyset$"
"('$Z_{3}$', '$Z_{6}$')",2,0.6994068877275909,0.7056720087670053,0.006265121039414456,21,False,"$S \cap \{1,2\} = \emptyset$"
"('$Z_{4}$', '$Z_{5}$')",2,0.7111183919419355,0.7035211847017877,-0.007597207240147785,21,False,"$S \cap \{1,2\} = \emptyset$"
"('$Z_{4}$', '$Z_{6}$')",2,0.6992950986713572,0.7055968363397491,0.006301737668391927,21,False,"$S \cap \{1,2\} = \emptyset$"
"('$Z_{5}$', '$Z_{6}$')",2,0.7084164635795346,0.7033866929191362,-0.005029770660398336,21,False,"$S \cap \{1,2\} = \emptyset$"
"('$X_1$', '$X_2$', '$Z_{1}$')",3,0.1683720735579045,0.699947311331008,0.5315752377731034,21,True,"$S \supseteq \{1,2\}$"
"('$X_1$', '$X_2$', '$Z_{2}$')",3,0.17074372859329037,0.7011573092299433,0.530413580636653,21,True,"$S \supseteq \{1,2\}$"
"('$X_1$', '$X_2$', '$Z_{3}$')",3,0.16135076178037314,0.7057579874944736,0.5444072257141005,21,True,"$S \supseteq \{1,2\}$"
"('$X_1$', '$X_2$', '$Z_{4}$')",3,0.1742538770729791,0.6981713259398521,0.523917448866873,21,True,"$S \supseteq \{1,2\}$"
"('$X_1$', '$X_2$', '$Z_{5}$')",3,0.1788814168364582,0.7009144267165046,0.5220330098800464,21,True,"$S \supseteq \{1,2\}$"
"('$X_1$', '$X_2$', '$Z_{6}$')",3,0.17383398579280882,0.7100647304392833,0.5362307446464745,21,True,"$S \supseteq \{1,2\}$"
"('$X_1$', '$Z_{1}$', '$Z_{2}$')",3,0.7045779925355825,0.7058267146134732,0.0012487220778907293,21,True,"$|S \cap \{1,2\}| = 1$"
"('$X_1$', '$Z_{1}$', '$Z_{3}$')",3,0.6973454266294133,0.6937356157631819,-0.0036098108662314665,21,True,"$|S \cap \{1,2\}| = 1$"
"('$X_1$', '$Z_{1}$', '$Z_{4}$')",3,0.7019734657490366,0.7038106082216538,0.001837142472617126,21,True,"$|S \cap \{1,2\}| = 1$"
"('$X_1$', '$Z_{1}$', '$Z_{5}$')",3,0.7066258240218787,0.6962999842017195,-0.010325839820159222,21,True,"$|S \cap \{1,2\}| = 1$"
"('$X_1$', '$Z_{1}$', '$Z_{6}$')",3,0.7051573048469275,0.7061146362529919,0.0009573314060643545,21,True,"$|S \cap \{1,2\}| = 1$"
"('$X_1$', '$Z_{2}$', '$Z_{3}$')",3,0.7018248366843283,0.7083269995387057,0.006502162854377436,21,True,"$|S \cap \{1,2\}| = 1$"
"('$X_1$', '$Z_{2}$', '$Z_{4}$')",3,0.707160445557096,0.7040474301461979,-0.0031130154108981456,21,True,"$|S \cap \{1,2\}| = 1$"
"('$X_1$', '$Z_{2}$', '$Z_{5}$')",3,0.7081396126854698,0.7079362184211427,-0.00020339426432702812,21,True,"$|S \cap \{1,2\}| = 1$"
"('$X_1$', '$Z_{2}$', '$Z_{6}$')",3,0.7056025254277697,0.7055131729233344,-8.935250443531384e-05,21,True,"$|S \cap \{1,2\}| = 1$"
"('$X_1$', '$Z_{3}$', '$Z_{4}$')",3,0.6947228875865566,0.7030221315436966,0.00829924395713999,21,True,"$|S \cap \{1,2\}| = 1$"
"('$X_1$', '$Z_{3}$', '$Z_{5}$')",3,0.702224087802308,0.7010229842744361,-0.0012011035278719495,21,True,"$|S \cap \{1,2\}| = 1$"
"('$X_1$', '$Z_{3}$', '$Z_{6}$')",3,0.7005460036278036,0.7019724916728057,0.0014264880450021167,21,True,"$|S \cap \{1,2\}| = 1$"
"('$X_1$', '$Z_{4}$', '$Z_{5}$')",3,0.7031978949216141,0.7014526588551011,-0.0017452360665130007,21,True,"$|S \cap \{1,2\}| = 1$"
"('$X_1$', '$Z_{4}$', '$Z_{6}$')",3,0.6981883837756642,0.7017970346715867,0.0036086508959225494,21,True,"$|S \cap \{1,2\}| = 1$"
"('$X_1$', '$Z_{5}$', '$Z_{6}$')",3,0.7078461620771767,0.6950009407105946,-0.01284522136658206,21,True,"$|S \cap \{1,2\}| = 1$"
"('$X_2$', '$Z_{1}$', '$Z_{2}$')",3,0.7013955486191881,0.705377578361278,0.003982029742089943,21,True,"$|S \cap \{1,2\}| = 1$"
"('$X_2$', '$Z_{1}$', '$Z_{3}$')",3,0.6979951275825883,0.6987175637489745,0.0007224361663862311,21,True,"$|S \cap \{1,2\}| = 1$"
"('$X_2$', '$Z_{1}$', '$Z_{4}$')",3,0.6988571474311133,0.7032579701420765,0.004400822710963204,21,True,"$|S \cap \{1,2\}| = 1$"
"('$X_2$', '$Z_{1}$', '$Z_{5}$')",3,0.7017121106123729,0.7048520382190927,0.0031399276067197723,21,True,"$|S \cap \{1,2\}| = 1$"
"('$X_2$', '$Z_{1}$', '$Z_{6}$')",3,0.7035025988378113,0.7048997080752288,0.0013971092374175376,21,True,"$|S \cap \{1,2\}| = 1$"
"('$X_2$', '$Z_{2}$', '$Z_{3}$')",3,0.7027949030132539,0.703774102329542,0.000979199316288093,21,True,"$|S \cap \{1,2\}| = 1$"
"('$X_2$', '$Z_{2}$', '$Z_{4}$')",3,0.7062639965990936,0.7050219016252193,-0.001242094973874286,21,True,"$|S \cap \{1,2\}| = 1$"
"('$X_2$', '$Z_{2}$', '$Z_{5}$')",3,0.7066950232100213,0.6942525901278743,-0.012442433082146986,21,True,"$|S \cap \{1,2\}| = 1$"
"('$X_2$', '$Z_{2}$', '$Z_{6}$')",3,0.7075355875292526,0.7011245294096796,-0.006411058119572988,21,True,"$|S \cap \{1,2\}| = 1$"
"('$X_2$', '$Z_{3}$', '$Z_{4}$')",3,0.6979767445305515,0.7101240696808441,0.012147325150292598,21,True,"$|S \cap \{1,2\}| = 1$"
"('$X_2$', '$Z_{3}$', '$Z_{5}$')",3,0.7035073129475048,0.7046699195638491,0.0011626066163442639,21,True,"$|S \cap \{1,2\}| = 1$"
"('$X_2$', '$Z_{3}$', '$Z_{6}$')",3,0.7033130948647931,0.7019428728317527,-0.0013702220330403803,21,True,"$|S \cap \{1,2\}| = 1$"
"('$X_2$', '$Z_{4}$', '$Z_{5}$')",3,0.7069343045695766,0.7059361314269663,-0.0009981731426103035,21,True,"$|S \cap \{1,2\}| = 1$"
"('$X_2$', '$Z_{4}$', '$Z_{6}$')",3,0.7024983053837138,0.7010014822650078,-0.0014968231187060255,21,True,"$|S \cap \{1,2\}| = 1$"
"('$X_2$', '$Z_{5}$', '$Z_{6}$')",3,0.7085507667507589,0.7046019195290715,-0.003948847221687424,21,True,"$|S \cap \{1,2\}| = 1$"
"('$Z_{1}$', '$Z_{2}$', '$Z_{3}$')",3,0.7004873055100377,0.7074340552648084,0.00694674975477072,21,False,"$S \cap \{1,2\} = \emptyset$"
"('$Z_{1}$', '$Z_{2}$', '$Z_{4}$')",3,0.7018155355927321,0.7005213304223653,-0.0012942051703668245,21,False,"$S \cap \{1,2\} = \emptyset$"
"('$Z_{1}$', '$Z_{2}$', '$Z_{5}$')",3,0.6991265637283776,0.7027106220825892,0.0035840583542116056,21,False,"$S \cap \{1,2\} = \emptyset$"
"('$Z_{1}$', '$Z_{2}$', '$Z_{6}$')",3,0.704865013054784,0.7028196160372647,-0.002045397017519268,21,False,"$S \cap \{1,2\} = \emptyset$"
"('$Z_{1}$', '$Z_{3}$', '$Z_{4}$')",3,0.6949921238341072,0.7036340618648194,0.008641938030712115,21,False,"$S \cap \{1,2\} = \emptyset$"
"('$Z_{1}$', '$Z_{3}$', '$Z_{5}$')",3,0.6979478800788713,0.704507697925447,0.006559817846575666,21,False,"$S \cap \{1,2\} = \emptyset$"
"('$Z_{1}$', '$Z_{3}$', '$Z_{6}$')",3,0.6995266004958803,0.7092578656977924,0.009731265201912032,21,False,"$S \cap \{1,2\} = \emptyset$"
"('$Z_{1}$', '$Z_{4}$', '$Z_{5}$')",3,0.7026540872513518,0.701425689393632,-0.0012283978577197763,21,False,"$S \cap \{1,2\} = \emptyset$"
"('$Z_{1}$', '$Z_{4}$', '$Z_{6}$')",3,0.69990390925678,0.7018810800521476,0.001977170795367522,21,False,"$S \cap \{1,2\} = \emptyset$"
"('$Z_{1}$', '$Z_{5}$', '$Z_{6}$')",3,0.7023711978391369,0.704185256611449,0.0018140587723121104,21,False,"$S \cap \{1,2\} = \emptyset$"
"('$Z_{2}$', '$Z_{3}$', '$Z_{4}$')",3,0.7036881875322044,0.7005022329942523,-0.003185954537952118,21,False,"$S \cap \{1,2\} = \emptyset$"
"('$Z_{2}$', '$Z_{3}$', '$Z_{5}$')",3,0.6989151666930429,0.7061702745643377,0.007255107871294797,21,False,"$S \cap \{1,2\} = \emptyset$"
"('$Z_{2}$', '$Z_{3}$', '$Z_{6}$')",3,0.7035920779677393,0.7050834098546993,0.0014913318869600456,21,False,"$S \cap \{1,2\} = \emptyset$"
"('$Z_{2}$', '$Z_{4}$', '$Z_{5}$')",3,0.7067161728696681,0.7114648588173811,0.004748685947712938,21,False,"$S \cap \{1,2\} = \emptyset$"
"('$Z_{2}$', '$Z_{4}$', '$Z_{6}$')",3,0.7034275555646284,0.7034831620496117,5.5606484983261595e-05,21,False,"$S \cap \{1,2\} = \emptyset$"
"('$Z_{2}$', '$Z_{5}$', '$Z_{6}$')",3,0.7070246747857607,0.7059894086498041,-0.001035266135956614,21,False,"$S \cap \{1,2\} = \emptyset$"
"('$Z_{3}$', '$Z_{4}$', '$Z_{5}$')",3,0.6985959331261858,0.699051709695229,0.00045577656904316477,21,False,"$S \cap \{1,2\} = \emptyset$"
"('$Z_{3}$', '$Z_{4}$', '$Z_{6}$')",3,0.6961687555015206,0.699892050181626,0.00372329468010546,21,False,"$S \cap \{1,2\} = \emptyset$"
"('$Z_{3}$', '$Z_{5}$', '$Z_{6}$')",3,0.7017666478903983,0.7054619347296474,0.0036952868392490235,21,False,"$S \cap \{1,2\} = \emptyset$"
"('$Z_{4}$', '$Z_{5}$', '$Z_{6}$')",3,0.7019039159554329,0.7059452730379271,0.004041357082494201,21,False,"$S \cap \{1,2\} = \emptyset$"
"('$X_1$', '$X_2$')",2,0.05249018847452962,0.7101005091128937,0.6576103206383641,22,True,"$S \supseteq \{1,2\}$"
"('$X_1$', '$Z_{1}$')",2,0.7107429393483077,0.7054533383053243,-0.005289601042983372,22,True,"$|S \cap \{1,2\}| = 1$"
"('$X_1$', '$Z_{2}$')",2,0.7036086495161085,0.7000208223832968,-0.003587827132811694,22,True,"$|S \cap \{1,2\}| = 1$"
"('$X_1$', '$Z_{3}$')",2,0.7051568390713628,0.7083795994241373,0.0032227603527744675,22,True,"$|S \cap \{1,2\}| = 1$"
"('$X_1$', '$Z_{4}$')",2,0.706896978041976,0.7102503392277224,0.003353361185746362,22,True,"$|S \cap \{1,2\}| = 1$"
"('$X_1$', '$Z_{5}$')",2,0.7062274693762645,0.7050906434093738,-0.0011368259668906866,22,True,"$|S \cap \{1,2\}| = 1$"
"('$X_1$', '$Z_{6}$')",2,0.702574537115654,0.7069454658979757,0.0043709287823217036,22,True,"$|S \cap \{1,2\}| = 1$"
"('$X_2$', '$Z_{1}$')",2,0.7202835245370646,0.7087960592872107,-0.01148746524985389,22,True,"$|S \cap \{1,2\}| = 1$"
"('$X_2$', '$Z_{2}$')",2,0.7091229003728724,0.7025152540415337,-0.006607646331338701,22,True,"$|S \cap \{1,2\}| = 1$"
"('$X_2$', '$Z_{3}$')",2,0.7142600334138013,0.7087243807583233,-0.005535652655477952,22,True,"$|S \cap \{1,2\}| = 1$"
"('$X_2$', '$Z_{4}$')",2,0.713353345198484,0.7090611116554137,-0.00429223354307029,22,True,"$|S \cap \{1,2\}| = 1$"
"('$X_2$', '$Z_{5}$')",2,0.7108853604198688,0.7049405101363061,-0.00594485028356273,22,True,"$|S \cap \{1,2\}| = 1$"
"('$X_2$', '$Z_{6}$')",2,0.7119207871358866,0.701547810461515,-0.010372976674371537,22,True,"$|S \cap \{1,2\}| = 1$"
"('$Z_{1}$', '$Z_{2}$')",2,0.7150180617275735,0.7095625928647441,-0.005455468862829438,22,False,"$S \cap \{1,2\} = \emptyset$"
"('$Z_{1}$', '$Z_{3}$')",2,0.7115646620985919,0.7120452394838492,0.0004805773852573081,22,False,"$S \cap \{1,2\} = \emptyset$"
"('$Z_{1}$', '$Z_{4}$')",2,0.7127957890005134,0.6999273712436659,-0.01286841775684755,22,False,"$S \cap \{1,2\} = \emptyset$"
"('$Z_{1}$', '$Z_{5}$')",2,0.7156453764262256,0.7011747187204606,-0.014470657705765055,22,False,"$S \cap \{1,2\} = \emptyset$"
"('$Z_{1}$', '$Z_{6}$')",2,0.7129543225257969,0.7147058680596706,0.0017515455338736885,22,False,"$S \cap \{1,2\} = \emptyset$"
"('$Z_{2}$', '$Z_{3}$')",2,0.7032262602029578,0.7076639963461512,0.004437736143193427,22,False,"$S \cap \{1,2\} = \emptyset$"
"('$Z_{2}$', '$Z_{4}$')",2,0.7103054301330981,0.7076153232955155,-0.00269010683758264,22,False,"$S \cap \{1,2\} = \emptyset$"
"('$Z_{2}$', '$Z_{5}$')",2,0.7036156184299718,0.7090994821957722,0.005483863765800456,22,False,"$S \cap \{1,2\} = \emptyset$"
"('$Z_{2}$', '$Z_{6}$')",2,0.699514760080752,0.7045722291840575,0.005057469103305512,22,False,"$S \cap \{1,2\} = \emptyset$"
"('$Z_{3}$', '$Z_{4}$')",2,0.7157712138933912,0.7094805854991774,-0.006290628394213793,22,False,"$S \cap \{1,2\} = \emptyset$"
"('$Z_{3}$', '$Z_{5}$')",2,0.7134594359100349,0.7083469953735293,-0.005112440536505614,22,False,"$S \cap \{1,2\} = \emptyset$"
"('$Z_{3}$', '$Z_{6}$')",2,0.7073636255893352,0.7054946567138571,-0.0018689688754780498,22,False,"$S \cap \{1,2\} = \emptyset$"
"('$Z_{4}$', '$Z_{5}$')",2,0.7059108304350178,0.6990700649674648,-0.006840765467552967,22,False,"$S \cap \{1,2\} = \emptyset$"
"('$Z_{4}$', '$Z_{6}$')",2,0.7110998315469397,0.7108616406090281,-0.0002381909379115532,22,False,"$S \cap \{1,2\} = \emptyset$"
"('$Z_{5}$', '$Z_{6}$')",2,0.7135450444807248,0.706442629683552,-0.007102414797172774,22,False,"$S \cap \{1,2\} = \emptyset$"
"('$X_1$', '$X_2$', '$Z_{1}$')",3,0.19611913838744732,0.7038684107791499,0.5077492723917025,22,True,"$S \supseteq \{1,2\}$"
"('$X_1$', '$X_2$', '$Z_{2}$')",3,0.19390413950762125,0.7008711304152969,0.5069669909076757,22,True,"$S \supseteq \{1,2\}$"
"('$X_1$', '$X_2$', '$Z_{3}$')",3,0.19449024499150386,0.70075308735587,0.5062628423643663,22,True,"$S \supseteq \{1,2\}$"
"('$X_1$', '$X_2$', '$Z_{4}$')",3,0.18591161385225508,0.6989376711986102,0.5130260573463551,22,True,"$S \supseteq \{1,2\}$"
"('$X_1$', '$X_2$', '$Z_{5}$')",3,0.18432227097962642,0.7052504287085928,0.5209281577289664,22,True,"$S \supseteq \{1,2\}$"
"('$X_1$', '$X_2$', '$Z_{6}$')",3,0.1883037333298235,0.7030639163590668,0.5147601830292433,22,True,"$S \supseteq \{1,2\}$"
"('$X_1$', '$Z_{1}$', '$Z_{2}$')",3,0.7049058507109537,0.7066377833795102,0.001731932668556535,22,True,"$|S \cap \{1,2\}| = 1$"
"('$X_1$', '$Z_{1}$', '$Z_{3}$')",3,0.7017027796651564,0.7064150580353155,0.004712278370159084,22,True,"$|S \cap \{1,2\}| = 1$"
"('$X_1$', '$Z_{1}$', '$Z_{4}$')",3,0.7050829005805686,0.7068946703724726,0.0018117697919040054,22,True,"$|S \cap \{1,2\}| = 1$"
"('$X_1$', '$Z_{1}$', '$Z_{5}$')",3,0.7067566607865264,0.7058761092628071,-0.0008805515237193529,22,True,"$|S \cap \{1,2\}| = 1$"
"('$X_1$', '$Z_{1}$', '$Z_{6}$')",3,0.7051060609928591,0.700451035719584,-0.004655025273275104,22,True,"$|S \cap \{1,2\}| = 1$"
"('$X_1$', '$Z_{2}$', '$Z_{3}$')",3,0.6980644322765529,0.7085689960886652,0.010504563812112289,22,True,"$|S \cap \{1,2\}| = 1$"
"('$X_1$', '$Z_{2}$', '$Z_{4}$')",3,0.7017208960424756,0.6970200293324009,-0.004700866710074636,22,True,"$|S \cap \{1,2\}| = 1$"
"('$X_1$', '$Z_{2}$', '$Z_{5}$')",3,0.7016231340879954,0.7027064645953801,0.0010833305073847388,22,True,"$|S \cap \{1,2\}| = 1$"
"('$X_1$', '$Z_{2}$', '$Z_{6}$')",3,0.6972180961482082,0.7115392956317367,0.014321199483528502,22,True,"$|S \cap \{1,2\}| = 1$"
"('$X_1$', '$Z_{3}$', '$Z_{4}$')",3,0.7034930489117112,0.7052281677292662,0.0017351188175550591,22,True,"$|S \cap \{1,2\}| = 1$"
"('$X_1$', '$Z_{3}$', '$Z_{5}$')",3,0.7040976281102618,0.706664027050072,0.002566398939810255,22,True,"$|S \cap \{1,2\}| = 1$"
"('$X_1$', '$Z_{3}$', '$Z_{6}$')",3,0.7000703686555841,0.7107169897187148,0.010646621063130635,22,True,"$|S \cap \{1,2\}| = 1$"
"('$X_1$', '$Z_{4}$', '$Z_{5}$')",3,0.7009526144875813,0.7013812616245406,0.000428647136959337,22,True,"$|S \cap \{1,2\}| = 1$"
"('$X_1$', '$Z_{4}$', '$Z_{6}$')",3,0.7024219494079363,0.6990458142570519,-0.0033761351508844184,22,True,"$|S \cap \{1,2\}| = 1$"
"('$X_1$', '$Z_{5}$', '$Z_{6}$')",3,0.7021965924377471,0.6984577180822589,-0.003738874355488253,22,True,"$|S \cap \{1,2\}| = 1$"
"('$X_2$', '$Z_{1}$', '$Z_{2}$')",3,0.711846749105418,0.7005966333440581,-0.011250115761359925,22,True,"$|S \cap \{1,2\}| = 1$"
"('$X_2$', '$Z_{1}$', '$Z_{3}$')",3,0.7070055209613,0.7041401930500734,-0.0028653279112266228,22,True,"$|S \cap \{1,2\}| = 1$"
"('$X_2$', '$Z_{1}$', '$Z_{4}$')",3,0.7136585479558939,0.7077685870597571,-0.005889960896136803,22,True,"$|S \cap \{1,2\}| = 1$"
"('$X_2$', '$Z_{1}$', '$Z_{5}$')",3,0.7129477779735808,0.7025154979217609,-0.010432280051819842,22,True,"$|S \cap \{1,2\}| = 1$"
"('$X_2$', '$Z_{1}$', '$Z_{6}$')",3,0.7125480472919525,0.7055484355454922,-0.006999611746460355,22,True,"$|S \cap \{1,2\}| = 1$"
"('$X_2$', '$Z_{2}$', '$Z_{3}$')",3,0.7042735577976524,0.7037276403458871,-0.0005459174517653542,22,True,"$|S \cap \{1,2\}| = 1$"
"('$X_2$', '$Z_{2}$', '$Z_{4}$')",3,0.7074348680721848,0.7050824211324307,-0.002352446939754116,22,True,"$|S \cap \{1,2\}| = 1$"
"('$X_2$', '$Z_{2}$', '$Z_{5}$')",3,0.7067610166080632,0.6999995427308254,-0.0067614738772378,22,True,"$|S \cap \{1,2\}| = 1$"
"('$X_2$', '$Z_{2}$', '$Z_{6}$')",3,0.7034826610172852,0.7081305586641208,0.004647897646835597,22,True,"$|S \cap \{1,2\}| = 1$"
"('$X_2$', '$Z_{3}$', '$Z_{4}$')",3,0.7087145258730668,0.7062043826505171,-0.002510143222549721,22,True,"$|S \cap \{1,2\}| = 1$"
"('$X_2$', '$Z_{3}$', '$Z_{5}$')",3,0.7079725087815205,0.7036638549537855,-0.004308653827735043,22,True,"$|S \cap \{1,2\}| = 1$"
"('$X_2$', '$Z_{3}$', '$Z_{6}$')",3,0.7079481976597177,0.7017980112016275,-0.006150186458090179,22,True,"$|S \cap \{1,2\}| = 1$"
"('$X_2$', '$Z_{4}$', '$Z_{5}$')",3,0.7057024089527402,0.6953533075857817,-0.010349101366958435,22,True,"$|S \cap \{1,2\}| = 1$"
"('$X_2$', '$Z_{4}$', '$Z_{6}$')",3,0.7075257701396896,0.7010225592487526,-0.006503210890937083,22,True,"$|S \cap \{1,2\}| = 1$"
"('$X_2$', '$Z_{5}$', '$Z_{6}$')",3,0.7104324676896301,0.7101141860374709,-0.00031828165215919135,22,True,"$|S \cap \{1,2\}| = 1$"
"('$Z_{1}$', '$Z_{2}$', '$Z_{3}$')",3,0.7053346638385147,0.7022247732173871,-0.0031098906211276534,22,False,"$S \cap \{1,2\} = \emptyset$"
"('$Z_{1}$', '$Z_{2}$', '$Z_{4}$')",3,0.7084784534941369,0.7041550623315098,-0.004323391162627033,22,False,"$S \cap \{1,2\} = \emptyset$"
"('$Z_{1}$', '$Z_{2}$', '$Z_{5}$')",3,0.7051019594506308,0.6977855239870144,-0.0073164354636163775,22,False,"$S \cap \{1,2\} = \emptyset$"
"('$Z_{1}$', '$Z_{2}$', '$Z_{6}$')",3,0.7042936318163584,0.7048613807464329,0.0005677489300744964,22,False,"$S \cap \{1,2\} = \emptyset$"
"('$Z_{1}$', '$Z_{3}$', '$Z_{4}$')",3,0.7088582371396474,0.7015143937546784,-0.007343843384968962,22,False,"$S \cap \{1,2\} = \emptyset$"
"('$Z_{1}$', '$Z_{3}$', '$Z_{5}$')",3,0.7099772984309579,0.7009340556509823,-0.009043242779975591,22,False,"$S \cap \{1,2\} = \emptyset$"
"('$Z_{1}$', '$Z_{3}$', '$Z_{6}$')",3,0.7052241517052141,0.6993643995369343,-0.00585975216827983,22,False,"$S \cap \{1,2\} = \emptyset$"
"('$Z_{1}$', '$Z_{4}$', '$Z_{5}$')",3,0.7083869572052874,0.706459545600508,-0.0019274116047793832,22,False,"$S \cap \{1,2\} = \emptyset$"
"('$Z_{1}$', '$Z_{4}$', '$Z_{6}$')",3,0.7081093303361058,0.7032803686571226,-0.004828961678983168,22,False,"$S \cap \{1,2\} = \emptyset$"
"('$Z_{1}$', '$Z_{5}$', '$Z_{6}$')",3,0.7139657836979229,0.7069773798910259,-0.0069884038068969145,22,False,"$S \cap \{1,2\} = \emptyset$"
"('$Z_{2}$', '$Z_{3}$', '$Z_{4}$')",3,0.7044637656723267,0.70644201200122,0.0019782463288933183,22,False,"$S \cap \{1,2\} = \emptyset$"
"('$Z_{2}$', '$Z_{3}$', '$Z_{5}$')",3,0.6995881735900428,0.7011190348812021,0.0015308612911593134,22,False,"$S \cap \{1,2\} = \emptyset$"
"('$Z_{2}$', '$Z_{3}$', '$Z_{6}$')",3,0.698863169637682,0.7144449689974846,0.015581799359802528,22,False,"$S \cap \{1,2\} = \emptyset$"
"('$Z_{2}$', '$Z_{4}$', '$Z_{5}$')",3,0.6989474049633814,0.6979165520366843,-0.0010308529266970234,22,False,"$S \cap \{1,2\} = \emptyset$"
"('$Z_{2}$', '$Z_{4}$', '$Z_{6}$')",3,0.7021410603298214,0.7002180396381071,-0.001923020691714239,22,False,"$S \cap \{1,2\} = \emptyset$"
"('$Z_{2}$', '$Z_{5}$', '$Z_{6}$')",3,0.7027034022499199,0.7059906779326584,0.0032872756827384553,22,False,"$S \cap \{1,2\} = \emptyset$"
"('$Z_{3}$', '$Z_{4}$', '$Z_{5}$')",3,0.7084378516100543,0.7042209665353834,-0.004216885074670995,22,False,"$S \cap \{1,2\} = \emptyset$"
"('$Z_{3}$', '$Z_{4}$', '$Z_{6}$')",3,0.705476406105804,0.7020824179346726,-0.0033939881711313458,22,False,"$S \cap \{1,2\} = \emptyset$"
"('$Z_{3}$', '$Z_{5}$', '$Z_{6}$')",3,0.7070473074499131,0.7013335333461389,-0.005713774103774161,22,False,"$S \cap \{1,2\} = \emptyset$"
"('$Z_{4}$', '$Z_{5}$', '$Z_{6}$')",3,0.7030462817779528,0.7012613112972181,-0.0017849704807346711,22,False,"$S \cap \{1,2\} = \emptyset$"
"('$X_1$', '$X_2$')",2,0.06211579663398952,0.7031417456165066,0.6410259489825171,23,True,"$S \supseteq \{1,2\}$"
"('$X_1$', '$Z_{1}$')",2,0.7001658743315168,0.7087240249554937,0.008558150623976912,23,True,"$|S \cap \{1,2\}| = 1$"
"('$X_1$', '$Z_{2}$')",2,0.7052470834857845,0.7103983785797784,0.005151295093993924,23,True,"$|S \cap \{1,2\}| = 1$"
"('$X_1$', '$Z_{3}$')",2,0.6974722276528216,0.7076945658624497,0.010222338209628146,23,True,"$|S \cap \{1,2\}| = 1$"
"('$X_1$', '$Z_{4}$')",2,0.7052044797492243,0.702461711609318,-0.00274276813990626,23,True,"$|S \cap \{1,2\}| = 1$"
"('$X_1$', '$Z_{5}$')",2,0.704920099938724,0.7095689330225685,0.004648833083844561,23,True,"$|S \cap \{1,2\}| = 1$"
"('$X_1$', '$Z_{6}$')",2,0.7012286482189757,0.6995282964963573,-0.0017003517226183984,23,True,"$|S \cap \{1,2\}| = 1$"
"('$X_2$', '$Z_{1}$')",2,0.7081867200774363,0.7062247163340261,-0.0019620037434102677,23,True,"$|S \cap \{1,2\}| = 1$"
"('$X_2$', '$Z_{2}$')",2,0.7066019999275434,0.7035396480897314,-0.003062351837812005,23,True,"$|S \cap \{1,2\}| = 1$"
"('$X_2$', '$Z_{3}$')",2,0.6990134100082499,0.698846878112549,-0.00016653189570092763,23,True,"$|S \cap \{1,2\}| = 1$"
"('$X_2$', '$Z_{4}$')",2,0.7051028982257695,0.7050425719138341,-6.032631193542137e-05,23,True,"$|S \cap \{1,2\}| = 1$"
"('$X_2$', '$Z_{5}$')",2,0.7093485281612836,0.7057048628817176,-0.003643665279565944,23,True,"$|S \cap \{1,2\}| = 1$"
"('$X_2$', '$Z_{6}$')",2,0.7045607287272797,0.707678463162236,0.003117734434956332,23,True,"$|S \cap \{1,2\}| = 1$"
"('$Z_{1}$', '$Z_{2}$')",2,0.7026751361748491,0.7070217893740955,0.004346653199246431,23,False,"$S \cap \{1,2\} = \emptyset$"
"('$Z_{1}$', '$Z_{3}$')",2,0.6995832902056397,0.7095406873036721,0.00995739709803245,23,False,"$S \cap \{1,2\} = \emptyset$"
"('$Z_{1}$', '$Z_{4}$')",2,0.7075983358537076,0.6994014151977327,-0.008196920655974882,23,False,"$S \cap \{1,2\} = \emptyset$"
"('$Z_{1}$', '$Z_{5}$')",2,0.7034046641142458,0.7040536576742908,0.000648993560044997,23,False,"$S \cap \{1,2\} = \emptyset$"
"('$Z_{1}$', '$Z_{6}$')",2,0.7018504683028364,0.7096691570617094,0.007818688758873038,23,False,"$S \cap \{1,2\} = \emptyset$"
"('$Z_{2}$', '$Z_{3}$')",2,0.6933149496000907,0.7070569159858958,0.01374196638580516,23,False,"$S \cap \{1,2\} = \emptyset$"
"('$Z_{2}$', '$Z_{4}$')",2,0.7052378870986125,0.7072057789157873,0.001967891817174827,23,False,"$S \cap \{1,2\} = \emptyset$"
"('$Z_{2}$', '$Z_{5}$')",2,0.7102561020219211,0.7072297385536527,-0.003026363468268456,23,False,"$S \cap \{1,2\} = \emptyset$"
"('$Z_{2}$', '$Z_{6}$')",2,0.7008130500291473,0.7010349442470913,0.00022189421794405195,23,False,"$S \cap \{1,2\} = \emptyset$"
"('$Z_{3}$', '$Z_{4}$')",2,0.6950475100244292,0.6987407650749655,0.0036932550505363038,23,False,"$S \cap \{1,2\} = \emptyset$"
"('$Z_{3}$', '$Z_{5}$')",2,0.6986425789559657,0.7091859678803202,0.010543388924354469,23,False,"$S \cap \{1,2\} = \emptyset$"
"('$Z_{3}$', '$Z_{6}$')",2,0.6911047314713953,0.7010060804635723,0.009901348992176984,23,False,"$S \cap \{1,2\} = \emptyset$"
"('$Z_{4}$', '$Z_{5}$')",2,0.7020626729916438,0.7113040537250395,0.009241380733395643,23,False,"$S \cap \{1,2\} = \emptyset$"
"('$Z_{4}$', '$Z_{6}$')",2,0.7026614498669853,0.7063699520521534,0.00370850218516805,23,False,"$S \cap \{1,2\} = \emptyset$"
"('$Z_{5}$', '$Z_{6}$')",2,0.6999883584696772,0.7129623812672217,0.012974022797544449,23,False,"$S \cap \{1,2\} = \emptyset$"
"('$X_1$', '$X_2$', '$Z_{1}$')",3,0.2071877410854152,0.700688427066541,0.4935006859811258,23,True,"$S \supseteq \{1,2\}$"
"('$X_1$', '$X_2$', '$Z_{2}$')",3,0.19021686447534605,0.7027317279367165,0.5125148634613704,23,True,"$S \supseteq \{1,2\}$"
"('$X_1$', '$X_2$', '$Z_{3}$')",3,0.1985949129210444,0.6955177501858988,0.4969228372648544,23,True,"$S \supseteq \{1,2\}$"
"('$X_1$', '$X_2$', '$Z_{4}$')",3,0.19643264498650964,0.7020057868666488,0.5055731418801392,23,True,"$S \supseteq \{1,2\}$"
"('$X_1$', '$X_2$', '$Z_{5}$')",3,0.2035997121797929,0.7054801992537266,0.5018804870739337,23,True,"$S \supseteq \{1,2\}$"
"('$X_1$', '$X_2$', '$Z_{6}$')",3,0.20196370609084155,0.7046202428895793,0.5026565367987377,23,True,"$S \supseteq \{1,2\}$"
"('$X_1$', '$Z_{1}$', '$Z_{2}$')",3,0.6986126118644683,0.6985874126593898,-2.5199205078485498e-05,23,True,"$|S \cap \{1,2\}| = 1$"
"('$X_1$', '$Z_{1}$', '$Z_{3}$')",3,0.6959750667356152,0.7033716350421179,0.007396568306502704,23,True,"$|S \cap \{1,2\}| = 1$"
"('$X_1$', '$Z_{1}$', '$Z_{4}$')",3,0.702998890302189,0.7048739302654472,0.0018750399632582182,23,True,"$|S \cap \{1,2\}| = 1$"
"('$X_1$', '$Z_{1}$', '$Z_{5}$')",3,0.6991406346209621,0.7057678199239749,0.006627185303012761,23,True,"$|S \cap \{1,2\}| = 1$"
"('$X_1$', '$Z_{1}$', '$Z_{6}$')",3,0.6993307304134077,0.70065262768441,0.0013218972710022925,23,True,"$|S \cap \{1,2\}| = 1$"
"('$X_1$', '$Z_{2}$', '$Z_{3}$')",3,0.6945248908669961,0.709717363180881,0.015192472313884875,23,True,"$|S \cap \{1,2\}| = 1$"
"('$X_1$', '$Z_{2}$', '$Z_{4}$')",3,0.7009114021773187,0.7048621585978008,0.003950756420482038,23,True,"$|S \cap \{1,2\}| = 1$"
"('$X_1$', '$Z_{2}$', '$Z_{5}$')",3,0.7005320703519423,0.7020487157976933,0.0015166454457510303,23,True,"$|S \cap \{1,2\}| = 1$"
"('$X_1$', '$Z_{2}$', '$Z_{6}$')",3,0.6979954397725915,0.7022860864853329,0.004290646712741375,23,True,"$|S \cap \{1,2\}| = 1$"
"('$X_1$', '$Z_{3}$', '$Z_{4}$')",3,0.6962796562454414,0.705206426156271,0.008926769910829635,23,True,"$|S \cap \{1,2\}| = 1$"
"('$X_1$', '$Z_{3}$', '$Z_{5}$')",3,0.6979001717054867,0.7022803159161738,0.004380144210687109,23,True,"$|S \cap \{1,2\}| = 1$"
"('$X_1$', '$Z_{3}$', '$Z_{6}$')",3,0.692568839708367,0.7008329216717041,0.008264081963337055,23,True,"$|S \cap \{1,2\}| = 1$"
"('$X_1$', '$Z_{4}$', '$Z_{5}$')",3,0.6997788635340626,0.7123749117598739,0.012596048225811285,23,True,"$|S \cap \{1,2\}| = 1$"
"('$X_1$', '$Z_{4}$', '$Z_{6}$')",3,0.6994774057210664,0.709048088079621,0.009570682358554627,23,True,"$|S \cap \{1,2\}| = 1$"
"('$X_1$', '$Z_{5}$', '$Z_{6}$')",3,0.6976412170968807,0.7009988589165097,0.0033576418196290536,23,True,"$|S \cap \{1,2\}| = 1$"
"('$X_2$', '$Z_{1}$', '$Z_{2}$')",3,0.70002836207937,0.7055245888539293,0.0054962267745592985,23,True,"$|S \cap \{1,2\}| = 1$"
"('$X_2$', '$Z_{1}$', '$Z_{3}$')",3,0.7004189979268262,0.6986706905973291,-0.0017483073294970453,23,True,"$|S \cap \{1,2\}| = 1$"
"('$X_2$', '$Z_{1}$', '$Z_{4}$')",3,0.7021782411457596,0.700472384775026,-0.001705856370733505,23,True,"$|S \cap \{1,2\}| = 1$"
"('$X_2$', '$Z_{1}$', '$Z_{5}$')",3,0.7012609988338757,0.7015056551693962,0.00024465633552051,23,True,"$|S \cap \{1,2\}| = 1$"
"('$X_2$', '$Z_{1}$', '$Z_{6}$')",3,0.7019799705173504,0.7035187454059624,0.0015387748886119823,23,True,"$|S \cap \{1,2\}| = 1$"
"('$X_2$', '$Z_{2}$', '$Z_{3}$')",3,0.694555947369061,0.7091879672740071,0.014632019904946114,23,True,"$|S \cap \{1,2\}| = 1$"
"('$X_2$', '$Z_{2}$', '$Z_{4}$')",3,0.6988666690340274,0.7079038742831149,0.009037205249087465,23,True,"$|S \cap \{1,2\}| = 1$"
"('$X_2$', '$Z_{2}$', '$Z_{5}$')",3,0.7047485767945944,0.7036141777307927,-0.0011343990638016388,23,True,"$|S \cap \{1,2\}| = 1$"
"('$X_2$', '$Z_{2}$', '$Z_{6}$')",3,0.6995688557760463,0.699422201255133,-0.0001466545209133363,23,True,"$|S \cap \{1,2\}| = 1$"
"('$X_2$', '$Z_{3}$', '$Z_{4}$')",3,0.6937846899815835,0.7063765825203039,0.012591892538720395,23,True,"$|S \cap \{1,2\}| = 1$"
"('$X_2$', '$Z_{3}$', '$Z_{5}$')",3,0.6974845311846837,0.7034284874776788,0.005943956292995156,23,True,"$|S \cap \{1,2\}| = 1$"
"('$X_2$', '$Z_{3}$', '$Z_{6}$')",3,0.695504630113174,0.7073328938704238,0.011828263757249768,23,True,"$|S \cap \{1,2\}| = 1$"
"('$X_2$', '$Z_{4}$', '$Z_{5}$')",3,0.7008306451775941,0.7014748343469777,0.00064418916938358,23,True,"$|S \cap \{1,2\}| = 1$"
"('$X_2$', '$Z_{4}$', '$Z_{6}$')",3,0.6995641640917833,0.7024370802527576,0.0028729161609742926,23,True,"$|S \cap \{1,2\}| = 1$"
"('$X_2$', '$Z_{5}$', '$Z_{6}$')",3,0.7018948646778906,0.6962462572843126,-0.005648607393578087,23,True,"$|S \cap \{1,2\}| = 1$"
"('$Z_{1}$', '$Z_{2}$', '$Z_{3}$')",3,0.6955199649628718,0.7123374310299733,0.01681746606710144,23,False,"$S \cap \{1,2\} = \emptyset$"
"('$Z_{1}$', '$Z_{2}$', '$Z_{4}$')",3,0.6993799531773256,0.701730165268199,0.0023502120908733826,23,False,"$S \cap \{1,2\} = \emptyset$"
"('$Z_{1}$', '$Z_{2}$', '$Z_{5}$')",3,0.6992585303674507,0.699827759359577,0.0005692289921263027,23,False,"$S \cap \{1,2\} = \emptyset$"
"('$Z_{1}$', '$Z_{2}$', '$Z_{6}$')",3,0.6958929572565659,0.6960692709338921,0.00017631367732628966,23,False,"$S \cap \{1,2\} = \emptyset$"
"('$Z_{1}$', '$Z_{3}$', '$Z_{4}$')",3,0.6957403886764503,0.7051373451900745,0.009396956513624266,23,False,"$S \cap \{1,2\} = \emptyset$"
"('$Z_{1}$', '$Z_{3}$', '$Z_{5}$')",3,0.6957123652727847,0.7047601575402305,0.009047792267445787,23,False,"$S \cap \{1,2\} = \emptyset$"
"('$Z_{1}$', '$Z_{3}$', '$Z_{6}$')",3,0.6916284111205856,0.706338522823936,0.01471011170335046,23,False,"$S \cap \{1,2\} = \emptyset$"
"('$Z_{1}$', '$Z_{4}$', '$Z_{5}$')",3,0.6987854774494415,0.6983821690139214,-0.0004033084355201666,23,False,"$S \cap \{1,2\} = \emptyset$"
"('$Z_{1}$', '$Z_{4}$', '$Z_{6}$')",3,0.6989490009513756,0.6984548313343467,-0.0004941696170288612,23,False,"$S \cap \{1,2\} = \emptyset$"
"('$Z_{1}$', '$Z_{5}$', '$Z_{6}$')",3,0.6992783977931226,0.7025254768834375,0.0032470790903148528,23,False,"$S \cap \{1,2\} = \emptyset$"
"('$Z_{2}$', '$Z_{3}$', '$Z_{4}$')",3,0.6920087839620224,0.7008085900104384,0.008799806048416015,23,False,"$S \cap \{1,2\} = \emptyset$"
"('$Z_{2}$', '$Z_{3}$', '$Z_{5}$')",3,0.6970162135810899,0.6961661281990089,-0.0008500853820809784,23,False,"$S \cap \{1,2\} = \emptyset$"
"('$Z_{2}$', '$Z_{3}$', '$Z_{6}$')",3,0.6897166664454173,0.7039513400733737,0.014234673627956385,23,False,"$S \cap \{1,2\} = \emptyset$"
"('$Z_{2}$', '$Z_{4}$', '$Z_{5}$')",3,0.7015991956130215,0.7040971875594184,0.0024979919463968825,23,False,"$S \cap \{1,2\} = \emptyset$"
"('$Z_{2}$', '$Z_{4}$', '$Z_{6}$')",3,0.6959193985640808,0.7018958486288258,0.005976450064745009,23,False,"$S \cap \{1,2\} = \emptyset$"
"('$Z_{2}$', '$Z_{5}$', '$Z_{6}$')",3,0.6995542429501148,0.7035590043808412,0.004004761430726367,23,False,"$S \cap \{1,2\} = \emptyset$"
"('$Z_{3}$', '$Z_{4}$', '$Z_{5}$')",3,0.6921446320453706,0.7019570099662384,0.009812377920867865,23,False,"$S \cap \{1,2\} = \emptyset$"
"('$Z_{3}$', '$Z_{4}$', '$Z_{6}$')",3,0.6927094138322901,0.7078656934764308,0.01515627964414068,23,False,"$S \cap \{1,2\} = \emptyset$"
"('$Z_{3}$', '$Z_{5}$', '$Z_{6}$')",3,0.692904331268765,0.7020532189972288,0.009148887728463784,23,False,"$S \cap \{1,2\} = \emptyset$"
"('$Z_{4}$', '$Z_{5}$', '$Z_{6}$')",3,0.7003933385866712,0.7001996005738917,-0.00019373801277944303,23,False,"$S \cap \{1,2\} = \emptyset$"
"('$X_1$', '$X_2$')",2,0.04952435626734517,0.7122718960864742,0.662747539819129,24,True,"$S \supseteq \{1,2\}$"
"('$X_1$', '$Z_{1}$')",2,0.7053547277897444,0.7045577322554032,-0.000796995534341205,24,True,"$|S \cap \{1,2\}| = 1$"
"('$X_1$', '$Z_{2}$')",2,0.7124774362540425,0.7070932057622513,-0.005384230491791153,24,True,"$|S \cap \{1,2\}| = 1$"
"('$X_1$', '$Z_{3}$')",2,0.7054107811093007,0.703479730703687,-0.001931050405613699,24,True,"$|S \cap \{1,2\}| = 1$"
"('$X_1$', '$Z_{4}$')",2,0.7127128974484662,0.7126430735530864,-6.982389537979472e-05,24,True,"$|S \cap \{1,2\}| = 1$"
"('$X_1$', '$Z_{5}$')",2,0.70766834502519,0.7085758460186586,0.0009075009934685907,24,True,"$|S \cap \{1,2\}| = 1$"
"('$X_1$', '$Z_{6}$')",2,0.7065619727795333,0.7026466103192484,-0.003915362460284899,24,True,"$|S \cap \{1,2\}| = 1$"
"('$X_2$', '$Z_{1}$')",2,0.7008397582711318,0.6972616361308447,-0.0035781221402870766,24,True,"$|S \cap \{1,2\}| = 1$"
"('$X_2$', '$Z_{2}$')",2,0.7070159817810652,0.7031045823927455,-0.003911399388319636,24,True,"$|S \cap \{1,2\}| = 1$"
"('$X_2$', '$Z_{3}$')",2,0.7059839152720597,0.7049825121902368,-0.0010014030818229491,24,True,"$|S \cap \{1,2\}| = 1$"
"('$X_2$', '$Z_{4}$')",2,0.7081407206874628,0.7070910548044421,-0.0010496658830206895,24,True,"$|S \cap \{1,2\}| = 1$"
"('$X_2$', '$Z_{5}$')",2,0.7051265111907635,0.7075949295137477,0.002468418322984167,24,True,"$|S \cap \{1,2\}| = 1$"
"('$X_2$', '$Z_{6}$')",2,0.6995805924056805,0.707333922526132,0.00775333012045154,24,True,"$|S \cap \{1,2\}| = 1$"
"('$Z_{1}$', '$Z_{2}$')",2,0.714642956402907,0.7138783779294131,-0.000764578473493871,24,False,"$S \cap \{1,2\} = \emptyset$"
"('$Z_{1}$', '$Z_{3}$')",2,0.7034399710169954,0.7042403555710266,0.0008003845540311971,24,False,"$S \cap \{1,2\} = \emptyset$"
"('$Z_{1}$', '$Z_{4}$')",2,0.7137777494142273,0.7044712543591711,-0.009306495055056208,24,False,"$S \cap \{1,2\} = \emptyset$"
"('$Z_{1}$', '$Z_{5}$')",2,0.701509063169513,0.6982835962302065,-0.003225466939306476,24,False,"$S \cap \{1,2\} = \emptyset$"
"('$Z_{1}$', '$Z_{6}$')",2,0.7044615883026942,0.7111216760863502,0.00666008778365601,24,False,"$S \cap \{1,2\} = \emptyset$"
"('$Z_{2}$', '$Z_{3}$')",2,0.7137465617014483,0.7041140955105791,-0.009632466190869216,24,False,"$S \cap \{1,2\} = \emptyset$"
"('$Z_{2}$', '$Z_{4}$')",2,0.7152109434685785,0.7057040954189102,-0.009506848049668282,24,False,"$S \cap \{1,2\} = \emptyset$"
"('$Z_{2}$', '$Z_{5}$')",2,0.7118554247580423,0.7014740386904801,-0.010381386067562226,24,False,"$S \cap \{1,2\} = \emptyset$"
"('$Z_{2}$', '$Z_{6}$')",2,0.7030740408449849,0.719177220530119,0.016103179685134084,24,False,"$S \cap \{1,2\} = \emptyset$"
"('$Z_{3}$', '$Z_{4}$')",2,0.7103654388991596,0.7112999373092728,0.0009344984101131715,24,False,"$S \cap \{1,2\} = \emptyset$"
"('$Z_{3}$', '$Z_{5}$')",2,0.7065795172732378,0.7096896482142093,0.003110130940971567,24,False,"$S \cap \{1,2\} = \emptyset$"
"('$Z_{3}$', '$Z_{6}$')",2,0.7020300991983531,0.7114543820681722,0.009424282869819112,24,False,"$S \cap \{1,2\} = \emptyset$"
"('$Z_{4}$', '$Z_{5}$')",2,0.7107031441809427,0.7083999978459451,-0.002303146334997619,24,False,"$S \cap \{1,2\} = \emptyset$"
"('$Z_{4}$', '$Z_{6}$')",2,0.7137094828914837,0.7138059588257532,9.647593426942436e-05,24,False,"$S \cap \{1,2\} = \emptyset$"
"('$Z_{5}$', '$Z_{6}$')",2,0.7009871592309168,0.7102003531114147,0.009213193880497905,24,False,"$S \cap \{1,2\} = \emptyset$"
"('$X_1$', '$X_2$', '$Z_{1}$')",3,0.16379245121126335,0.6999751938579425,0.5361827426466792,24,True,"$S \supseteq \{1,2\}$"
"('$X_1$', '$X_2$', '$Z_{2}$')",3,0.16939273862039614,0.6986000840139396,0.5292073453935434,24,True,"$S \supseteq \{1,2\}$"
"('$X_1$', '$X_2$', '$Z_{3}$')",3,0.15682853691484247,0.7045469627605032,0.5477184258456608,24,True,"$S \supseteq \{1,2\}$"
"('$X_1$', '$X_2$', '$Z_{4}$')",3,0.16551946965924633,0.7099022661372266,0.5443827964779803,24,True,"$S \supseteq \{1,2\}$"
"('$X_1$', '$X_2$', '$Z_{5}$')",3,0.1584031895067018,0.6992594519727617,0.54085626246606,24,True,"$S \supseteq \{1,2\}$"
"('$X_1$', '$X_2$', '$Z_{6}$')",3,0.16159854313899558,0.7085822066587575,0.5469836635197619,24,True,"$S \supseteq \{1,2\}$"
"('$X_1$', '$Z_{1}$', '$Z_{2}$')",3,0.7078455524990674,0.7044427800948254,-0.003402772404242027,24,True,"$|S \cap \{1,2\}| = 1$"
"('$X_1$', '$Z_{1}$', '$Z_{3}$')",3,0.7012582676333127,0.7026283297938198,0.0013700621605071683,24,True,"$|S \cap \{1,2\}| = 1$"
"('$X_1$', '$Z_{1}$', '$Z_{4}$')",3,0.7055072274460606,0.7019814184121692,-0.003525809033891436,24,True,"$|S \cap \{1,2\}| = 1$"
"('$X_1$', '$Z_{1}$', '$Z_{5}$')",3,0.7024451880700783,0.706263101663252,0.0038179135931737385,24,True,"$|S \cap \{1,2\}| = 1$"
"('$X_1$', '$Z_{1}$', '$Z_{6}$')",3,0.7023489481022462,0.7002229806164428,-0.002125967485803404,24,True,"$|S \cap \{1,2\}| = 1$"
"('$X_1$', '$Z_{2}$', '$Z_{3}$')",3,0.707884727338707,0.7016716131566535,-0.006213114182053503,24,True,"$|S \cap \{1,2\}| = 1$"
"('$X_1$', '$Z_{2}$', '$Z_{4}$')",3,0.7090323768656271,0.7025851333129621,-0.006447243552665016,24,True,"$|S \cap \{1,2\}| = 1$"
"('$X_1$', '$Z_{2}$', '$Z_{5}$')",3,0.7051713762016711,0.7086920203729973,0.003520644171326137,24,True,"$|S \cap \{1,2\}| = 1$"
"('$X_1$', '$Z_{2}$', '$Z_{6}$')",3,0.7025943200840946,0.7033476715212567,0.000753351437162042,24,True,"$|S \cap \{1,2\}| = 1$"
"('$X_1$', '$Z_{3}$', '$Z_{4}$')",3,0.7062579153900647,0.7059741750080017,-0.00028374038206291363,24,True,"$|S \cap \{1,2\}| = 1$"
"('$X_1$', '$Z_{3}$', '$Z_{5}$')",3,0.7044284188409525,0.7081444292787646,0.0037160104378121117,24,True,"$|S \cap \{1,2\}| = 1$"
"('$X_1$', '$Z_{3}$', '$Z_{6}$')",3,0.7014349923574253,0.7060503928948653,0.004615400537439918,24,True,"$|S \cap \{1,2\}| = 1$"
"('$X_1$', '$Z_{4}$', '$Z_{5}$')",3,0.7079964392561205,0.7030077428556947,-0.004988696400425874,24,True,"$|S \cap \{1,2\}| = 1$"
"('$X_1$', '$Z_{4}$', '$Z_{6}$')",3,0.7075576414535222,0.6981705003541637,-0.009387141099358454,24,True,"$|S \cap \{1,2\}| = 1$"
"('$X_1$', '$Z_{5}$', '$Z_{6}$')",3,0.7024872592138415,0.7054368275873628,0.0029495683735213385,24,True,"$|S \cap \{1,2\}| = 1$"
"('$X_2$', '$Z_{1}$', '$Z_{2}$')",3,0.7026422272393145,0.7045684649694047,0.0019262377300902633,24,True,"$|S \cap \{1,2\}| = 1$"
"('$X_2$', '$Z_{1}$', '$Z_{3}$')",3,0.6982845418419377,0.7118544464275793,0.013569904585641668,24,True,"$|S \cap \{1,2\}| = 1$"
"('$X_2$', '$Z_{1}$', '$Z_{4}$')",3,0.7018049316108413,0.7024999832501094,0.000695051639268085,24,True,"$|S \cap \{1,2\}| = 1$"
"('$X_2$', '$Z_{1}$', '$Z_{5}$')",3,0.7001407859698024,0.7018599415646315,0.0017191555948290471,24,True,"$|S \cap \{1,2\}| = 1$"
"('$X_2$', '$Z_{1}$', '$Z_{6}$')",3,0.7011724888593526,0.6993065956199256,-0.0018658932394269856,24,True,"$|S \cap \{1,2\}| = 1$"
"('$X_2$', '$Z_{2}$', '$Z_{3}$')",3,0.7075903155369921,0.7020643715771718,-0.005525943959820312,24,True,"$|S \cap \{1,2\}| = 1$"
"('$X_2$', '$Z_{2}$', '$Z_{4}$')",3,0.7042536675374618,0.7002546310420623,-0.003999036495399455,24,True,"$|S \cap \{1,2\}| = 1$"
"('$X_2$', '$Z_{2}$', '$Z_{5}$')",3,0.7051413614956636,0.7037340522423426,-0.0014073092533209985,24,True,"$|S \cap \{1,2\}| = 1$"
"('$X_2$', '$Z_{2}$', '$Z_{6}$')",3,0.698999340771554,0.704586679387007,0.005587338615453019,24,True,"$|S \cap \{1,2\}| = 1$"
"('$X_2$', '$Z_{3}$', '$Z_{4}$')",3,0.7071253886649325,0.7044688022480523,-0.002656586416880158,24,True,"$|S \cap \{1,2\}| = 1$"
"('$X_2$', '$Z_{3}$', '$Z_{5}$')",3,0.7023316086364111,0.7012754463367519,-0.0010561622996592135,24,True,"$|S \cap \{1,2\}| = 1$"
"('$X_2$', '$Z_{3}$', '$Z_{6}$')",3,0.7010473409099869,0.7043392674693565,0.0032919265593696068,24,True,"$|S \cap \{1,2\}| = 1$"
"('$X_2$', '$Z_{4}$', '$Z_{5}$')",3,0.7059773006772488,0.7008843020588017,-0.005092998618447142,24,True,"$|S \cap \{1,2\}| = 1$"
"('$X_2$', '$Z_{4}$', '$Z_{6}$')",3,0.7037278151680545,0.711733653927419,0.008005838759364559,24,True,"$|S \cap \{1,2\}| = 1$"
"('$X_2$', '$Z_{5}$', '$Z_{6}$')",3,0.698415309821286,0.7028413968431614,0.004426087021875413,24,True,"$|S \cap \{1,2\}| = 1$"
"('$Z_{1}$', '$Z_{2}$', '$Z_{3}$')",3,0.7065045744247213,0.6986023101559735,-0.007902264268747738,24,False,"$S \cap \{1,2\} = \emptyset$"
"('$Z_{1}$', '$Z_{2}$', '$Z_{4}$')",3,0.7093753831661804,0.697369248393716,-0.012006134772464483,24,False,"$S \cap \{1,2\} = \emptyset$"
"('$Z_{1}$', '$Z_{2}$', '$Z_{5}$')",3,0.7042976804851043,0.7045621330115446,0.00026445252644025086,24,False,"$S \cap \{1,2\} = \emptyset$"
"('$Z_{1}$', '$Z_{2}$', '$Z_{6}$')",3,0.7060616296250513,0.7068680154672239,0.00080638584217263,24,False,"$S \cap \{1,2\} = \emptyset$"
"('$Z_{1}$', '$Z_{3}$', '$Z_{4}$')",3,0.7040602622719508,0.7038622896738481,-0.00019797259810272472,24,False,"$S \cap \{1,2\} = \emptyset$"
"('$Z_{1}$', '$Z_{3}$', '$Z_{5}$')",3,0.6982448660403966,0.6990147610269996,0.0007698949866029592,24,False,"$S \cap \{1,2\} = \emptyset$"
"('$Z_{1}$', '$Z_{3}$', '$Z_{6}$')",3,0.7005761088669286,0.7030020550895519,0.0024259462226233763,24,False,"$S \cap \{1,2\} = \emptyset$"
"('$Z_{1}$', '$Z_{4}$', '$Z_{5}$')",3,0.7048962844808009,0.7085345971638692,0.0036383126830683565,24,False,"$S \cap \{1,2\} = \emptyset$"
"('$Z_{1}$', '$Z_{4}$', '$Z_{6}$')",3,0.7081037229168299,0.7012534185838285,-0.006850304333001378,24,False,"$S \cap \{1,2\} = \emptyset$"
"('$Z_{1}$', '$Z_{5}$', '$Z_{6}$')",3,0.6995721844205981,0.7010621836282758,0.0014899992076776725,24,False,"$S \cap \{1,2\} = \emptyset$"
"('$Z_{2}$', '$Z_{3}$', '$Z_{4}$')",3,0.7105805905925903,0.7035026959452366,-0.007077894647353644,24,False,"$S \cap \{1,2\} = \emptyset$"
"('$Z_{2}$', '$Z_{3}$', '$Z_{5}$')",3,0.7072002702417487,0.7034110166157963,-0.0037892536259523935,24,False,"$S \cap \{1,2\} = \emptyset$"
"('$Z_{2}$', '$Z_{3}$', '$Z_{6}$')",3,0.7031085064531378,0.6927904392045994,-0.010318067248538454,24,False,"$S \cap \{1,2\} = \emptyset$"
"('$Z_{2}$', '$Z_{4}$', '$Z_{5}$')",3,0.7096900120809374,0.7015044059448325,-0.008185606136104862,24,False,"$S \cap \{1,2\} = \emptyset$"
"('$Z_{2}$', '$Z_{4}$', '$Z_{6}$')",3,0.705270524322352,0.7043838048656265,-0.0008867194567255821,24,False,"$S \cap \{1,2\} = \emptyset$"
"('$Z_{2}$', '$Z_{5}$', '$Z_{6}$')",3,0.6991323920294654,0.7026218770151037,0.0034894849856382804,24,False,"$S \cap \{1,2\} = \emptyset$"
"('$Z_{3}$', '$Z_{4}$', '$Z_{5}$')",3,0.7055676565394524,0.6999781869208327,-0.005589469618619725,24,False,"$S \cap \{1,2\} = \emptyset$"
"('$Z_{3}$', '$Z_{4}$', '$Z_{6}$')",3,0.7049380870501132,0.7011663492591477,-0.0037717377909655125,24,False,"$S \cap \{1,2\} = \emptyset$"
"('$Z_{3}$', '$Z_{5}$', '$Z_{6}$')",3,0.699783494320071,0.6993952481529645,-0.0003882461671065318,24,False,"$S \cap \{1,2\} = \emptyset$"
"('$Z_{4}$', '$Z_{5}$', '$Z_{6}$')",3,0.7037888472334112,0.704011384827153,0.0002225375937418006,24,False,"$S \cap \{1,2\} = \emptyset$"
"('$X_1$', '$X_2$')",2,0.05296849346411759,0.713938193030098,0.6609696995659804,25,True,"$S \supseteq \{1,2\}$"
"('$X_1$', '$Z_{1}$')",2,0.6996135738530689,0.7087453085927395,0.00913173473967066,25,True,"$|S \cap \{1,2\}| = 1$"
"('$X_1$', '$Z_{2}$')",2,0.7008355214774983,0.7026841862761619,0.001848664798663635,25,True,"$|S \cap \{1,2\}| = 1$"
"('$X_1$', '$Z_{3}$')",2,0.7022154036717437,0.7066041128139345,0.004388709142190805,25,True,"$|S \cap \{1,2\}| = 1$"
"('$X_1$', '$Z_{4}$')",2,0.7077043948770835,0.7151338379142206,0.007429443037137107,25,True,"$|S \cap \{1,2\}| = 1$"
"('$X_1$', '$Z_{5}$')",2,0.7055203519815905,0.7121278559592119,0.006607503977621443,25,True,"$|S \cap \{1,2\}| = 1$"
"('$X_1$', '$Z_{6}$')",2,0.7071421900430385,0.7024213000532196,-0.004720889989818899,25,True,"$|S \cap \{1,2\}| = 1$"
"('$X_2$', '$Z_{1}$')",2,0.7018574727520532,0.7061226299539008,0.004265157201847614,25,True,"$|S \cap \{1,2\}| = 1$"
"('$X_2$', '$Z_{2}$')",2,0.7030242095931647,0.713318091673797,0.01029388208063231,25,True,"$|S \cap \{1,2\}| = 1$"
"('$X_2$', '$Z_{3}$')",2,0.7099066119597033,0.7008037029487005,-0.009102909011002747,25,True,"$|S \cap \{1,2\}| = 1$"
"('$X_2$', '$Z_{4}$')",2,0.705876190132848,0.706684576416,0.0008083862831520516,25,True,"$|S \cap \{1,2\}| = 1$"
"('$X_2$', '$Z_{5}$')",2,0.7023319265285688,0.7094560933351199,0.0071241668065511465,25,True,"$|S \cap \{1,2\}| = 1$"
"('$X_2$', '$Z_{6}$')",2,0.7031084345595795,0.7100611211240496,0.006952686564470123,25,True,"$|S \cap \{1,2\}| = 1$"
"('$Z_{1}$', '$Z_{2}$')",2,0.7019896314768816,0.7097511604197186,0.007761528942836993,25,False,"$S \cap \{1,2\} = \emptyset$"
"('$Z_{1}$', '$Z_{3}$')",2,0.7033611212278472,0.707366758056545,0.004005636828697812,25,False,"$S \cap \{1,2\} = \emptyset$"
"('$Z_{1}$', '$Z_{4}$')",2,0.705303972943628,0.704450350228515,-0.0008536227151130227,25,False,"$S \cap \{1,2\} = \emptyset$"
"('$Z_{1}$', '$Z_{5}$')",2,0.7026610471898975,0.700595060015033,-0.002065987174864503,25,False,"$S \cap \{1,2\} = \emptyset$"
"('$Z_{1}$', '$Z_{6}$')",2,0.7039281077560964,0.6949548439168486,-0.008973263839247791,25,False,"$S \cap \{1,2\} = \emptyset$"
"('$Z_{2}$', '$Z_{3}$')",2,0.6974974324878983,0.7034601092992137,0.005962676811315348,25,False,"$S \cap \{1,2\} = \emptyset$"
"('$Z_{2}$', '$Z_{4}$')",2,0.7062343780734921,0.7040163051926409,-0.002218072880851185,25,False,"$S \cap \{1,2\} = \emptyset$"
"('$Z_{2}$', '$Z_{5}$')",2,0.7025512024072809,0.7101333485734916,0.007582146166210779,25,False,"$S \cap \{1,2\} = \emptyset$"
"('$Z_{2}$', '$Z_{6}$')",2,0.7066213256570686,0.7048784452213954,-0.0017428804356731664,25,False,"$S \cap \{1,2\} = \emptyset$"
"('$Z_{3}$', '$Z_{4}$')",2,0.7035926704837818,0.7098737914315237,0.006281120947741914,25,False,"$S \cap \{1,2\} = \emptyset$"
"('$Z_{3}$', '$Z_{5}$')",2,0.7056123950979459,0.705716364676397,0.00010396957845104637,25,False,"$S \cap \{1,2\} = \emptyset$"
"('$Z_{3}$', '$Z_{6}$')",2,0.704422364737566,0.708079931390994,0.0036575666534279794,25,False,"$S \cap \{1,2\} = \emptyset$"
"('$Z_{4}$', '$Z_{5}$')",2,0.7012085798818389,0.7095237030838606,0.008315123202021657,25,False,"$S \cap \{1,2\} = \emptyset$"
"('$Z_{4}$', '$Z_{6}$')",2,0.7054956190912371,0.706190014608821,0.000694395517583879,25,False,"$S \cap \{1,2\} = \emptyset$"
"('$Z_{5}$', '$Z_{6}$')",2,0.7029681807599318,0.7012984468644031,-0.0016697338955287133,25,False,"$S \cap \{1,2\} = \emptyset$"
"('$X_1$', '$X_2$', '$Z_{1}$')",3,0.17918833447340426,0.7057953524414199,0.5266070179680156,25,True,"$S \supseteq \{1,2\}$"
"('$X_1$', '$X_2$', '$Z_{2}$')",3,0.18483965106024147,0.7056691577386756,0.5208295066784341,25,True,"$S \supseteq \{1,2\}$"
"('$X_1$', '$X_2$', '$Z_{3}$')",3,0.17255841506659447,0.7058826967701849,0.5333242817035904,25,True,"$S \supseteq \{1,2\}$"
"('$X_1$', '$X_2$', '$Z_{4}$')",3,0.1802209331718631,0.7068545540814835,0.5266336209096203,25,True,"$S \supseteq \{1,2\}$"
"('$X_1$', '$X_2$', '$Z_{5}$')",3,0.17556299558859895,0.7015841429683102,0.5260211473797112,25,True,"$S \supseteq \{1,2\}$"
"('$X_1$', '$X_2$', '$Z_{6}$')",3,0.16590525226890396,0.6960424511025673,0.5301371988336634,25,True,"$S \supseteq \{1,2\}$"
"('$X_1$', '$Z_{1}$', '$Z_{2}$')",3,0.6957644851114442,0.7027933791749083,0.007028894063464075,25,True,"$|S \cap \{1,2\}| = 1$"
"('$X_1$', '$Z_{1}$', '$Z_{3}$')",3,0.6978447226393057,0.709536357483358,0.011691634844052223,25,True,"$|S \cap \{1,2\}| = 1$"
"('$X_1$', '$Z_{1}$', '$Z_{4}$')",3,0.7006751588928001,0.6997038646420551,-0.0009712942507449362,25,True,"$|S \cap \{1,2\}| = 1$"
"('$X_1$', '$Z_{1}$', '$Z_{5}$')",3,0.6997566384790802,0.707610684743989,0.00785404626490882,25,True,"$|S \cap \{1,2\}| = 1$"
"('$X_1$', '$Z_{1}$', '$Z_{6}$')",3,0.6997349492989827,0.696123580262792,-0.003611369036190748,25,True,"$|S \cap \{1,2\}| = 1$"
"('$X_1$', '$Z_{2}$', '$Z_{3}$')",3,0.6932397236101114,0.7057262517909418,0.012486528180830403,25,True,"$|S \cap \{1,2\}| = 1$"
"('$X_1$', '$Z_{2}$', '$Z_{4}$')",3,0.7028477475728039,0.7042747164929951,0.0014269689201912295,25,True,"$|S \cap \{1,2\}| = 1$"
"('$X_1$', '$Z_{2}$', '$Z_{5}$')",3,0.7000839120473414,0.7058770611316018,0.005793149084260318,25,True,"$|S \cap \{1,2\}| = 1$"
"('$X_1$', '$Z_{2}$', '$Z_{6}$')",3,0.7007574810386155,0.7052949530114869,0.004537471972871465,25,True,"$|S \cap \{1,2\}| = 1$"
"('$X_1$', '$Z_{3}$', '$Z_{4}$')",3,0.6981725501694585,0.7010764092539133,0.002903859084454896,25,True,"$|S \cap \{1,2\}| = 1$"
"('$X_1$', '$Z_{3}$', '$Z_{5}$')",3,0.7018247576735915,0.7028284449914485,0.0010036873178569383,25,True,"$|S \cap \{1,2\}| = 1$"
"('$X_1$', '$Z_{3}$', '$Z_{6}$')",3,0.699424783294114,0.7038296127067444,0.004404829412630429,25,True,"$|S \cap \{1,2\}| = 1$"
"('$X_1$', '$Z_{4}$', '$Z_{5}$')",3,0.7020290085513693,0.7027782390022416,0.0007492304508722736,25,True,"$|S \cap \{1,2\}| = 1$"
"('$X_1$', '$Z_{4}$', '$Z_{6}$')",3,0.7024664549815084,0.6982041385338079,-0.004262316447700476,25,True,"$|S \cap \{1,2\}| = 1$"
"('$X_1$', '$Z_{5}$', '$Z_{6}$')",3,0.7002951011583229,0.6971664819025475,-0.0031286192557754555,25,True,"$|S \cap \{1,2\}| = 1$"
"('$X_2$', '$Z_{1}$', '$Z_{2}$')",3,0.6988133383545096,0.6996583217860655,0.0008449834315558125,25,True,"$|S \cap \{1,2\}| = 1$"
"('$X_2$', '$Z_{1}$', '$Z_{3}$')",3,0.7051758081116277,0.7039163735580448,-0.0012594345535829055,25,True,"$|S \cap \{1,2\}| = 1$"
"('$X_2$', '$Z_{1}$', '$Z_{4}$')",3,0.703068481438441,0.7059322380720621,0.0028637566336210396,25,True,"$|S \cap \{1,2\}| = 1$"
"('$X_2$', '$Z_{1}$', '$Z_{5}$')",3,0.699986187952358,0.7057004971362776,0.005714309183919575,25,True,"$|S \cap \{1,2\}| = 1$"
"('$X_2$', '$Z_{1}$', '$Z_{6}$')",3,0.7025916426175927,0.6967417523117956,-0.005849890305797079,25,True,"$|S \cap \{1,2\}| = 1$"
"('$X_2$', '$Z_{2}$', '$Z_{3}$')",3,0.6987697409138585,0.7042562595002592,0.0054865185864007016,25,True,"$|S \cap \{1,2\}| = 1$"
"('$X_2$', '$Z_{2}$', '$Z_{4}$')",3,0.7022981495153414,0.7082963795022966,0.005998229986955206,25,True,"$|S \cap \{1,2\}| = 1$"
"('$X_2$', '$Z_{2}$', '$Z_{5}$')",3,0.7004144992409319,0.7045046764766776,0.004090177235745673,25,True,"$|S \cap \{1,2\}| = 1$"
"('$X_2$', '$Z_{2}$', '$Z_{6}$')",3,0.7029045120541366,0.7113151164811026,0.00841060442696595,25,True,"$|S \cap \{1,2\}| = 1$"
"('$X_2$', '$Z_{3}$', '$Z_{4}$')",3,0.7042498471814516,0.7061479009438743,0.0018980537624226912,25,True,"$|S \cap \{1,2\}| = 1$"
"('$X_2$', '$Z_{3}$', '$Z_{5}$')",3,0.7048523303267944,0.7043713546524442,-0.0004809756743502369,25,True,"$|S \cap \{1,2\}| = 1$"
"('$X_2$', '$Z_{3}$', '$Z_{6}$')",3,0.7036686554514826,0.7000133381228071,-0.0036553173286755225,25,True,"$|S \cap \{1,2\}| = 1$"
"('$X_2$', '$Z_{4}$', '$Z_{5}$')",3,0.7000555537768719,0.7069575946959283,0.00690204091905644,25,True,"$|S \cap \{1,2\}| = 1$"
"('$X_2$', '$Z_{4}$', '$Z_{6}$')",3,0.7027255631326965,0.7075617231748799,0.004836160042183346,25,True,"$|S \cap \{1,2\}| = 1$"
"('$X_2$', '$Z_{5}$', '$Z_{6}$')",3,0.6986912348098614,0.7085329476969098,0.009841712887048382,25,True,"$|S \cap \{1,2\}| = 1$"
"('$Z_{1}$', '$Z_{2}$', '$Z_{3}$')",3,0.6969812035356467,0.7057119193179363,0.008730715782289566,25,False,"$S \cap \{1,2\} = \emptyset$"
"('$Z_{1}$', '$Z_{2}$', '$Z_{4}$')",3,0.701880455713901,0.706104079734625,0.0042236240207239595,25,False,"$S \cap \{1,2\} = \emptyset$"
"('$Z_{1}$', '$Z_{2}$', '$Z_{5}$')",3,0.6964635723407979,0.7075297786058252,0.0110662062650273,25,False,"$S \cap \{1,2\} = \emptyset$"
"('$Z_{1}$', '$Z_{2}$', '$Z_{6}$')",3,0.7025771927265063,0.7115864319502084,0.009009239223702115,25,False,"$S \cap \{1,2\} = \emptyset$"
"('$Z_{1}$', '$Z_{3}$', '$Z_{4}$')",3,0.7010664442973411,0.6995682188018102,-0.0014982254955309138,25,False,"$S \cap \{1,2\} = \emptyset$"
"('$Z_{1}$', '$Z_{3}$', '$Z_{5}$')",3,0.7020774984337126,0.7058424929592817,0.0037649945255691097,25,False,"$S \cap \{1,2\} = \emptyset$"
"('$Z_{1}$', '$Z_{3}$', '$Z_{6}$')",3,0.7011687034502454,0.7072964735125683,0.0061277700623229014,25,False,"$S \cap \{1,2\} = \emptyset$"
"('$Z_{1}$', '$Z_{4}$', '$Z_{5}$')",3,0.6989196344332826,0.6982605479861723,-0.0006590864471103242,25,False,"$S \cap \{1,2\} = \emptyset$"
"('$Z_{1}$', '$Z_{4}$', '$Z_{6}$')",3,0.702434727407118,0.7047245860354427,0.002289858628324759,25,False,"$S \cap \{1,2\} = \emptyset$"
"('$Z_{1}$', '$Z_{5}$', '$Z_{6}$')",3,0.7000209289714222,0.7000486073895859,2.76784181636458e-05,25,False,"$S \cap \{1,2\} = \emptyset$"
"('$Z_{2}$', '$Z_{3}$', '$Z_{4}$')",3,0.6971076046318173,0.6946362822170323,-0.002471322414784982,25,False,"$S \cap \{1,2\} = \emptyset$"
"('$Z_{2}$', '$Z_{3}$', '$Z_{5}$')",3,0.6986779458291976,0.7029938120111836,0.004315866181985983,25,False,"$S \cap \{1,2\} = \emptyset$"
"('$Z_{2}$', '$Z_{3}$', '$Z_{6}$')",3,0.6979550407839179,0.7011945015218719,0.003239460737954003,25,False,"$S \cap \{1,2\} = \emptyset$"
"('$Z_{2}$', '$Z_{4}$', '$Z_{5}$')",3,0.7000291730380812,0.7014311359631593,0.001401962925078104,25,False,"$S \cap \{1,2\} = \emptyset$"
"('$Z_{2}$', '$Z_{4}$', '$Z_{6}$')",3,0.7028649857704033,0.702907505275411,4.251950500766544e-05,25,False,"$S \cap \{1,2\} = \emptyset$"
"('$Z_{2}$', '$Z_{5}$', '$Z_{6}$')",3,0.6999915285743246,0.7062738657094613,0.006282337135136706,25,False,"$S \cap \{1,2\} = \emptyset$"
"('$Z_{3}$', '$Z_{4}$', '$Z_{5}$')",3,0.6988881903247168,0.7033820487091902,0.004493858384473359,25,False,"$S \cap \{1,2\} = \emptyset$"
"('$Z_{3}$', '$Z_{4}$', '$Z_{6}$')",3,0.7012328040502703,0.7026017106534306,0.001368906603160247,25,False,"$S \cap \{1,2\} = \emptyset$"
"('$Z_{3}$', '$Z_{5}$', '$Z_{6}$')",3,0.701321688948847,0.7012849450685449,-3.674388030217024e-05,25,False,"$S \cap \{1,2\} = \emptyset$"
"('$Z_{4}$', '$Z_{5}$', '$Z_{6}$')",3,0.7008656858424084,0.700372251516161,-0.0004934343262473773,25,False,"$S \cap \{1,2\} = \emptyset$"
"('$X_1$', '$X_2$')",2,0.0509466205203253,0.7131535689297651,0.6622069484094398,26,True,"$S \supseteq \{1,2\}$"
"('$X_1$', '$Z_{1}$')",2,0.7103538904734317,0.7022914410630231,-0.008062449410408568,26,True,"$|S \cap \{1,2\}| = 1$"
"('$X_1$', '$Z_{2}$')",2,0.7098387767507202,0.7047345703132871,-0.005104206437433034,26,True,"$|S \cap \{1,2\}| = 1$"
"('$X_1$', '$Z_{3}$')",2,0.7055817692028964,0.7125845037592299,0.00700273455633349,26,True,"$|S \cap \{1,2\}| = 1$"
"('$X_1$', '$Z_{4}$')",2,0.6985152555126234,0.7112385467803801,0.012723291267756731,26,True,"$|S \cap \{1,2\}| = 1$"
"('$X_1$', '$Z_{5}$')",2,0.7067832381527974,0.7095429357151501,0.0027596975623527253,26,True,"$|S \cap \{1,2\}| = 1$"
"('$X_1$', '$Z_{6}$')",2,0.6992102258963133,0.7124415927002994,0.013231366803986067,26,True,"$|S \cap \{1,2\}| = 1$"
"('$X_2$', '$Z_{1}$')",2,0.713730048879137,0.7063169935814826,-0.007413055297654458,26,True,"$|S \cap \{1,2\}| = 1$"
"('$X_2$', '$Z_{2}$')",2,0.7089664195292177,0.6902705839295983,-0.018695835599619404,26,True,"$|S \cap \{1,2\}| = 1$"
"('$X_2$', '$Z_{3}$')",2,0.709809310475836,0.6975246078931435,-0.01228470258269243,26,True,"$|S \cap \{1,2\}| = 1$"
"('$X_2$', '$Z_{4}$')",2,0.7100164970921081,0.7030905996412355,-0.006925897450872576,26,True,"$|S \cap \{1,2\}| = 1$"
"('$X_2$', '$Z_{5}$')",2,0.7098362057196539,0.7081328499034686,-0.0017033558161853035,26,True,"$|S \cap \{1,2\}| = 1$"
"('$X_2$', '$Z_{6}$')",2,0.708038996013264,0.721448431386844,0.01340943537357997,26,True,"$|S \cap \{1,2\}| = 1$"
"('$Z_{1}$', '$Z_{2}$')",2,0.7045862237764842,0.7036359627018993,-0.0009502610745848461,26,False,"$S \cap \{1,2\} = \emptyset$"
"('$Z_{1}$', '$Z_{3}$')",2,0.7087876417326627,0.7107717913208658,0.0019841495882030324,26,False,"$S \cap \{1,2\} = \emptyset$"
"('$Z_{1}$', '$Z_{4}$')",2,0.7106312491762201,0.7110766515379011,0.0004454023616810021,26,False,"$S \cap \{1,2\} = \emptyset$"
"('$Z_{1}$', '$Z_{5}$')",2,0.7135627468731972,0.7122013659362695,-0.0013613809369277252,26,False,"$S \cap \{1,2\} = \emptyset$"
"('$Z_{1}$', '$Z_{6}$')",2,0.7106092553873034,0.7098541024595627,-0.0007551529277406432,26,False,"$S \cap \{1,2\} = \emptyset$"
"('$Z_{2}$', '$Z_{3}$')",2,0.702861530421117,0.7082109082201364,0.00534937779901945,26,False,"$S \cap \{1,2\} = \emptyset$"
"('$Z_{2}$', '$Z_{4}$')",2,0.7013675907884526,0.7132050511996892,0.011837460411236678,26,False,"$S \cap \{1,2\} = \emptyset$"
"('$Z_{2}$', '$Z_{5}$')",2,0.7101843395248605,0.7055033630104018,-0.004680976514458646,26,False,"$S \cap \{1,2\} = \emptyset$"
"('$Z_{2}$', '$Z_{6}$')",2,0.7069555284342108,0.7055971566231497,-0.001358371811061132,26,False,"$S \cap \{1,2\} = \emptyset$"
"('$Z_{3}$', '$Z_{4}$')",2,0.6972566359665227,0.7043720192345666,0.007115383268043951,26,False,"$S \cap \{1,2\} = \emptyset$"
"('$Z_{3}$', '$Z_{5}$')",2,0.7063322148958701,0.7098067725444955,0.003474557648625476,26,False,"$S \cap \{1,2\} = \emptyset$"
"('$Z_{3}$', '$Z_{6}$')",2,0.7037398483516443,0.7111504200261592,0.007410571674514976,26,False,"$S \cap \{1,2\} = \emptyset$"
"('$Z_{4}$', '$Z_{5}$')",2,0.7140935284049935,0.7032985566784521,-0.010794971726541425,26,False,"$S \cap \{1,2\} = \emptyset$"
"('$Z_{4}$', '$Z_{6}$')",2,0.7018821720679006,0.70392281791257,0.002040645844669453,26,False,"$S \cap \{1,2\} = \emptyset$"
"('$Z_{5}$', '$Z_{6}$')",2,0.7035562284068145,0.7097791150902903,0.0062228866834758145,26,False,"$S \cap \{1,2\} = \emptyset$"
"('$X_1$', '$X_2$', '$Z_{1}$')",3,0.18952579983352735,0.7051681611744987,0.5156423613409713,26,True,"$S \supseteq \{1,2\}$"
"('$X_1$', '$X_2$', '$Z_{2}$')",3,0.1984560555520418,0.7039604057722115,0.5055043502201697,26,True,"$S \supseteq \{1,2\}$"
"('$X_1$', '$X_2$', '$Z_{3}$')",3,0.18761761213151448,0.7073753016953508,0.5197576895638363,26,True,"$S \supseteq \{1,2\}$"
"('$X_1$', '$X_2$', '$Z_{4}$')",3,0.17674493171723854,0.6928593525617571,0.5161144208445185,26,True,"$S \supseteq \{1,2\}$"
"('$X_1$', '$X_2$', '$Z_{5}$')",3,0.18764263935539066,0.6988901975567555,0.5112475582013649,26,True,"$S \supseteq \{1,2\}$"
"('$X_1$', '$X_2$', '$Z_{6}$')",3,0.19683718514383475,0.7009868223862163,0.5041496372423816,26,True,"$S \supseteq \{1,2\}$"
"('$X_1$', '$Z_{1}$', '$Z_{2}$')",3,0.7073195111555831,0.7087615534061709,0.0014420422505877495,26,True,"$|S \cap \{1,2\}| = 1$"
"('$X_1$', '$Z_{1}$', '$Z_{3}$')",3,0.7044583827990977,0.696041168182226,-0.008417214616871616,26,True,"$|S \cap \{1,2\}| = 1$"
"('$X_1$', '$Z_{1}$', '$Z_{4}$')",3,0.7019197661002288,0.7033250867153048,0.0014053206150760333,26,True,"$|S \cap \{1,2\}| = 1$"
"('$X_1$', '$Z_{1}$', '$Z_{5}$')",3,0.7117864161089008,0.6960997533017541,-0.0156866628071467,26,True,"$|S \cap \{1,2\}| = 1$"
"('$X_1$', '$Z_{1}$', '$Z_{6}$')",3,0.7049556866658608,0.702677093858217,-0.0022785928076438644,26,True,"$|S \cap \{1,2\}| = 1$"
"('$X_1$', '$Z_{2}$', '$Z_{3}$')",3,0.7039336763779624,0.7045123359886291,0.0005786596106666098,26,True,"$|S \cap \{1,2\}| = 1$"
"('$X_1$', '$Z_{2}$', '$Z_{4}$')",3,0.7015355795323388,0.7001777455340218,-0.0013578339983170151,26,True,"$|S \cap \{1,2\}| = 1$"
"('$X_1$', '$Z_{2}$', '$Z_{5}$')",3,0.7091859842172586,0.6987136661292563,-0.010472318088002308,26,True,"$|S \cap \{1,2\}| = 1$"
"('$X_1$', '$Z_{2}$', '$Z_{6}$')",3,0.7056710097012163,0.7017610354149543,-0.003909974286262052,26,True,"$|S \cap \{1,2\}| = 1$"
"('$X_1$', '$Z_{3}$', '$Z_{4}$')",3,0.6971826019687167,0.7046822372736313,0.007499635304914598,26,True,"$|S \cap \{1,2\}| = 1$"
"('$X_1$', '$Z_{3}$', '$Z_{5}$')",3,0.7056817715119448,0.7031949705602508,-0.002486800951693957,26,True,"$|S \cap \{1,2\}| = 1$"
"('$X_1$', '$Z_{3}$', '$Z_{6}$')",3,0.6995269997013509,0.699148035380218,-0.0003789643211329352,26,True,"$|S \cap \{1,2\}| = 1$"
"('$X_1$', '$Z_{4}$', '$Z_{5}$')",3,0.706217776334462,0.703779706314879,-0.002438070019583072,26,True,"$|S \cap \{1,2\}| = 1$"
"('$X_1$', '$Z_{4}$', '$Z_{6}$')",3,0.6975095671730703,0.7019108167311174,0.0044012495580471045,26,True,"$|S \cap \{1,2\}| = 1$"
"('$X_1$', '$Z_{5}$', '$Z_{6}$')",3,0.700770497078801,0.6995467569894528,-0.0012237400893482242,26,True,"$|S \cap \{1,2\}| = 1$"
"('$X_2$', '$Z_{1}$', '$Z_{2}$')",3,0.705124030103892,0.7031382927850095,-0.001985737318882519,26,True,"$|S \cap \{1,2\}| = 1$"
"('$X_2$', '$Z_{1}$', '$Z_{3}$')",3,0.7089238209316736,0.7036602288171244,-0.005263592114549187,26,True,"$|S \cap \{1,2\}| = 1$"
"('$X_2$', '$Z_{1}$', '$Z_{4}$')",3,0.7062023694923488,0.7017483876328438,-0.004453981859505074,26,True,"$|S \cap \{1,2\}| = 1$"
"('$X_2$', '$Z_{1}$', '$Z_{5}$')",3,0.7079636982406518,0.7002249603033007,-0.007738737937351026,26,True,"$|S \cap \{1,2\}| = 1$"
"('$X_2$', '$Z_{1}$', '$Z_{6}$')",3,0.7089550571336116,0.706399948120483,-0.002555109013128609,26,True,"$|S \cap \{1,2\}| = 1$"
"('$X_2$', '$Z_{2}$', '$Z_{3}$')",3,0.7021326810977429,0.7072994101177569,0.005166729020014027,26,True,"$|S \cap \{1,2\}| = 1$"
"('$X_2$', '$Z_{2}$', '$Z_{4}$')",3,0.7027457937215015,0.7028231318296143,7.733810811283437e-05,26,True,"$|S \cap \{1,2\}| = 1$"
"('$X_2$', '$Z_{2}$', '$Z_{5}$')",3,0.7076871212769343,0.7063074259556129,-0.001379695321321428,26,True,"$|S \cap \{1,2\}| = 1$"
"('$X_2$', '$Z_{2}$', '$Z_{6}$')",3,0.7068803984702097,0.7097680975898617,0.002887699119652032,26,True,"$|S \cap \{1,2\}| = 1$"
"('$X_2$', '$Z_{3}$', '$Z_{4}$')",3,0.6999560591643683,0.704435830017306,0.0044797708529377145,26,True,"$|S \cap \{1,2\}| = 1$"
"('$X_2$', '$Z_{3}$', '$Z_{5}$')",3,0.7046752571228795,0.7025573361823099,-0.0021179209405696175,26,True,"$|S \cap \{1,2\}| = 1$"
"('$X_2$', '$Z_{3}$', '$Z_{6}$')",3,0.7026730730625727,0.7072988380850445,0.004625765022471806,26,True,"$|S \cap \{1,2\}| = 1$"
"('$X_2$', '$Z_{4}$', '$Z_{5}$')",3,0.7065852967202952,0.7025828818163038,-0.004002414903991447,26,True,"$|S \cap \{1,2\}| = 1$"
"('$X_2$', '$Z_{4}$', '$Z_{6}$')",3,0.7014202454173317,0.7027945262340747,0.0013742808167429565,26,True,"$|S \cap \{1,2\}| = 1$"
"('$X_2$', '$Z_{5}$', '$Z_{6}$')",3,0.704242613269001,0.6967172320159296,-0.007525381253071339,26,True,"$|S \cap \{1,2\}| = 1$"
"('$Z_{1}$', '$Z_{2}$', '$Z_{3}$')",3,0.7006334220504612,0.706990558086949,0.006357136036487798,26,False,"$S \cap \{1,2\} = \emptyset$"
"('$Z_{1}$', '$Z_{2}$', '$Z_{4}$')",3,0.7013850649176417,0.7006741354905366,-0.0007109294271051558,26,False,"$S \cap \{1,2\} = \emptyset$"
"('$Z_{1}$', '$Z_{2}$', '$Z_{5}$')",3,0.7091376995960106,0.7010673395097742,-0.008070360086236406,26,False,"$S \cap \{1,2\} = \emptyset$"
"('$Z_{1}$', '$Z_{2}$', '$Z_{6}$')",3,0.7072473806579617,0.7066718360665211,-0.0005755445914406021,26,False,"$S \cap \{1,2\} = \emptyset$"
"('$Z_{1}$', '$Z_{3}$', '$Z_{4}$')",3,0.7026050879147623,0.7046253038917583,0.002020215976995976,26,False,"$S \cap \{1,2\} = \emptyset$"
"('$Z_{1}$', '$Z_{3}$', '$Z_{5}$')",3,0.706474155420498,0.7032351540305621,-0.003239001389935825,26,False,"$S \cap \{1,2\} = \emptyset$"
"('$Z_{1}$', '$Z_{3}$', '$Z_{6}$')",3,0.7046579930618102,0.7107961015705969,0.0061381085087867104,26,False,"$S \cap \{1,2\} = \emptyset$"
"('$Z_{1}$', '$Z_{4}$', '$Z_{5}$')",3,0.7115212317512214,0.7024752007046445,-0.009046031046576863,26,False,"$S \cap \{1,2\} = \emptyset$"
"('$Z_{1}$', '$Z_{4}$', '$Z_{6}$')",3,0.7041493071879915,0.6993961921921661,-0.004753114995825425,26,False,"$S \cap \{1,2\} = \emptyset$"
"('$Z_{1}$', '$Z_{5}$', '$Z_{6}$')",3,0.7064340859194465,0.6978003010173727,-0.008633784902073782,26,False,"$S \cap \{1,2\} = \emptyset$"
"('$Z_{2}$', '$Z_{3}$', '$Z_{4}$')",3,0.696632646687822,0.7000834908409949,0.0034508441531728717,26,False,"$S \cap \{1,2\} = \emptyset$"
"('$Z_{2}$', '$Z_{3}$', '$Z_{5}$')",3,0.7023426333801651,0.7018225253601963,-0.0005201080199688235,26,False,"$S \cap \{1,2\} = \emptyset$"
"('$Z_{2}$', '$Z_{3}$', '$Z_{6}$')",3,0.7010376286843164,0.7041623481697793,0.00312471948546289,26,False,"$S \cap \{1,2\} = \emptyset$"
"('$Z_{2}$', '$Z_{4}$', '$Z_{5}$')",3,0.7085875555489666,0.7100623885512062,0.0014748330022396061,26,False,"$S \cap \{1,2\} = \emptyset$"
"('$Z_{2}$', '$Z_{4}$', '$Z_{6}$')",3,0.7010705623795584,0.7105313444592852,0.009460782079726782,26,False,"$S \cap \{1,2\} = \emptyset$"
"('$Z_{2}$', '$Z_{5}$', '$Z_{6}$')",3,0.7031168100920359,0.7101529553006233,0.007036145208587419,26,False,"$S \cap \{1,2\} = \emptyset$"
"('$Z_{3}$', '$Z_{4}$', '$Z_{5}$')",3,0.6996809408184504,0.7019710305061398,0.0022900896876894006,26,False,"$S \cap \{1,2\} = \emptyset$"
"('$Z_{3}$', '$Z_{4}$', '$Z_{6}$')",3,0.6986057260807362,0.7027415874867398,0.004135861406003527,26,False,"$S \cap \{1,2\} = \emptyset$"
"('$Z_{3}$', '$Z_{5}$', '$Z_{6}$')",3,0.7010967303195668,0.7007954151297012,-0.0003013151898655364,26,False,"$S \cap \{1,2\} = \emptyset$"
"('$Z_{4}$', '$Z_{5}$', '$Z_{6}$')",3,0.703803410147774,0.6968272483141115,-0.006976161833662564,26,False,"$S \cap \{1,2\} = \emptyset$"
"('$X_1$', '$X_2$')",2,0.06052414664572158,0.7112288194728544,0.6507046728271328,27,True,"$S \supseteq \{1,2\}$"
"('$X_1$', '$Z_{1}$')",2,0.7057801679242491,0.6971671624338949,-0.008613005490354264,27,True,"$|S \cap \{1,2\}| = 1$"
"('$X_1$', '$Z_{2}$')",2,0.7046265229757769,0.7046497084521486,2.3185476371700986e-05,27,True,"$|S \cap \{1,2\}| = 1$"
"('$X_1$', '$Z_{3}$')",2,0.6958361757086423,0.7031617618060232,0.007325586097380876,27,True,"$|S \cap \{1,2\}| = 1$"
"('$X_1$', '$Z_{4}$')",2,0.7013647564711105,0.7088269620577354,0.007462205586624915,27,True,"$|S \cap \{1,2\}| = 1$"
"('$X_1$', '$Z_{5}$')",2,0.7044002975279569,0.7156075221991329,0.011207224671176075,27,True,"$|S \cap \{1,2\}| = 1$"
"('$X_1$', '$Z_{6}$')",2,0.704022486310065,0.7027776035671901,-0.001244882742874931,27,True,"$|S \cap \{1,2\}| = 1$"
"('$X_2$', '$Z_{1}$')",2,0.7169301070774108,0.7093844563407324,-0.007545650736678344,27,True,"$|S \cap \{1,2\}| = 1$"
"('$X_2$', '$Z_{2}$')",2,0.7121152151545409,0.7046123969171698,-0.0075028182373710894,27,True,"$|S \cap \{1,2\}| = 1$"
"('$X_2$', '$Z_{3}$')",2,0.7081938286653305,0.7161324403515198,0.007938611686189256,27,True,"$|S \cap \{1,2\}| = 1$"
"('$X_2$', '$Z_{4}$')",2,0.7055152149194912,0.7122246347903304,0.006709419870839173,27,True,"$|S \cap \{1,2\}| = 1$"
"('$X_2$', '$Z_{5}$')",2,0.707652271296497,0.715213933460195,0.007561662163698024,27,True,"$|S \cap \{1,2\}| = 1$"
"('$X_2$', '$Z_{6}$')",2,0.7094729541593656,0.7102313738283067,0.0007584196689410794,27,True,"$|S \cap \{1,2\}| = 1$"
"('$Z_{1}$', '$Z_{2}$')",2,0.7091376948690131,0.710783437728518,0.0016457428595049173,27,False,"$S \cap \{1,2\} = \emptyset$"
"('$Z_{1}$', '$Z_{3}$')",2,0.7116307872266235,0.7066731545558144,-0.004957632670809176,27,False,"$S \cap \{1,2\} = \emptyset$"
"('$Z_{1}$', '$Z_{4}$')",2,0.7092904905717305,0.7074100492186166,-0.0018804413531139375,27,False,"$S \cap \{1,2\} = \emptyset$"
"('$Z_{1}$', '$Z_{5}$')",2,0.7097837586148926,0.7023111163009036,-0.007472642313989031,27,False,"$S \cap \{1,2\} = \emptyset$"
"('$Z_{1}$', '$Z_{6}$')",2,0.7154553686757888,0.7073769755284787,-0.008078393147310181,27,False,"$S \cap \{1,2\} = \emptyset$"
"('$Z_{2}$', '$Z_{3}$')",2,0.7071862973221591,0.7041809936011989,-0.003005303720960195,27,False,"$S \cap \{1,2\} = \emptyset$"
"('$Z_{2}$', '$Z_{4}$')",2,0.7083841235797904,0.7056948141476475,-0.002689309432142961,27,False,"$S \cap \{1,2\} = \emptyset$"
"('$Z_{2}$', '$Z_{5}$')",2,0.7076856836377632,0.7066625428477901,-0.0010231407899731204,27,False,"$S \cap \{1,2\} = \emptyset$"
"('$Z_{2}$', '$Z_{6}$')",2,0.7091675607539206,0.7067304620113486,-0.0024370987425720303,27,False,"$S \cap \{1,2\} = \emptyset$"
"('$Z_{3}$', '$Z_{4}$')",2,0.7049763023527023,0.717492468191312,0.012516165838609705,27,False,"$S \cap \{1,2\} = \emptyset$"
"('$Z_{3}$', '$Z_{5}$')",2,0.7003997064110401,0.709465640657374,0.009065934246333951,27,False,"$S \cap \{1,2\} = \emptyset$"
"('$Z_{3}$', '$Z_{6}$')",2,0.7050208640288226,0.7053259453848608,0.00030508135603823927,27,False,"$S \cap \{1,2\} = \emptyset$"
"('$Z_{4}$', '$Z_{5}$')",2,0.7011533677127944,0.7067219562195526,0.005568588506758232,27,False,"$S \cap \{1,2\} = \emptyset$"
"('$Z_{4}$', '$Z_{6}$')",2,0.7107883747623832,0.7088169799894722,-0.0019713947729109726,27,False,"$S \cap \{1,2\} = \emptyset$"
"('$Z_{5}$', '$Z_{6}$')",2,0.7056069832365404,0.7121970076847578,0.006590024448217435,27,False,"$S \cap \{1,2\} = \emptyset$"
"('$X_1$', '$X_2$', '$Z_{1}$')",3,0.18729919406905954,0.6934408938734952,0.5061416998044357,27,True,"$S \supseteq \{1,2\}$"
"('$X_1$', '$X_2$', '$Z_{2}$')",3,0.19944963043622713,0.699813045399109,0.500363414962882,27,True,"$S \supseteq \{1,2\}$"
"('$X_1$', '$X_2$', '$Z_{3}$')",3,0.18669241260806235,0.6971941544643825,0.5105017418563201,27,True,"$S \supseteq \{1,2\}$"
"('$X_1$', '$X_2$', '$Z_{4}$')",3,0.19737447504100777,0.6966940413993868,0.49931956635837904,27,True,"$S \supseteq \{1,2\}$"
"('$X_1$', '$X_2$', '$Z_{5}$')",3,0.19122847393766806,0.6993113815094446,0.5080829075717765,27,True,"$S \supseteq \{1,2\}$"
"('$X_1$', '$X_2$', '$Z_{6}$')",3,0.1895026361870538,0.6934148376890914,0.5039122015020376,27,True,"$S \supseteq \{1,2\}$"
"('$X_1$', '$Z_{1}$', '$Z_{2}$')",3,0.7033730728929503,0.6974762873064376,-0.005896785586512632,27,True,"$|S \cap \{1,2\}| = 1$"
"('$X_1$', '$Z_{1}$', '$Z_{3}$')",3,0.6999620287876692,0.6998834171894834,-7.861159818578489e-05,27,True,"$|S \cap \{1,2\}| = 1$"
"('$X_1$', '$Z_{1}$', '$Z_{4}$')",3,0.7007836764290188,0.6927582264212764,-0.008025450007742463,27,True,"$|S \cap \{1,2\}| = 1$"
"('$X_1$', '$Z_{1}$', '$Z_{5}$')",3,0.7028507953906049,0.7031134236043107,0.0002626282137058178,27,True,"$|S \cap \{1,2\}| = 1$"
"('$X_1$', '$Z_{1}$', '$Z_{6}$')",3,0.7069512748953651,0.7024680187117098,-0.004483256183655304,27,True,"$|S \cap \{1,2\}| = 1$"
"('$X_1$', '$Z_{2}$', '$Z_{3}$')",3,0.7006953001977986,0.7042104370049903,0.003515136807191732,27,True,"$|S \cap \{1,2\}| = 1$"
"('$X_1$', '$Z_{2}$', '$Z_{4}$')",3,0.6996507791972784,0.706392566093768,0.006741786896489632,27,True,"$|S \cap \{1,2\}| = 1$"
"('$X_1$', '$Z_{2}$', '$Z_{5}$')",3,0.7048133476005936,0.7099347449497464,0.005121397349152845,27,True,"$|S \cap \{1,2\}| = 1$"
"('$X_1$', '$Z_{2}$', '$Z_{6}$')",3,0.7049085476986995,0.7051386846690002,0.00023013697030072056,27,True,"$|S \cap \{1,2\}| = 1$"
"('$X_1$', '$Z_{3}$', '$Z_{4}$')",3,0.6987228245255829,0.7008662735511441,0.0021434490255611838,27,True,"$|S \cap \{1,2\}| = 1$"
"('$X_1$', '$Z_{3}$', '$Z_{5}$')",3,0.6966933102877243,0.7012515365016724,0.00455822621394808,27,True,"$|S \cap \{1,2\}| = 1$"
"('$X_1$', '$Z_{3}$', '$Z_{6}$')",3,0.7003177553726169,0.6993182925924123,-0.0009994627802045741,27,True,"$|S \cap \{1,2\}| = 1$"
"('$X_1$', '$Z_{4}$', '$Z_{5}$')",3,0.6996399826990322,0.7025369032274064,0.0028969205283742028,27,True,"$|S \cap \{1,2\}| = 1$"
"('$X_1$', '$Z_{4}$', '$Z_{6}$')",3,0.7018021879597359,0.7010334396313401,-0.0007687483283957963,27,True,"$|S \cap \{1,2\}| = 1$"
"('$X_1$', '$Z_{5}$', '$Z_{6}$')",3,0.7031340967619372,0.7060661005237935,0.0029320037618563166,27,True,"$|S \cap \{1,2\}| = 1$"
"('$X_2$', '$Z_{1}$', '$Z_{2}$')",3,0.7127635998397357,0.7031719744694277,-0.009591625370307999,27,True,"$|S \cap \{1,2\}| = 1$"
"('$X_2$', '$Z_{1}$', '$Z_{3}$')",3,0.7094417003420791,0.7038530974676244,-0.005588602874454729,27,True,"$|S \cap \{1,2\}| = 1$"
"('$X_2$', '$Z_{1}$', '$Z_{4}$')",3,0.7063761548373645,0.6997539671383983,-0.006622187698966164,27,True,"$|S \cap \{1,2\}| = 1$"
"('$X_2$', '$Z_{1}$', '$Z_{5}$')",3,0.7082073826585689,0.7015876046848284,-0.0066197779737404705,27,True,"$|S \cap \{1,2\}| = 1$"
"('$X_2$', '$Z_{1}$', '$Z_{6}$')",3,0.7122568791278775,0.6955580793256103,-0.016698799802267184,27,True,"$|S \cap \{1,2\}| = 1$"
"('$X_2$', '$Z_{2}$', '$Z_{3}$')",3,0.7077271205465454,0.6927326967186718,-0.014994423827873637,27,True,"$|S \cap \{1,2\}| = 1$"
"('$X_2$', '$Z_{2}$', '$Z_{4}$')",3,0.7071897613242917,0.7085230290560888,0.0013332677317970942,27,True,"$|S \cap \{1,2\}| = 1$"
"('$X_2$', '$Z_{2}$', '$Z_{5}$')",3,0.7076308737276232,0.7052325385781193,-0.0023983351495039384,27,True,"$|S \cap \{1,2\}| = 1$"
"('$X_2$', '$Z_{2}$', '$Z_{6}$')",3,0.7088716831581764,0.7063150378130997,-0.0025566453450767135,27,True,"$|S \cap \{1,2\}| = 1$"
"('$X_2$', '$Z_{3}$', '$Z_{4}$')",3,0.7027393141313665,0.7064411848821978,0.003701870750831282,27,True,"$|S \cap \{1,2\}| = 1$"
"('$X_2$', '$Z_{3}$', '$Z_{5}$')",3,0.7027620660611231,0.704307477905875,0.001545411844751876,27,True,"$|S \cap \{1,2\}| = 1$"
"('$X_2$', '$Z_{3}$', '$Z_{6}$')",3,0.7054518317406205,0.7041407708390149,-0.0013110609016055985,27,True,"$|S \cap \{1,2\}| = 1$"
"('$X_2$', '$Z_{4}$', '$Z_{5}$')",3,0.6993585586258099,0.7020721962697105,0.002713637643900646,27,True,"$|S \cap \{1,2\}| = 1$"
"('$X_2$', '$Z_{4}$', '$Z_{6}$')",3,0.7036421893018642,0.7024813320694312,-0.001160857232432977,27,True,"$|S \cap \{1,2\}| = 1$"
"('$X_2$', '$Z_{5}$', '$Z_{6}$')",3,0.7050675320136311,0.6996539684648291,-0.0054135635488020695,27,True,"$|S \cap \{1,2\}| = 1$"
"('$Z_{1}$', '$Z_{2}$', '$Z_{3}$')",3,0.7075383008913375,0.7049162012577606,-0.0026220996335769575,27,False,"$S \cap \{1,2\} = \emptyset$"
"('$Z_{1}$', '$Z_{2}$', '$Z_{4}$')",3,0.7049270290720299,0.6985108246513559,-0.006416204420673921,27,False,"$S \cap \{1,2\} = \emptyset$"
"('$Z_{1}$', '$Z_{2}$', '$Z_{5}$')",3,0.7064236697114152,0.7039182560613508,-0.002505413650064403,27,False,"$S \cap \{1,2\} = \emptyset$"
"('$Z_{1}$', '$Z_{2}$', '$Z_{6}$')",3,0.7096071343676587,0.7073551713752615,-0.0022519629923971607,27,False,"$S \cap \{1,2\} = \emptyset$"
"('$Z_{1}$', '$Z_{3}$', '$Z_{4}$')",3,0.7074282940236065,0.7050520665157574,-0.00237622750784916,27,False,"$S \cap \{1,2\} = \emptyset$"
"('$Z_{1}$', '$Z_{3}$', '$Z_{5}$')",3,0.7039241535666771,0.7024904289303531,-0.001433724636324074,27,False,"$S \cap \{1,2\} = \emptyset$"
"('$Z_{1}$', '$Z_{3}$', '$Z_{6}$')",3,0.710152733893195,0.7071551322121322,-0.002997601681062778,27,False,"$S \cap \{1,2\} = \emptyset$"
"('$Z_{1}$', '$Z_{4}$', '$Z_{5}$')",3,0.700991940812857,0.7071356757035412,0.006143734890684205,27,False,"$S \cap \{1,2\} = \emptyset$"
"('$Z_{1}$', '$Z_{4}$', '$Z_{6}$')",3,0.7090084653140827,0.7002864026918837,-0.00872206262219899,27,False,"$S \cap \{1,2\} = \emptyset$"
"('$Z_{1}$', '$Z_{5}$', '$Z_{6}$')",3,0.7063800359753608,0.705919074683502,-0.00046096129185879686,27,False,"$S \cap \{1,2\} = \emptyset$"
"('$Z_{2}$', '$Z_{3}$', '$Z_{4}$')",3,0.7055213972220876,0.7045466216244358,-0.0009747755976518002,27,False,"$S \cap \{1,2\} = \emptyset$"
"('$Z_{2}$', '$Z_{3}$', '$Z_{5}$')",3,0.7027228384969155,0.7062533671089771,0.003530528612061601,27,False,"$S \cap \{1,2\} = \emptyset$"
"('$Z_{2}$', '$Z_{3}$', '$Z_{6}$')",3,0.7036906047388484,0.7058429786146746,0.00215237387582623,27,False,"$S \cap \{1,2\} = \emptyset$"
"('$Z_{2}$', '$Z_{4}$', '$Z_{5}$')",3,0.6985888210388408,0.7017239385649776,0.0031351175261368214,27,False,"$S \cap \{1,2\} = \emptyset$"
"('$Z_{2}$', '$Z_{4}$', '$Z_{6}$')",3,0.7081185598892753,0.7020148253241258,-0.0061037345651494546,27,False,"$S \cap \{1,2\} = \emptyset$"
"('$Z_{2}$', '$Z_{5}$', '$Z_{6}$')",3,0.7035022565880824,0.7066406596567385,0.0031384030686560926,27,False,"$S \cap \{1,2\} = \emptyset$"
"('$Z_{3}$', '$Z_{4}$', '$Z_{5}$')",3,0.6986703259999647,0.703388255129125,0.004717929129160248,27,False,"$S \cap \{1,2\} = \emptyset$"
"('$Z_{3}$', '$Z_{4}$', '$Z_{6}$')",3,0.705809000044742,0.7073734322672672,0.001564432222525225,27,False,"$S \cap \{1,2\} = \emptyset$"
"('$Z_{3}$', '$Z_{5}$', '$Z_{6}$')",3,0.6996573064611775,0.6981345706945756,-0.0015227357666018904,27,False,"$S \cap \{1,2\} = \emptyset$"
"('$Z_{4}$', '$Z_{5}$', '$Z_{6}$')",3,0.7013972479327464,0.7049613011806823,0.003564053247935961,27,False,"$S \cap \{1,2\} = \emptyset$"
"('$X_1$', '$X_2$')",2,0.05365339383752968,0.705230926931019,0.6515775330934893,28,True,"$S \supseteq \{1,2\}$"
"('$X_1$', '$Z_{1}$')",2,0.7098318307209297,0.7046428234915992,-0.005189007229330467,28,True,"$|S \cap \{1,2\}| = 1$"
"('$X_1$', '$Z_{2}$')",2,0.7082039303597214,0.7033344349186749,-0.004869495441046534,28,True,"$|S \cap \{1,2\}| = 1$"
"('$X_1$', '$Z_{3}$')",2,0.7150900017494326,0.7074041952075066,-0.007685806541925966,28,True,"$|S \cap \{1,2\}| = 1$"
"('$X_1$', '$Z_{4}$')",2,0.7048700987419456,0.7021764956891409,-0.0026936030528047494,28,True,"$|S \cap \{1,2\}| = 1$"
"('$X_1$', '$Z_{5}$')",2,0.7073803235900183,0.7118546534866396,0.004474329896621221,28,True,"$|S \cap \{1,2\}| = 1$"
"('$X_1$', '$Z_{6}$')",2,0.7101828855584515,0.7089317435467907,-0.0012511420116608774,28,True,"$|S \cap \{1,2\}| = 1$"
"('$X_2$', '$Z_{1}$')",2,0.7039488423133898,0.7053398454881841,0.0013910031747942364,28,True,"$|S \cap \{1,2\}| = 1$"
"('$X_2$', '$Z_{2}$')",2,0.7102757027393471,0.7150756413756038,0.0047999386362566066,28,True,"$|S \cap \{1,2\}| = 1$"
"('$X_2$', '$Z_{3}$')",2,0.7085307969223874,0.706175547582375,-0.002355249340012411,28,True,"$|S \cap \{1,2\}| = 1$"
"('$X_2$', '$Z_{4}$')",2,0.7112208356807826,0.7078692226025602,-0.003351613078222404,28,True,"$|S \cap \{1,2\}| = 1$"
"('$X_2$', '$Z_{5}$')",2,0.7089443516094116,0.7098850203803885,0.0009406687709768713,28,True,"$|S \cap \{1,2\}| = 1$"
"('$X_2$', '$Z_{6}$')",2,0.7086980037288599,0.7064552013597595,-0.0022428023691004606,28,True,"$|S \cap \{1,2\}| = 1$"
"('$Z_{1}$', '$Z_{2}$')",2,0.702008230745339,0.7045601701813117,0.00255193943597265,28,False,"$S \cap \{1,2\} = \emptyset$"
"('$Z_{1}$', '$Z_{3}$')",2,0.7055772189343761,0.7102166407203377,0.0046394217859616615,28,False,"$S \cap \{1,2\} = \emptyset$"
"('$Z_{1}$', '$Z_{4}$')",2,0.7048142787285561,0.711043354354064,0.006229075625507896,28,False,"$S \cap \{1,2\} = \emptyset$"
"('$Z_{1}$', '$Z_{5}$')",2,0.7047501506923005,0.7061111875410009,0.00136103684870037,28,False,"$S \cap \{1,2\} = \emptyset$"
"('$Z_{1}$', '$Z_{6}$')",2,0.7103516816670475,0.7061732883099772,-0.004178393357070376,28,False,"$S \cap \{1,2\} = \emptyset$"
"('$Z_{2}$', '$Z_{3}$')",2,0.7103584718701845,0.7068215423140791,-0.003536929556105406,28,False,"$S \cap \{1,2\} = \emptyset$"
"('$Z_{2}$', '$Z_{4}$')",2,0.7079261319913033,0.7043229638659385,-0.003603168125364764,28,False,"$S \cap \{1,2\} = \emptyset$"
"('$Z_{2}$', '$Z_{5}$')",2,0.7083817256402047,0.7098312414111526,0.0014495157709478734,28,False,"$S \cap \{1,2\} = \emptyset$"
"('$Z_{2}$', '$Z_{6}$')",2,0.7141437680327547,0.7022000372124635,-0.01194373082029121,28,False,"$S \cap \{1,2\} = \emptyset$"
"('$Z_{3}$', '$Z_{4}$')",2,0.7062625560832386,0.707836645618723,0.0015740895354843243,28,False,"$S \cap \{1,2\} = \emptyset$"
"('$Z_{3}$', '$Z_{5}$')",2,0.7153564364381345,0.7157403131437611,0.0003838767056265624,28,False,"$S \cap \{1,2\} = \emptyset$"
"('$Z_{3}$', '$Z_{6}$')",2,0.7135873189171134,0.7035962637571829,-0.009991055159930484,28,False,"$S \cap \{1,2\} = \emptyset$"
"('$Z_{4}$', '$Z_{5}$')",2,0.7010041608959268,0.7056808922398177,0.004676731343890905,28,False,"$S \cap \{1,2\} = \emptyset$"
"('$Z_{4}$', '$Z_{6}$')",2,0.7073702557704528,0.7152688676213609,0.007898611850908122,28,False,"$S \cap \{1,2\} = \emptyset$"
"('$Z_{5}$', '$Z_{6}$')",2,0.7121611841002695,0.7067212277215269,-0.005439956378742616,28,False,"$S \cap \{1,2\} = \emptyset$"
"('$X_1$', '$X_2$', '$Z_{1}$')",3,0.2027473307353311,0.7041082263467073,0.5013608956113762,28,True,"$S \supseteq \{1,2\}$"
"('$X_1$', '$X_2$', '$Z_{2}$')",3,0.19567220577406277,0.702604944609388,0.5069327388353253,28,True,"$S \supseteq \{1,2\}$"
"('$X_1$', '$X_2$', '$Z_{3}$')",3,0.19942355020375294,0.7014169705026315,0.5019934202988786,28,True,"$S \supseteq \{1,2\}$"
"('$X_1$', '$X_2$', '$Z_{4}$')",3,0.18573302844615422,0.7031700969272854,0.5174370684811311,28,True,"$S \supseteq \{1,2\}$"
"('$X_1$', '$X_2$', '$Z_{5}$')",3,0.20697400826331055,0.7049956883639161,0.49802168010060555,28,True,"$S \supseteq \{1,2\}$"
"('$X_1$', '$X_2$', '$Z_{6}$')",3,0.19656945926533387,0.6994687590549203,0.5028992997895865,28,True,"$S \supseteq \{1,2\}$"
"('$X_1$', '$Z_{1}$', '$Z_{2}$')",3,0.7024473741458221,0.7031212566676848,0.0006738825218626232,28,True,"$|S \cap \{1,2\}| = 1$"
"('$X_1$', '$Z_{1}$', '$Z_{3}$')",3,0.7061124141217722,0.7047644092972157,-0.0013480048245564369,28,True,"$|S \cap \{1,2\}| = 1$"
"('$X_1$', '$Z_{1}$', '$Z_{4}$')",3,0.7007944818017928,0.7120825405526744,0.011288058750881569,28,True,"$|S \cap \{1,2\}| = 1$"
"('$X_1$', '$Z_{1}$', '$Z_{5}$')",3,0.7039997308608507,0.6994454101109234,-0.004554320749927232,28,True,"$|S \cap \{1,2\}| = 1$"
"('$X_1$', '$Z_{1}$', '$Z_{6}$')",3,0.703078946766269,0.7016804835863252,-0.001398463179943854,28,True,"$|S \cap \{1,2\}| = 1$"
"('$X_1$', '$Z_{2}$', '$Z_{3}$')",3,0.7060498690877328,0.7096299906892681,0.0035801216015353132,28,True,"$|S \cap \{1,2\}| = 1$"
"('$X_1$', '$Z_{2}$', '$Z_{4}$')",3,0.7001596371840337,0.7038284648233123,0.00366882763927856,28,True,"$|S \cap \{1,2\}| = 1$"
"('$X_1$', '$Z_{2}$', '$Z_{5}$')",3,0.7031625113335798,0.7054558454118133,0.002293334078233511,28,True,"$|S \cap \{1,2\}| = 1$"
"('$X_1$', '$Z_{2}$', '$Z_{6}$')",3,0.7051859783129242,0.7059346109105259,0.0007486325976017172,28,True,"$|S \cap \{1,2\}| = 1$"
"('$X_1$', '$Z_{3}$', '$Z_{4}$')",3,0.7045151546041851,0.7024315602139787,-0.0020835943902064447,28,True,"$|S \cap \{1,2\}| = 1$"
"('$X_1$', '$Z_{3}$', '$Z_{5}$')",3,0.7096124975205866,0.699898009383757,-0.009714488136829624,28,True,"$|S \cap \{1,2\}| = 1$"
"('$X_1$', '$Z_{3}$', '$Z_{6}$')",3,0.708310389659062,0.6972751257784876,-0.011035263880574409,28,True,"$|S \cap \{1,2\}| = 1$"
"('$X_1$', '$Z_{4}$', '$Z_{5}$')",3,0.6990214607179316,0.7087070146646319,0.009685553946700343,28,True,"$|S \cap \{1,2\}| = 1$"
"('$X_1$', '$Z_{4}$', '$Z_{6}$')",3,0.7029588925827954,0.7091275002750494,0.0061686076922540245,28,True,"$|S \cap \{1,2\}| = 1$"
"('$X_1$', '$Z_{5}$', '$Z_{6}$')",3,0.707914313747786,0.7022345817697205,-0.005679731978065483,28,True,"$|S \cap \{1,2\}| = 1$"
"('$X_2$', '$Z_{1}$', '$Z_{2}$')",3,0.7025475559762641,0.7027492105577642,0.0002016545815001214,28,True,"$|S \cap \{1,2\}| = 1$"
"('$X_2$', '$Z_{1}$', '$Z_{3}$')",3,0.7012597284478633,0.6994556218419014,-0.0018041066059619748,28,True,"$|S \cap \{1,2\}| = 1$"
"('$X_2$', '$Z_{1}$', '$Z_{4}$')",3,0.7034620235269347,0.6980722321053858,-0.0053897914215488285,28,True,"$|S \cap \{1,2\}| = 1$"
"('$X_2$', '$Z_{1}$', '$Z_{5}$')",3,0.7050402320280096,0.7039832463952526,-0.0010569856327570237,28,True,"$|S \cap \{1,2\}| = 1$"
"('$X_2$', '$Z_{1}$', '$Z_{6}$')",3,0.7047430294158177,0.7031982877459726,-0.0015447416698450844,28,True,"$|S \cap \{1,2\}| = 1$"
"('$X_2$', '$Z_{2}$', '$Z_{3}$')",3,0.7074510926076027,0.7075038497910173,5.275718341457569e-05,28,True,"$|S \cap \{1,2\}| = 1$"
"('$X_2$', '$Z_{2}$', '$Z_{4}$')",3,0.7056775115935946,0.7066385476879465,0.0009610360943519414,28,True,"$|S \cap \{1,2\}| = 1$"
"('$X_2$', '$Z_{2}$', '$Z_{5}$')",3,0.7082439888829154,0.7072846461334632,-0.0009593427494521967,28,True,"$|S \cap \{1,2\}| = 1$"
"('$X_2$', '$Z_{2}$', '$Z_{6}$')",3,0.7091701639655648,0.7068672472748294,-0.002302916690735346,28,True,"$|S \cap \{1,2\}| = 1$"
"('$X_2$', '$Z_{3}$', '$Z_{4}$')",3,0.7065758097988605,0.7077659717286661,0.0011901619298055888,28,True,"$|S \cap \{1,2\}| = 1$"
"('$X_2$', '$Z_{3}$', '$Z_{5}$')",3,0.708535023540659,0.7095725162289324,0.001037492688273356,28,True,"$|S \cap \{1,2\}| = 1$"
"('$X_2$', '$Z_{3}$', '$Z_{6}$')",3,0.7051593949087798,0.6989774722949973,-0.006181922613782476,28,True,"$|S \cap \{1,2\}| = 1$"
"('$X_2$', '$Z_{4}$', '$Z_{5}$')",3,0.7079861233988338,0.7100177542409767,0.002031630842142862,28,True,"$|S \cap \{1,2\}| = 1$"
"('$X_2$', '$Z_{4}$', '$Z_{6}$')",3,0.7051886327697054,0.7036092065916539,-0.0015794261780515129,28,True,"$|S \cap \{1,2\}| = 1$"
"('$X_2$', '$Z_{5}$', '$Z_{6}$')",3,0.70892822144054,0.7028364941457854,-0.006091727294754601,28,True,"$|S \cap \{1,2\}| = 1$"
"('$Z_{1}$', '$Z_{2}$', '$Z_{3}$')",3,0.7028695627147005,0.70076917913635,-0.0021003835783505176,28,False,"$S \cap \{1,2\} = \emptyset$"
"('$Z_{1}$', '$Z_{2}$', '$Z_{4}$')",3,0.6992064892045219,0.705937192205635,0.006730703001113114,28,False,"$S \cap \{1,2\} = \emptyset$"
"('$Z_{1}$', '$Z_{2}$', '$Z_{5}$')",3,0.7007672489280414,0.7003053378681992,-0.0004619110598422793,28,False,"$S \cap \{1,2\} = \emptyset$"
"('$Z_{1}$', '$Z_{2}$', '$Z_{6}$')",3,0.7051666463109386,0.6993827431554612,-0.005783903155477388,28,False,"$S \cap \{1,2\} = \emptyset$"
"('$Z_{1}$', '$Z_{3}$', '$Z_{4}$')",3,0.7016426070654175,0.7032149395767903,0.001572332511372787,28,False,"$S \cap \{1,2\} = \emptyset$"
"('$Z_{1}$', '$Z_{3}$', '$Z_{5}$')",3,0.7049522195189893,0.6971671426185799,-0.007785076900409416,28,False,"$S \cap \{1,2\} = \emptyset$"
"('$Z_{1}$', '$Z_{3}$', '$Z_{6}$')",3,0.7059197104682131,0.7050507241674044,-0.0008689863008086718,28,False,"$S \cap \{1,2\} = \emptyset$"
"('$Z_{1}$', '$Z_{4}$', '$Z_{5}$')",3,0.7010613971132449,0.7042080563992231,0.003146659285978237,28,False,"$S \cap \{1,2\} = \emptyset$"
"('$Z_{1}$', '$Z_{4}$', '$Z_{6}$')",3,0.706261261743806,0.7030964663204127,-0.0031647954233933184,28,False,"$S \cap \{1,2\} = \emptyset$"
"('$Z_{1}$', '$Z_{5}$', '$Z_{6}$')",3,0.7063546215908982,0.701428781866729,-0.0049258397241692675,28,False,"$S \cap \{1,2\} = \emptyset$"
"('$Z_{2}$', '$Z_{3}$', '$Z_{4}$')",3,0.7052378140301253,0.697248662035622,-0.00798915199450334,28,False,"$S \cap \{1,2\} = \emptyset$"
"('$Z_{2}$', '$Z_{3}$', '$Z_{5}$')",3,0.7105357673770849,0.7079432091512105,-0.002592558225874453,28,False,"$S \cap \{1,2\} = \emptyset$"
"('$Z_{2}$', '$Z_{3}$', '$Z_{6}$')",3,0.7094344602288439,0.7022485798350135,-0.007185880393830391,28,False,"$S \cap \{1,2\} = \emptyset$"
"('$Z_{2}$', '$Z_{4}$', '$Z_{5}$')",3,0.7021943626849779,0.706549797080335,0.004355434395357127,28,False,"$S \cap \{1,2\} = \emptyset$"
"('$Z_{2}$', '$Z_{4}$', '$Z_{6}$')",3,0.7051117681091182,0.7036532048919516,-0.0014585632171666418,28,False,"$S \cap \{1,2\} = \emptyset$"
"('$Z_{2}$', '$Z_{5}$', '$Z_{6}$')",3,0.7084490455359219,0.6938318624222847,-0.014617183113637244,28,False,"$S \cap \{1,2\} = \emptyset$"
"('$Z_{3}$', '$Z_{4}$', '$Z_{5}$')",3,0.706405633140137,0.7002319871032809,-0.006173646036856106,28,False,"$S \cap \{1,2\} = \emptyset$"
"('$Z_{3}$', '$Z_{4}$', '$Z_{6}$')",3,0.7093374813602636,0.7039456370979653,-0.005391844262298329,28,False,"$S \cap \{1,2\} = \emptyset$"
"('$Z_{3}$', '$Z_{5}$', '$Z_{6}$')",3,0.7121142463191381,0.6973319500267885,-0.014782296292349617,28,False,"$S \cap \{1,2\} = \emptyset$"
"('$Z_{4}$', '$Z_{5}$', '$Z_{6}$')",3,0.7054676332168446,0.7082538260936094,0.002786192876764848,28,False,"$S \cap \{1,2\} = \emptyset$"
"('$X_1$', '$X_2$')",2,0.048517719471742105,0.7092079250188119,0.6606902055470698,29,True,"$S \supseteq \{1,2\}$"
"('$X_1$', '$Z_{1}$')",2,0.7065512773023466,0.7126339661632826,0.006082688860935992,29,True,"$|S \cap \{1,2\}| = 1$"
"('$X_1$', '$Z_{2}$')",2,0.7056891548565879,0.7059051489886337,0.00021599413204576035,29,True,"$|S \cap \{1,2\}| = 1$"
"('$X_1$', '$Z_{3}$')",2,0.6946274690593857,0.7098167011101496,0.015189232050763946,29,True,"$|S \cap \{1,2\}| = 1$"
"('$X_1$', '$Z_{4}$')",2,0.698455432298613,0.7064563298081119,0.00800089750949895,29,True,"$|S \cap \{1,2\}| = 1$"
"('$X_1$', '$Z_{5}$')",2,0.7042058322313466,0.6929859152424556,-0.011219916988891021,29,True,"$|S \cap \{1,2\}| = 1$"
"('$X_1$', '$Z_{6}$')",2,0.7030338064599834,0.7085727996438368,0.0055389931838534245,29,True,"$|S \cap \{1,2\}| = 1$"
"('$X_2$', '$Z_{1}$')",2,0.709401015453946,0.7093824080139218,-1.860744002413206e-05,29,True,"$|S \cap \{1,2\}| = 1$"
"('$X_2$', '$Z_{2}$')",2,0.7045161915144494,0.7132103105027545,0.008694118988305077,29,True,"$|S \cap \{1,2\}| = 1$"
"('$X_2$', '$Z_{3}$')",2,0.7032855381357836,0.7051610722930189,0.0018755341572352924,29,True,"$|S \cap \{1,2\}| = 1$"
"('$X_2$', '$Z_{4}$')",2,0.7094726727086957,0.7006231066534526,-0.008849566055243119,29,True,"$|S \cap \{1,2\}| = 1$"
"('$X_2$', '$Z_{5}$')",2,0.7039213178145363,0.7085001922924945,0.004578874477958239,29,True,"$|S \cap \{1,2\}| = 1$"
"('$X_2$', '$Z_{6}$')",2,0.7094669299041726,0.7169056021640108,0.007438672259838186,29,True,"$|S \cap \{1,2\}| = 1$"
"('$Z_{1}$', '$Z_{2}$')",2,0.7070436787642076,0.7061615391092368,-0.0008821396549707483,29,False,"$S \cap \{1,2\} = \emptyset$"
"('$Z_{1}$', '$Z_{3}$')",2,0.704924316465167,0.7069264010683359,0.0020020846031689743,29,False,"$S \cap \{1,2\} = \emptyset$"
"('$Z_{1}$', '$Z_{4}$')",2,0.7087502039446274,0.700978528938318,-0.007771675006309375,29,False,"$S \cap \{1,2\} = \emptyset$"
"('$Z_{1}$', '$Z_{5}$')",2,0.7079511466700602,0.7029503165695262,-0.005000830100533982,29,False,"$S \cap \{1,2\} = \emptyset$"
"('$Z_{1}$', '$Z_{6}$')",2,0.7112659908059539,0.7149512602138434,0.003685269407889491,29,False,"$S \cap \{1,2\} = \emptyset$"
"('$Z_{2}$', '$Z_{3}$')",2,0.7069097595190212,0.7012301685645418,-0.005679590954479452,29,False,"$S \cap \{1,2\} = \emptyset$"
"('$Z_{2}$', '$Z_{4}$')",2,0.7015361993424934,0.7080044342054775,0.00646823486298409,29,False,"$S \cap \{1,2\} = \emptyset$"
"('$Z_{2}$', '$Z_{5}$')",2,0.7041509438921243,0.7114427095542256,0.007291765662101324,29,False,"$S \cap \{1,2\} = \emptyset$"
"('$Z_{2}$', '$Z_{6}$')",2,0.7162454606570641,0.7059795627505918,-0.010265897906472254,29,False,"$S \cap \{1,2\} = \emptyset$"
"('$Z_{3}$', '$Z_{4}$')",2,0.7084964932524658,0.7108856282753339,0.002389135022868083,29,False,"$S \cap \{1,2\} = \emptyset$"
"('$Z_{3}$', '$Z_{5}$')",2,0.7062930614928252,0.7095723974336273,0.0032793359408020972,29,False,"$S \cap \{1,2\} = \emptyset$"
"('$Z_{3}$', '$Z_{6}$')",2,0.7076052389344931,0.7086614431340302,0.001056204199537114,29,False,"$S \cap \{1,2\} = \emptyset$"
"('$Z_{4}$', '$Z_{5}$')",2,0.7044497093030521,0.7094245847812731,0.004974875478221064,29,False,"$S \cap \{1,2\} = \emptyset$"
"('$Z_{4}$', '$Z_{6}$')",2,0.7120507870773903,0.7069081209426834,-0.00514266613470693,29,False,"$S \cap \{1,2\} = \emptyset$"
"('$Z_{5}$', '$Z_{6}$')",2,0.7070415999557529,0.7189487480994091,0.011907148143656232,29,False,"$S \cap \{1,2\} = \emptyset$"
"('$X_1$', '$X_2$', '$Z_{1}$')",3,0.18527463921801984,0.7021892161217176,0.5169145769036978,29,True,"$S \supseteq \{1,2\}$"
"('$X_1$', '$X_2$', '$Z_{2}$')",3,0.18799685492234625,0.6958317065895573,0.5078348516672111,29,True,"$S \supseteq \{1,2\}$"
"('$X_1$', '$X_2$', '$Z_{3}$')",3,0.1959490889178002,0.7017190345359147,0.5057699456181145,29,True,"$S \supseteq \{1,2\}$"
"('$X_1$', '$X_2$', '$Z_{4}$')",3,0.18866221432022023,0.704658934835757,0.5159967205155368,29,True,"$S \supseteq \{1,2\}$"
"('$X_1$', '$X_2$', '$Z_{5}$')",3,0.19989298108612633,0.7053417285708785,0.5054487474847522,29,True,"$S \supseteq \{1,2\}$"
"('$X_1$', '$X_2$', '$Z_{6}$')",3,0.18391265787566624,0.705130877389217,0.5212182195135507,29,True,"$S \supseteq \{1,2\}$"
"('$X_1$', '$Z_{1}$', '$Z_{2}$')",3,0.6972164724307497,0.7080914035351309,0.010874931104381202,29,True,"$|S \cap \{1,2\}| = 1$"
"('$X_1$', '$Z_{1}$', '$Z_{3}$')",3,0.6968232698701978,0.7044559927783416,0.007632722908143763,29,True,"$|S \cap \{1,2\}| = 1$"
"('$X_1$', '$Z_{1}$', '$Z_{4}$')",3,0.7030227805283198,0.6969516599517422,-0.006071120576577549,29,True,"$|S \cap \{1,2\}| = 1$"
"('$X_1$', '$Z_{1}$', '$Z_{5}$')",3,0.7007992445322728,0.7048584952931509,0.004059250760878097,29,True,"$|S \cap \{1,2\}| = 1$"
"('$X_1$', '$Z_{1}$', '$Z_{6}$')",3,0.7021140243532754,0.6979942750967081,-0.004119749256567329,29,True,"$|S \cap \{1,2\}| = 1$"
"('$X_1$', '$Z_{2}$', '$Z_{3}$')",3,0.6995286517485653,0.7064126527088503,0.006884000960285075,29,True,"$|S \cap \{1,2\}| = 1$"
"('$X_1$', '$Z_{2}$', '$Z_{4}$')",3,0.6977660288656625,0.705565666541167,0.007799637675504512,29,True,"$|S \cap \{1,2\}| = 1$"
"('$X_1$', '$Z_{2}$', '$Z_{5}$')",3,0.6994247978028714,0.7014210959226801,0.001996298119808726,29,True,"$|S \cap \{1,2\}| = 1$"
"('$X_1$', '$Z_{2}$', '$Z_{6}$')",3,0.7049446586525236,0.7074931107961574,0.0025484521436337504,29,True,"$|S \cap \{1,2\}| = 1$"
"('$X_1$', '$Z_{3}$', '$Z_{4}$')",3,0.7008160234342965,0.7038333885701367,0.0030173651358401665,29,True,"$|S \cap \{1,2\}| = 1$"
"('$X_1$', '$Z_{3}$', '$Z_{5}$')",3,0.6999924843459377,0.706078317151645,0.006085832805707292,29,True,"$|S \cap \{1,2\}| = 1$"
"('$X_1$', '$Z_{3}$', '$Z_{6}$')",3,0.7013269499203061,0.7038464859862624,0.0025195360659563404,29,True,"$|S \cap \{1,2\}| = 1$"
"('$X_1$', '$Z_{4}$', '$Z_{5}$')",3,0.7001190751494114,0.6925120695516651,-0.007607005597746297,29,True,"$|S \cap \{1,2\}| = 1$"
"('$X_1$', '$Z_{4}$', '$Z_{6}$')",3,0.7023435646166185,0.7070905457203712,0.004746981103752712,29,True,"$|S \cap \{1,2\}| = 1$"
"('$X_1$', '$Z_{5}$', '$Z_{6}$')",3,0.6998403736524761,0.7022040176713453,0.0023636440188692376,29,True,"$|S \cap \{1,2\}| = 1$"
"('$X_2$', '$Z_{1}$', '$Z_{2}$')",3,0.6999917021636275,0.70874993536736,0.00875823320373248,29,True,"$|S \cap \{1,2\}| = 1$"
"('$X_2$', '$Z_{1}$', '$Z_{3}$')",3,0.7001528983969615,0.706626382714891,0.00647348431792949,29,True,"$|S \cap \{1,2\}| = 1$"
"('$X_2$', '$Z_{1}$', '$Z_{4}$')",3,0.7070930034504085,0.7045278857814811,-0.002565117668927419,29,True,"$|S \cap \{1,2\}| = 1$"
"('$X_2$', '$Z_{1}$', '$Z_{5}$')",3,0.7039401265383185,0.7016182877225147,-0.002321838815803834,29,True,"$|S \cap \{1,2\}| = 1$"
"('$X_2$', '$Z_{1}$', '$Z_{6}$')",3,0.7085113636160646,0.7039703725274464,-0.004540991088618163,29,True,"$|S \cap \{1,2\}| = 1$"
"('$X_2$', '$Z_{2}$', '$Z_{3}$')",3,0.7023509341674326,0.7063466343230153,0.003995700155582704,29,True,"$|S \cap \{1,2\}| = 1$"
"('$X_2$', '$Z_{2}$', '$Z_{4}$')",3,0.7001027866118489,0.7030643483159349,0.002961561704086013,29,True,"$|S \cap \{1,2\}| = 1$"
"('$X_2$', '$Z_{2}$', '$Z_{5}$')",3,0.6982767405941765,0.7014039849871442,0.003127244392967632,29,True,"$|S \cap \{1,2\}| = 1$"
"('$X_2$', '$Z_{2}$', '$Z_{6}$')",3,0.7063171955825981,0.7018209791766123,-0.004496216405985742,29,True,"$|S \cap \{1,2\}| = 1$"
"('$X_2$', '$Z_{3}$', '$Z_{4}$')",3,0.7056053069700754,0.6997210259546781,-0.005884281015397286,29,True,"$|S \cap \{1,2\}| = 1$"
"('$X_2$', '$Z_{3}$', '$Z_{5}$')",3,0.7033354743149309,0.7002300683487138,-0.003105405966217112,29,True,"$|S \cap \{1,2\}| = 1$"
"('$X_2$', '$Z_{3}$', '$Z_{6}$')",3,0.7061956116450001,0.69688297100631,-0.009312640638690084,29,True,"$|S \cap \{1,2\}| = 1$"
"('$X_2$', '$Z_{4}$', '$Z_{5}$')",3,0.7067155145028415,0.7076671707205504,0.0009516562177088739,29,True,"$|S \cap \{1,2\}| = 1$"
"('$X_2$', '$Z_{4}$', '$Z_{6}$')",3,0.7093000829215965,0.7012173830229304,-0.008082699898666168,29,True,"$|S \cap \{1,2\}| = 1$"
"('$X_2$', '$Z_{5}$', '$Z_{6}$')",3,0.7046883537540736,0.7045086792765061,-0.0001796744775675041,29,True,"$|S \cap \{1,2\}| = 1$"
"('$Z_{1}$', '$Z_{2}$', '$Z_{3}$')",3,0.6986553716827388,0.7069709969925292,0.008315625309790353,29,False,"$S \cap \{1,2\} = \emptyset$"
"('$Z_{1}$', '$Z_{2}$', '$Z_{4}$')",3,0.7000764126599386,0.7026594521053763,0.002583039445437696,29,False,"$S \cap \{1,2\} = \emptyset$"
"('$Z_{1}$', '$Z_{2}$', '$Z_{5}$')",3,0.7026696075301372,0.704434376747288,0.0017647692171508522,29,False,"$S \cap \{1,2\} = \emptyset$"
"('$Z_{1}$', '$Z_{2}$', '$Z_{6}$')",3,0.7057413820596002,0.706267281139918,0.0005258990803177488,29,False,"$S \cap \{1,2\} = \emptyset$"
"('$Z_{1}$', '$Z_{3}$', '$Z_{4}$')",3,0.7050619442276177,0.7079431497185585,0.0028812054909408413,29,False,"$S \cap \{1,2\} = \emptyset$"
"('$Z_{1}$', '$Z_{3}$', '$Z_{5}$')",3,0.7027662401953244,0.7046686443027338,0.0019024041074093834,29,False,"$S \cap \{1,2\} = \emptyset$"
"('$Z_{1}$', '$Z_{3}$', '$Z_{6}$')",3,0.7038286981459865,0.704029353579228,0.00020065543324154778,29,False,"$S \cap \{1,2\} = \emptyset$"
"('$Z_{1}$', '$Z_{4}$', '$Z_{5}$')",3,0.7038093588344966,0.7117893880132642,0.007980029178767611,29,False,"$S \cap \{1,2\} = \emptyset$"
"('$Z_{1}$', '$Z_{4}$', '$Z_{6}$')",3,0.7080926967905095,0.7014445683369711,-0.006648128453538349,29,False,"$S \cap \{1,2\} = \emptyset$"
"('$Z_{1}$', '$Z_{5}$', '$Z_{6}$')",3,0.7079864393850896,0.7087055060537598,0.0007190666686701652,29,False,"$S \cap \{1,2\} = \emptyset$"
"('$Z_{2}$', '$Z_{3}$', '$Z_{4}$')",3,0.7014845797176028,0.7053651675570202,0.00388058783941736,29,False,"$S \cap \{1,2\} = \emptyset$"
"('$Z_{2}$', '$Z_{3}$', '$Z_{5}$')",3,0.7020870261187192,0.7070008146874162,0.004913788568696953,29,False,"$S \cap \{1,2\} = \emptyset$"
"('$Z_{2}$', '$Z_{3}$', '$Z_{6}$')",3,0.708536312938978,0.7083531937779247,-0.00018311916105329118,29,False,"$S \cap \{1,2\} = \emptyset$"
"('$Z_{2}$', '$Z_{4}$', '$Z_{5}$')",3,0.6984456048351816,0.7026363519423348,0.00419074710715317,29,False,"$S \cap \{1,2\} = \emptyset$"
"('$Z_{2}$', '$Z_{4}$', '$Z_{6}$')",3,0.7071120405332786,0.7070709738140867,-4.106671919190674e-05,29,False,"$S \cap \{1,2\} = \emptyset$"
"('$Z_{2}$', '$Z_{5}$', '$Z_{6}$')",3,0.7062068931789403,0.7021461624349538,-0.004060730743986496,29,False,"$S \cap \{1,2\} = \emptyset$"
"('$Z_{3}$', '$Z_{4}$', '$Z_{5}$')",3,0.7057317674431387,0.704569058863594,-0.0011627085795447023,29,False,"$S \cap \{1,2\} = \emptyset$"
"('$Z_{3}$', '$Z_{4}$', '$Z_{6}$')",3,0.7090903278137719,0.7117077727554775,0.002617444941705571,29,False,"$S \cap \{1,2\} = \emptyset$"
"('$Z_{3}$', '$Z_{5}$', '$Z_{6}$')",3,0.7066695871720691,0.7087621543147841,0.002092567142714996,29,False,"$S \cap \{1,2\} = \emptyset$"
"('$Z_{4}$', '$Z_{5}$', '$Z_{6}$')",3,0.709167522602075,0.7061305105871452,-0.0030370120149298963,29,False,"$S \cap \{1,2\} = \emptyset$"
"('$X_1$', '$X_2$')",2,0.05366543909828333,0.7053231491108716,0.6516577100125882,30,True,"$S \supseteq \{1,2\}$"
"('$X_1$', '$Z_{1}$')",2,0.7030694884470119,0.7029003364166995,-0.00016915203031242498,30,True,"$|S \cap \{1,2\}| = 1$"
"('$X_1$', '$Z_{2}$')",2,0.7014714870825619,0.707593179803398,0.006121692720836069,30,True,"$|S \cap \{1,2\}| = 1$"
"('$X_1$', '$Z_{3}$')",2,0.70260092795343,0.7027057586582426,0.00010483070481259738,30,True,"$|S \cap \{1,2\}| = 1$"
"('$X_1$', '$Z_{4}$')",2,0.7091936233594722,0.706271875879072,-0.002921747480400194,30,True,"$|S \cap \{1,2\}| = 1$"
"('$X_1$', '$Z_{5}$')",2,0.7062597430748335,0.7052572564904281,-0.001002486584405382,30,True,"$|S \cap \{1,2\}| = 1$"
"('$X_1$', '$Z_{6}$')",2,0.7079748566255409,0.7127473496406969,0.004772493015155921,30,True,"$|S \cap \{1,2\}| = 1$"
"('$X_2$', '$Z_{1}$')",2,0.7121853746595468,0.7067522707335191,-0.005433103926027694,30,True,"$|S \cap \{1,2\}| = 1$"
"('$X_2$', '$Z_{2}$')",2,0.7111491281161266,0.703638710350277,-0.007510417765849597,30,True,"$|S \cap \{1,2\}| = 1$"
"('$X_2$', '$Z_{3}$')",2,0.717207903465728,0.7007875076450143,-0.01642039582071375,30,True,"$|S \cap \{1,2\}| = 1$"
"('$X_2$', '$Z_{4}$')",2,0.7173620081273553,0.7079924981982775,-0.009369509929077813,30,True,"$|S \cap \{1,2\}| = 1$"
"('$X_2$', '$Z_{5}$')",2,0.7154069614866383,0.7013051433133253,-0.014101818173313019,30,True,"$|S \cap \{1,2\}| = 1$"
"('$X_2$', '$Z_{6}$')",2,0.7108450439346234,0.7078941920136826,-0.0029508519209408,30,True,"$|S \cap \{1,2\}| = 1$"
"('$Z_{1}$', '$Z_{2}$')",2,0.7042700065304833,0.7083827874107642,0.004112780880280886,30,False,"$S \cap \{1,2\} = \emptyset$"
"('$Z_{1}$', '$Z_{3}$')",2,0.7049001006498192,0.7013332212988282,-0.0035668793509909813,30,False,"$S \cap \{1,2\} = \emptyset$"
"('$Z_{1}$', '$Z_{4}$')",2,0.7048739548581325,0.7026563514970428,-0.0022176033610897816,30,False,"$S \cap \{1,2\} = \emptyset$"
"('$Z_{1}$', '$Z_{5}$')",2,0.7036519233953126,0.7102718723664404,0.006619948971127831,30,False,"$S \cap \{1,2\} = \emptyset$"
"('$Z_{1}$', '$Z_{6}$')",2,0.711660064487247,0.708844785557264,-0.0028152789299829006,30,False,"$S \cap \{1,2\} = \emptyset$"
"('$Z_{2}$', '$Z_{3}$')",2,0.7028777172881981,0.7025570688373093,-0.00032064845088886074,30,False,"$S \cap \{1,2\} = \emptyset$"
"('$Z_{2}$', '$Z_{4}$')",2,0.7125415606549288,0.7097349513423087,-0.002806609312620112,30,False,"$S \cap \{1,2\} = \emptyset$"
"('$Z_{2}$', '$Z_{5}$')",2,0.7013365992341944,0.7040323590060669,0.002695759771872419,30,False,"$S \cap \{1,2\} = \emptyset$"
"('$Z_{2}$', '$Z_{6}$')",2,0.7048571932477576,0.7039887434257129,-0.0008684498220447034,30,False,"$S \cap \{1,2\} = \emptyset$"
"('$Z_{3}$', '$Z_{4}$')",2,0.7078551495277893,0.7022048607401715,-0.005650288787617752,30,False,"$S \cap \{1,2\} = \emptyset$"
"('$Z_{3}$', '$Z_{5}$')",2,0.7122653185715273,0.7091763027446077,-0.003089015826919561,30,False,"$S \cap \{1,2\} = \emptyset$"
"('$Z_{3}$', '$Z_{6}$')",2,0.7076163559705427,0.7129694074585045,0.005353051487961724,30,False,"$S \cap \{1,2\} = \emptyset$"
"('$Z_{4}$', '$Z_{5}$')",2,0.7077947520576222,0.703746195862283,-0.00404855619533917,30,False,"$S \cap \{1,2\} = \emptyset$"
"('$Z_{4}$', '$Z_{6}$')",2,0.7109216111566677,0.710695925567139,-0.00022568558952873463,30,False,"$S \cap \{1,2\} = \emptyset$"
"('$Z_{5}$', '$Z_{6}$')",2,0.7099178752597421,0.7016994807393564,-0.008218394520385752,30,False,"$S \cap \{1,2\} = \emptyset$"
"('$X_1$', '$X_2$', '$Z_{1}$')",3,0.1773834527473585,0.7055961380132468,0.5282126852658884,30,True,"$S \supseteq \{1,2\}$"
"('$X_1$', '$X_2$', '$Z_{2}$')",3,0.16128135165119148,0.7055853880255675,0.544304036374376,30,True,"$S \supseteq \{1,2\}$"
"('$X_1$', '$X_2$', '$Z_{3}$')",3,0.16536408374099595,0.7070670590039995,0.5417029752630035,30,True,"$S \supseteq \{1,2\}$"
"('$X_1$', '$X_2$', '$Z_{4}$')",3,0.17621796776507903,0.706273896594814,0.530055928829735,30,True,"$S \supseteq \{1,2\}$"
"('$X_1$', '$X_2$', '$Z_{5}$')",3,0.18020764232456635,0.705710134643104,0.5255024923185376,30,True,"$S \supseteq \{1,2\}$"
"('$X_1$', '$X_2$', '$Z_{6}$')",3,0.17011868350900414,0.7068530478873092,0.536734364378305,30,True,"$S \supseteq \{1,2\}$"
"('$X_1$', '$Z_{1}$', '$Z_{2}$')",3,0.6988406934724393,0.7031110748912478,0.004270381418808533,30,True,"$|S \cap \{1,2\}| = 1$"
"('$X_1$', '$Z_{1}$', '$Z_{3}$')",3,0.6996814688477847,0.7016750844750655,0.0019936156272808425,30,True,"$|S \cap \{1,2\}| = 1$"
"('$X_1$', '$Z_{1}$', '$Z_{4}$')",3,0.7020091229833458,0.7043680059975037,0.0023588830141578754,30,True,"$|S \cap \{1,2\}| = 1$"
"('$X_1$', '$Z_{1}$', '$Z_{5}$')",3,0.701371641310099,0.6988421349831082,-0.0025295063269907825,30,True,"$|S \cap \{1,2\}| = 1$"
"('$X_1$', '$Z_{1}$', '$Z_{6}$')",3,0.7061346583184782,0.7002262570016177,-0.005908401316860545,30,True,"$|S \cap \{1,2\}| = 1$"
"('$X_1$', '$Z_{2}$', '$Z_{3}$')",3,0.6987154147292001,0.7040961617473017,0.00538074701810165,30,True,"$|S \cap \{1,2\}| = 1$"
"('$X_1$', '$Z_{2}$', '$Z_{4}$')",3,0.705047590803854,0.7046160379670002,-0.0004315528368538102,30,True,"$|S \cap \{1,2\}| = 1$"
"('$X_1$', '$Z_{2}$', '$Z_{5}$')",3,0.7028125065904931,0.7056875579231132,0.0028750513326201155,30,True,"$|S \cap \{1,2\}| = 1$"
"('$X_1$', '$Z_{2}$', '$Z_{6}$')",3,0.7038416651623165,0.7044382183200005,0.0005965531576840322,30,True,"$|S \cap \{1,2\}| = 1$"
"('$X_1$', '$Z_{3}$', '$Z_{4}$')",3,0.7022924089896828,0.7036630123569875,0.001370603367304657,30,True,"$|S \cap \{1,2\}| = 1$"
"('$X_1$', '$Z_{3}$', '$Z_{5}$')",3,0.7029091261149945,0.7008585033597808,-0.002050622755213616,30,True,"$|S \cap \{1,2\}| = 1$"
"('$X_1$', '$Z_{3}$', '$Z_{6}$')",3,0.7021726804271329,0.6994879552014841,-0.0026847252256487764,30,True,"$|S \cap \{1,2\}| = 1$"
"('$X_1$', '$Z_{4}$', '$Z_{5}$')",3,0.7048197614424139,0.7009220084994253,-0.0038977529429885527,30,True,"$|S \cap \{1,2\}| = 1$"
"('$X_1$', '$Z_{4}$', '$Z_{6}$')",3,0.7092671815722531,0.7079438214239604,-0.001323360148292707,30,True,"$|S \cap \{1,2\}| = 1$"
"('$X_1$', '$Z_{5}$', '$Z_{6}$')",3,0.7058697649852562,0.6983961570058882,-0.007473607979368024,30,True,"$|S \cap \{1,2\}| = 1$"
"('$X_2$', '$Z_{1}$', '$Z_{2}$')",3,0.7057893036400065,0.6974085290516948,-0.008380774588311657,30,True,"$|S \cap \{1,2\}| = 1$"
"('$X_2$', '$Z_{1}$', '$Z_{3}$')",3,0.7080731738776551,0.7008634322326338,-0.007209741645021306,30,True,"$|S \cap \{1,2\}| = 1$"
"('$X_2$', '$Z_{1}$', '$Z_{4}$')",3,0.7104404150315553,0.7025287832468561,-0.007911631784699225,30,True,"$|S \cap \{1,2\}| = 1$"
"('$X_2$', '$Z_{1}$', '$Z_{5}$')",3,0.7060705348282785,0.7001809666207841,-0.005889568207494422,30,True,"$|S \cap \{1,2\}| = 1$"
"('$X_2$', '$Z_{1}$', '$Z_{6}$')",3,0.7090301021047276,0.7024096998139375,-0.006620402290790084,30,True,"$|S \cap \{1,2\}| = 1$"
"('$X_2$', '$Z_{2}$', '$Z_{3}$')",3,0.7063429366283107,0.7054446853922696,-0.0008982512360411476,30,True,"$|S \cap \{1,2\}| = 1$"
"('$X_2$', '$Z_{2}$', '$Z_{4}$')",3,0.7117311029366774,0.7039280483111124,-0.007803054625564965,30,True,"$|S \cap \{1,2\}| = 1$"
"('$X_2$', '$Z_{2}$', '$Z_{5}$')",3,0.7069103088289703,0.7046341613151521,-0.0022761475138182163,30,True,"$|S \cap \{1,2\}| = 1$"
"('$X_2$', '$Z_{2}$', '$Z_{6}$')",3,0.7043463696327217,0.6981259430603395,-0.006220426572382198,30,True,"$|S \cap \{1,2\}| = 1$"
"('$X_2$', '$Z_{3}$', '$Z_{4}$')",3,0.7120945414971384,0.7054873748568509,-0.006607166640287487,30,True,"$|S \cap \{1,2\}| = 1$"
"('$X_2$', '$Z_{3}$', '$Z_{5}$')",3,0.7130786129590562,0.7008985051466912,-0.012180107812365004,30,True,"$|S \cap \{1,2\}| = 1$"
"('$X_2$', '$Z_{3}$', '$Z_{6}$')",3,0.7086484793868061,0.707679217023675,-0.000969262363131107,30,True,"$|S \cap \{1,2\}| = 1$"
"('$X_2$', '$Z_{4}$', '$Z_{5}$')",3,0.7103426302656769,0.7074824159891482,-0.0028602142765287164,30,True,"$|S \cap \{1,2\}| = 1$"
"('$X_2$', '$Z_{4}$', '$Z_{6}$')",3,0.7133000249078182,0.7011600972786797,-0.012139927629138514,30,True,"$|S \cap \{1,2\}| = 1$"
"('$X_2$', '$Z_{5}$', '$Z_{6}$')",3,0.7088098482758178,0.6991806300179805,-0.009629218257837358,30,True,"$|S \cap \{1,2\}| = 1$"
"('$Z_{1}$', '$Z_{2}$', '$Z_{3}$')",3,0.6994200546527607,0.7022903150800117,0.0028702604272510257,30,False,"$S \cap \{1,2\} = \emptyset$"
"('$Z_{1}$', '$Z_{2}$', '$Z_{4}$')",3,0.7034598328561247,0.7017993868796174,-0.0016604459765072743,30,False,"$S \cap \{1,2\} = \emptyset$"
"('$Z_{1}$', '$Z_{2}$', '$Z_{5}$')",3,0.6950444772008462,0.7046406560015246,0.009596178800678423,30,False,"$S \cap \{1,2\} = \emptyset$"
"('$Z_{1}$', '$Z_{2}$', '$Z_{6}$')",3,0.7049503875744881,0.7001373643344219,-0.004813023240066272,30,False,"$S \cap \{1,2\} = \emptyset$"
"('$Z_{1}$', '$Z_{3}$', '$Z_{4}$')",3,0.7024464653139125,0.702292737015622,-0.00015372829829052304,30,False,"$S \cap \{1,2\} = \emptyset$"
"('$Z_{1}$', '$Z_{3}$', '$Z_{5}$')",3,0.7022995339829868,0.6984698958209531,-0.003829638162033744,30,False,"$S \cap \{1,2\} = \emptyset$"
"('$Z_{1}$', '$Z_{3}$', '$Z_{6}$')",3,0.7043192758064134,0.7054024922256599,0.0010832164192464688,30,False,"$S \cap \{1,2\} = \emptyset$"
"('$Z_{1}$', '$Z_{4}$', '$Z_{5}$')",3,0.7016536968969391,0.7035350694051256,0.0018813725081864296,30,False,"$S \cap \{1,2\} = \emptyset$"
"('$Z_{1}$', '$Z_{4}$', '$Z_{6}$')",3,0.7059522903112336,0.7080855182866526,0.0021332279754189276,30,False,"$S \cap \{1,2\} = \emptyset$"
"('$Z_{1}$', '$Z_{5}$', '$Z_{6}$')",3,0.7058046048605553,0.7031575016910889,-0.0026471031694663694,30,False,"$S \cap \{1,2\} = \emptyset$"
"('$Z_{2}$', '$Z_{3}$', '$Z_{4}$')",3,0.7056995794247735,0.7037157270460072,-0.0019838523787663043,30,False,"$S \cap \{1,2\} = \emptyset$"
"('$Z_{2}$', '$Z_{3}$', '$Z_{5}$')",3,0.7010951601580339,0.6998951685318473,-0.0011999916261865584,30,False,"$S \cap \{1,2\} = \emptyset$"
"('$Z_{2}$', '$Z_{3}$', '$Z_{6}$')",3,0.7042336226348896,0.6979929366770614,-0.006240685957828229,30,False,"$S \cap \{1,2\} = \emptyset$"
"('$Z_{2}$', '$Z_{4}$', '$Z_{5}$')",3,0.7050455219140995,0.702336855381996,-0.002708666532103554,30,False,"$S \cap \{1,2\} = \emptyset$"
"('$Z_{2}$', '$Z_{4}$', '$Z_{6}$')",3,0.708881081437253,0.7027095122851262,-0.006171569152126799,30,False,"$S \cap \{1,2\} = \emptyset$"
"('$Z_{2}$', '$Z_{5}$', '$Z_{6}$')",3,0.7041939704079154,0.7056686366474048,0.0014746662394893306,30,False,"$S \cap \{1,2\} = \emptyset$"
"('$Z_{3}$', '$Z_{4}$', '$Z_{5}$')",3,0.7073972226037448,0.7009921343981235,-0.0064050882056213565,30,False,"$S \cap \{1,2\} = \emptyset$"
"('$Z_{3}$', '$Z_{4}$', '$Z_{6}$')",3,0.7052292511822563,0.7015479293557804,-0.0036813218264759584,30,False,"$S \cap \{1,2\} = \emptyset$"
"('$Z_{3}$', '$Z_{5}$', '$Z_{6}$')",3,0.7058497776903995,0.7031331885576158,-0.00271658913278372,30,False,"$S \cap \{1,2\} = \emptyset$"
"('$Z_{4}$', '$Z_{5}$', '$Z_{6}$')",3,0.7087549130536231,0.7031169566888165,-0.005637956364806684,30,False,"$S \cap \{1,2\} = \emptyset$"
"('$X_1$', '$X_2$')",2,0.057588500428405055,0.708954525043112,0.6513660246147069,31,True,"$S \supseteq \{1,2\}$"
"('$X_1$', '$Z_{1}$')",2,0.7076854789358863,0.7079965679172776,0.00031108898139131647,31,True,"$|S \cap \{1,2\}| = 1$"
"('$X_1$', '$Z_{2}$')",2,0.7068702777297359,0.7144102223384554,0.00753994460871954,31,True,"$|S \cap \{1,2\}| = 1$"
"('$X_1$', '$Z_{3}$')",2,0.7084434653162349,0.7121216072766993,0.003678141960464343,31,True,"$|S \cap \{1,2\}| = 1$"
"('$X_1$', '$Z_{4}$')",2,0.7059292639503606,0.7033114732254144,-0.0026177907249461674,31,True,"$|S \cap \{1,2\}| = 1$"
"('$X_1$', '$Z_{5}$')",2,0.7101424728394068,0.7147481189604361,0.0046056461210293165,31,True,"$|S \cap \{1,2\}| = 1$"
"('$X_1$', '$Z_{6}$')",2,0.7104093754608328,0.7078344283023187,-0.0025749471585141404,31,True,"$|S \cap \{1,2\}| = 1$"
"('$X_2$', '$Z_{1}$')",2,0.7039862397819455,0.7163065210378703,0.01232028125592477,31,True,"$|S \cap \{1,2\}| = 1$"
"('$X_2$', '$Z_{2}$')",2,0.7058777839015293,0.7081237879166431,0.0022460040151137672,31,True,"$|S \cap \{1,2\}| = 1$"
"('$X_2$', '$Z_{3}$')",2,0.7100304090729556,0.6988494745735584,-0.011180934499397166,31,True,"$|S \cap \{1,2\}| = 1$"
"('$X_2$', '$Z_{4}$')",2,0.7141465121237421,0.7034776471416428,-0.010668864982099291,31,True,"$|S \cap \{1,2\}| = 1$"
"('$X_2$', '$Z_{5}$')",2,0.7126783858559359,0.704948776166688,-0.007729609689247852,31,True,"$|S \cap \{1,2\}| = 1$"
"('$X_2$', '$Z_{6}$')",2,0.7136379855195055,0.7154303332136638,0.0017923476941582583,31,True,"$|S \cap \{1,2\}| = 1$"
"('$Z_{1}$', '$Z_{2}$')",2,0.7042498796414075,0.7034937666807335,-0.0007561129606740158,31,False,"$S \cap \{1,2\} = \emptyset$"
"('$Z_{1}$', '$Z_{3}$')",2,0.704986511318366,0.7061135626754352,0.001127051357069253,31,False,"$S \cap \{1,2\} = \emptyset$"
"('$Z_{1}$', '$Z_{4}$')",2,0.7059214434683558,0.7039708388846395,-0.00195060458371632,31,False,"$S \cap \{1,2\} = \emptyset$"
"('$Z_{1}$', '$Z_{5}$')",2,0.7084816333720173,0.7090115971876207,0.0005299638156034403,31,False,"$S \cap \{1,2\} = \emptyset$"
"('$Z_{1}$', '$Z_{6}$')",2,0.7102780908433778,0.7034865145975812,-0.006791576245796627,31,False,"$S \cap \{1,2\} = \emptyset$"
"('$Z_{2}$', '$Z_{3}$')",2,0.707939767602764,0.7060957815108407,-0.0018439860919232665,31,False,"$S \cap \{1,2\} = \emptyset$"
"('$Z_{2}$', '$Z_{4}$')",2,0.701288924684998,0.7068568784303073,0.005567953745309273,31,False,"$S \cap \{1,2\} = \emptyset$"
"('$Z_{2}$', '$Z_{5}$')",2,0.7033028254396037,0.7060183598737901,0.002715534434186484,31,False,"$S \cap \{1,2\} = \emptyset$"
"('$Z_{2}$', '$Z_{6}$')",2,0.704794804887561,0.7115151773522302,0.0067203724646692775,31,False,"$S \cap \{1,2\} = \emptyset$"
"('$Z_{3}$', '$Z_{4}$')",2,0.7126118371135634,0.7130147953053977,0.000402958191834335,31,False,"$S \cap \{1,2\} = \emptyset$"
"('$Z_{3}$', '$Z_{5}$')",2,0.7060210153254937,0.7048612086171911,-0.0011598067083025132,31,False,"$S \cap \{1,2\} = \emptyset$"
"('$Z_{3}$', '$Z_{6}$')",2,0.7111594857691617,0.7013550847480604,-0.00980440102110125,31,False,"$S \cap \{1,2\} = \emptyset$"
"('$Z_{4}$', '$Z_{5}$')",2,0.7086437959247617,0.710769979156838,0.002126183232076362,31,False,"$S \cap \{1,2\} = \emptyset$"
"('$Z_{4}$', '$Z_{6}$')",2,0.7076372072857616,0.7031921132987665,-0.004445093986995108,31,False,"$S \cap \{1,2\} = \emptyset$"
"('$Z_{5}$', '$Z_{6}$')",2,0.714366061357857,0.7024854328304442,-0.011880628527412784,31,False,"$S \cap \{1,2\} = \emptyset$"
"('$X_1$', '$X_2$', '$Z_{1}$')",3,0.17210790849755625,0.703408124762757,0.5313002162652007,31,True,"$S \supseteq \{1,2\}$"
"('$X_1$', '$X_2$', '$Z_{2}$')",3,0.17928209594061786,0.7019601641074683,0.5226780681668505,31,True,"$S \supseteq \{1,2\}$"
"('$X_1$', '$X_2$', '$Z_{3}$')",3,0.18734619627731616,0.7051604117552647,0.5178142154779485,31,True,"$S \supseteq \{1,2\}$"
"('$X_1$', '$X_2$', '$Z_{4}$')",3,0.18390086824354432,0.7043103670426987,0.5204094987991543,31,True,"$S \supseteq \{1,2\}$"
"('$X_1$', '$X_2$', '$Z_{5}$')",3,0.17971554700139603,0.6995207102325391,0.5198051632311431,31,True,"$S \supseteq \{1,2\}$"
"('$X_1$', '$X_2$', '$Z_{6}$')",3,0.18466213216264038,0.7102936028926924,0.525631470730052,31,True,"$S \supseteq \{1,2\}$"
"('$X_1$', '$Z_{1}$', '$Z_{2}$')",3,0.7039535992186797,0.7031889527089863,-0.0007646465096934341,31,True,"$|S \cap \{1,2\}| = 1$"
"('$X_1$', '$Z_{1}$', '$Z_{3}$')",3,0.7009767389855805,0.7074614124248376,0.0064846734392570715,31,True,"$|S \cap \{1,2\}| = 1$"
"('$X_1$', '$Z_{1}$', '$Z_{4}$')",3,0.7017327537224362,0.7050828813996772,0.003350127677241077,31,True,"$|S \cap \{1,2\}| = 1$"
"('$X_1$', '$Z_{1}$', '$Z_{5}$')",3,0.705505476074878,0.6971298159790581,-0.008375660095819915,31,True,"$|S \cap \{1,2\}| = 1$"
"('$X_1$', '$Z_{1}$', '$Z_{6}$')",3,0.7062104345469624,0.7043892058959507,-0.0018212286510117526,31,True,"$|S \cap \{1,2\}| = 1$"
"('$X_1$', '$Z_{2}$', '$Z_{3}$')",3,0.7023681940472875,0.708655560159502,0.006287366112214587,31,True,"$|S \cap \{1,2\}| = 1$"
"('$X_1$', '$Z_{2}$', '$Z_{4}$')",3,0.6963695514124046,0.7058395565522946,0.009470005139889937,31,True,"$|S \cap \{1,2\}| = 1$"
"('$X_1$', '$Z_{2}$', '$Z_{5}$')",3,0.7017870621960662,0.7004939733043071,-0.0012930888917591643,31,True,"$|S \cap \{1,2\}| = 1$"
"('$X_1$', '$Z_{2}$', '$Z_{6}$')",3,0.7042808290728668,0.7076081191854885,0.0033272901126216725,31,True,"$|S \cap \{1,2\}| = 1$"
"('$X_1$', '$Z_{3}$', '$Z_{4}$')",3,0.7036724626989588,0.7022385283852045,-0.0014339343137542704,31,True,"$|S \cap \{1,2\}| = 1$"
"('$X_1$', '$Z_{3}$', '$Z_{5}$')",3,0.7022859674231847,0.6991496697107484,-0.0031362977124362867,31,True,"$|S \cap \{1,2\}| = 1$"
"('$X_1$', '$Z_{3}$', '$Z_{6}$')",3,0.704619984418244,0.706474450644167,0.0018544662259230016,31,True,"$|S \cap \{1,2\}| = 1$"
"('$X_1$', '$Z_{4}$', '$Z_{5}$')",3,0.7050883758344674,0.7027608202057845,-0.00232755562868292,31,True,"$|S \cap \{1,2\}| = 1$"
"('$X_1$', '$Z_{4}$', '$Z_{6}$')",3,0.7033972491115774,0.702296882338877,-0.001100366772700423,31,True,"$|S \cap \{1,2\}| = 1$"
"('$X_1$', '$Z_{5}$', '$Z_{6}$')",3,0.7079594777998077,0.7008209759690948,-0.007138501830712962,31,True,"$|S \cap \{1,2\}| = 1$"
"('$X_2$', '$Z_{1}$', '$Z_{2}$')",3,0.6983434654033223,0.7000581139764384,0.0017146485731160954,31,True,"$|S \cap \{1,2\}| = 1$"
"('$X_2$', '$Z_{1}$', '$Z_{3}$')",3,0.7028492274401685,0.70544679983236,0.002597572392191494,31,True,"$|S \cap \{1,2\}| = 1$"
"('$X_2$', '$Z_{1}$', '$Z_{4}$')",3,0.7037850014879031,0.7058440330270915,0.002059031539188405,31,True,"$|S \cap \{1,2\}| = 1$"
"('$X_2$', '$Z_{1}$', '$Z_{5}$')",3,0.7055438955012628,0.7065773159954521,0.0010334204941893077,31,True,"$|S \cap \{1,2\}| = 1$"
"('$X_2$', '$Z_{1}$', '$Z_{6}$')",3,0.7052841705216142,0.7035611661169896,-0.001723004404624584,31,True,"$|S \cap \{1,2\}| = 1$"
"('$X_2$', '$Z_{2}$', '$Z_{3}$')",3,0.7046747747076508,0.7083627512596359,0.0036879765519850505,31,True,"$|S \cap \{1,2\}| = 1$"
"('$X_2$', '$Z_{2}$', '$Z_{4}$')",3,0.7002535420160371,0.7027188337421155,0.0024652917260784557,31,True,"$|S \cap \{1,2\}| = 1$"
"('$X_2$', '$Z_{2}$', '$Z_{5}$')",3,0.7038327215575559,0.71002798526138,0.006195263703824061,31,True,"$|S \cap \{1,2\}| = 1$"
"('$X_2$', '$Z_{2}$', '$Z_{6}$')",3,0.7017821789422588,0.7002753040207164,-0.0015068749215424448,31,True,"$|S \cap \{1,2\}| = 1$"
"('$X_2$', '$Z_{3}$', '$Z_{4}$')",3,0.7098479359428854,0.7033516375146901,-0.006496298428195324,31,True,"$|S \cap \{1,2\}| = 1$"
"('$X_2$', '$Z_{3}$', '$Z_{5}$')",3,0.7088244878878188,0.7015268209557556,-0.00729766693206324,31,True,"$|S \cap \{1,2\}| = 1$"
"('$X_2$', '$Z_{3}$', '$Z_{6}$')",3,0.7074577460643007,0.7056552109782144,-0.0018025350860862988,31,True,"$|S \cap \{1,2\}| = 1$"
"('$X_2$', '$Z_{4}$', '$Z_{5}$')",3,0.7109770726628207,0.696603528805814,-0.014373543857006732,31,True,"$|S \cap \{1,2\}| = 1$"
"('$X_2$', '$Z_{4}$', '$Z_{6}$')",3,0.7084308259101287,0.7012099743128195,-0.00722085159730923,31,True,"$|S \cap \{1,2\}| = 1$"
"('$X_2$', '$Z_{5}$', '$Z_{6}$')",3,0.7126136197007134,0.7031898887600089,-0.009423730940704478,31,True,"$|S \cap \{1,2\}| = 1$"
"('$Z_{1}$', '$Z_{2}$', '$Z_{3}$')",3,0.7017627628380199,0.6996724633177678,-0.0020902995202520813,31,False,"$S \cap \{1,2\} = \emptyset$"
"('$Z_{1}$', '$Z_{2}$', '$Z_{4}$')",3,0.6971893882692,0.6981029661996142,0.0009135779304142444,31,False,"$S \cap \{1,2\} = \emptyset$"
"('$Z_{1}$', '$Z_{2}$', '$Z_{5}$')",3,0.7021071142605163,0.7010497712601707,-0.0010573430003456563,31,False,"$S \cap \{1,2\} = \emptyset$"
"('$Z_{1}$', '$Z_{2}$', '$Z_{6}$')",3,0.7004996675443773,0.7050599191364082,0.004560251592030884,31,False,"$S \cap \{1,2\} = \emptyset$"
"('$Z_{1}$', '$Z_{3}$', '$Z_{4}$')",3,0.7044501492860604,0.7053187063261293,0.0008685570400688292,31,False,"$S \cap \{1,2\} = \emptyset$"
"('$Z_{1}$', '$Z_{3}$', '$Z_{5}$')",3,0.7029150262564396,0.7078316784032526,0.0049166521468129165,31,False,"$S \cap \{1,2\} = \emptyset$"
"('$Z_{1}$', '$Z_{3}$', '$Z_{6}$')",3,0.7072962350527218,0.703238979834242,-0.004057255218479772,31,False,"$S \cap \{1,2\} = \emptyset$"
"('$Z_{1}$', '$Z_{4}$', '$Z_{5}$')",3,0.7043228349212287,0.6955622912354158,-0.008760543685812916,31,False,"$S \cap \{1,2\} = \emptyset$"
"('$Z_{1}$', '$Z_{4}$', '$Z_{6}$')",3,0.7036776948111532,0.6996868591439063,-0.003990835667246895,31,False,"$S \cap \{1,2\} = \emptyset$"
"('$Z_{1}$', '$Z_{5}$', '$Z_{6}$')",3,0.7084432787521097,0.6990422267677198,-0.009401051984389897,31,False,"$S \cap \{1,2\} = \emptyset$"
"('$Z_{2}$', '$Z_{3}$', '$Z_{4}$')",3,0.7015200422708613,0.7030022136003752,0.0014821713295138927,31,False,"$S \cap \{1,2\} = \emptyset$"
"('$Z_{2}$', '$Z_{3}$', '$Z_{5}$')",3,0.7024684658144088,0.7059210977745811,0.0034526319601723143,31,False,"$S \cap \{1,2\} = \emptyset$"
"('$Z_{2}$', '$Z_{3}$', '$Z_{6}$')",3,0.7049971530756834,0.7005833838707715,-0.004413769204911988,31,False,"$S \cap \{1,2\} = \emptyset$"
"('$Z_{2}$', '$Z_{4}$', '$Z_{5}$')",3,0.6992643947352215,0.7068261204828908,0.0075617257476693345,31,False,"$S \cap \{1,2\} = \emptyset$"
"('$Z_{2}$', '$Z_{4}$', '$Z_{6}$')",3,0.6968284149185192,0.7001509248799193,0.003322509961400044,31,False,"$S \cap \{1,2\} = \emptyset$"
"('$Z_{2}$', '$Z_{5}$', '$Z_{6}$')",3,0.7009536822754255,0.705129660643637,0.004175978368211486,31,False,"$S \cap \{1,2\} = \emptyset$"
"('$Z_{3}$', '$Z_{4}$', '$Z_{5}$')",3,0.706371579402308,0.7048621816825695,-0.001509397719738459,31,False,"$S \cap \{1,2\} = \emptyset$"
"('$Z_{3}$', '$Z_{4}$', '$Z_{6}$')",3,0.7053422602631366,0.7080653910973532,0.0027231308342166027,31,False,"$S \cap \{1,2\} = \emptyset$"
"('$Z_{3}$', '$Z_{5}$', '$Z_{6}$')",3,0.7074964518149284,0.6989505473922986,-0.008545904422629813,31,False,"$S \cap \{1,2\} = \emptyset$"
"('$Z_{4}$', '$Z_{5}$', '$Z_{6}$')",3,0.7071135141291214,0.7047022237885199,-0.002411290340601502,31,False,"$S \cap \{1,2\} = \emptyset$"
"('$X_1$', '$X_2$')",2,0.050266422861151475,0.7047429593573786,0.6544765364962272,32,True,"$S \supseteq \{1,2\}$"
"('$X_1$', '$Z_{1}$')",2,0.7142477346633654,0.701677271964567,-0.012570462698798468,32,True,"$|S \cap \{1,2\}| = 1$"
"('$X_1$', '$Z_{2}$')",2,0.7113211147223953,0.7077203737014156,-0.0036007410209797364,32,True,"$|S \cap \{1,2\}| = 1$"
"('$X_1$', '$Z_{3}$')",2,0.7159057496647895,0.7126459704167633,-0.003259779248026229,32,True,"$|S \cap \{1,2\}| = 1$"
"('$X_1$', '$Z_{4}$')",2,0.7020457276720083,0.7059631792927484,0.003917451620740087,32,True,"$|S \cap \{1,2\}| = 1$"
"('$X_1$', '$Z_{5}$')",2,0.7124184701845059,0.7142841347000088,0.0018656645155029628,32,True,"$|S \cap \{1,2\}| = 1$"
"('$X_1$', '$Z_{6}$')",2,0.7160320975169571,0.7049817888939688,-0.01105030862298828,32,True,"$|S \cap \{1,2\}| = 1$"
"('$X_2$', '$Z_{1}$')",2,0.7023675825800961,0.7019127097655176,-0.0004548728145785663,32,True,"$|S \cap \{1,2\}| = 1$"
"('$X_2$', '$Z_{2}$')",2,0.708621956861006,0.7029345946738451,-0.005687362187160927,32,True,"$|S \cap \{1,2\}| = 1$"
"('$X_2$', '$Z_{3}$')",2,0.7083313017833311,0.7084622753071576,0.00013097352382640537,32,True,"$|S \cap \{1,2\}| = 1$"
"('$X_2$', '$Z_{4}$')",2,0.6984695548742885,0.7036509003870974,0.00518134551280891,32,True,"$|S \cap \{1,2\}| = 1$"
"('$X_2$', '$Z_{5}$')",2,0.7097715402141179,0.7091137541476655,-0.0006577860664523927,32,True,"$|S \cap \{1,2\}| = 1$"
"('$X_2$', '$Z_{6}$')",2,0.7090293053943646,0.7124409494933263,0.0034116440989616637,32,True,"$|S \cap \{1,2\}| = 1$"
"('$Z_{1}$', '$Z_{2}$')",2,0.7118712172670923,0.7106447731309276,-0.0012264441361647949,32,False,"$S \cap \{1,2\} = \emptyset$"
"('$Z_{1}$', '$Z_{3}$')",2,0.7129807258375375,0.711389362138897,-0.0015913636986404356,32,False,"$S \cap \{1,2\} = \emptyset$"
"('$Z_{1}$', '$Z_{4}$')",2,0.705028745010218,0.7076652764714172,0.002636531461199243,32,False,"$S \cap \{1,2\} = \emptyset$"
"('$Z_{1}$', '$Z_{5}$')",2,0.7045389426418773,0.7064962561475272,0.0019573135056498714,32,False,"$S \cap \{1,2\} = \emptyset$"
"('$Z_{1}$', '$Z_{6}$')",2,0.7086337279694572,0.7160624296836918,0.007428701714234598,32,False,"$S \cap \{1,2\} = \emptyset$"
"('$Z_{2}$', '$Z_{3}$')",2,0.7106600706342971,0.6994548646297365,-0.011205206004560653,32,False,"$S \cap \{1,2\} = \emptyset$"
"('$Z_{2}$', '$Z_{4}$')",2,0.7042690780043206,0.7017259582080722,-0.0025431197962484386,32,False,"$S \cap \{1,2\} = \emptyset$"
"('$Z_{2}$', '$Z_{5}$')",2,0.7077871144153174,0.7093471360180487,0.0015600216027312763,32,False,"$S \cap \{1,2\} = \emptyset$"
"('$Z_{2}$', '$Z_{6}$')",2,0.7123733980575065,0.7019983382481175,-0.01037505980938902,32,False,"$S \cap \{1,2\} = \emptyset$"
"('$Z_{3}$', '$Z_{4}$')",2,0.7093748617757701,0.7051926462770789,-0.004182215498691244,32,False,"$S \cap \{1,2\} = \emptyset$"
"('$Z_{3}$', '$Z_{5}$')",2,0.7106992027997715,0.7121962743031461,0.0014970715033746362,32,False,"$S \cap \{1,2\} = \emptyset$"
"('$Z_{3}$', '$Z_{6}$')",2,0.7120433642927433,0.7166576149272087,0.004614250634465411,32,False,"$S \cap \{1,2\} = \emptyset$"
"('$Z_{4}$', '$Z_{5}$')",2,0.6985492579950593,0.7113232014746734,0.012773943479614136,32,False,"$S \cap \{1,2\} = \emptyset$"
"('$Z_{4}$', '$Z_{6}$')",2,0.7066067226362668,0.7172551442691135,0.010648421632846738,32,False,"$S \cap \{1,2\} = \emptyset$"
"('$Z_{5}$', '$Z_{6}$')",2,0.7112876937416451,0.7105894117344819,-0.0006982820071632645,32,False,"$S \cap \{1,2\} = \emptyset$"
"('$X_1$', '$X_2$', '$Z_{1}$')",3,0.15659549881920481,0.7093088502681767,0.5527133514489719,32,True,"$S \supseteq \{1,2\}$"
"('$X_1$', '$X_2$', '$Z_{2}$')",3,0.17054140610593188,0.7085703260918432,0.5380289199859114,32,True,"$S \supseteq \{1,2\}$"
"('$X_1$', '$X_2$', '$Z_{3}$')",3,0.16791019605911617,0.7105394978701773,0.5426293018110612,32,True,"$S \supseteq \{1,2\}$"
"('$X_1$', '$X_2$', '$Z_{4}$')",3,0.1609636623860959,0.7058053526755257,0.5448416902894297,32,True,"$S \supseteq \{1,2\}$"
"('$X_1$', '$X_2$', '$Z_{5}$')",3,0.16078867218500123,0.7095899334565056,0.5488012612715043,32,True,"$S \supseteq \{1,2\}$"
"('$X_1$', '$X_2$', '$Z_{6}$')",3,0.1681456962061652,0.701181615787983,0.5330359195818177,32,True,"$S \supseteq \{1,2\}$"
"('$X_1$', '$Z_{1}$', '$Z_{2}$')",3,0.710991451804971,0.70326082455244,-0.0077306272525310415,32,True,"$|S \cap \{1,2\}| = 1$"
"('$X_1$', '$Z_{1}$', '$Z_{3}$')",3,0.7124189246666601,0.706303781546818,-0.00611514311984207,32,True,"$|S \cap \{1,2\}| = 1$"
"('$X_1$', '$Z_{1}$', '$Z_{4}$')",3,0.7015158655806312,0.7055442375228143,0.004028371942183084,32,True,"$|S \cap \{1,2\}| = 1$"
"('$X_1$', '$Z_{1}$', '$Z_{5}$')",3,0.7085903893884664,0.6992797661179523,-0.009310623270514129,32,True,"$|S \cap \{1,2\}| = 1$"
"('$X_1$', '$Z_{1}$', '$Z_{6}$')",3,0.705987042011918,0.7032932610579355,-0.0026937809539824276,32,True,"$|S \cap \{1,2\}| = 1$"
"('$X_1$', '$Z_{2}$', '$Z_{3}$')",3,0.708929891478095,0.7064268188019025,-0.0025030726761925415,32,True,"$|S \cap \{1,2\}| = 1$"
"('$X_1$', '$Z_{2}$', '$Z_{4}$')",3,0.7014668502562565,0.7007929064399118,-0.0006739438163447797,32,True,"$|S \cap \{1,2\}| = 1$"
"('$X_1$', '$Z_{2}$', '$Z_{5}$')",3,0.7102552725909659,0.7034645875451322,-0.006790685045833689,32,True,"$|S \cap \{1,2\}| = 1$"
"('$X_1$', '$Z_{2}$', '$Z_{6}$')",3,0.7098248517561193,0.7029188063517581,-0.0069060454043612385,32,True,"$|S \cap \{1,2\}| = 1$"
"('$X_1$', '$Z_{3}$', '$Z_{4}$')",3,0.7048659942830945,0.7050998870531225,0.00023389277002805464,32,True,"$|S \cap \{1,2\}| = 1$"
"('$X_1$', '$Z_{3}$', '$Z_{5}$')",3,0.7099147798594188,0.7014111649617674,-0.00850361489765139,32,True,"$|S \cap \{1,2\}| = 1$"
"('$X_1$', '$Z_{3}$', '$Z_{6}$')",3,0.7099399526465491,0.7005370698691248,-0.009402882777424293,32,True,"$|S \cap \{1,2\}| = 1$"
"('$X_1$', '$Z_{4}$', '$Z_{5}$')",3,0.7002931089123416,0.6984445052167286,-0.0018486036956130159,32,True,"$|S \cap \{1,2\}| = 1$"
"('$X_1$', '$Z_{4}$', '$Z_{6}$')",3,0.7037299919814964,0.7078848077109303,0.0041548157294338806,32,True,"$|S \cap \{1,2\}| = 1$"
"('$X_1$', '$Z_{5}$', '$Z_{6}$')",3,0.7082902903745902,0.7036597939123999,-0.004630496462190381,32,True,"$|S \cap \{1,2\}| = 1$"
"('$X_2$', '$Z_{1}$', '$Z_{2}$')",3,0.7061369084265434,0.7117136857515484,0.005576777325004945,32,True,"$|S \cap \{1,2\}| = 1$"
"('$X_2$', '$Z_{1}$', '$Z_{3}$')",3,0.7052402966348018,0.6984435828277242,-0.006796713807077581,32,True,"$|S \cap \{1,2\}| = 1$"
"('$X_2$', '$Z_{1}$', '$Z_{4}$')",3,0.7007622231398175,0.7070608540689555,0.0062986309291379605,32,True,"$|S \cap \{1,2\}| = 1$"
"('$X_2$', '$Z_{1}$', '$Z_{5}$')",3,0.7022688017340729,0.706160405787916,0.003891604053843034,32,True,"$|S \cap \{1,2\}| = 1$"
"('$X_2$', '$Z_{1}$', '$Z_{6}$')",3,0.7002124232843312,0.7062593717481085,0.006046948463777291,32,True,"$|S \cap \{1,2\}| = 1$"
"('$X_2$', '$Z_{2}$', '$Z_{3}$')",3,0.705557933830007,0.7004667025063165,-0.005091231323690493,32,True,"$|S \cap \{1,2\}| = 1$"
"('$X_2$', '$Z_{2}$', '$Z_{4}$')",3,0.7009870589397106,0.7074459719241942,0.006458912984483645,32,True,"$|S \cap \{1,2\}| = 1$"
"('$X_2$', '$Z_{2}$', '$Z_{5}$')",3,0.7067062434978109,0.7015752106141693,-0.005131032883641584,32,True,"$|S \cap \{1,2\}| = 1$"
"('$X_2$', '$Z_{2}$', '$Z_{6}$')",3,0.7070079690340066,0.7063108521057561,-0.0006971169282505851,32,True,"$|S \cap \{1,2\}| = 1$"
"('$X_2$', '$Z_{3}$', '$Z_{4}$')",3,0.7038715718752323,0.7050275470058741,0.0011559751306418065,32,True,"$|S \cap \{1,2\}| = 1$"
"('$X_2$', '$Z_{3}$', '$Z_{5}$')",3,0.7078965866357035,0.7018577863617528,-0.006038800273950762,32,True,"$|S \cap \{1,2\}| = 1$"
"('$X_2$', '$Z_{3}$', '$Z_{6}$')",3,0.7064162848039217,0.7041691909069805,-0.0022470938969412213,32,True,"$|S \cap \{1,2\}| = 1$"
"('$X_2$', '$Z_{4}$', '$Z_{5}$')",3,0.6969449595467374,0.7111181510181513,0.014173191471413937,32,True,"$|S \cap \{1,2\}| = 1$"
"('$X_2$', '$Z_{4}$', '$Z_{6}$')",3,0.700248752185291,0.7063602741888624,0.006111522003571346,32,True,"$|S \cap \{1,2\}| = 1$"
"('$X_2$', '$Z_{5}$', '$Z_{6}$')",3,0.7062782921449471,0.7024857619850065,-0.0037925301599406325,32,True,"$|S \cap \{1,2\}| = 1$"
"('$Z_{1}$', '$Z_{2}$', '$Z_{3}$')",3,0.7065067615999971,0.704499618173972,-0.0020071434260251486,32,False,"$S \cap \{1,2\} = \emptyset$"
"('$Z_{1}$', '$Z_{2}$', '$Z_{4}$')",3,0.7079224547018843,0.7004887417078702,-0.0074337129940140745,32,False,"$S \cap \{1,2\} = \emptyset$"
"('$Z_{1}$', '$Z_{2}$', '$Z_{5}$')",3,0.7069670197670707,0.7033705967025574,-0.0035964230645132433,32,False,"$S \cap \{1,2\} = \emptyset$"
"('$Z_{1}$', '$Z_{2}$', '$Z_{6}$')",3,0.7069927141809982,0.7004439208006559,-0.00654879338034231,32,False,"$S \cap \{1,2\} = \emptyset$"
"('$Z_{1}$', '$Z_{3}$', '$Z_{4}$')",3,0.7100248746048687,0.7072179504148925,-0.00280692418997619,32,False,"$S \cap \{1,2\} = \emptyset$"
"('$Z_{1}$', '$Z_{3}$', '$Z_{5}$')",3,0.7092288659024885,0.6999695774626359,-0.009259288439852575,32,False,"$S \cap \{1,2\} = \emptyset$"
"('$Z_{1}$', '$Z_{3}$', '$Z_{6}$')",3,0.7088016609966976,0.6990186084662571,-0.009783052530440539,32,False,"$S \cap \{1,2\} = \emptyset$"
"('$Z_{1}$', '$Z_{4}$', '$Z_{5}$')",3,0.7009298435502354,0.7052353367038035,0.004305493153568096,32,False,"$S \cap \{1,2\} = \emptyset$"
"('$Z_{1}$', '$Z_{4}$', '$Z_{6}$')",3,0.7026693034955211,0.702446697274793,-0.00022260622072811653,32,False,"$S \cap \{1,2\} = \emptyset$"
"('$Z_{1}$', '$Z_{5}$', '$Z_{6}$')",3,0.7050544790427736,0.7086465032924982,0.0035920242497246013,32,False,"$S \cap \{1,2\} = \emptyset$"
"('$Z_{2}$', '$Z_{3}$', '$Z_{4}$')",3,0.7065162047329302,0.7097087004829777,0.0031924957500475415,32,False,"$S \cap \{1,2\} = \emptyset$"
"('$Z_{2}$', '$Z_{3}$', '$Z_{5}$')",3,0.7069181885514608,0.7051538475131579,-0.001764341038302919,32,False,"$S \cap \{1,2\} = \emptyset$"
"('$Z_{2}$', '$Z_{3}$', '$Z_{6}$')",3,0.7083761813836738,0.702330820175563,-0.006045361208110722,32,False,"$S \cap \{1,2\} = \emptyset$"
"('$Z_{2}$', '$Z_{4}$', '$Z_{5}$')",3,0.70182113394151,0.7081079380091818,0.006286804067671792,32,False,"$S \cap \{1,2\} = \emptyset$"
"('$Z_{2}$', '$Z_{4}$', '$Z_{6}$')",3,0.7059190473558338,0.7053687493244978,-0.000550298031335994,32,False,"$S \cap \{1,2\} = \emptyset$"
"('$Z_{2}$', '$Z_{5}$', '$Z_{6}$')",3,0.7063982982709094,0.7030547758676737,-0.0033435224032356547,32,False,"$S \cap \{1,2\} = \emptyset$"
"('$Z_{3}$', '$Z_{4}$', '$Z_{5}$')",3,0.7050743435568081,0.7046584336858258,-0.0004159098709822784,32,False,"$S \cap \{1,2\} = \emptyset$"
"('$Z_{3}$', '$Z_{4}$', '$Z_{6}$')",3,0.7075775213414957,0.7027262045884618,-0.004851316753033852,32,False,"$S \cap \{1,2\} = \emptyset$"
"('$Z_{3}$', '$Z_{5}$', '$Z_{6}$')",3,0.7089541450777265,0.7046777213135865,-0.004276423764139947,32,False,"$S \cap \{1,2\} = \emptyset$"
"('$Z_{4}$', '$Z_{5}$', '$Z_{6}$')",3,0.702438667840163,0.7091232300553014,0.006684562215138468,32,False,"$S \cap \{1,2\} = \emptyset$"
"('$X_1$', '$X_2$')",2,0.05416184689055828,0.710196690713122,0.6560348438225637,33,True,"$S \supseteq \{1,2\}$"
"('$X_1$', '$Z_{1}$')",2,0.7032417970079898,0.7093505724010258,0.006108775393036003,33,True,"$|S \cap \{1,2\}| = 1$"
"('$X_1$', '$Z_{2}$')",2,0.7055062283613849,0.6957763341890917,-0.009729894172293196,33,True,"$|S \cap \{1,2\}| = 1$"
"('$X_1$', '$Z_{3}$')",2,0.7093376811977931,0.7097574975484872,0.00041981635069410217,33,True,"$|S \cap \{1,2\}| = 1$"
"('$X_1$', '$Z_{4}$')",2,0.7034413358603124,0.7066886118538583,0.003247275993545906,33,True,"$|S \cap \{1,2\}| = 1$"
"('$X_1$', '$Z_{5}$')",2,0.711095002784507,0.7081391272954648,-0.0029558754890421923,33,True,"$|S \cap \{1,2\}| = 1$"
"('$X_1$', '$Z_{6}$')",2,0.7042038380764714,0.7137218173408908,0.00951797926441944,33,True,"$|S \cap \{1,2\}| = 1$"
"('$X_2$', '$Z_{1}$')",2,0.7083572926354227,0.6993100790501073,-0.00904721358531535,33,True,"$|S \cap \{1,2\}| = 1$"
"('$X_2$', '$Z_{2}$')",2,0.7028487729660676,0.7124050257695645,0.009556252803496923,33,True,"$|S \cap \{1,2\}| = 1$"
"('$X_2$', '$Z_{3}$')",2,0.7094087835630537,0.7080866811954609,-0.0013221023675927812,33,True,"$|S \cap \{1,2\}| = 1$"
"('$X_2$', '$Z_{4}$')",2,0.7118830584749646,0.7072463713593281,-0.004636687115636473,33,True,"$|S \cap \{1,2\}| = 1$"
"('$X_2$', '$Z_{5}$')",2,0.7146277848787015,0.7122978212020616,-0.0023299636766398457,33,True,"$|S \cap \{1,2\}| = 1$"
"('$X_2$', '$Z_{6}$')",2,0.7071404084278086,0.7035736495098556,-0.0035667589179529946,33,True,"$|S \cap \{1,2\}| = 1$"
"('$Z_{1}$', '$Z_{2}$')",2,0.7070346813908039,0.7079042377519847,0.000869556361180801,33,False,"$S \cap \{1,2\} = \emptyset$"
"('$Z_{1}$', '$Z_{3}$')",2,0.702569120867148,0.7062052959001458,0.003636175032997846,33,False,"$S \cap \{1,2\} = \emptyset$"
"('$Z_{1}$', '$Z_{4}$')",2,0.703046518779272,0.7047471975809673,0.0017006788016952212,33,False,"$S \cap \{1,2\} = \emptyset$"
"('$Z_{1}$', '$Z_{5}$')",2,0.7095879153380856,0.7132536381758773,0.0036657228377916518,33,False,"$S \cap \{1,2\} = \emptyset$"
"('$Z_{1}$', '$Z_{6}$')",2,0.7036550896113649,0.7058104014485095,0.002155311837144569,33,False,"$S \cap \{1,2\} = \emptyset$"
"('$Z_{2}$', '$Z_{3}$')",2,0.7064969595461348,0.716814101352402,0.010317141806267194,33,False,"$S \cap \{1,2\} = \emptyset$"
"('$Z_{2}$', '$Z_{4}$')",2,0.7061864554409331,0.7067424674841805,0.0005560120432474003,33,False,"$S \cap \{1,2\} = \emptyset$"
"('$Z_{2}$', '$Z_{5}$')",2,0.7093669100501818,0.7073303317211955,-0.0020365783289862938,33,False,"$S \cap \{1,2\} = \emptyset$"
"('$Z_{2}$', '$Z_{6}$')",2,0.7050245969999447,0.7077132297781648,0.002688632778220068,33,False,"$S \cap \{1,2\} = \emptyset$"
"('$Z_{3}$', '$Z_{4}$')",2,0.7076558653783425,0.7061163321663444,-0.0015395332119980676,33,False,"$S \cap \{1,2\} = \emptyset$"
"('$Z_{3}$', '$Z_{5}$')",2,0.7068577601374142,0.7060184000039553,-0.0008393601334588663,33,False,"$S \cap \{1,2\} = \emptyset$"
"('$Z_{3}$', '$Z_{6}$')",2,0.6979886318660457,0.7075553724683261,0.009566740602280466,33,False,"$S \cap \{1,2\} = \emptyset$"
"('$Z_{4}$', '$Z_{5}$')",2,0.7060938616173321,0.7022865066250885,-0.0038073549922436056,33,False,"$S \cap \{1,2\} = \emptyset$"
"('$Z_{4}$', '$Z_{6}$')",2,0.7028447200549942,0.7056474840299513,0.0028027639749570454,33,False,"$S \cap \{1,2\} = \emptyset$"
"('$Z_{5}$', '$Z_{6}$')",2,0.7132567447793264,0.7080684443592817,-0.0051883004200447,33,False,"$S \cap \{1,2\} = \emptyset$"
"('$X_1$', '$X_2$', '$Z_{1}$')",3,0.2070947390487006,0.7039384504637517,0.4968437114150511,33,True,"$S \supseteq \{1,2\}$"
"('$X_1$', '$X_2$', '$Z_{2}$')",3,0.20214369486315042,0.7084180583089211,0.5062743634457707,33,True,"$S \supseteq \{1,2\}$"
"('$X_1$', '$X_2$', '$Z_{3}$')",3,0.2128948244037589,0.7082025054427027,0.4953076810389438,33,True,"$S \supseteq \{1,2\}$"
"('$X_1$', '$X_2$', '$Z_{4}$')",3,0.21565310352610143,0.7044694046373785,0.48881630111127705,33,True,"$S \supseteq \{1,2\}$"
"('$X_1$', '$X_2$', '$Z_{5}$')",3,0.2104577409822093,0.6993086793020825,0.48885093831987325,33,True,"$S \supseteq \{1,2\}$"
"('$X_1$', '$X_2$', '$Z_{6}$')",3,0.22676629079733732,0.7104803541919689,0.4837140633946315,33,True,"$S \supseteq \{1,2\}$"
"('$X_1$', '$Z_{1}$', '$Z_{2}$')",3,0.7051736693322517,0.7004265693071449,-0.00474710002510681,33,True,"$|S \cap \{1,2\}| = 1$"
"('$X_1$', '$Z_{1}$', '$Z_{3}$')",3,0.7016093953620186,0.700816691894668,-0.0007927034673506084,33,True,"$|S \cap \{1,2\}| = 1$"
"('$X_1$', '$Z_{1}$', '$Z_{4}$')",3,0.6964724925494264,0.7100448378922116,0.013572345342785175,33,True,"$|S \cap \{1,2\}| = 1$"
"('$X_1$', '$Z_{1}$', '$Z_{5}$')",3,0.7060866568355963,0.7022018193822032,-0.003884837453393186,33,True,"$|S \cap \{1,2\}| = 1$"
"('$X_1$', '$Z_{1}$', '$Z_{6}$')",3,0.7005160543940598,0.7001563971032113,-0.00035965729084852516,33,True,"$|S \cap \{1,2\}| = 1$"
"('$X_1$', '$Z_{2}$', '$Z_{3}$')",3,0.7044327021899277,0.7031001287095963,-0.0013325734803314448,33,True,"$|S \cap \{1,2\}| = 1$"
"('$X_1$', '$Z_{2}$', '$Z_{4}$')",3,0.7004362783346001,0.6956085119236383,-0.004827766410961831,33,True,"$|S \cap \{1,2\}| = 1$"
"('$X_1$', '$Z_{2}$', '$Z_{5}$')",3,0.708443086774305,0.704605503264866,-0.0038375835094389688,33,True,"$|S \cap \{1,2\}| = 1$"
"('$X_1$', '$Z_{2}$', '$Z_{6}$')",3,0.7002558288881354,0.7002667011871839,1.0872299048503287e-05,33,True,"$|S \cap \{1,2\}| = 1$"
"('$X_1$', '$Z_{3}$', '$Z_{4}$')",3,0.7043180878751306,0.7017126045662696,-0.002605483308861012,33,True,"$|S \cap \{1,2\}| = 1$"
"('$X_1$', '$Z_{3}$', '$Z_{5}$')",3,0.7071781457803384,0.7081215302746104,0.0009433844942720038,33,True,"$|S \cap \{1,2\}| = 1$"
"('$X_1$', '$Z_{3}$', '$Z_{6}$')",3,0.6987440361610574,0.7022303479219089,0.003486311760851457,33,True,"$|S \cap \{1,2\}| = 1$"
"('$X_1$', '$Z_{4}$', '$Z_{5}$')",3,0.7025012743696459,0.7090968589975469,0.006595584627900997,33,True,"$|S \cap \{1,2\}| = 1$"
"('$X_1$', '$Z_{4}$', '$Z_{6}$')",3,0.6978698418703866,0.70086772241051,0.0029978805401233988,33,True,"$|S \cap \{1,2\}| = 1$"
"('$X_1$', '$Z_{5}$', '$Z_{6}$')",3,0.7075574381557469,0.7056787757008601,-0.0018786624548867703,33,True,"$|S \cap \{1,2\}| = 1$"
"('$X_2$', '$Z_{1}$', '$Z_{2}$')",3,0.7028944279813713,0.704082767064002,0.0011883390826307183,33,True,"$|S \cap \{1,2\}| = 1$"
"('$X_2$', '$Z_{1}$', '$Z_{3}$')",3,0.703744750701972,0.6957563839956074,-0.007988366706364602,33,True,"$|S \cap \{1,2\}| = 1$"
"('$X_2$', '$Z_{1}$', '$Z_{4}$')",3,0.703818691976334,0.702656336620464,-0.0011623553558699484,33,True,"$|S \cap \{1,2\}| = 1$"
"('$X_2$', '$Z_{1}$', '$Z_{5}$')",3,0.7080824329420391,0.697595288483469,-0.01048714445857013,33,True,"$|S \cap \{1,2\}| = 1$"
"('$X_2$', '$Z_{1}$', '$Z_{6}$')",3,0.7014438355136997,0.7054055132536182,0.003961677739918512,33,True,"$|S \cap \{1,2\}| = 1$"
"('$X_2$', '$Z_{2}$', '$Z_{3}$')",3,0.7050997452557531,0.7041771680202731,-0.0009225772354800599,33,True,"$|S \cap \{1,2\}| = 1$"
"('$X_2$', '$Z_{2}$', '$Z_{4}$')",3,0.7036968875505963,0.7002841512957562,-0.0034127362548401763,33,True,"$|S \cap \{1,2\}| = 1$"
"('$X_2$', '$Z_{2}$', '$Z_{5}$')",3,0.7062867608762008,0.7103026842318277,0.004015923355626949,33,True,"$|S \cap \{1,2\}| = 1$"
"('$X_2$', '$Z_{2}$', '$Z_{6}$')",3,0.7022821036849329,0.7042721028226037,0.0019899991376707282,33,True,"$|S \cap \{1,2\}| = 1$"
"('$X_2$', '$Z_{3}$', '$Z_{4}$')",3,0.7069146407168942,0.6955800701410063,-0.011334570575887937,33,True,"$|S \cap \{1,2\}| = 1$"
"('$X_2$', '$Z_{3}$', '$Z_{5}$')",3,0.70397038690167,0.7083596921466164,0.0043893052449464065,33,True,"$|S \cap \{1,2\}| = 1$"
"('$X_2$', '$Z_{3}$', '$Z_{6}$')",3,0.6992930251639107,0.7013118125452629,0.002018787381352194,33,True,"$|S \cap \{1,2\}| = 1$"
"('$X_2$', '$Z_{4}$', '$Z_{5}$')",3,0.7074453378593294,0.704582157753857,-0.0028631801054723738,33,True,"$|S \cap \{1,2\}| = 1$"
"('$X_2$', '$Z_{4}$', '$Z_{6}$')",3,0.7014172899064022,0.7068347819232269,0.005417492016824732,33,True,"$|S \cap \{1,2\}| = 1$"
"('$X_2$', '$Z_{5}$', '$Z_{6}$')",3,0.7082546292292673,0.7021067290452543,-0.006147900184013011,33,True,"$|S \cap \{1,2\}| = 1$"
"('$Z_{1}$', '$Z_{2}$', '$Z_{3}$')",3,0.7016574619920135,0.7096352552696799,0.007977793277666345,33,False,"$S \cap \{1,2\} = \emptyset$"
"('$Z_{1}$', '$Z_{2}$', '$Z_{4}$')",3,0.7055914739778392,0.7059076340914169,0.00031616011357771256,33,False,"$S \cap \{1,2\} = \emptyset$"
"('$Z_{1}$', '$Z_{2}$', '$Z_{5}$')",3,0.7059125489350458,0.7029215339622847,-0.002991014972761108,33,False,"$S \cap \{1,2\} = \emptyset$"
"('$Z_{1}$', '$Z_{2}$', '$Z_{6}$')",3,0.7001858262355168,0.702063742745361,0.0018779165098441464,33,False,"$S \cap \{1,2\} = \emptyset$"
"('$Z_{1}$', '$Z_{3}$', '$Z_{4}$')",3,0.6990116249643676,0.7040623130780468,0.005050688113679147,33,False,"$S \cap \{1,2\} = \emptyset$"
"('$Z_{1}$', '$Z_{3}$', '$Z_{5}$')",3,0.7031175613912154,0.7011156573996415,-0.00200190399157385,33,False,"$S \cap \{1,2\} = \emptyset$"
"('$Z_{1}$', '$Z_{3}$', '$Z_{6}$')",3,0.6957346545395865,0.7022412189690078,0.006506564429421324,33,False,"$S \cap \{1,2\} = \emptyset$"
"('$Z_{1}$', '$Z_{4}$', '$Z_{5}$')",3,0.6995855101447722,0.7062716065287883,0.006686096384016071,33,False,"$S \cap \{1,2\} = \emptyset$"
"('$Z_{1}$', '$Z_{4}$', '$Z_{6}$')",3,0.6968744119899193,0.7063614839701047,0.009487071980185391,33,False,"$S \cap \{1,2\} = \emptyset$"
"('$Z_{1}$', '$Z_{5}$', '$Z_{6}$')",3,0.7064107218289374,0.7049978426268704,-0.0014128792020670078,33,False,"$S \cap \{1,2\} = \emptyset$"
"('$Z_{2}$', '$Z_{3}$', '$Z_{4}$')",3,0.7040019873151998,0.7039140241106213,-8.79632045784895e-05,33,False,"$S \cap \{1,2\} = \emptyset$"
"('$Z_{2}$', '$Z_{3}$', '$Z_{5}$')",3,0.7052856816408162,0.7038198348744166,-0.0014658467663996033,33,False,"$S \cap \{1,2\} = \emptyset$"
"('$Z_{2}$', '$Z_{3}$', '$Z_{6}$')",3,0.6982562421966932,0.6911393894628545,-0.007116852733838774,33,False,"$S \cap \{1,2\} = \emptyset$"
"('$Z_{2}$', '$Z_{4}$', '$Z_{5}$')",3,0.7021038828230786,0.7053865819616398,0.0032826991385612736,33,False,"$S \cap \{1,2\} = \emptyset$"
"('$Z_{2}$', '$Z_{4}$', '$Z_{6}$')",3,0.6997497294347069,0.6985626494848034,-0.0011870799499035245,33,False,"$S \cap \{1,2\} = \emptyset$"
"('$Z_{2}$', '$Z_{5}$', '$Z_{6}$')",3,0.7073520225343602,0.7029729280044894,-0.004379094529870842,33,False,"$S \cap \{1,2\} = \emptyset$"
"('$Z_{3}$', '$Z_{4}$', '$Z_{5}$')",3,0.7023566947921585,0.7021452460826068,-0.00021144870955169814,33,False,"$S \cap \{1,2\} = \emptyset$"
"('$Z_{3}$', '$Z_{4}$', '$Z_{6}$')",3,0.6966801816569471,0.6963469308412805,-0.000333250815666597,33,False,"$S \cap \{1,2\} = \emptyset$"
"('$Z_{3}$', '$Z_{5}$', '$Z_{6}$')",3,0.7012082247476203,0.6969753748646197,-0.004232849883000656,33,False,"$S \cap \{1,2\} = \emptyset$"
"('$Z_{4}$', '$Z_{5}$', '$Z_{6}$')",3,0.7039262570830601,0.7054796544926596,0.0015533974095994774,33,False,"$S \cap \{1,2\} = \emptyset$"
"('$X_1$', '$X_2$')",2,0.05339250328969716,0.7130588917830893,0.6596663884933922,34,True,"$S \supseteq \{1,2\}$"
"('$X_1$', '$Z_{1}$')",2,0.7048403513889157,0.7084479611518687,0.0036076097629530457,34,True,"$|S \cap \{1,2\}| = 1$"
"('$X_1$', '$Z_{2}$')",2,0.7143831949300752,0.7048991532161214,-0.009484041713953784,34,True,"$|S \cap \{1,2\}| = 1$"
"('$X_1$', '$Z_{3}$')",2,0.7029980374143442,0.7073130221108157,0.004314984696471513,34,True,"$|S \cap \{1,2\}| = 1$"
"('$X_1$', '$Z_{4}$')",2,0.7030469765246341,0.7046161578827753,0.001569181358141214,34,True,"$|S \cap \{1,2\}| = 1$"
"('$X_1$', '$Z_{5}$')",2,0.7094320754242888,0.7085080344693925,-0.000924040954896288,34,True,"$|S \cap \{1,2\}| = 1$"
"('$X_1$', '$Z_{6}$')",2,0.7089215633366318,0.7111794710322873,0.002257907695655481,34,True,"$|S \cap \{1,2\}| = 1$"
"('$X_2$', '$Z_{1}$')",2,0.7051924010009273,0.7059893000597866,0.0007968990588592684,34,True,"$|S \cap \{1,2\}| = 1$"
"('$X_2$', '$Z_{2}$')",2,0.71439416841176,0.7062140152552852,-0.008180153156474801,34,True,"$|S \cap \{1,2\}| = 1$"
"('$X_2$', '$Z_{3}$')",2,0.7086685795909519,0.71153303862292,0.0028644590319681917,34,True,"$|S \cap \{1,2\}| = 1$"
"('$X_2$', '$Z_{4}$')",2,0.7015762875222351,0.7051951120795859,0.0036188245573507416,34,True,"$|S \cap \{1,2\}| = 1$"
"('$X_2$', '$Z_{5}$')",2,0.7113515868147778,0.7087044325144585,-0.0026471543003193654,34,True,"$|S \cap \{1,2\}| = 1$"
"('$X_2$', '$Z_{6}$')",2,0.705829540803779,0.7090535348789376,0.0032239940751586094,34,True,"$|S \cap \{1,2\}| = 1$"
"('$Z_{1}$', '$Z_{2}$')",2,0.7009798789390107,0.7018170845646495,0.0008372056256388261,34,False,"$S \cap \{1,2\} = \emptyset$"
"('$Z_{1}$', '$Z_{3}$')",2,0.7080566374574091,0.7037786431937725,-0.00427799426363662,34,False,"$S \cap \{1,2\} = \emptyset$"
"('$Z_{1}$', '$Z_{4}$')",2,0.7004482163047011,0.7054371273006967,0.004988910995995632,34,False,"$S \cap \{1,2\} = \emptyset$"
"('$Z_{1}$', '$Z_{5}$')",2,0.7052062851660812,0.6966700298485304,-0.008536255317550756,34,False,"$S \cap \{1,2\} = \emptyset$"
"('$Z_{1}$', '$Z_{6}$')",2,0.7070120959712072,0.7061039160601852,-0.000908179911021989,34,False,"$S \cap \{1,2\} = \emptyset$"
"('$Z_{2}$', '$Z_{3}$')",2,0.7041296389018343,0.7100834382667738,0.005953799364939449,34,False,"$S \cap \{1,2\} = \emptyset$"
"('$Z_{2}$', '$Z_{4}$')",2,0.7021032671745944,0.7015978525622085,-0.0005054146123858461,34,False,"$S \cap \{1,2\} = \emptyset$"
"('$Z_{2}$', '$Z_{5}$')",2,0.7115230611149777,0.7088542217958522,-0.0026688393191254267,34,False,"$S \cap \{1,2\} = \emptyset$"
"('$Z_{2}$', '$Z_{6}$')",2,0.7074486266416825,0.7066361994430468,-0.0008124271986357234,34,False,"$S \cap \{1,2\} = \emptyset$"
"('$Z_{3}$', '$Z_{4}$')",2,0.7030346270993986,0.7041476573713397,0.0011130302719410956,34,False,"$S \cap \{1,2\} = \emptyset$"
"('$Z_{3}$', '$Z_{5}$')",2,0.7037992946267245,0.7042270221367273,0.0004277275100027511,34,False,"$S \cap \{1,2\} = \emptyset$"
"('$Z_{3}$', '$Z_{6}$')",2,0.7121379843135114,0.7097177910760534,-0.0024201932374580126,34,False,"$S \cap \{1,2\} = \emptyset$"
"('$Z_{4}$', '$Z_{5}$')",2,0.6984376876447969,0.70739511043947,0.008957422794673153,34,False,"$S \cap \{1,2\} = \emptyset$"
"('$Z_{4}$', '$Z_{6}$')",2,0.7012896831464593,0.7144892204223258,0.013199537275866424,34,False,"$S \cap \{1,2\} = \emptyset$"
"('$Z_{5}$', '$Z_{6}$')",2,0.7134010504092301,0.7154889932409974,0.0020879428317672755,34,False,"$S \cap \{1,2\} = \emptyset$"
"('$X_1$', '$X_2$', '$Z_{1}$')",3,0.18489458748621893,0.7021883163835575,0.5172937288973386,34,True,"$S \supseteq \{1,2\}$"
"('$X_1$', '$X_2$', '$Z_{2}$')",3,0.1808766322661519,0.6994180829594343,0.5185414506932824,34,True,"$S \supseteq \{1,2\}$"
"('$X_1$', '$X_2$', '$Z_{3}$')",3,0.18004176836399888,0.7029056961346462,0.5228639277706473,34,True,"$S \supseteq \{1,2\}$"
"('$X_1$', '$X_2$', '$Z_{4}$')",3,0.17202804765149932,0.7073738246009579,0.5353457769494585,34,True,"$S \supseteq \{1,2\}$"
"('$X_1$', '$X_2$', '$Z_{5}$')",3,0.18199308749614365,0.7025873776856536,0.52059429018951,34,True,"$S \supseteq \{1,2\}$"
"('$X_1$', '$X_2$', '$Z_{6}$')",3,0.17213059057712327,0.7064572998951513,0.534326709318028,34,True,"$S \supseteq \{1,2\}$"
"('$X_1$', '$Z_{1}$', '$Z_{2}$')",3,0.7008297471833277,0.7038763126753783,0.0030465654920506235,34,True,"$|S \cap \{1,2\}| = 1$"
"('$X_1$', '$Z_{1}$', '$Z_{3}$')",3,0.6983678573965597,0.6981764137427973,-0.00019144365376244643,34,True,"$|S \cap \{1,2\}| = 1$"
"('$X_1$', '$Z_{1}$', '$Z_{4}$')",3,0.6976189296324453,0.6990097306212153,0.0013908009887699802,34,True,"$|S \cap \{1,2\}| = 1$"
"('$X_1$', '$Z_{1}$', '$Z_{5}$')",3,0.70101022739074,0.7048515325185872,0.0038413051278471944,34,True,"$|S \cap \{1,2\}| = 1$"
"('$X_1$', '$Z_{1}$', '$Z_{6}$')",3,0.703329617029196,0.7006370815131001,-0.0026925355160959397,34,True,"$|S \cap \{1,2\}| = 1$"
"('$X_1$', '$Z_{2}$', '$Z_{3}$')",3,0.7060281596185961,0.6996984926511804,-0.006329666967415659,34,True,"$|S \cap \{1,2\}| = 1$"
"('$X_1$', '$Z_{2}$', '$Z_{4}$')",3,0.7037962062657491,0.7050602788694825,0.0012640726037334016,34,True,"$|S \cap \{1,2\}| = 1$"
"('$X_1$', '$Z_{2}$', '$Z_{5}$')",3,0.7052650793630959,0.695781156950664,-0.0094839224124319,34,True,"$|S \cap \{1,2\}| = 1$"
"('$X_1$', '$Z_{2}$', '$Z_{6}$')",3,0.7021165672676056,0.7047086906332642,0.0025921233656586162,34,True,"$|S \cap \{1,2\}| = 1$"
"('$X_1$', '$Z_{3}$', '$Z_{4}$')",3,0.6996326746180042,0.7046598792729534,0.005027204654949213,34,True,"$|S \cap \{1,2\}| = 1$"
"('$X_1$', '$Z_{3}$', '$Z_{5}$')",3,0.7000195567485569,0.7052797600302875,0.005260203281730602,34,True,"$|S \cap \{1,2\}| = 1$"
"('$X_1$', '$Z_{3}$', '$Z_{6}$')",3,0.7035723441292308,0.7055565121660675,0.0019841680368367642,34,True,"$|S \cap \{1,2\}| = 1$"
"('$X_1$', '$Z_{4}$', '$Z_{5}$')",3,0.6987071021036005,0.7025588797296864,0.003851777626085906,34,True,"$|S \cap \{1,2\}| = 1$"
"('$X_1$', '$Z_{4}$', '$Z_{6}$')",3,0.6999552354488032,0.7067812106348613,0.0068259751860580975,34,True,"$|S \cap \{1,2\}| = 1$"
"('$X_1$', '$Z_{5}$', '$Z_{6}$')",3,0.7051859288429592,0.7024839680598486,-0.0027019607831105796,34,True,"$|S \cap \{1,2\}| = 1$"
"('$X_2$', '$Z_{1}$', '$Z_{2}$')",3,0.703069649080799,0.7056809992512463,0.002611350170447224,34,True,"$|S \cap \{1,2\}| = 1$"
"('$X_2$', '$Z_{1}$', '$Z_{3}$')",3,0.7040929816396868,0.705640205193987,0.0015472235543001478,34,True,"$|S \cap \{1,2\}| = 1$"
"('$X_2$', '$Z_{1}$', '$Z_{4}$')",3,0.6970259425506952,0.696176174164032,-0.0008497683866631744,34,True,"$|S \cap \{1,2\}| = 1$"
"('$X_2$', '$Z_{1}$', '$Z_{5}$')",3,0.7017073884958045,0.7044177099651059,0.002710321469301391,34,True,"$|S \cap \{1,2\}| = 1$"
"('$X_2$', '$Z_{1}$', '$Z_{6}$')",3,0.7021094563052095,0.7046314658327393,0.0025220095275297894,34,True,"$|S \cap \{1,2\}| = 1$"
"('$X_2$', '$Z_{2}$', '$Z_{3}$')",3,0.7071039268104926,0.7063363788652705,-0.0007675479452221579,34,True,"$|S \cap \{1,2\}| = 1$"
"('$X_2$', '$Z_{2}$', '$Z_{4}$')",3,0.7055497450446883,0.7069897590364558,0.0014400139917675192,34,True,"$|S \cap \{1,2\}| = 1$"
"('$X_2$', '$Z_{2}$', '$Z_{5}$')",3,0.709714225502325,0.7017148672206199,-0.00799935828170506,34,True,"$|S \cap \{1,2\}| = 1$"
"('$X_2$', '$Z_{2}$', '$Z_{6}$')",3,0.7071020074851406,0.7055974990343166,-0.0015045084508240603,34,True,"$|S \cap \{1,2\}| = 1$"
"('$X_2$', '$Z_{3}$', '$Z_{4}$')",3,0.6995568668336837,0.706493098166222,0.00693623133253829,34,True,"$|S \cap \{1,2\}| = 1$"
"('$X_2$', '$Z_{3}$', '$Z_{5}$')",3,0.7037753244339308,0.7044667777381433,0.0006914533042124971,34,True,"$|S \cap \{1,2\}| = 1$"
"('$X_2$', '$Z_{3}$', '$Z_{6}$')",3,0.70530073858167,0.7061526882169955,0.0008519496353255329,34,True,"$|S \cap \{1,2\}| = 1$"
"('$X_2$', '$Z_{4}$', '$Z_{5}$')",3,0.7006861341739318,0.70876208517906,0.008075951005128257,34,True,"$|S \cap \{1,2\}| = 1$"
"('$X_2$', '$Z_{4}$', '$Z_{6}$')",3,0.700662414239144,0.7058831796998926,0.0052207654607485665,34,True,"$|S \cap \{1,2\}| = 1$"
"('$X_2$', '$Z_{5}$', '$Z_{6}$')",3,0.7066899442444714,0.6997373546807357,-0.006952589563735678,34,True,"$|S \cap \{1,2\}| = 1$"
"('$Z_{1}$', '$Z_{2}$', '$Z_{3}$')",3,0.7002763120042648,0.7074110510272642,0.007134739022999437,34,False,"$S \cap \{1,2\} = \emptyset$"
"('$Z_{1}$', '$Z_{2}$', '$Z_{4}$')",3,0.6962739672856718,0.6970464667704832,0.0007724994848113953,34,False,"$S \cap \{1,2\} = \emptyset$"
"('$Z_{1}$', '$Z_{2}$', '$Z_{5}$')",3,0.7000024387057581,0.6994632662350596,-0.0005391724706984569,34,False,"$S \cap \{1,2\} = \emptyset$"
"('$Z_{1}$', '$Z_{2}$', '$Z_{6}$')",3,0.6994451412923934,0.702555896757394,0.003110755465000614,34,False,"$S \cap \{1,2\} = \emptyset$"
"('$Z_{1}$', '$Z_{3}$', '$Z_{4}$')",3,0.6971455366185689,0.7082051736808906,0.011059637062321714,34,False,"$S \cap \{1,2\} = \emptyset$"
"('$Z_{1}$', '$Z_{3}$', '$Z_{5}$')",3,0.697638276240353,0.7062208004933095,0.00858252425295647,34,False,"$S \cap \{1,2\} = \emptyset$"
"('$Z_{1}$', '$Z_{3}$', '$Z_{6}$')",3,0.7030351690916976,0.7041196484587805,0.0010844793670828912,34,False,"$S \cap \{1,2\} = \emptyset$"
"('$Z_{1}$', '$Z_{4}$', '$Z_{5}$')",3,0.6960399704322124,0.6996462486063879,0.00360627817417547,34,False,"$S \cap \{1,2\} = \emptyset$"
"('$Z_{1}$', '$Z_{4}$', '$Z_{6}$')",3,0.6992480896710924,0.7022477836251961,0.0029996939541037104,34,False,"$S \cap \{1,2\} = \emptyset$"
"('$Z_{1}$', '$Z_{5}$', '$Z_{6}$')",3,0.7034391111677979,0.7078617111909611,0.004422600023163192,34,False,"$S \cap \{1,2\} = \emptyset$"
"('$Z_{2}$', '$Z_{3}$', '$Z_{4}$')",3,0.7003423795914923,0.7024251897086974,0.002082810117205125,34,False,"$S \cap \{1,2\} = \emptyset$"
"('$Z_{2}$', '$Z_{3}$', '$Z_{5}$')",3,0.7017623809074647,0.7061643842351478,0.004402003327683146,34,False,"$S \cap \{1,2\} = \emptyset$"
"('$Z_{2}$', '$Z_{3}$', '$Z_{6}$')",3,0.7052428183820738,0.7064949627879317,0.001252144405857858,34,False,"$S \cap \{1,2\} = \emptyset$"
"('$Z_{2}$', '$Z_{4}$', '$Z_{5}$')",3,0.6968827559272354,0.7037316787793101,0.006848922852074724,34,False,"$S \cap \{1,2\} = \emptyset$"
"('$Z_{2}$', '$Z_{4}$', '$Z_{6}$')",3,0.6994459685135839,0.6940782443210681,-0.005367724192515744,34,False,"$S \cap \{1,2\} = \emptyset$"
"('$Z_{2}$', '$Z_{5}$', '$Z_{6}$')",3,0.7054138183017278,0.7057788347711873,0.0003650164694595226,34,False,"$S \cap \{1,2\} = \emptyset$"
"('$Z_{3}$', '$Z_{4}$', '$Z_{5}$')",3,0.6966299262295779,0.7052028883585482,0.008572962128970296,34,False,"$S \cap \{1,2\} = \emptyset$"
"('$Z_{3}$', '$Z_{4}$', '$Z_{6}$')",3,0.7026877656207985,0.7064369978148117,0.003749232194013241,34,False,"$S \cap \{1,2\} = \emptyset$"
"('$Z_{3}$', '$Z_{5}$', '$Z_{6}$')",3,0.7067570943853219,0.7054946915600936,-0.0012624028252282704,34,False,"$S \cap \{1,2\} = \emptyset$"
"('$Z_{4}$', '$Z_{5}$', '$Z_{6}$')",3,0.7004802690555687,0.6979821869184054,-0.0024980821371632933,34,False,"$S \cap \{1,2\} = \emptyset$"
"('$X_1$', '$X_2$')",2,0.05262495699170439,0.7095615806738911,0.6569366236821866,35,True,"$S \supseteq \{1,2\}$"
"('$X_1$', '$Z_{1}$')",2,0.6926665723639853,0.7003880012760403,0.007721428912054962,35,True,"$|S \cap \{1,2\}| = 1$"
"('$X_1$', '$Z_{2}$')",2,0.7089057911052551,0.7095444335925514,0.0006386424872962815,35,True,"$|S \cap \{1,2\}| = 1$"
"('$X_1$', '$Z_{3}$')",2,0.6991648467131482,0.7142148256250526,0.015049978911904405,35,True,"$|S \cap \{1,2\}| = 1$"
"('$X_1$', '$Z_{4}$')",2,0.694767743330348,0.7109156485918144,0.016147905261466478,35,True,"$|S \cap \{1,2\}| = 1$"
"('$X_1$', '$Z_{5}$')",2,0.6949048044427667,0.7104099547791722,0.015505150336405538,35,True,"$|S \cap \{1,2\}| = 1$"
"('$X_1$', '$Z_{6}$')",2,0.7040276388058876,0.7144196942006683,0.01039205539478072,35,True,"$|S \cap \{1,2\}| = 1$"
"('$X_2$', '$Z_{1}$')",2,0.702896703863259,0.7142480231936652,0.011351319330406229,35,True,"$|S \cap \{1,2\}| = 1$"
"('$X_2$', '$Z_{2}$')",2,0.7085911774712872,0.7101780689552988,0.0015868914840115877,35,True,"$|S \cap \{1,2\}| = 1$"
"('$X_2$', '$Z_{3}$')",2,0.7040949329396795,0.7070327345060725,0.0029378015663930057,35,True,"$|S \cap \{1,2\}| = 1$"
"('$X_2$', '$Z_{4}$')",2,0.6985735256366554,0.7149214617345652,0.016347936097909743,35,True,"$|S \cap \{1,2\}| = 1$"
"('$X_2$', '$Z_{5}$')",2,0.7057000362625065,0.7051558796236441,-0.0005441566388624253,35,True,"$|S \cap \{1,2\}| = 1$"
"('$X_2$', '$Z_{6}$')",2,0.7081292828948238,0.6975641001635956,-0.010565182731228195,35,True,"$|S \cap \{1,2\}| = 1$"
"('$Z_{1}$', '$Z_{2}$')",2,0.7074776553320019,0.7061766104614371,-0.0013010448705648159,35,False,"$S \cap \{1,2\} = \emptyset$"
"('$Z_{1}$', '$Z_{3}$')",2,0.7040702986608645,0.6981060290527769,-0.005964269608087602,35,False,"$S \cap \{1,2\} = \emptyset$"
"('$Z_{1}$', '$Z_{4}$')",2,0.701890955482465,0.7075090216553306,0.005618066172865532,35,False,"$S \cap \{1,2\} = \emptyset$"
"('$Z_{1}$', '$Z_{5}$')",2,0.702235634658906,0.7165519403714812,0.01431630571257514,35,False,"$S \cap \{1,2\} = \emptyset$"
"('$Z_{1}$', '$Z_{6}$')",2,0.7077953967563585,0.7028035911716369,-0.004991805584721565,35,False,"$S \cap \{1,2\} = \emptyset$"
"('$Z_{2}$', '$Z_{3}$')",2,0.7139243834855377,0.7116471041088912,-0.002277279376646457,35,False,"$S \cap \{1,2\} = \emptyset$"
"('$Z_{2}$', '$Z_{4}$')",2,0.7057913969606292,0.7134925221609453,0.007701125200316072,35,False,"$S \cap \{1,2\} = \emptyset$"
"('$Z_{2}$', '$Z_{5}$')",2,0.7079341889690017,0.6974853337972151,-0.01044885517178662,35,False,"$S \cap \{1,2\} = \emptyset$"
"('$Z_{2}$', '$Z_{6}$')",2,0.7116720221841486,0.7074082499796108,-0.004263772204537775,35,False,"$S \cap \{1,2\} = \emptyset$"
"('$Z_{3}$', '$Z_{4}$')",2,0.6992045227102454,0.7025221690267317,0.0033176463164863446,35,False,"$S \cap \{1,2\} = \emptyset$"
"('$Z_{3}$', '$Z_{5}$')",2,0.7037804731324129,0.7040569270392923,0.00027645390687947025,35,False,"$S \cap \{1,2\} = \emptyset$"
"('$Z_{3}$', '$Z_{6}$')",2,0.7076345671498037,0.7065418037906536,-0.0010927633591500951,35,False,"$S \cap \{1,2\} = \emptyset$"
"('$Z_{4}$', '$Z_{5}$')",2,0.6996797713892107,0.7060806513324963,0.006400879943285642,35,False,"$S \cap \{1,2\} = \emptyset$"
"('$Z_{4}$', '$Z_{6}$')",2,0.7066722921380838,0.7148963920369799,0.008224099898896053,35,False,"$S \cap \{1,2\} = \emptyset$"
"('$Z_{5}$', '$Z_{6}$')",2,0.70961188290995,0.7067147369550162,-0.002897145954933844,35,False,"$S \cap \{1,2\} = \emptyset$"
"('$X_1$', '$X_2$', '$Z_{1}$')",3,0.15821417609166458,0.7046145180455848,0.5464003419539203,35,True,"$S \supseteq \{1,2\}$"
"('$X_1$', '$X_2$', '$Z_{2}$')",3,0.16677473149863686,0.6981865853434688,0.5314118538448319,35,True,"$S \supseteq \{1,2\}$"
"('$X_1$', '$X_2$', '$Z_{3}$')",3,0.16394808248859488,0.6992915565434573,0.5353434740548624,35,True,"$S \supseteq \{1,2\}$"
"('$X_1$', '$X_2$', '$Z_{4}$')",3,0.16029818336847843,0.6994136968635735,0.539115513495095,35,True,"$S \supseteq \{1,2\}$"
"('$X_1$', '$X_2$', '$Z_{5}$')",3,0.16248424716620144,0.7027801240486088,0.5402958768824073,35,True,"$S \supseteq \{1,2\}$"
"('$X_1$', '$X_2$', '$Z_{6}$')",3,0.1639528199520828,0.7060025878598665,0.5420497679077837,35,True,"$S \supseteq \{1,2\}$"
"('$X_1$', '$Z_{1}$', '$Z_{2}$')",3,0.6947598156623792,0.7035050843207858,0.008745268658406635,35,True,"$|S \cap \{1,2\}| = 1$"
"('$X_1$', '$Z_{1}$', '$Z_{3}$')",3,0.6942258290132772,0.7041772516392208,0.009951422625943618,35,True,"$|S \cap \{1,2\}| = 1$"
"('$X_1$', '$Z_{1}$', '$Z_{4}$')",3,0.6908114486142853,0.7035566383169615,0.01274518970267613,35,True,"$|S \cap \{1,2\}| = 1$"
"('$X_1$', '$Z_{1}$', '$Z_{5}$')",3,0.6888581572666949,0.7040792289063585,0.015221071639663686,35,True,"$|S \cap \{1,2\}| = 1$"
"('$X_1$', '$Z_{1}$', '$Z_{6}$')",3,0.6966429650399566,0.7035724586960834,0.006929493656126828,35,True,"$|S \cap \{1,2\}| = 1$"
"('$X_1$', '$Z_{2}$', '$Z_{3}$')",3,0.6989453175603418,0.7008958913784987,0.0019505738181568866,35,True,"$|S \cap \{1,2\}| = 1$"
"('$X_1$', '$Z_{2}$', '$Z_{4}$')",3,0.695910476087274,0.7035256417073468,0.007615165620072806,35,True,"$|S \cap \{1,2\}| = 1$"
"('$X_1$', '$Z_{2}$', '$Z_{5}$')",3,0.6943796607508728,0.7048246106807474,0.010444949929874658,35,True,"$|S \cap \{1,2\}| = 1$"
"('$X_1$', '$Z_{2}$', '$Z_{6}$')",3,0.7020088656936747,0.7078641659108534,0.005855300217178727,35,True,"$|S \cap \{1,2\}| = 1$"
"('$X_1$', '$Z_{3}$', '$Z_{4}$')",3,0.6933846073717005,0.6992584021492403,0.005873794777539798,35,True,"$|S \cap \{1,2\}| = 1$"
"('$X_1$', '$Z_{3}$', '$Z_{5}$')",3,0.6940213340196285,0.7051570344727333,0.011135700453104747,35,True,"$|S \cap \{1,2\}| = 1$"
"('$X_1$', '$Z_{3}$', '$Z_{6}$')",3,0.6998543077302583,0.6972146824403928,-0.0026396252898654993,35,True,"$|S \cap \{1,2\}| = 1$"
"('$X_1$', '$Z_{4}$', '$Z_{5}$')",3,0.6922000827148918,0.7037767075245663,0.011576624809674585,35,True,"$|S \cap \{1,2\}| = 1$"
"('$X_1$', '$Z_{4}$', '$Z_{6}$')",3,0.6996054094385626,0.7015621137153238,0.001956704276761201,35,True,"$|S \cap \{1,2\}| = 1$"
"('$X_1$', '$Z_{5}$', '$Z_{6}$')",3,0.6974214419731293,0.696854569457598,-0.0005668725155312249,35,True,"$|S \cap \{1,2\}| = 1$"
"('$X_2$', '$Z_{1}$', '$Z_{2}$')",3,0.7054688003567771,0.7076754286313185,0.0022066282745414334,35,True,"$|S \cap \{1,2\}| = 1$"
"('$X_2$', '$Z_{1}$', '$Z_{3}$')",3,0.7011505910186107,0.6982287724438923,-0.0029218185747184044,35,True,"$|S \cap \{1,2\}| = 1$"
"('$X_2$', '$Z_{1}$', '$Z_{4}$')",3,0.6973283021103448,0.7071235145556398,0.00979521244529502,35,True,"$|S \cap \{1,2\}| = 1$"
"('$X_2$', '$Z_{1}$', '$Z_{5}$')",3,0.7003043917973284,0.6979229049856028,-0.002381486811725564,35,True,"$|S \cap \{1,2\}| = 1$"
"('$X_2$', '$Z_{1}$', '$Z_{6}$')",3,0.7012118774114365,0.701638261119877,0.0004263837084405031,35,True,"$|S \cap \{1,2\}| = 1$"
"('$X_2$', '$Z_{2}$', '$Z_{3}$')",3,0.702146356190229,0.703510177530388,0.0013638213401589994,35,True,"$|S \cap \{1,2\}| = 1$"
"('$X_2$', '$Z_{2}$', '$Z_{4}$')",3,0.6977160148516515,0.708660354448145,0.010944339596493546,35,True,"$|S \cap \{1,2\}| = 1$"
"('$X_2$', '$Z_{2}$', '$Z_{5}$')",3,0.7041493205818755,0.7019807602522605,-0.002168560329614988,35,True,"$|S \cap \{1,2\}| = 1$"
"('$X_2$', '$Z_{2}$', '$Z_{6}$')",3,0.7021077411488862,0.7015674808610407,-0.0005402602878454843,35,True,"$|S \cap \{1,2\}| = 1$"
"('$X_2$', '$Z_{3}$', '$Z_{4}$')",3,0.6932087945903062,0.7014926031048185,0.00828380851451238,35,True,"$|S \cap \{1,2\}| = 1$"
"('$X_2$', '$Z_{3}$', '$Z_{5}$')",3,0.6979036696187884,0.702885947116146,0.00498227749735769,35,True,"$|S \cap \{1,2\}| = 1$"
"('$X_2$', '$Z_{3}$', '$Z_{6}$')",3,0.7019866240745307,0.7014598417780515,-0.000526782296479178,35,True,"$|S \cap \{1,2\}| = 1$"
"('$X_2$', '$Z_{4}$', '$Z_{5}$')",3,0.6974442893324156,0.7056153590937134,0.008171069761297778,35,True,"$|S \cap \{1,2\}| = 1$"
"('$X_2$', '$Z_{4}$', '$Z_{6}$')",3,0.6985679693744306,0.6998164938168728,0.0012485244424422781,35,True,"$|S \cap \{1,2\}| = 1$"
"('$X_2$', '$Z_{5}$', '$Z_{6}$')",3,0.7028806643584655,0.704321104433242,0.0014404400747765056,35,True,"$|S \cap \{1,2\}| = 1$"
"('$Z_{1}$', '$Z_{2}$', '$Z_{3}$')",3,0.7029592216266263,0.7049848103699301,0.00202558874330383,35,False,"$S \cap \{1,2\} = \emptyset$"
"('$Z_{1}$', '$Z_{2}$', '$Z_{4}$')",3,0.6995310549287309,0.7013249311685748,0.001793876239843839,35,False,"$S \cap \{1,2\} = \emptyset$"
"('$Z_{1}$', '$Z_{2}$', '$Z_{5}$')",3,0.7035969066465673,0.6996868213563254,-0.003910085290241838,35,False,"$S \cap \{1,2\} = \emptyset$"
"('$Z_{1}$', '$Z_{2}$', '$Z_{6}$')",3,0.7024733934374551,0.7017842573279767,-0.0006891361094784054,35,False,"$S \cap \{1,2\} = \emptyset$"
"('$Z_{1}$', '$Z_{3}$', '$Z_{4}$')",3,0.6988631205615412,0.7054838530712314,0.006620732509690197,35,False,"$S \cap \{1,2\} = \emptyset$"
"('$Z_{1}$', '$Z_{3}$', '$Z_{5}$')",3,0.7025278895622554,0.7069203146583386,0.0043924250960831746,35,False,"$S \cap \{1,2\} = \emptyset$"
"('$Z_{1}$', '$Z_{3}$', '$Z_{6}$')",3,0.7003297323633353,0.7042454181205935,0.003915685757258203,35,False,"$S \cap \{1,2\} = \emptyset$"
"('$Z_{1}$', '$Z_{4}$', '$Z_{5}$')",3,0.6980920710419133,0.6989593734301716,0.0008673023882582731,35,False,"$S \cap \{1,2\} = \emptyset$"
"('$Z_{1}$', '$Z_{4}$', '$Z_{6}$')",3,0.703807620136251,0.7083096265883319,0.004502006452080876,35,False,"$S \cap \{1,2\} = \emptyset$"
"('$Z_{1}$', '$Z_{5}$', '$Z_{6}$')",3,0.7007994634832256,0.6962672221797741,-0.004532241303451534,35,False,"$S \cap \{1,2\} = \emptyset$"
"('$Z_{2}$', '$Z_{3}$', '$Z_{4}$')",3,0.7005285992480158,0.6995032316212947,-0.0010253676267211187,35,False,"$S \cap \{1,2\} = \emptyset$"
"('$Z_{2}$', '$Z_{3}$', '$Z_{5}$')",3,0.7032210442585312,0.704176819523034,0.0009557752645028561,35,False,"$S \cap \{1,2\} = \emptyset$"
"('$Z_{2}$', '$Z_{3}$', '$Z_{6}$')",3,0.7043549419350922,0.7071891190914668,0.0028341771563745732,35,False,"$S \cap \{1,2\} = \emptyset$"
"('$Z_{2}$', '$Z_{4}$', '$Z_{5}$')",3,0.6999932826681897,0.7083636671210106,0.0083703844528209,35,False,"$S \cap \{1,2\} = \emptyset$"
"('$Z_{2}$', '$Z_{4}$', '$Z_{6}$')",3,0.7014931844269925,0.7027330287251002,0.0012398442981077507,35,False,"$S \cap \{1,2\} = \emptyset$"
"('$Z_{2}$', '$Z_{5}$', '$Z_{6}$')",3,0.7035970308791791,0.6988015939317579,-0.004795436947421239,35,False,"$S \cap \{1,2\} = \emptyset$"
"('$Z_{3}$', '$Z_{4}$', '$Z_{5}$')",3,0.6972315877790302,0.7019033508569393,0.0046717630779091746,35,False,"$S \cap \{1,2\} = \emptyset$"
"('$Z_{3}$', '$Z_{4}$', '$Z_{6}$')",3,0.7011513643631163,0.7062307957046016,0.005079431341485252,35,False,"$S \cap \{1,2\} = \emptyset$"
"('$Z_{3}$', '$Z_{5}$', '$Z_{6}$')",3,0.7020183394841916,0.700429991710548,-0.0015883477736435836,35,False,"$S \cap \{1,2\} = \emptyset$"
"('$Z_{4}$', '$Z_{5}$', '$Z_{6}$')",3,0.7008013413813039,0.7021717365343028,0.00137039515299886,35,False,"$S \cap \{1,2\} = \emptyset$"
"('$X_1$', '$X_2$')",2,0.05673838387464928,0.704051135255294,0.6473127513806447,36,True,"$S \supseteq \{1,2\}$"
"('$X_1$', '$Z_{1}$')",2,0.7084555057220245,0.7048421404102061,-0.0036133653118184395,36,True,"$|S \cap \{1,2\}| = 1$"
"('$X_1$', '$Z_{2}$')",2,0.7075622432246419,0.7104944402331667,0.0029321970085247617,36,True,"$|S \cap \{1,2\}| = 1$"
"('$X_1$', '$Z_{3}$')",2,0.7096010496187307,0.7060447804580602,-0.0035562691606705332,36,True,"$|S \cap \{1,2\}| = 1$"
"('$X_1$', '$Z_{4}$')",2,0.7045598653209103,0.7038953664712276,-0.0006644988496826709,36,True,"$|S \cap \{1,2\}| = 1$"
"('$X_1$', '$Z_{5}$')",2,0.7086144913319452,0.7096150456067349,0.0010005542747897334,36,True,"$|S \cap \{1,2\}| = 1$"
"('$X_1$', '$Z_{6}$')",2,0.7098278868225927,0.7036489461578904,-0.006178940664702259,36,True,"$|S \cap \{1,2\}| = 1$"
"('$X_2$', '$Z_{1}$')",2,0.7131035564915533,0.7074896989982572,-0.005613857493296126,36,True,"$|S \cap \{1,2\}| = 1$"
"('$X_2$', '$Z_{2}$')",2,0.7051437342468743,0.7098517908444361,0.004708056597561794,36,True,"$|S \cap \{1,2\}| = 1$"
"('$X_2$', '$Z_{3}$')",2,0.7073431282174043,0.70865150308322,0.001308374865815698,36,True,"$|S \cap \{1,2\}| = 1$"
"('$X_2$', '$Z_{4}$')",2,0.7031486889208072,0.7076578904897417,0.004509201568934529,36,True,"$|S \cap \{1,2\}| = 1$"
"('$X_2$', '$Z_{5}$')",2,0.7052138149647634,0.7084812563321057,0.0032674413673422498,36,True,"$|S \cap \{1,2\}| = 1$"
"('$X_2$', '$Z_{6}$')",2,0.7060477158267504,0.7056057363167825,-0.000441979509967938,36,True,"$|S \cap \{1,2\}| = 1$"
"('$Z_{1}$', '$Z_{2}$')",2,0.7073708415092199,0.7086300879848341,0.0012592464756141508,36,False,"$S \cap \{1,2\} = \emptyset$"
"('$Z_{1}$', '$Z_{3}$')",2,0.7126228597185424,0.7063320818429362,-0.006290777875606279,36,False,"$S \cap \{1,2\} = \emptyset$"
"('$Z_{1}$', '$Z_{4}$')",2,0.7048558443577049,0.7117819307051101,0.006926086347405214,36,False,"$S \cap \{1,2\} = \emptyset$"
"('$Z_{1}$', '$Z_{5}$')",2,0.7027709131799903,0.7082555975325866,0.005484684352596303,36,False,"$S \cap \{1,2\} = \emptyset$"
"('$Z_{1}$', '$Z_{6}$')",2,0.7065291744664477,0.7136018839548437,0.007072709488396001,36,False,"$S \cap \{1,2\} = \emptyset$"
"('$Z_{2}$', '$Z_{3}$')",2,0.70899448656759,0.7093862781026167,0.0003917915350266643,36,False,"$S \cap \{1,2\} = \emptyset$"
"('$Z_{2}$', '$Z_{4}$')",2,0.7112406149133985,0.709756278424052,-0.0014843364893465383,36,False,"$S \cap \{1,2\} = \emptyset$"
"('$Z_{2}$', '$Z_{5}$')",2,0.7038957190078973,0.7085612935966228,0.0046655745887255184,36,False,"$S \cap \{1,2\} = \emptyset$"
"('$Z_{2}$', '$Z_{6}$')",2,0.7047888282016517,0.7022965831394185,-0.0024922450622332226,36,False,"$S \cap \{1,2\} = \emptyset$"
"('$Z_{3}$', '$Z_{4}$')",2,0.7100701376123195,0.7029744701786959,-0.007095667433623665,36,False,"$S \cap \{1,2\} = \emptyset$"
"('$Z_{3}$', '$Z_{5}$')",2,0.706683444581731,0.7108353935119888,0.004151948930257721,36,False,"$S \cap \{1,2\} = \emptyset$"
"('$Z_{3}$', '$Z_{6}$')",2,0.7091636727872935,0.7080176901911144,-0.0011459825961791514,36,False,"$S \cap \{1,2\} = \emptyset$"
"('$Z_{4}$', '$Z_{5}$')",2,0.6995040837901638,0.7143825393522504,0.014878455562086557,36,False,"$S \cap \{1,2\} = \emptyset$"
"('$Z_{4}$', '$Z_{6}$')",2,0.7021213389030547,0.7086965967834238,0.0065752578803690565,36,False,"$S \cap \{1,2\} = \emptyset$"
"('$Z_{5}$', '$Z_{6}$')",2,0.7066361380068372,0.7060579041614756,-0.0005782338453615976,36,False,"$S \cap \{1,2\} = \emptyset$"
"('$X_1$', '$X_2$', '$Z_{1}$')",3,0.18318607915840962,0.7035575402833834,0.5203714611249737,36,True,"$S \supseteq \{1,2\}$"
"('$X_1$', '$X_2$', '$Z_{2}$')",3,0.18923374288580244,0.7113440055024676,0.5221102626166652,36,True,"$S \supseteq \{1,2\}$"
"('$X_1$', '$X_2$', '$Z_{3}$')",3,0.18425374465936112,0.6991934330626809,0.5149396884033197,36,True,"$S \supseteq \{1,2\}$"
"('$X_1$', '$X_2$', '$Z_{4}$')",3,0.19207735219147629,0.7059093582640984,0.5138320060726221,36,True,"$S \supseteq \{1,2\}$"
"('$X_1$', '$X_2$', '$Z_{5}$')",3,0.19210826865736744,0.7014114005248682,0.5093031318675008,36,True,"$S \supseteq \{1,2\}$"
"('$X_1$', '$X_2$', '$Z_{6}$')",3,0.1842953216125792,0.7040883728605957,0.5197930512480164,36,True,"$S \supseteq \{1,2\}$"
"('$X_1$', '$Z_{1}$', '$Z_{2}$')",3,0.7044812671681515,0.7113788196420278,0.006897552473876245,36,True,"$|S \cap \{1,2\}| = 1$"
"('$X_1$', '$Z_{1}$', '$Z_{3}$')",3,0.7050349142807173,0.7004070843343202,-0.0046278299463970995,36,True,"$|S \cap \{1,2\}| = 1$"
"('$X_1$', '$Z_{1}$', '$Z_{4}$')",3,0.6986607504085502,0.7077579728778178,0.009097222469267585,36,True,"$|S \cap \{1,2\}| = 1$"
"('$X_1$', '$Z_{1}$', '$Z_{5}$')",3,0.6999039635608032,0.709186628029301,0.009282664468497792,36,True,"$|S \cap \{1,2\}| = 1$"
"('$X_1$', '$Z_{1}$', '$Z_{6}$')",3,0.7044489109017575,0.6977950902514304,-0.006653820650327158,36,True,"$|S \cap \{1,2\}| = 1$"
"('$X_1$', '$Z_{2}$', '$Z_{3}$')",3,0.7071234531243781,0.7046878014940694,-0.0024356516303086773,36,True,"$|S \cap \{1,2\}| = 1$"
"('$X_1$', '$Z_{2}$', '$Z_{4}$')",3,0.7033974386462235,0.6961513451412862,-0.007246093504937323,36,True,"$|S \cap \{1,2\}| = 1$"
"('$X_1$', '$Z_{2}$', '$Z_{5}$')",3,0.7067914036149013,0.706966664264735,0.00017526064983364176,36,True,"$|S \cap \{1,2\}| = 1$"
"('$X_1$', '$Z_{2}$', '$Z_{6}$')",3,0.704664378547461,0.7036899930308087,-0.0009743855166522986,36,True,"$|S \cap \{1,2\}| = 1$"
"('$X_1$', '$Z_{3}$', '$Z_{4}$')",3,0.7042371389396855,0.7038030632305526,-0.0004340757091328973,36,True,"$|S \cap \{1,2\}| = 1$"
"('$X_1$', '$Z_{3}$', '$Z_{5}$')",3,0.7022250049798263,0.695996840347616,-0.00622816463221032,36,True,"$|S \cap \{1,2\}| = 1$"
"('$X_1$', '$Z_{3}$', '$Z_{6}$')",3,0.7060965867608895,0.7024325190406618,-0.0036640677202276484,36,True,"$|S \cap \{1,2\}| = 1$"
"('$X_1$', '$Z_{4}$', '$Z_{5}$')",3,0.6986279632095228,0.7027013337751873,0.00407337056566448,36,True,"$|S \cap \{1,2\}| = 1$"
"('$X_1$', '$Z_{4}$', '$Z_{6}$')",3,0.6988296287249816,0.7130582588971041,0.014228630172122503,36,True,"$|S \cap \{1,2\}| = 1$"
"('$X_1$', '$Z_{5}$', '$Z_{6}$')",3,0.7041339767697211,0.6985778264997584,-0.005556150269962701,36,True,"$|S \cap \{1,2\}| = 1$"
"('$X_2$', '$Z_{1}$', '$Z_{2}$')",3,0.7066423402874545,0.7020823426892366,-0.004559997598217902,36,True,"$|S \cap \{1,2\}| = 1$"
"('$X_2$', '$Z_{1}$', '$Z_{3}$')",3,0.7045767235106613,0.7016594455187244,-0.002917277991936862,36,True,"$|S \cap \{1,2\}| = 1$"
"('$X_2$', '$Z_{1}$', '$Z_{4}$')",3,0.6972056733756173,0.6998513942919005,0.002645720916283123,36,True,"$|S \cap \{1,2\}| = 1$"
"('$X_2$', '$Z_{1}$', '$Z_{5}$')",3,0.7005061519566941,0.7057744519542549,0.0052682999975608436,36,True,"$|S \cap \{1,2\}| = 1$"
"('$X_2$', '$Z_{1}$', '$Z_{6}$')",3,0.7023038328800425,0.7010803055556368,-0.001223527324405671,36,True,"$|S \cap \{1,2\}| = 1$"
"('$X_2$', '$Z_{2}$', '$Z_{3}$')",3,0.7031870724619305,0.7036432761029042,0.0004562036409737624,36,True,"$|S \cap \{1,2\}| = 1$"
"('$X_2$', '$Z_{2}$', '$Z_{4}$')",3,0.6998566943339135,0.7028391120212368,0.0029824176873233244,36,True,"$|S \cap \{1,2\}| = 1$"
"('$X_2$', '$Z_{2}$', '$Z_{5}$')",3,0.7024719463472542,0.7033714802768324,0.0008995339295782001,36,True,"$|S \cap \{1,2\}| = 1$"
"('$X_2$', '$Z_{2}$', '$Z_{6}$')",3,0.700698816818779,0.7023361901955063,0.0016373733767273135,36,True,"$|S \cap \{1,2\}| = 1$"
"('$X_2$', '$Z_{3}$', '$Z_{4}$')",3,0.7018009153080527,0.7084662790806128,0.006665363772560107,36,True,"$|S \cap \{1,2\}| = 1$"
"('$X_2$', '$Z_{3}$', '$Z_{5}$')",3,0.702250281707499,0.7048033074728738,0.00255302576537475,36,True,"$|S \cap \{1,2\}| = 1$"
"('$X_2$', '$Z_{3}$', '$Z_{6}$')",3,0.7018227435899564,0.7036856256858125,0.0018628820958560555,36,True,"$|S \cap \{1,2\}| = 1$"
"('$X_2$', '$Z_{4}$', '$Z_{5}$')",3,0.6971079222280023,0.7025294889768631,0.00542156674886074,36,True,"$|S \cap \{1,2\}| = 1$"
"('$X_2$', '$Z_{4}$', '$Z_{6}$')",3,0.6994436115829574,0.7067493906280939,0.007305779045136518,36,True,"$|S \cap \{1,2\}| = 1$"
"('$X_2$', '$Z_{5}$', '$Z_{6}$')",3,0.7018176198448359,0.7038000063338988,0.001982386489062904,36,True,"$|S \cap \{1,2\}| = 1$"
"('$Z_{1}$', '$Z_{2}$', '$Z_{3}$')",3,0.7060445776340021,0.7076398522904068,0.0015952746564047438,36,False,"$S \cap \{1,2\} = \emptyset$"
"('$Z_{1}$', '$Z_{2}$', '$Z_{4}$')",3,0.6997332085531116,0.6989920207864111,-0.0007411877667005129,36,False,"$S \cap \{1,2\} = \emptyset$"
"('$Z_{1}$', '$Z_{2}$', '$Z_{5}$')",3,0.699708371234096,0.7079140812218131,0.00820570998771708,36,False,"$S \cap \{1,2\} = \emptyset$"
"('$Z_{1}$', '$Z_{2}$', '$Z_{6}$')",3,0.7016385844152421,0.7047582132722762,0.0031196288570340958,36,False,"$S \cap \{1,2\} = \emptyset$"
"('$Z_{1}$', '$Z_{3}$', '$Z_{4}$')",3,0.701367237980075,0.7068595150124465,0.005492277032371429,36,False,"$S \cap \{1,2\} = \emptyset$"
"('$Z_{1}$', '$Z_{3}$', '$Z_{5}$')",3,0.7007263943132545,0.7007480821265533,2.1687813298809644e-05,36,False,"$S \cap \{1,2\} = \emptyset$"
"('$Z_{1}$', '$Z_{3}$', '$Z_{6}$')",3,0.7040390667263204,0.7029701201137096,-0.0010689466126108105,36,False,"$S \cap \{1,2\} = \emptyset$"
"('$Z_{1}$', '$Z_{4}$', '$Z_{5}$')",3,0.6973533196678081,0.7061911719525653,0.008837852284757197,36,False,"$S \cap \{1,2\} = \emptyset$"
"('$Z_{1}$', '$Z_{4}$', '$Z_{6}$')",3,0.6965401982830428,0.6946878212868077,-0.0018523769962350833,36,False,"$S \cap \{1,2\} = \emptyset$"
"('$Z_{1}$', '$Z_{5}$', '$Z_{6}$')",3,0.6988836628705981,0.699124000753363,0.0002403378827648961,36,False,"$S \cap \{1,2\} = \emptyset$"
"('$Z_{2}$', '$Z_{3}$', '$Z_{4}$')",3,0.7047997220436047,0.7051442005377555,0.00034447849415075726,36,False,"$S \cap \{1,2\} = \emptyset$"
"('$Z_{2}$', '$Z_{3}$', '$Z_{5}$')",3,0.7050552009805251,0.6967261004082277,-0.00832910057229741,36,False,"$S \cap \{1,2\} = \emptyset$"
"('$Z_{2}$', '$Z_{3}$', '$Z_{6}$')",3,0.7018232800076334,0.7023884867317609,0.0005652067241275205,36,False,"$S \cap \{1,2\} = \emptyset$"
"('$Z_{2}$', '$Z_{4}$', '$Z_{5}$')",3,0.6999611465668136,0.7059710901591352,0.006009943592321543,36,False,"$S \cap \{1,2\} = \emptyset$"
"('$Z_{2}$', '$Z_{4}$', '$Z_{6}$')",3,0.6999754615388376,0.704658672456867,0.004683210918029368,36,False,"$S \cap \{1,2\} = \emptyset$"
"('$Z_{2}$', '$Z_{5}$', '$Z_{6}$')",3,0.7025191558910747,0.7023761987795306,-0.0001429571115441064,36,False,"$S \cap \{1,2\} = \emptyset$"
"('$Z_{3}$', '$Z_{4}$', '$Z_{5}$')",3,0.6994604733915502,0.7049901638552069,0.0055296904636567,36,False,"$S \cap \{1,2\} = \emptyset$"
"('$Z_{3}$', '$Z_{4}$', '$Z_{6}$')",3,0.7021552636368799,0.7025456493298202,0.00039038569294036485,36,False,"$S \cap \{1,2\} = \emptyset$"
"('$Z_{3}$', '$Z_{5}$', '$Z_{6}$')",3,0.7016702572518111,0.6990607905292525,-0.0026094667225585733,36,False,"$S \cap \{1,2\} = \emptyset$"
"('$Z_{4}$', '$Z_{5}$', '$Z_{6}$')",3,0.7003484038406949,0.7052654940393152,0.0049170901986203,36,False,"$S \cap \{1,2\} = \emptyset$"
"('$X_1$', '$X_2$')",2,0.0497317843731543,0.7117510545063215,0.6620192701331672,37,True,"$S \supseteq \{1,2\}$"
"('$X_1$', '$Z_{1}$')",2,0.7021728324898506,0.7075966090919055,0.005423776602054842,37,True,"$|S \cap \{1,2\}| = 1$"
"('$X_1$', '$Z_{2}$')",2,0.7075948381237092,0.7098544932805378,0.0022596551568286882,37,True,"$|S \cap \{1,2\}| = 1$"
"('$X_1$', '$Z_{3}$')",2,0.7054652392455155,0.7088160902381628,0.003350850992647314,37,True,"$|S \cap \{1,2\}| = 1$"
"('$X_1$', '$Z_{4}$')",2,0.7068260021684423,0.7033549956025607,-0.003471006565881618,37,True,"$|S \cap \{1,2\}| = 1$"
"('$X_1$', '$Z_{5}$')",2,0.7053053663358275,0.6979995887600217,-0.007305777575805861,37,True,"$|S \cap \{1,2\}| = 1$"
"('$X_1$', '$Z_{6}$')",2,0.7056058617012532,0.7065334527630769,0.0009275910618237182,37,True,"$|S \cap \{1,2\}| = 1$"
"('$X_2$', '$Z_{1}$')",2,0.7046973189235808,0.7047483436204146,5.102469683382349e-05,37,True,"$|S \cap \{1,2\}| = 1$"
"('$X_2$', '$Z_{2}$')",2,0.707855804624872,0.7088599343244364,0.0010041296995644267,37,True,"$|S \cap \{1,2\}| = 1$"
"('$X_2$', '$Z_{3}$')",2,0.70585542878664,0.711812826244553,0.005957397457913016,37,True,"$|S \cap \{1,2\}| = 1$"
"('$X_2$', '$Z_{4}$')",2,0.7082274400715373,0.705260070991118,-0.00296736908041928,37,True,"$|S \cap \{1,2\}| = 1$"
"('$X_2$', '$Z_{5}$')",2,0.7078186219780463,0.7037627879113256,-0.0040558340667207204,37,True,"$|S \cap \{1,2\}| = 1$"
"('$X_2$', '$Z_{6}$')",2,0.7025992588996828,0.7077408746896008,0.005141615789918008,37,True,"$|S \cap \{1,2\}| = 1$"
"('$Z_{1}$', '$Z_{2}$')",2,0.7054609541509196,0.7023041400963504,-0.0031568140545691348,37,False,"$S \cap \{1,2\} = \emptyset$"
"('$Z_{1}$', '$Z_{3}$')",2,0.7043780539648189,0.7145961793750912,0.010218125410272338,37,False,"$S \cap \{1,2\} = \emptyset$"
"('$Z_{1}$', '$Z_{4}$')",2,0.6995673673612125,0.7101952131925579,0.01062784583134535,37,False,"$S \cap \{1,2\} = \emptyset$"
"('$Z_{1}$', '$Z_{5}$')",2,0.706155948869078,0.7087546941167245,0.0025987452476465833,37,False,"$S \cap \{1,2\} = \emptyset$"
"('$Z_{1}$', '$Z_{6}$')",2,0.7064985264568935,0.7086125002031836,0.0021139737462900765,37,False,"$S \cap \{1,2\} = \emptyset$"
"('$Z_{2}$', '$Z_{3}$')",2,0.7041833034320056,0.6980827934116559,-0.006100510020349725,37,False,"$S \cap \{1,2\} = \emptyset$"
"('$Z_{2}$', '$Z_{4}$')",2,0.7084804675171135,0.7023361593746934,-0.006144308142420063,37,False,"$S \cap \{1,2\} = \emptyset$"
"('$Z_{2}$', '$Z_{5}$')",2,0.7139680331936072,0.7139846550468962,1.6621853288989463e-05,37,False,"$S \cap \{1,2\} = \emptyset$"
"('$Z_{2}$', '$Z_{6}$')",2,0.7075293919330283,0.711296933990803,0.003767542057774631,37,False,"$S \cap \{1,2\} = \emptyset$"
"('$Z_{3}$', '$Z_{4}$')",2,0.707099717725889,0.7078934520680593,0.000793734342170338,37,False,"$S \cap \{1,2\} = \emptyset$"
"('$Z_{3}$', '$Z_{5}$')",2,0.7058327326255142,0.7058571464970261,2.4413871511974605e-05,37,False,"$S \cap \{1,2\} = \emptyset$"
"('$Z_{3}$', '$Z_{6}$')",2,0.7053758541761885,0.709922222564002,0.004546368387813415,37,False,"$S \cap \{1,2\} = \emptyset$"
"('$Z_{4}$', '$Z_{5}$')",2,0.709420101571595,0.7096651764701606,0.0002450748985656226,37,False,"$S \cap \{1,2\} = \emptyset$"
"('$Z_{4}$', '$Z_{6}$')",2,0.706650310077144,0.7117667798132754,0.005116469736131446,37,False,"$S \cap \{1,2\} = \emptyset$"
"('$Z_{5}$', '$Z_{6}$')",2,0.7035120948727652,0.7078231647018777,0.004311069829112446,37,False,"$S \cap \{1,2\} = \emptyset$"
"('$X_1$', '$X_2$', '$Z_{1}$')",3,0.17742465191531323,0.7027688508596003,0.5253441989442871,37,True,"$S \supseteq \{1,2\}$"
"('$X_1$', '$X_2$', '$Z_{2}$')",3,0.16520180513751861,0.7076480195035413,0.5424462143660227,37,True,"$S \supseteq \{1,2\}$"
"('$X_1$', '$X_2$', '$Z_{3}$')",3,0.16738500740722018,0.6959490224246757,0.5285640150174555,37,True,"$S \supseteq \{1,2\}$"
"('$X_1$', '$X_2$', '$Z_{4}$')",3,0.16394666685587683,0.7002593147743416,0.5363126479184648,37,True,"$S \supseteq \{1,2\}$"
"('$X_1$', '$X_2$', '$Z_{5}$')",3,0.17003162546484601,0.7011922026837856,0.5311605772189396,37,True,"$S \supseteq \{1,2\}$"
"('$X_1$', '$X_2$', '$Z_{6}$')",3,0.1709028422096989,0.7064356637506545,0.5355328215409556,37,True,"$S \supseteq \{1,2\}$"
"('$X_1$', '$Z_{1}$', '$Z_{2}$')",3,0.702221541252737,0.7161788883144149,0.01395734706167795,37,True,"$|S \cap \{1,2\}| = 1$"
"('$X_1$', '$Z_{1}$', '$Z_{3}$')",3,0.701316547488235,0.7035939263238753,0.0022773788356402758,37,True,"$|S \cap \{1,2\}| = 1$"
"('$X_1$', '$Z_{1}$', '$Z_{4}$')",3,0.6974218535146154,0.7054403015665272,0.008018448051911764,37,True,"$|S \cap \{1,2\}| = 1$"
"('$X_1$', '$Z_{1}$', '$Z_{5}$')",3,0.7021525222626747,0.7018631077723556,-0.000289414490319051,37,True,"$|S \cap \{1,2\}| = 1$"
"('$X_1$', '$Z_{1}$', '$Z_{6}$')",3,0.7002299390320778,0.7086097184171777,0.008379779385099928,37,True,"$|S \cap \{1,2\}| = 1$"
"('$X_1$', '$Z_{2}$', '$Z_{3}$')",3,0.7023351267793274,0.7050645269144235,0.0027294001350960384,37,True,"$|S \cap \{1,2\}| = 1$"
"('$X_1$', '$Z_{2}$', '$Z_{4}$')",3,0.7047326706128754,0.7030664886249111,-0.0016661819879643103,37,True,"$|S \cap \{1,2\}| = 1$"
"('$X_1$', '$Z_{2}$', '$Z_{5}$')",3,0.7055401782742617,0.7075284231359877,0.0019882448617259962,37,True,"$|S \cap \{1,2\}| = 1$"
"('$X_1$', '$Z_{2}$', '$Z_{6}$')",3,0.7030616687051473,0.7019431342383605,-0.0011185344667867803,37,True,"$|S \cap \{1,2\}| = 1$"
"('$X_1$', '$Z_{3}$', '$Z_{4}$')",3,0.7044976253112428,0.7033950743972884,-0.001102550913954392,37,True,"$|S \cap \{1,2\}| = 1$"
"('$X_1$', '$Z_{3}$', '$Z_{5}$')",3,0.7029663095001804,0.7054524935324965,0.002486184032316152,37,True,"$|S \cap \{1,2\}| = 1$"
"('$X_1$', '$Z_{3}$', '$Z_{6}$')",3,0.7013868337228074,0.7001342198987566,-0.001252613824050841,37,True,"$|S \cap \{1,2\}| = 1$"
"('$X_1$', '$Z_{4}$', '$Z_{5}$')",3,0.7037578023260739,0.6993545248736566,-0.004403277452417309,37,True,"$|S \cap \{1,2\}| = 1$"
"('$X_1$', '$Z_{4}$', '$Z_{6}$')",3,0.7007136891061382,0.7015036583070968,0.0007899692009586401,37,True,"$|S \cap \{1,2\}| = 1$"
"('$X_1$', '$Z_{5}$', '$Z_{6}$')",3,0.7026400766479478,0.7055605627401182,0.002920486092170438,37,True,"$|S \cap \{1,2\}| = 1$"
"('$X_2$', '$Z_{1}$', '$Z_{2}$')",3,0.7021913335963293,0.7064226046340097,0.004231271037680395,37,True,"$|S \cap \{1,2\}| = 1$"
"('$X_2$', '$Z_{1}$', '$Z_{3}$')",3,0.7003061799764514,0.7036113031645068,0.0033051231880554255,37,True,"$|S \cap \{1,2\}| = 1$"
"('$X_2$', '$Z_{1}$', '$Z_{4}$')",3,0.7003405737416766,0.7033694238677499,0.003028850126073346,37,True,"$|S \cap \{1,2\}| = 1$"
"('$X_2$', '$Z_{1}$', '$Z_{5}$')",3,0.7034828969469706,0.7059206628233164,0.00243776587634581,37,True,"$|S \cap \{1,2\}| = 1$"
"('$X_2$', '$Z_{1}$', '$Z_{6}$')",3,0.6999413758970537,0.7030252910924958,0.003083915195442044,37,True,"$|S \cap \{1,2\}| = 1$"
"('$X_2$', '$Z_{2}$', '$Z_{3}$')",3,0.7014037321973215,0.6997747764349465,-0.001628955762375095,37,True,"$|S \cap \{1,2\}| = 1$"
"('$X_2$', '$Z_{2}$', '$Z_{4}$')",3,0.7042473500441886,0.7053919259871488,0.0011445759429602465,37,True,"$|S \cap \{1,2\}| = 1$"
"('$X_2$', '$Z_{2}$', '$Z_{5}$')",3,0.7047151290745266,0.7046424703926036,-7.265868192296576e-05,37,True,"$|S \cap \{1,2\}| = 1$"
"('$X_2$', '$Z_{2}$', '$Z_{6}$')",3,0.6984326497512352,0.7058656987201226,0.007433048968887412,37,True,"$|S \cap \{1,2\}| = 1$"
"('$X_2$', '$Z_{3}$', '$Z_{4}$')",3,0.703212208643176,0.7067688959945219,0.003556687351345844,37,True,"$|S \cap \{1,2\}| = 1$"
"('$X_2$', '$Z_{3}$', '$Z_{5}$')",3,0.7029053439942865,0.7025430093038513,-0.0003623346904352287,37,True,"$|S \cap \{1,2\}| = 1$"
"('$X_2$', '$Z_{3}$', '$Z_{6}$')",3,0.7013363467001288,0.704071805541783,0.002735458841654159,37,True,"$|S \cap \{1,2\}| = 1$"
"('$X_2$', '$Z_{4}$', '$Z_{5}$')",3,0.7031540467793,0.6982035968580924,-0.004950449921207634,37,True,"$|S \cap \{1,2\}| = 1$"
"('$X_2$', '$Z_{4}$', '$Z_{6}$')",3,0.6981537417665856,0.7005656960303495,0.002411954263763838,37,True,"$|S \cap \{1,2\}| = 1$"
"('$X_2$', '$Z_{5}$', '$Z_{6}$')",3,0.7038246200068188,0.698569522403613,-0.0052550976032057495,37,True,"$|S \cap \{1,2\}| = 1$"
"('$Z_{1}$', '$Z_{2}$', '$Z_{3}$')",3,0.7008840280039901,0.7093676099955916,0.008483581991601485,37,False,"$S \cap \{1,2\} = \emptyset$"
"('$Z_{1}$', '$Z_{2}$', '$Z_{4}$')",3,0.7017242664182195,0.706366375669984,0.004642109251764448,37,False,"$S \cap \{1,2\} = \emptyset$"
"('$Z_{1}$', '$Z_{2}$', '$Z_{5}$')",3,0.7046346676413274,0.7050481070133112,0.00041343937198379255,37,False,"$S \cap \{1,2\} = \emptyset$"
"('$Z_{1}$', '$Z_{2}$', '$Z_{6}$')",3,0.7028173089071926,0.7017657179396868,-0.0010515909675058444,37,False,"$S \cap \{1,2\} = \emptyset$"
"('$Z_{1}$', '$Z_{3}$', '$Z_{4}$')",3,0.7014915999874028,0.6975085506818132,-0.003983049305589681,37,False,"$S \cap \{1,2\} = \emptyset$"
"('$Z_{1}$', '$Z_{3}$', '$Z_{5}$')",3,0.7043914445102403,0.7055933660456487,0.0012019215354084345,37,False,"$S \cap \{1,2\} = \emptyset$"
"('$Z_{1}$', '$Z_{3}$', '$Z_{6}$')",3,0.702307490039058,0.7054484847078888,0.0031409946688307766,37,False,"$S \cap \{1,2\} = \emptyset$"
"('$Z_{1}$', '$Z_{4}$', '$Z_{5}$')",3,0.7024775790317774,0.6977903518929731,-0.004687227138804317,37,False,"$S \cap \{1,2\} = \emptyset$"
"('$Z_{1}$', '$Z_{4}$', '$Z_{6}$')",3,0.6984342137357792,0.7093805464143613,0.010946332678582138,37,False,"$S \cap \{1,2\} = \emptyset$"
"('$Z_{1}$', '$Z_{5}$', '$Z_{6}$')",3,0.7041840385126562,0.7030221254886165,-0.0011619130240396736,37,False,"$S \cap \{1,2\} = \emptyset$"
"('$Z_{2}$', '$Z_{3}$', '$Z_{4}$')",3,0.7012311896552336,0.702663464143943,0.0014322744887094174,37,False,"$S \cap \{1,2\} = \emptyset$"
"('$Z_{2}$', '$Z_{3}$', '$Z_{5}$')",3,0.7065106361937746,0.6969206472696517,-0.009589988924122883,37,False,"$S \cap \{1,2\} = \emptyset$"
"('$Z_{2}$', '$Z_{3}$', '$Z_{6}$')",3,0.7016472381108583,0.7083184458555966,0.006671207744738283,37,False,"$S \cap \{1,2\} = \emptyset$"
"('$Z_{2}$', '$Z_{4}$', '$Z_{5}$')",3,0.7082259090767912,0.7010732508673426,-0.007152658209448548,37,False,"$S \cap \{1,2\} = \emptyset$"
"('$Z_{2}$', '$Z_{4}$', '$Z_{6}$')",3,0.703739928430363,0.7035648096427519,-0.0001751187876111171,37,False,"$S \cap \{1,2\} = \emptyset$"
"('$Z_{2}$', '$Z_{5}$', '$Z_{6}$')",3,0.7034074025218049,0.6984001356113643,-0.005007266910440622,37,False,"$S \cap \{1,2\} = \emptyset$"
"('$Z_{3}$', '$Z_{4}$', '$Z_{5}$')",3,0.7070115881658803,0.7030528533557339,-0.003958734810146414,37,False,"$S \cap \{1,2\} = \emptyset$"
"('$Z_{3}$', '$Z_{4}$', '$Z_{6}$')",3,0.7041220794495007,0.7045587962469366,0.00043671679743595426,37,False,"$S \cap \{1,2\} = \emptyset$"
"('$Z_{3}$', '$Z_{5}$', '$Z_{6}$')",3,0.6989744172348125,0.706155607159647,0.007181189924834519,37,False,"$S \cap \{1,2\} = \emptyset$"
"('$Z_{4}$', '$Z_{5}$', '$Z_{6}$')",3,0.7013693299786219,0.703832436103903,0.0024631061252811115,37,False,"$S \cap \{1,2\} = \emptyset$"
"('$X_1$', '$X_2$')",2,0.05756636252300567,0.7041370265835218,0.6465706640605162,38,True,"$S \supseteq \{1,2\}$"
"('$X_1$', '$Z_{1}$')",2,0.7128938842450332,0.7078163700516784,-0.005077514193354782,38,True,"$|S \cap \{1,2\}| = 1$"
"('$X_1$', '$Z_{2}$')",2,0.7072487160958557,0.7055197527942808,-0.001728963301574904,38,True,"$|S \cap \{1,2\}| = 1$"
"('$X_1$', '$Z_{3}$')",2,0.6983635719224578,0.7054141910894347,0.0070506191669769125,38,True,"$|S \cap \{1,2\}| = 1$"
"('$X_1$', '$Z_{4}$')",2,0.7074467137987395,0.7065095199545957,-0.0009371938441438132,38,True,"$|S \cap \{1,2\}| = 1$"
"('$X_1$', '$Z_{5}$')",2,0.7032742972512146,0.7018676918956903,-0.001406605355524282,38,True,"$|S \cap \{1,2\}| = 1$"
"('$X_1$', '$Z_{6}$')",2,0.7052259592844287,0.7082365328513531,0.003010573566924468,38,True,"$|S \cap \{1,2\}| = 1$"
"('$X_2$', '$Z_{1}$')",2,0.7133218875501236,0.7056302252696226,-0.007691662280500999,38,True,"$|S \cap \{1,2\}| = 1$"
"('$X_2$', '$Z_{2}$')",2,0.7008376322096392,0.7073772804912055,0.006539648281566279,38,True,"$|S \cap \{1,2\}| = 1$"
"('$X_2$', '$Z_{3}$')",2,0.7106124011994166,0.7054402675763396,-0.005172133623077002,38,True,"$|S \cap \{1,2\}| = 1$"
"('$X_2$', '$Z_{4}$')",2,0.7087383618752993,0.702302267732968,-0.006436094142331261,38,True,"$|S \cap \{1,2\}| = 1$"
"('$X_2$', '$Z_{5}$')",2,0.7039057174939785,0.7079163638965806,0.00401064640260218,38,True,"$|S \cap \{1,2\}| = 1$"
"('$X_2$', '$Z_{6}$')",2,0.7042342829192751,0.7076973733191416,0.0034630903998664753,38,True,"$|S \cap \{1,2\}| = 1$"
"('$Z_{1}$', '$Z_{2}$')",2,0.7075158369918797,0.7053299346657019,-0.002185902326177769,38,False,"$S \cap \{1,2\} = \emptyset$"
"('$Z_{1}$', '$Z_{3}$')",2,0.707565889137474,0.714185607999571,0.0066197188620970016,38,False,"$S \cap \{1,2\} = \emptyset$"
"('$Z_{1}$', '$Z_{4}$')",2,0.70681642982661,0.7066844751969956,-0.00013195462961435034,38,False,"$S \cap \{1,2\} = \emptyset$"
"('$Z_{1}$', '$Z_{5}$')",2,0.7100959344087083,0.7038346489635326,-0.006261285445175679,38,False,"$S \cap \{1,2\} = \emptyset$"
"('$Z_{1}$', '$Z_{6}$')",2,0.7088706522771923,0.7095444051977529,0.0006737529205605997,38,False,"$S \cap \{1,2\} = \emptyset$"
"('$Z_{2}$', '$Z_{3}$')",2,0.7048418915663166,0.7071112610600555,0.002269369493738904,38,False,"$S \cap \{1,2\} = \emptyset$"
"('$Z_{2}$', '$Z_{4}$')",2,0.7102751575535422,0.7090056856183621,-0.001269471935180122,38,False,"$S \cap \{1,2\} = \emptyset$"
"('$Z_{2}$', '$Z_{5}$')",2,0.7013263256166543,0.7029860737612851,0.0016597481446307683,38,False,"$S \cap \{1,2\} = \emptyset$"
"('$Z_{2}$', '$Z_{6}$')",2,0.7033567515250033,0.7072625037129617,0.003905752187958411,38,False,"$S \cap \{1,2\} = \emptyset$"
"('$Z_{3}$', '$Z_{4}$')",2,0.700627697758826,0.706226075972137,0.005598378213310995,38,False,"$S \cap \{1,2\} = \emptyset$"
"('$Z_{3}$', '$Z_{5}$')",2,0.6954925358041644,0.7034207273349932,0.007928191530828799,38,False,"$S \cap \{1,2\} = \emptyset$"
"('$Z_{3}$', '$Z_{6}$')",2,0.7006026526832015,0.7126496425241017,0.012046989840900135,38,False,"$S \cap \{1,2\} = \emptyset$"
"('$Z_{4}$', '$Z_{5}$')",2,0.7082854660013186,0.7038923985585162,-0.004393067442802434,38,False,"$S \cap \{1,2\} = \emptyset$"
"('$Z_{4}$', '$Z_{6}$')",2,0.7056530812967091,0.70161328445022,-0.004039796846489141,38,False,"$S \cap \{1,2\} = \emptyset$"
"('$Z_{5}$', '$Z_{6}$')",2,0.7025101400029274,0.7082273690732567,0.005717229070329233,38,False,"$S \cap \{1,2\} = \emptyset$"
"('$X_1$', '$X_2$', '$Z_{1}$')",3,0.19298325329961563,0.7035777221132908,0.5105944688136752,38,True,"$S \supseteq \{1,2\}$"
"('$X_1$', '$X_2$', '$Z_{2}$')",3,0.18841034544944463,0.7010732697302581,0.5126629242808134,38,True,"$S \supseteq \{1,2\}$"
"('$X_1$', '$X_2$', '$Z_{3}$')",3,0.18381355568725838,0.7051987211627415,0.5213851654754831,38,True,"$S \supseteq \{1,2\}$"
"('$X_1$', '$X_2$', '$Z_{4}$')",3,0.19179934812558724,0.7095559821005967,0.5177566339750095,38,True,"$S \supseteq \{1,2\}$"
"('$X_1$', '$X_2$', '$Z_{5}$')",3,0.19145426769703586,0.7022444483984635,0.5107901807014276,38,True,"$S \supseteq \{1,2\}$"
"('$X_1$', '$X_2$', '$Z_{6}$')",3,0.18771542760396387,0.7039358947271787,0.5162204671232148,38,True,"$S \supseteq \{1,2\}$"
"('$X_1$', '$Z_{1}$', '$Z_{2}$')",3,0.706962099948465,0.7053496743779306,-0.001612425570534426,38,True,"$|S \cap \{1,2\}| = 1$"
"('$X_1$', '$Z_{1}$', '$Z_{3}$')",3,0.7009355347494804,0.7033031508534602,0.0023676161039797305,38,True,"$|S \cap \{1,2\}| = 1$"
"('$X_1$', '$Z_{1}$', '$Z_{4}$')",3,0.7073331249876083,0.7028652434310647,-0.00446788155654354,38,True,"$|S \cap \{1,2\}| = 1$"
"('$X_1$', '$Z_{1}$', '$Z_{5}$')",3,0.7035540212268668,0.7028615842310064,-0.0006924369958604126,38,True,"$|S \cap \{1,2\}| = 1$"
"('$X_1$', '$Z_{1}$', '$Z_{6}$')",3,0.7076506517105945,0.7051416375016548,-0.002509014208939675,38,True,"$|S \cap \{1,2\}| = 1$"
"('$X_1$', '$Z_{2}$', '$Z_{3}$')",3,0.69979055690418,0.7054266786337585,0.005636121729578503,38,True,"$|S \cap \{1,2\}| = 1$"
"('$X_1$', '$Z_{2}$', '$Z_{4}$')",3,0.7067184123416324,0.6995492619889765,-0.007169150352655862,38,True,"$|S \cap \{1,2\}| = 1$"
"('$X_1$', '$Z_{2}$', '$Z_{5}$')",3,0.7009728971279731,0.703884424774514,0.0029115276465409012,38,True,"$|S \cap \{1,2\}| = 1$"
"('$X_1$', '$Z_{2}$', '$Z_{6}$')",3,0.7049248497861794,0.7034384836263223,-0.0014863661598570888,38,True,"$|S \cap \{1,2\}| = 1$"
"('$X_1$', '$Z_{3}$', '$Z_{4}$')",3,0.6968030631313149,0.6984395777377794,0.001636514606464523,38,True,"$|S \cap \{1,2\}| = 1$"
"('$X_1$', '$Z_{3}$', '$Z_{5}$')",3,0.6937979910374327,0.7037551100269468,0.009957118989514124,38,True,"$|S \cap \{1,2\}| = 1$"
"('$X_1$', '$Z_{3}$', '$Z_{6}$')",3,0.697915288609319,0.7068717348416091,0.008956446232290194,38,True,"$|S \cap \{1,2\}| = 1$"
"('$X_1$', '$Z_{4}$', '$Z_{5}$')",3,0.6995314671293611,0.7031634039463934,0.003631936817032333,38,True,"$|S \cap \{1,2\}| = 1$"
"('$X_1$', '$Z_{4}$', '$Z_{6}$')",3,0.7012800741439075,0.7090547355208542,0.007774661376946712,38,True,"$|S \cap \{1,2\}| = 1$"
"('$X_1$', '$Z_{5}$', '$Z_{6}$')",3,0.7009200409329432,0.7011420584306911,0.00022201749774786173,38,True,"$|S \cap \{1,2\}| = 1$"
"('$X_2$', '$Z_{1}$', '$Z_{2}$')",3,0.7037942256316967,0.7062982463916924,0.002504020759995673,38,True,"$|S \cap \{1,2\}| = 1$"
"('$X_2$', '$Z_{1}$', '$Z_{3}$')",3,0.7072950383196108,0.7076543318685533,0.00035929354894248533,38,True,"$|S \cap \{1,2\}| = 1$"
"('$X_2$', '$Z_{1}$', '$Z_{4}$')",3,0.7065887079977385,0.7100708863673572,0.003482178369618616,38,True,"$|S \cap \{1,2\}| = 1$"
"('$X_2$', '$Z_{1}$', '$Z_{5}$')",3,0.7055098719933943,0.7062012548321288,0.0006913828387344889,38,True,"$|S \cap \{1,2\}| = 1$"
"('$X_2$', '$Z_{1}$', '$Z_{6}$')",3,0.7118237900178855,0.7060178487555545,-0.005805941262331027,38,True,"$|S \cap \{1,2\}| = 1$"
"('$X_2$', '$Z_{2}$', '$Z_{3}$')",3,0.7025282822452692,0.7061477481630091,0.0036194659177398725,38,True,"$|S \cap \{1,2\}| = 1$"
"('$X_2$', '$Z_{2}$', '$Z_{4}$')",3,0.7020457107738984,0.7015051867525322,-0.0005405240213662843,38,True,"$|S \cap \{1,2\}| = 1$"
"('$X_2$', '$Z_{2}$', '$Z_{5}$')",3,0.6975969753760644,0.6994088375537914,0.0018118621777269972,38,True,"$|S \cap \{1,2\}| = 1$"
"('$X_2$', '$Z_{2}$', '$Z_{6}$')",3,0.7014404574410094,0.7016153639476093,0.00017490650659990337,38,True,"$|S \cap \{1,2\}| = 1$"
"('$X_2$', '$Z_{3}$', '$Z_{4}$')",3,0.7035580237557971,0.7032312590112915,-0.00032676474450565873,38,True,"$|S \cap \{1,2\}| = 1$"
"('$X_2$', '$Z_{3}$', '$Z_{5}$')",3,0.700158674623752,0.7050671244872065,0.0049084498634545115,38,True,"$|S \cap \{1,2\}| = 1$"
"('$X_2$', '$Z_{3}$', '$Z_{6}$')",3,0.7014370812304874,0.7062284497836797,0.004791368553192288,38,True,"$|S \cap \{1,2\}| = 1$"
"('$X_2$', '$Z_{4}$', '$Z_{5}$')",3,0.7005885939467971,0.7100038577023686,0.009415263755571557,38,True,"$|S \cap \{1,2\}| = 1$"
"('$X_2$', '$Z_{4}$', '$Z_{6}$')",3,0.7015183001443986,0.6973861908780371,-0.004132109266361539,38,True,"$|S \cap \{1,2\}| = 1$"
"('$X_2$', '$Z_{5}$', '$Z_{6}$')",3,0.6997828984409794,0.7100082096056551,0.010225311164675732,38,True,"$|S \cap \{1,2\}| = 1$"
"('$Z_{1}$', '$Z_{2}$', '$Z_{3}$')",3,0.7011505283416309,0.7048388206532238,0.0036882923115928445,38,False,"$S \cap \{1,2\} = \emptyset$"
"('$Z_{1}$', '$Z_{2}$', '$Z_{4}$')",3,0.7038187490026587,0.6963398965743889,-0.007478852428269844,38,False,"$S \cap \{1,2\} = \emptyset$"
"('$Z_{1}$', '$Z_{2}$', '$Z_{5}$')",3,0.7040423004192206,0.7083214275431003,0.004279127123879789,38,False,"$S \cap \{1,2\} = \emptyset$"
"('$Z_{1}$', '$Z_{2}$', '$Z_{6}$')",3,0.7037851291019777,0.6992029094102307,-0.0045822196917469915,38,False,"$S \cap \{1,2\} = \emptyset$"
"('$Z_{1}$', '$Z_{3}$', '$Z_{4}$')",3,0.7005302744919939,0.7012580146645696,0.0007277401725757082,38,False,"$S \cap \{1,2\} = \emptyset$"
"('$Z_{1}$', '$Z_{3}$', '$Z_{5}$')",3,0.6993012583862166,0.7103484694604533,0.011047211074236674,38,False,"$S \cap \{1,2\} = \emptyset$"
"('$Z_{1}$', '$Z_{3}$', '$Z_{6}$')",3,0.7030107756689988,0.6984850511907671,-0.004525724478231741,38,False,"$S \cap \{1,2\} = \emptyset$"
"('$Z_{1}$', '$Z_{4}$', '$Z_{5}$')",3,0.701327737348138,0.7084127999286299,0.007085062580491908,38,False,"$S \cap \{1,2\} = \emptyset$"
"('$Z_{1}$', '$Z_{4}$', '$Z_{6}$')",3,0.7040146880087349,0.7014671215864607,-0.002547566422274161,38,False,"$S \cap \{1,2\} = \emptyset$"
"('$Z_{1}$', '$Z_{5}$', '$Z_{6}$')",3,0.7017268531633992,0.7099713820244321,0.008244528861032885,38,False,"$S \cap \{1,2\} = \emptyset$"
"('$Z_{2}$', '$Z_{3}$', '$Z_{4}$')",3,0.702761049765026,0.7137704889575129,0.01100943919248698,38,False,"$S \cap \{1,2\} = \emptyset$"
"('$Z_{2}$', '$Z_{3}$', '$Z_{5}$')",3,0.6997774959360197,0.7038939546658842,0.004116458729864547,38,False,"$S \cap \{1,2\} = \emptyset$"
"('$Z_{2}$', '$Z_{3}$', '$Z_{6}$')",3,0.6996865561177733,0.6986240773241725,-0.001062478793600774,38,False,"$S \cap \{1,2\} = \emptyset$"
"('$Z_{2}$', '$Z_{4}$', '$Z_{5}$')",3,0.7038737976858511,0.7052892777126228,0.0014154800267717205,38,False,"$S \cap \{1,2\} = \emptyset$"
"('$Z_{2}$', '$Z_{4}$', '$Z_{6}$')",3,0.7046178711354295,0.704314225705458,-0.0003036454299715219,38,False,"$S \cap \{1,2\} = \emptyset$"
"('$Z_{2}$', '$Z_{5}$', '$Z_{6}$')",3,0.6979409035092903,0.699483049149197,0.0015421456399067335,38,False,"$S \cap \{1,2\} = \emptyset$"
"('$Z_{3}$', '$Z_{4}$', '$Z_{5}$')",3,0.6992881629336248,0.7026631231154028,0.003374960181777964,38,False,"$S \cap \{1,2\} = \emptyset$"
"('$Z_{3}$', '$Z_{4}$', '$Z_{6}$')",3,0.6980802219651885,0.7087496555846907,0.010669433619502233,38,False,"$S \cap \{1,2\} = \emptyset$"
"('$Z_{3}$', '$Z_{5}$', '$Z_{6}$')",3,0.6977264562177975,0.6958972664042528,-0.0018291898135447404,38,False,"$S \cap \{1,2\} = \emptyset$"
"('$Z_{4}$', '$Z_{5}$', '$Z_{6}$')",3,0.7021563978077525,0.698010970833224,-0.0041454269745284655,38,False,"$S \cap \{1,2\} = \emptyset$"
"('$X_1$', '$X_2$')",2,0.05111544176678723,0.712798453221403,0.6616830114546157,39,True,"$S \supseteq \{1,2\}$"
"('$X_1$', '$Z_{1}$')",2,0.7050046187853503,0.7033647754927967,-0.0016398432925535111,39,True,"$|S \cap \{1,2\}| = 1$"
"('$X_1$', '$Z_{2}$')",2,0.7044578626665421,0.7071593902408453,0.0027015275743031975,39,True,"$|S \cap \{1,2\}| = 1$"
"('$X_1$', '$Z_{3}$')",2,0.7044823092060515,0.7138077011470668,0.009325391941015337,39,True,"$|S \cap \{1,2\}| = 1$"
"('$X_1$', '$Z_{4}$')",2,0.7025993287573197,0.7087993228138405,0.00619999405652083,39,True,"$|S \cap \{1,2\}| = 1$"
"('$X_1$', '$Z_{5}$')",2,0.7027250862943404,0.7169687613627823,0.01424367506844193,39,True,"$|S \cap \{1,2\}| = 1$"
"('$X_1$', '$Z_{6}$')",2,0.7088761837884823,0.708770144556226,-0.00010603923225627199,39,True,"$|S \cap \{1,2\}| = 1$"
"('$X_2$', '$Z_{1}$')",2,0.7005040375607855,0.7093796885241054,0.008875650963319881,39,True,"$|S \cap \{1,2\}| = 1$"
"('$X_2$', '$Z_{2}$')",2,0.6956673445798377,0.7131951431644346,0.017527798584596854,39,True,"$|S \cap \{1,2\}| = 1$"
"('$X_2$', '$Z_{3}$')",2,0.7071034098270318,0.705712119606572,-0.0013912902204598065,39,True,"$|S \cap \{1,2\}| = 1$"
"('$X_2$', '$Z_{4}$')",2,0.7041004758632419,0.7084843607029755,0.0043838848397336205,39,True,"$|S \cap \{1,2\}| = 1$"
"('$X_2$', '$Z_{5}$')",2,0.7019670290250701,0.707379608538357,0.005412579513286886,39,True,"$|S \cap \{1,2\}| = 1$"
"('$X_2$', '$Z_{6}$')",2,0.7093601062873242,0.7033749658494824,-0.005985140437841707,39,True,"$|S \cap \{1,2\}| = 1$"
"('$Z_{1}$', '$Z_{2}$')",2,0.6994565797210469,0.7054997088839547,0.006043129162907834,39,False,"$S \cap \{1,2\} = \emptyset$"
"('$Z_{1}$', '$Z_{3}$')",2,0.7000841486900145,0.71317542145924,0.013091272769225504,39,False,"$S \cap \{1,2\} = \emptyset$"
"('$Z_{1}$', '$Z_{4}$')",2,0.7060700496191339,0.6987079414628371,-0.007362108156296787,39,False,"$S \cap \{1,2\} = \emptyset$"
"('$Z_{1}$', '$Z_{5}$')",2,0.7022183872282641,0.707962136951893,0.005743749723628899,39,False,"$S \cap \{1,2\} = \emptyset$"
"('$Z_{1}$', '$Z_{6}$')",2,0.70684034337339,0.7048912579019613,-0.001949085471428691,39,False,"$S \cap \{1,2\} = \emptyset$"
"('$Z_{2}$', '$Z_{3}$')",2,0.6970287334268944,0.7030516667251905,0.006022933298296063,39,False,"$S \cap \{1,2\} = \emptyset$"
"('$Z_{2}$', '$Z_{4}$')",2,0.7084453833102865,0.7021921740491239,-0.006253209261162573,39,False,"$S \cap \{1,2\} = \emptyset$"
"('$Z_{2}$', '$Z_{5}$')",2,0.7068458237959631,0.6981027347900421,-0.008743089005920912,39,False,"$S \cap \{1,2\} = \emptyset$"
"('$Z_{2}$', '$Z_{6}$')",2,0.7078352799721016,0.7048043486540663,-0.0030309313180353348,39,False,"$S \cap \{1,2\} = \emptyset$"
"('$Z_{3}$', '$Z_{4}$')",2,0.7044656307294499,0.7094987323876851,0.005033101658235228,39,False,"$S \cap \{1,2\} = \emptyset$"
"('$Z_{3}$', '$Z_{5}$')",2,0.7063555633796677,0.6996660219155756,-0.006689541464092064,39,False,"$S \cap \{1,2\} = \emptyset$"
"('$Z_{3}$', '$Z_{6}$')",2,0.7110561020507977,0.702715239500982,-0.008340862549815697,39,False,"$S \cap \{1,2\} = \emptyset$"
"('$Z_{4}$', '$Z_{5}$')",2,0.7039185514922504,0.7102111756076228,0.006292624115372458,39,False,"$S \cap \{1,2\} = \emptyset$"
"('$Z_{4}$', '$Z_{6}$')",2,0.7088449676074159,0.7083493755890472,-0.0004955920183686846,39,False,"$S \cap \{1,2\} = \emptyset$"
"('$Z_{5}$', '$Z_{6}$')",2,0.7098195931426782,0.7138968167167962,0.004077223574117994,39,False,"$S \cap \{1,2\} = \emptyset$"
"('$X_1$', '$X_2$', '$Z_{1}$')",3,0.17393253800684227,0.7044660300329767,0.5305334920261344,39,True,"$S \supseteq \{1,2\}$"
"('$X_1$', '$X_2$', '$Z_{2}$')",3,0.18563181490229,0.700470566108529,0.514838751206239,39,True,"$S \supseteq \{1,2\}$"
"('$X_1$', '$X_2$', '$Z_{3}$')",3,0.18495044216522316,0.705717562707248,0.5207671205420248,39,True,"$S \supseteq \{1,2\}$"
"('$X_1$', '$X_2$', '$Z_{4}$')",3,0.18413481558111044,0.7100851691331959,0.5259503535520854,39,True,"$S \supseteq \{1,2\}$"
"('$X_1$', '$X_2$', '$Z_{5}$')",3,0.1836826478228801,0.6978382348140904,0.5141555869912102,39,True,"$S \supseteq \{1,2\}$"
"('$X_1$', '$X_2$', '$Z_{6}$')",3,0.18713284781755485,0.7056217961488586,0.5184889483313038,39,True,"$S \supseteq \{1,2\}$"
"('$X_1$', '$Z_{1}$', '$Z_{2}$')",3,0.6992617554113574,0.701392642359486,0.002130886948128574,39,True,"$|S \cap \{1,2\}| = 1$"
"('$X_1$', '$Z_{1}$', '$Z_{3}$')",3,0.6994433337419621,0.7081839212844337,0.008740587542471645,39,True,"$|S \cap \{1,2\}| = 1$"
"('$X_1$', '$Z_{1}$', '$Z_{4}$')",3,0.7005177337897398,0.7023575529374899,0.0018398191477501102,39,True,"$|S \cap \{1,2\}| = 1$"
"('$X_1$', '$Z_{1}$', '$Z_{5}$')",3,0.6996828488438359,0.6996740495321079,-8.799311728036052e-06,39,True,"$|S \cap \{1,2\}| = 1$"
"('$X_1$', '$Z_{1}$', '$Z_{6}$')",3,0.7022525117411722,0.7042357123581214,0.0019832006169492322,39,True,"$|S \cap \{1,2\}| = 1$"
"('$X_1$', '$Z_{2}$', '$Z_{3}$')",3,0.696620893257368,0.6979898290313713,0.0013689357740033214,39,True,"$|S \cap \{1,2\}| = 1$"
"('$X_1$', '$Z_{2}$', '$Z_{4}$')",3,0.7003105522240304,0.6996651175549525,-0.000645434669077849,39,True,"$|S \cap \{1,2\}| = 1$"
"('$X_1$', '$Z_{2}$', '$Z_{5}$')",3,0.7023557756874748,0.701130414392356,-0.0012253612951187431,39,True,"$|S \cap \{1,2\}| = 1$"
"('$X_1$', '$Z_{2}$', '$Z_{6}$')",3,0.701286638591758,0.7056902126168731,0.004403574025115153,39,True,"$|S \cap \{1,2\}| = 1$"
"('$X_1$', '$Z_{3}$', '$Z_{4}$')",3,0.7003040232844978,0.7042450679047796,0.003941044620281775,39,True,"$|S \cap \{1,2\}| = 1$"
"('$X_1$', '$Z_{3}$', '$Z_{5}$')",3,0.6986621447958704,0.7023628361852612,0.0037006913893907756,39,True,"$|S \cap \{1,2\}| = 1$"
"('$X_1$', '$Z_{3}$', '$Z_{6}$')",3,0.7053520060965667,0.7018459620654198,-0.003506044031146849,39,True,"$|S \cap \{1,2\}| = 1$"
"('$X_1$', '$Z_{4}$', '$Z_{5}$')",3,0.7009266305479498,0.7043627952026588,0.003436164654708973,39,True,"$|S \cap \{1,2\}| = 1$"
"('$X_1$', '$Z_{4}$', '$Z_{6}$')",3,0.7032022657013625,0.6979556938409508,-0.005246571860411664,39,True,"$|S \cap \{1,2\}| = 1$"
"('$X_1$', '$Z_{5}$', '$Z_{6}$')",3,0.7032377185381897,0.7057288491763362,0.0024911306381464327,39,True,"$|S \cap \{1,2\}| = 1$"
"('$X_2$', '$Z_{1}$', '$Z_{2}$')",3,0.6958005311061239,0.7017362058652418,0.005935674759117826,39,True,"$|S \cap \{1,2\}| = 1$"
"('$X_2$', '$Z_{1}$', '$Z_{3}$')",3,0.6999857050175733,0.703871280578526,0.003885575560952703,39,True,"$|S \cap \{1,2\}| = 1$"
"('$X_2$', '$Z_{1}$', '$Z_{4}$')",3,0.7018783778099866,0.7061244666139352,0.004246088803948611,39,True,"$|S \cap \{1,2\}| = 1$"
"('$X_2$', '$Z_{1}$', '$Z_{5}$')",3,0.6971171914045704,0.7040112988995393,0.006894107494968882,39,True,"$|S \cap \{1,2\}| = 1$"
"('$X_2$', '$Z_{1}$', '$Z_{6}$')",3,0.705152014018002,0.7008525132272269,-0.004299500790775124,39,True,"$|S \cap \{1,2\}| = 1$"
"('$X_2$', '$Z_{2}$', '$Z_{3}$')",3,0.6954479558945164,0.7038641857955049,0.008416229900988559,39,True,"$|S \cap \{1,2\}| = 1$"
"('$X_2$', '$Z_{2}$', '$Z_{4}$')",3,0.6992073171046834,0.7078834892496605,0.008676172144977068,39,True,"$|S \cap \{1,2\}| = 1$"
"('$X_2$', '$Z_{2}$', '$Z_{5}$')",3,0.6993602650685137,0.6998371718643971,0.0004769067958834139,39,True,"$|S \cap \{1,2\}| = 1$"
"('$X_2$', '$Z_{2}$', '$Z_{6}$')",3,0.7005142070209613,0.7072345131508551,0.006720306129893716,39,True,"$|S \cap \{1,2\}| = 1$"
"('$X_2$', '$Z_{3}$', '$Z_{4}$')",3,0.7009746227734659,0.7091779930783709,0.008203370304905033,39,True,"$|S \cap \{1,2\}| = 1$"
"('$X_2$', '$Z_{3}$', '$Z_{5}$')",3,0.7023402940553044,0.7046110568901987,0.0022707628348942466,39,True,"$|S \cap \{1,2\}| = 1$"
"('$X_2$', '$Z_{3}$', '$Z_{6}$')",3,0.7067522476918598,0.6993819029545759,-0.007370344737283929,39,True,"$|S \cap \{1,2\}| = 1$"
"('$X_2$', '$Z_{4}$', '$Z_{5}$')",3,0.6994091619329973,0.7058025241412472,0.006393362208249931,39,True,"$|S \cap \{1,2\}| = 1$"
"('$X_2$', '$Z_{4}$', '$Z_{6}$')",3,0.7055064443050754,0.7002182638431954,-0.005288180461879954,39,True,"$|S \cap \{1,2\}| = 1$"
"('$X_2$', '$Z_{5}$', '$Z_{6}$')",3,0.7037728755579696,0.7036472659405731,-0.0001256096173964938,39,True,"$|S \cap \{1,2\}| = 1$"
"('$Z_{1}$', '$Z_{2}$', '$Z_{3}$')",3,0.6923360231274738,0.6998399184200795,0.007503895292605756,39,False,"$S \cap \{1,2\} = \emptyset$"
"('$Z_{1}$', '$Z_{2}$', '$Z_{4}$')",3,0.7022648606520873,0.702453551951485,0.00018869129939769191,39,False,"$S \cap \{1,2\} = \emptyset$"
"('$Z_{1}$', '$Z_{2}$', '$Z_{5}$')",3,0.6975136036821376,0.7010447935122381,0.0035311898301005895,39,False,"$S \cap \{1,2\} = \emptyset$"
"('$Z_{1}$', '$Z_{2}$', '$Z_{6}$')",3,0.7000669339334062,0.6994260372090328,-0.0006408967243733965,39,False,"$S \cap \{1,2\} = \emptyset$"
"('$Z_{1}$', '$Z_{3}$', '$Z_{4}$')",3,0.700091658410244,0.7001664086255001,7.475021525604753e-05,39,False,"$S \cap \{1,2\} = \emptyset$"
"('$Z_{1}$', '$Z_{3}$', '$Z_{5}$')",3,0.698074920226177,0.7057582318827542,0.0076833116565772075,39,False,"$S \cap \{1,2\} = \emptyset$"
"('$Z_{1}$', '$Z_{3}$', '$Z_{6}$')",3,0.7020083020882519,0.7062806264405634,0.004272324352311507,39,False,"$S \cap \{1,2\} = \emptyset$"
"('$Z_{1}$', '$Z_{4}$', '$Z_{5}$')",3,0.701176886743368,0.7016741983429494,0.0004973115995814403,39,False,"$S \cap \{1,2\} = \emptyset$"
"('$Z_{1}$', '$Z_{4}$', '$Z_{6}$')",3,0.7058582810730808,0.7085454633329127,0.0026871822598318884,39,False,"$S \cap \{1,2\} = \emptyset$"
"('$Z_{1}$', '$Z_{5}$', '$Z_{6}$')",3,0.7007345051478726,0.7129209144378399,0.012186409289967282,39,False,"$S \cap \{1,2\} = \emptyset$"
"('$Z_{2}$', '$Z_{3}$', '$Z_{4}$')",3,0.6995482858543095,0.7097685197673015,0.010220233912991983,39,False,"$S \cap \{1,2\} = \emptyset$"
"('$Z_{2}$', '$Z_{3}$', '$Z_{5}$')",3,0.7011308852435855,0.7049785774956233,0.0038476922520378487,39,False,"$S \cap \{1,2\} = \emptyset$"
"('$Z_{2}$', '$Z_{3}$', '$Z_{6}$')",3,0.6973973153114987,0.6948256434081329,-0.002571671903365824,39,False,"$S \cap \{1,2\} = \emptyset$"
"('$Z_{2}$', '$Z_{4}$', '$Z_{5}$')",3,0.7063961859591957,0.7011354864480758,-0.0052606995111199595,39,False,"$S \cap \{1,2\} = \emptyset$"
"('$Z_{2}$', '$Z_{4}$', '$Z_{6}$')",3,0.7053147654605325,0.7039173897220917,-0.001397375738440787,39,False,"$S \cap \{1,2\} = \emptyset$"
"('$Z_{2}$', '$Z_{5}$', '$Z_{6}$')",3,0.7079994749904877,0.7035607614102418,-0.004438713580245834,39,False,"$S \cap \{1,2\} = \emptyset$"
"('$Z_{3}$', '$Z_{4}$', '$Z_{5}$')",3,0.7043060739252387,0.7058579402819471,0.0015518663567084534,39,False,"$S \cap \{1,2\} = \emptyset$"
"('$Z_{3}$', '$Z_{4}$', '$Z_{6}$')",3,0.7058239872290643,0.701888529411116,-0.00393545781794824,39,False,"$S \cap \{1,2\} = \emptyset$"
"('$Z_{3}$', '$Z_{5}$', '$Z_{6}$')",3,0.7063149034473293,0.7024830285383779,-0.003831874908951427,39,False,"$S \cap \{1,2\} = \emptyset$"
"('$Z_{4}$', '$Z_{5}$', '$Z_{6}$')",3,0.7059251385036104,0.7028736850690284,-0.003051453434582019,39,False,"$S \cap \{1,2\} = \emptyset$"
"('$X_1$', '$X_2$')",2,0.05677588460118597,0.7160829737097656,0.6593070891085796,40,True,"$S \supseteq \{1,2\}$"
"('$X_1$', '$Z_{1}$')",2,0.7134021193215544,0.7100659448306732,-0.003336174490881194,40,True,"$|S \cap \{1,2\}| = 1$"
"('$X_1$', '$Z_{2}$')",2,0.7088598764374813,0.7191686707735978,0.010308794336116534,40,True,"$|S \cap \{1,2\}| = 1$"
"('$X_1$', '$Z_{3}$')",2,0.7109655850004932,0.6998479488324465,-0.01111763616804673,40,True,"$|S \cap \{1,2\}| = 1$"
"('$X_1$', '$Z_{4}$')",2,0.7099561534115151,0.7080766085849051,-0.0018795448266100134,40,True,"$|S \cap \{1,2\}| = 1$"
"('$X_1$', '$Z_{5}$')",2,0.7070850063493996,0.7092961402740231,0.002211133924623465,40,True,"$|S \cap \{1,2\}| = 1$"
"('$X_1$', '$Z_{6}$')",2,0.7108897737788216,0.709414621407184,-0.0014751523716375337,40,True,"$|S \cap \{1,2\}| = 1$"
"('$X_2$', '$Z_{1}$')",2,0.7079199219508384,0.7153243600093905,0.007404438058552065,40,True,"$|S \cap \{1,2\}| = 1$"
"('$X_2$', '$Z_{2}$')",2,0.7032270071931992,0.7092660455379448,0.0060390383447456175,40,True,"$|S \cap \{1,2\}| = 1$"
"('$X_2$', '$Z_{3}$')",2,0.7063419857459734,0.7068892946378896,0.0005473088919162317,40,True,"$|S \cap \{1,2\}| = 1$"
"('$X_2$', '$Z_{4}$')",2,0.6994871598463622,0.7062693120105338,0.006782152164171551,40,True,"$|S \cap \{1,2\}| = 1$"
"('$X_2$', '$Z_{5}$')",2,0.7093367317959292,0.7172806114281817,0.007943879632252515,40,True,"$|S \cap \{1,2\}| = 1$"
"('$X_2$', '$Z_{6}$')",2,0.7110643445960868,0.7168792547485575,0.005814910152470709,40,True,"$|S \cap \{1,2\}| = 1$"
"('$Z_{1}$', '$Z_{2}$')",2,0.7080778465742759,0.7109715927330356,0.0028937461587597024,40,False,"$S \cap \{1,2\} = \emptyset$"
"('$Z_{1}$', '$Z_{3}$')",2,0.7090930746228189,0.7063146555590297,-0.0027784190637891726,40,False,"$S \cap \{1,2\} = \emptyset$"
"('$Z_{1}$', '$Z_{4}$')",2,0.7072675620596742,0.7097449067363175,0.0024773446766432894,40,False,"$S \cap \{1,2\} = \emptyset$"
"('$Z_{1}$', '$Z_{5}$')",2,0.7129974721176955,0.7034273074878283,-0.00957016462986715,40,False,"$S \cap \{1,2\} = \emptyset$"
"('$Z_{1}$', '$Z_{6}$')",2,0.7059837939225794,0.6958008424152657,-0.010182951507313631,40,False,"$S \cap \{1,2\} = \emptyset$"
"('$Z_{2}$', '$Z_{3}$')",2,0.7122217018404626,0.7050737206241309,-0.007147981216331756,40,False,"$S \cap \{1,2\} = \emptyset$"
"('$Z_{2}$', '$Z_{4}$')",2,0.7031354572095749,0.7110595385029281,0.007924081293353202,40,False,"$S \cap \{1,2\} = \emptyset$"
"('$Z_{2}$', '$Z_{5}$')",2,0.7048249050917857,0.7085059310560751,0.0036810259642893195,40,False,"$S \cap \{1,2\} = \emptyset$"
"('$Z_{2}$', '$Z_{6}$')",2,0.7102941920469544,0.7008911246766026,-0.009403067370351792,40,False,"$S \cap \{1,2\} = \emptyset$"
"('$Z_{3}$', '$Z_{4}$')",2,0.7109997923975008,0.716014435442902,0.005014643045401224,40,False,"$S \cap \{1,2\} = \emptyset$"
"('$Z_{3}$', '$Z_{5}$')",2,0.7086092806671681,0.7054492323873904,-0.003160048279777672,40,False,"$S \cap \{1,2\} = \emptyset$"
"('$Z_{3}$', '$Z_{6}$')",2,0.7082799280015231,0.7096261490847385,0.0013462210832154708,40,False,"$S \cap \{1,2\} = \emptyset$"
"('$Z_{4}$', '$Z_{5}$')",2,0.7058107252686048,0.7018201544629272,-0.003990570805677551,40,False,"$S \cap \{1,2\} = \emptyset$"
"('$Z_{4}$', '$Z_{6}$')",2,0.7076569872861664,0.7068549820755655,-0.0008020052106009201,40,False,"$S \cap \{1,2\} = \emptyset$"
"('$Z_{5}$', '$Z_{6}$')",2,0.7068116230703588,0.7133090391243766,0.006497416054017768,40,False,"$S \cap \{1,2\} = \emptyset$"
"('$X_1$', '$X_2$', '$Z_{1}$')",3,0.19280576744910458,0.7094847154695733,0.5166789480204687,40,True,"$S \supseteq \{1,2\}$"
"('$X_1$', '$X_2$', '$Z_{2}$')",3,0.2012562206860893,0.7034578215123412,0.5022016008262519,40,True,"$S \supseteq \{1,2\}$"
"('$X_1$', '$X_2$', '$Z_{3}$')",3,0.19699839669679364,0.7064943489649287,0.509495952268135,40,True,"$S \supseteq \{1,2\}$"
"('$X_1$', '$X_2$', '$Z_{4}$')",3,0.2021265373424145,0.7021342866414491,0.5000077492990346,40,True,"$S \supseteq \{1,2\}$"
"('$X_1$', '$X_2$', '$Z_{5}$')",3,0.20516775867157333,0.7059952052148668,0.5008274465432935,40,True,"$S \supseteq \{1,2\}$"
"('$X_1$', '$X_2$', '$Z_{6}$')",3,0.21047354818491307,0.7052559391683242,0.49478239098341115,40,True,"$S \supseteq \{1,2\}$"
"('$X_1$', '$Z_{1}$', '$Z_{2}$')",3,0.7055008428377301,0.7058075574189823,0.00030671458125219875,40,True,"$|S \cap \{1,2\}| = 1$"
"('$X_1$', '$Z_{1}$', '$Z_{3}$')",3,0.7057082372740086,0.705132810434557,-0.0005754268394515538,40,True,"$|S \cap \{1,2\}| = 1$"
"('$X_1$', '$Z_{1}$', '$Z_{4}$')",3,0.7050110566681685,0.7056602325626478,0.0006491758944792148,40,True,"$|S \cap \{1,2\}| = 1$"
"('$X_1$', '$Z_{1}$', '$Z_{5}$')",3,0.705657341192349,0.7050458489732455,-0.0006114922191035044,40,True,"$|S \cap \{1,2\}| = 1$"
"('$X_1$', '$Z_{1}$', '$Z_{6}$')",3,0.707110986387841,0.7068466195954609,-0.00026436679238006633,40,True,"$|S \cap \{1,2\}| = 1$"
"('$X_1$', '$Z_{2}$', '$Z_{3}$')",3,0.7087246777003651,0.7107830851022711,0.002058407401905993,40,True,"$|S \cap \{1,2\}| = 1$"
"('$X_1$', '$Z_{2}$', '$Z_{4}$')",3,0.7029615680577419,0.7056737974444334,0.002712229386691467,40,True,"$|S \cap \{1,2\}| = 1$"
"('$X_1$', '$Z_{2}$', '$Z_{5}$')",3,0.7003459584529562,0.7035108921070878,0.0031649336541316186,40,True,"$|S \cap \{1,2\}| = 1$"
"('$X_1$', '$Z_{2}$', '$Z_{6}$')",3,0.7051269821586474,0.7072698592683336,0.002142877109686192,40,True,"$|S \cap \{1,2\}| = 1$"
"('$X_1$', '$Z_{3}$', '$Z_{4}$')",3,0.7075379541682278,0.6995814866117473,-0.007956467556480495,40,True,"$|S \cap \{1,2\}| = 1$"
"('$X_1$', '$Z_{3}$', '$Z_{5}$')",3,0.7038848026524869,0.6999038333396927,-0.003980969312794125,40,True,"$|S \cap \{1,2\}| = 1$"
"('$X_1$', '$Z_{3}$', '$Z_{6}$')",3,0.7049169020552847,0.6975090841171456,-0.00740781793813905,40,True,"$|S \cap \{1,2\}| = 1$"
"('$X_1$', '$Z_{4}$', '$Z_{5}$')",3,0.7034001116979071,0.7067653086967891,0.0033651969988820474,40,True,"$|S \cap \{1,2\}| = 1$"
"('$X_1$', '$Z_{4}$', '$Z_{6}$')",3,0.7059906787284033,0.6991928510576191,-0.0067978276707841845,40,True,"$|S \cap \{1,2\}| = 1$"
"('$X_1$', '$Z_{5}$', '$Z_{6}$')",3,0.7055634757759756,0.7106027806617711,0.005039304885795515,40,True,"$|S \cap \{1,2\}| = 1$"
"('$X_2$', '$Z_{1}$', '$Z_{2}$')",3,0.7046971244442773,0.707532730954819,0.0028356065105415995,40,True,"$|S \cap \{1,2\}| = 1$"
"('$X_2$', '$Z_{1}$', '$Z_{3}$')",3,0.7064211951250758,0.6963359826707691,-0.010085212454306713,40,True,"$|S \cap \{1,2\}| = 1$"
"('$X_2$', '$Z_{1}$', '$Z_{4}$')",3,0.7002708199953371,0.7056532458093996,0.005382425814062453,40,True,"$|S \cap \{1,2\}| = 1$"
"('$X_2$', '$Z_{1}$', '$Z_{5}$')",3,0.705934414827881,0.7111560012111693,0.00522158638328829,40,True,"$|S \cap \{1,2\}| = 1$"
"('$X_2$', '$Z_{1}$', '$Z_{6}$')",3,0.7061824864605328,0.707885256934881,0.001702770474348192,40,True,"$|S \cap \{1,2\}| = 1$"
"('$X_2$', '$Z_{2}$', '$Z_{3}$')",3,0.7060682852358297,0.70524211215024,-0.0008261730855896321,40,True,"$|S \cap \{1,2\}| = 1$"
"('$X_2$', '$Z_{2}$', '$Z_{4}$')",3,0.6970490083804857,0.7017247977877605,0.004675789407274866,40,True,"$|S \cap \{1,2\}| = 1$"
"('$X_2$', '$Z_{2}$', '$Z_{5}$')",3,0.7016440540977261,0.7009892347297807,-0.0006548193679454251,40,True,"$|S \cap \{1,2\}| = 1$"
"('$X_2$', '$Z_{2}$', '$Z_{6}$')",3,0.7046267418391254,0.7076613825066845,0.0030346406675590964,40,True,"$|S \cap \{1,2\}| = 1$"
"('$X_2$', '$Z_{3}$', '$Z_{4}$')",3,0.7013978816503923,0.7087007014196521,0.0073028197692598384,40,True,"$|S \cap \{1,2\}| = 1$"
"('$X_2$', '$Z_{3}$', '$Z_{5}$')",3,0.7018272194910905,0.6984447441898756,-0.0033824753012149378,40,True,"$|S \cap \{1,2\}| = 1$"
"('$X_2$', '$Z_{3}$', '$Z_{6}$')",3,0.704732123010484,0.6996333607128532,-0.005098762297630843,40,True,"$|S \cap \{1,2\}| = 1$"
"('$X_2$', '$Z_{4}$', '$Z_{5}$')",3,0.7010234854256577,0.7058344181239605,0.0048109326983027945,40,True,"$|S \cap \{1,2\}| = 1$"
"('$X_2$', '$Z_{4}$', '$Z_{6}$')",3,0.702392011857798,0.7015048350793763,-0.00088717677842165,40,True,"$|S \cap \{1,2\}| = 1$"
"('$X_2$', '$Z_{5}$', '$Z_{6}$')",3,0.7048239754061074,0.7015139058419809,-0.0033100695641264943,40,True,"$|S \cap \{1,2\}| = 1$"
"('$Z_{1}$', '$Z_{2}$', '$Z_{3}$')",3,0.7075663364640246,0.7057709004904648,-0.0017954359735598002,40,False,"$S \cap \{1,2\} = \emptyset$"
"('$Z_{1}$', '$Z_{2}$', '$Z_{4}$')",3,0.699456358471138,0.7061483899504157,0.006692031479277771,40,False,"$S \cap \{1,2\} = \emptyset$"
"('$Z_{1}$', '$Z_{2}$', '$Z_{5}$')",3,0.7007405572348794,0.7049579659638568,0.0042174087289774675,40,False,"$S \cap \{1,2\} = \emptyset$"
"('$Z_{1}$', '$Z_{2}$', '$Z_{6}$')",3,0.7019783725529073,0.6992580843917376,-0.0027202881611696483,40,False,"$S \cap \{1,2\} = \emptyset$"
"('$Z_{1}$', '$Z_{3}$', '$Z_{4}$')",3,0.7046955728201271,0.7106880593278512,0.005992486507724104,40,False,"$S \cap \{1,2\} = \emptyset$"
"('$Z_{1}$', '$Z_{3}$', '$Z_{5}$')",3,0.7047666226211424,0.7029507080666237,-0.0018159145545186828,40,False,"$S \cap \{1,2\} = \emptyset$"
"('$Z_{1}$', '$Z_{3}$', '$Z_{6}$')",3,0.7001640425863681,0.6990477406583386,-0.0011163019280294728,40,False,"$S \cap \{1,2\} = \emptyset$"
"('$Z_{1}$', '$Z_{4}$', '$Z_{5}$')",3,0.7038564384265193,0.707709661664576,0.003853223238056702,40,False,"$S \cap \{1,2\} = \emptyset$"
"('$Z_{1}$', '$Z_{4}$', '$Z_{6}$')",3,0.7005847515531732,0.7018495075965432,0.0012647560433699523,40,False,"$S \cap \{1,2\} = \emptyset$"
"('$Z_{1}$', '$Z_{5}$', '$Z_{6}$')",3,0.7041037522293138,0.6992830312588278,-0.004820720970485914,40,False,"$S \cap \{1,2\} = \emptyset$"
"('$Z_{2}$', '$Z_{3}$', '$Z_{4}$')",3,0.7041781520239921,0.7074552015127431,0.0032770494887509605,40,False,"$S \cap \{1,2\} = \emptyset$"
"('$Z_{2}$', '$Z_{3}$', '$Z_{5}$')",3,0.7036290843796176,0.7070369007059412,0.0034078163263235872,40,False,"$S \cap \{1,2\} = \emptyset$"
"('$Z_{2}$', '$Z_{3}$', '$Z_{6}$')",3,0.7040749958817598,0.7045684720773476,0.0004934761955878164,40,False,"$S \cap \{1,2\} = \emptyset$"
"('$Z_{2}$', '$Z_{4}$', '$Z_{5}$')",3,0.6978609461177196,0.7095987975809155,0.011737851463195836,40,False,"$S \cap \{1,2\} = \emptyset$"
"('$Z_{2}$', '$Z_{4}$', '$Z_{6}$')",3,0.7005491712104944,0.7034451296165507,0.002895958406056276,40,False,"$S \cap \{1,2\} = \emptyset$"
"('$Z_{2}$', '$Z_{5}$', '$Z_{6}$')",3,0.6986352547219723,0.705676473860074,0.00704121913810174,40,False,"$S \cap \{1,2\} = \emptyset$"
"('$Z_{3}$', '$Z_{4}$', '$Z_{5}$')",3,0.7048244834455308,0.7059475776824345,0.00112309423690371,40,False,"$S \cap \{1,2\} = \emptyset$"
"('$Z_{3}$', '$Z_{4}$', '$Z_{6}$')",3,0.7024639554552955,0.7034975619777526,0.0010336065224570978,40,False,"$S \cap \{1,2\} = \emptyset$"
"('$Z_{3}$', '$Z_{5}$', '$Z_{6}$')",3,0.7018245906478203,0.7059597849902699,0.004135194342449577,40,False,"$S \cap \{1,2\} = \emptyset$"
"('$Z_{4}$', '$Z_{5}$', '$Z_{6}$')",3,0.7019662872173087,0.7074772961121967,0.005511008894887981,40,False,"$S \cap \{1,2\} = \emptyset$"
"('$X_1$', '$X_2$')",2,0.04792374227237146,0.7074087397943944,0.6594849975220229,41,True,"$S \supseteq \{1,2\}$"
"('$X_1$', '$Z_{1}$')",2,0.7051196309988116,0.7014637014345487,-0.003655929564262861,41,True,"$|S \cap \{1,2\}| = 1$"
"('$X_1$', '$Z_{2}$')",2,0.7144450565126264,0.7138092772663347,-0.0006357792462916567,41,True,"$|S \cap \{1,2\}| = 1$"
"('$X_1$', '$Z_{3}$')",2,0.7048150279883941,0.7050920447385693,0.00027701675017521854,41,True,"$|S \cap \{1,2\}| = 1$"
"('$X_1$', '$Z_{4}$')",2,0.707420412086819,0.6971071818429587,-0.010313230243860327,41,True,"$|S \cap \{1,2\}| = 1$"
"('$X_1$', '$Z_{5}$')",2,0.707363682242606,0.7095354559564594,0.0021717737138533533,41,True,"$|S \cap \{1,2\}| = 1$"
"('$X_1$', '$Z_{6}$')",2,0.7029612597825085,0.7018963231558436,-0.0010649366266648475,41,True,"$|S \cap \{1,2\}| = 1$"
"('$X_2$', '$Z_{1}$')",2,0.7055937190886936,0.7093444562766694,0.0037507371879758056,41,True,"$|S \cap \{1,2\}| = 1$"
"('$X_2$', '$Z_{2}$')",2,0.709169260220654,0.7022064343211061,-0.0069628258995478864,41,True,"$|S \cap \{1,2\}| = 1$"
"('$X_2$', '$Z_{3}$')",2,0.703601681538079,0.7068592499246247,0.003257568386545673,41,True,"$|S \cap \{1,2\}| = 1$"
"('$X_2$', '$Z_{4}$')",2,0.7140925642819771,0.7023651232025381,-0.011727441079439016,41,True,"$|S \cap \{1,2\}| = 1$"
"('$X_2$', '$Z_{5}$')",2,0.7038287684754365,0.7048374252937892,0.0010086568183527156,41,True,"$|S \cap \{1,2\}| = 1$"
"('$X_2$', '$Z_{6}$')",2,0.706966150755796,0.7090003794997844,0.0020342287439883977,41,True,"$|S \cap \{1,2\}| = 1$"
"('$Z_{1}$', '$Z_{2}$')",2,0.7152783057915205,0.706043775310016,-0.009234530481504466,41,False,"$S \cap \{1,2\} = \emptyset$"
"('$Z_{1}$', '$Z_{3}$')",2,0.7072832061119539,0.7079601896843815,0.0006769835724275142,41,False,"$S \cap \{1,2\} = \emptyset$"
"('$Z_{1}$', '$Z_{4}$')",2,0.7071878609278361,0.705133441245811,-0.0020544196820251326,41,False,"$S \cap \{1,2\} = \emptyset$"
"('$Z_{1}$', '$Z_{5}$')",2,0.7139990320137956,0.7066490657313665,-0.00734996628242901,41,False,"$S \cap \{1,2\} = \emptyset$"
"('$Z_{1}$', '$Z_{6}$')",2,0.7032830897397473,0.7123763897835051,0.009093300043757857,41,False,"$S \cap \{1,2\} = \emptyset$"
"('$Z_{2}$', '$Z_{3}$')",2,0.7139141219026511,0.7003166042997092,-0.013597517602941922,41,False,"$S \cap \{1,2\} = \emptyset$"
"('$Z_{2}$', '$Z_{4}$')",2,0.7162211313928967,0.7043345192671755,-0.011886612125721174,41,False,"$S \cap \{1,2\} = \emptyset$"
"('$Z_{2}$', '$Z_{5}$')",2,0.7122733064083295,0.7066888927937511,-0.0055844136145783985,41,False,"$S \cap \{1,2\} = \emptyset$"
"('$Z_{2}$', '$Z_{6}$')",2,0.7130129566875139,0.7075470723348212,-0.005465884352692685,41,False,"$S \cap \{1,2\} = \emptyset$"
"('$Z_{3}$', '$Z_{4}$')",2,0.7112964786309113,0.7023084500709086,-0.008988028560002692,41,False,"$S \cap \{1,2\} = \emptyset$"
"('$Z_{3}$', '$Z_{5}$')",2,0.7064611379930139,0.7101463132121943,0.0036851752191804366,41,False,"$S \cap \{1,2\} = \emptyset$"
"('$Z_{3}$', '$Z_{6}$')",2,0.7101549796770812,0.7077842598952241,-0.0023707197818571,41,False,"$S \cap \{1,2\} = \emptyset$"
"('$Z_{4}$', '$Z_{5}$')",2,0.7142719298194827,0.7176855253967636,0.0034135955772808257,41,False,"$S \cap \{1,2\} = \emptyset$"
"('$Z_{4}$', '$Z_{6}$')",2,0.7133919004472917,0.7128818557084237,-0.0005100447388680651,41,False,"$S \cap \{1,2\} = \emptyset$"
"('$Z_{5}$', '$Z_{6}$')",2,0.7046156180206367,0.7042568490955957,-0.00035876892504094204,41,False,"$S \cap \{1,2\} = \emptyset$"
"('$X_1$', '$X_2$', '$Z_{1}$')",3,0.17657067985843822,0.7087072391988363,0.532136559340398,41,True,"$S \supseteq \{1,2\}$"
"('$X_1$', '$X_2$', '$Z_{2}$')",3,0.1755440907913514,0.7048618000320003,0.5293177092406489,41,True,"$S \supseteq \{1,2\}$"
"('$X_1$', '$X_2$', '$Z_{3}$')",3,0.1700418807015792,0.7037510051705255,0.5337091244689462,41,True,"$S \supseteq \{1,2\}$"
"('$X_1$', '$X_2$', '$Z_{4}$')",3,0.17751874003365417,0.7102317568529616,0.5327130168193074,41,True,"$S \supseteq \{1,2\}$"
"('$X_1$', '$X_2$', '$Z_{5}$')",3,0.17452868541434813,0.7069316640290981,0.5324029786147499,41,True,"$S \supseteq \{1,2\}$"
"('$X_1$', '$X_2$', '$Z_{6}$')",3,0.1756260636863597,0.699618988938052,0.5239929252516923,41,True,"$S \supseteq \{1,2\}$"
"('$X_1$', '$Z_{1}$', '$Z_{2}$')",3,0.7108916777189287,0.7075104297331811,-0.003381247985747571,41,True,"$|S \cap \{1,2\}| = 1$"
"('$X_1$', '$Z_{1}$', '$Z_{3}$')",3,0.7014471006189102,0.7055116987629717,0.00406459814406146,41,True,"$|S \cap \{1,2\}| = 1$"
"('$X_1$', '$Z_{1}$', '$Z_{4}$')",3,0.7017080800799256,0.7104749918398567,0.008766911759931162,41,True,"$|S \cap \{1,2\}| = 1$"
"('$X_1$', '$Z_{1}$', '$Z_{5}$')",3,0.7069005391266446,0.7141973277360866,0.00729678860944194,41,True,"$|S \cap \{1,2\}| = 1$"
"('$X_1$', '$Z_{1}$', '$Z_{6}$')",3,0.6997326604969141,0.708729478802776,0.008996818305861964,41,True,"$|S \cap \{1,2\}| = 1$"
"('$X_1$', '$Z_{2}$', '$Z_{3}$')",3,0.7083733276298284,0.7105373448112932,0.00216401718146475,41,True,"$|S \cap \{1,2\}| = 1$"
"('$X_1$', '$Z_{2}$', '$Z_{4}$')",3,0.7091522773990924,0.7007304164604866,-0.008421860938605752,41,True,"$|S \cap \{1,2\}| = 1$"
"('$X_1$', '$Z_{2}$', '$Z_{5}$')",3,0.7078036314845799,0.7042749739354722,-0.0035286575491076944,41,True,"$|S \cap \{1,2\}| = 1$"
"('$X_1$', '$Z_{2}$', '$Z_{6}$')",3,0.70361727099466,0.7009567167655291,-0.002660554229130918,41,True,"$|S \cap \{1,2\}| = 1$"
"('$X_1$', '$Z_{3}$', '$Z_{4}$')",3,0.7039118189809775,0.7081343336492232,0.004222514668245636,41,True,"$|S \cap \{1,2\}| = 1$"
"('$X_1$', '$Z_{3}$', '$Z_{5}$')",3,0.7011316481584963,0.7028857499718925,0.0017541018133961916,41,True,"$|S \cap \{1,2\}| = 1$"
"('$X_1$', '$Z_{3}$', '$Z_{6}$')",3,0.7025643836210538,0.6998486273509834,-0.0027157562700703686,41,True,"$|S \cap \{1,2\}| = 1$"
"('$X_1$', '$Z_{4}$', '$Z_{5}$')",3,0.7090902953673263,0.7055062648794347,-0.0035840304878915763,41,True,"$|S \cap \{1,2\}| = 1$"
"('$X_1$', '$Z_{4}$', '$Z_{6}$')",3,0.7040888484408393,0.7035048470465094,-0.0005840013943299027,41,True,"$|S \cap \{1,2\}| = 1$"
"('$X_1$', '$Z_{5}$', '$Z_{6}$')",3,0.7014189258714424,0.7055296381670821,0.004110712295639751,41,True,"$|S \cap \{1,2\}| = 1$"
"('$X_2$', '$Z_{1}$', '$Z_{2}$')",3,0.7089143732636877,0.6977060839290218,-0.011208289334665889,41,True,"$|S \cap \{1,2\}| = 1$"
"('$X_2$', '$Z_{1}$', '$Z_{3}$')",3,0.7040114946131757,0.7005844246314005,-0.0034270699817752215,41,True,"$|S \cap \{1,2\}| = 1$"
"('$X_2$', '$Z_{1}$', '$Z_{4}$')",3,0.7064607765361121,0.7065832034569618,0.0001224269208497386,41,True,"$|S \cap \{1,2\}| = 1$"
"('$X_2$', '$Z_{1}$', '$Z_{5}$')",3,0.7053621884623423,0.7024585032157342,-0.002903685246608112,41,True,"$|S \cap \{1,2\}| = 1$"
"('$X_2$', '$Z_{1}$', '$Z_{6}$')",3,0.703302558394502,0.7059237966125833,0.0026212382180813565,41,True,"$|S \cap \{1,2\}| = 1$"
"('$X_2$', '$Z_{2}$', '$Z_{3}$')",3,0.7062832648509008,0.7055412058884246,-0.0007420589624761442,41,True,"$|S \cap \{1,2\}| = 1$"
"('$X_2$', '$Z_{2}$', '$Z_{4}$')",3,0.7126645085892758,0.7056215226173744,-0.007042985971901339,41,True,"$|S \cap \{1,2\}| = 1$"
"('$X_2$', '$Z_{2}$', '$Z_{5}$')",3,0.7073642551687633,0.7053669934951641,-0.00199726167359926,41,True,"$|S \cap \{1,2\}| = 1$"
"('$X_2$', '$Z_{2}$', '$Z_{6}$')",3,0.7073097344390412,0.7011199166063747,-0.006189817832666478,41,True,"$|S \cap \{1,2\}| = 1$"
"('$X_2$', '$Z_{3}$', '$Z_{4}$')",3,0.7060953910816806,0.7043910011421497,-0.0017043899395309259,41,True,"$|S \cap \{1,2\}| = 1$"
"('$X_2$', '$Z_{3}$', '$Z_{5}$')",3,0.7021540978977759,0.7050218060131004,0.002867708115324441,41,True,"$|S \cap \{1,2\}| = 1$"
"('$X_2$', '$Z_{3}$', '$Z_{6}$')",3,0.7033845290879949,0.7066765116461027,0.003291982558107809,41,True,"$|S \cap \{1,2\}| = 1$"
"('$X_2$', '$Z_{4}$', '$Z_{5}$')",3,0.7083120404513976,0.7078821632054738,-0.0004298772459238043,41,True,"$|S \cap \{1,2\}| = 1$"
"('$X_2$', '$Z_{4}$', '$Z_{6}$')",3,0.7070338353111127,0.7001474013939187,-0.0068864339171940125,41,True,"$|S \cap \{1,2\}| = 1$"
"('$X_2$', '$Z_{5}$', '$Z_{6}$')",3,0.7011775724720094,0.6945992702636741,-0.006578302208335329,41,True,"$|S \cap \{1,2\}| = 1$"
"('$Z_{1}$', '$Z_{2}$', '$Z_{3}$')",3,0.708960222713875,0.6958841167676127,-0.013076105946262295,41,False,"$S \cap \{1,2\} = \emptyset$"
"('$Z_{1}$', '$Z_{2}$', '$Z_{4}$')",3,0.7096934220822003,0.7005633749289991,-0.009130047153201204,41,False,"$S \cap \{1,2\} = \emptyset$"
"('$Z_{1}$', '$Z_{2}$', '$Z_{5}$')",3,0.7102421076964798,0.7045637120199721,-0.0056783956765076304,41,False,"$S \cap \{1,2\} = \emptyset$"
"('$Z_{1}$', '$Z_{2}$', '$Z_{6}$')",3,0.7083429058299567,0.698269546630195,-0.010073359199761711,41,False,"$S \cap \{1,2\} = \emptyset$"
"('$Z_{1}$', '$Z_{3}$', '$Z_{4}$')",3,0.7061843727686173,0.7000367440212196,-0.006147628747397715,41,False,"$S \cap \{1,2\} = \emptyset$"
"('$Z_{1}$', '$Z_{3}$', '$Z_{5}$')",3,0.706910531143017,0.7017138994050909,-0.005196631737926172,41,False,"$S \cap \{1,2\} = \emptyset$"
"('$Z_{1}$', '$Z_{3}$', '$Z_{6}$')",3,0.7043878608327836,0.7076561761246448,0.0032683152918612235,41,False,"$S \cap \{1,2\} = \emptyset$"
"('$Z_{1}$', '$Z_{4}$', '$Z_{5}$')",3,0.7086228957184171,0.6963555496455185,-0.012267346072898588,41,False,"$S \cap \{1,2\} = \emptyset$"
"('$Z_{1}$', '$Z_{4}$', '$Z_{6}$')",3,0.7062010013193942,0.707825886911982,0.001624885592587777,41,False,"$S \cap \{1,2\} = \emptyset$"
"('$Z_{1}$', '$Z_{5}$', '$Z_{6}$')",3,0.7054397931612555,0.7061642915353903,0.0007244983741347966,41,False,"$S \cap \{1,2\} = \emptyset$"
"('$Z_{2}$', '$Z_{3}$', '$Z_{4}$')",3,0.7100798332978994,0.7007309234752147,-0.009348909822684659,41,False,"$S \cap \{1,2\} = \emptyset$"
"('$Z_{2}$', '$Z_{3}$', '$Z_{5}$')",3,0.7081280933136873,0.706247982624748,-0.0018801106889393404,41,False,"$S \cap \{1,2\} = \emptyset$"
"('$Z_{2}$', '$Z_{3}$', '$Z_{6}$')",3,0.7083095624075443,0.701318926772511,-0.0069906356350333265,41,False,"$S \cap \{1,2\} = \emptyset$"
"('$Z_{2}$', '$Z_{4}$', '$Z_{5}$')",3,0.7130515908293757,0.7039080176016608,-0.009143573227714974,41,False,"$S \cap \{1,2\} = \emptyset$"
"('$Z_{2}$', '$Z_{4}$', '$Z_{6}$')",3,0.7106599554522074,0.7018808356862414,-0.008779119765966015,41,False,"$S \cap \{1,2\} = \emptyset$"
"('$Z_{2}$', '$Z_{5}$', '$Z_{6}$')",3,0.7055378645407677,0.7008711603319373,-0.004666704208830419,41,False,"$S \cap \{1,2\} = \emptyset$"
"('$Z_{3}$', '$Z_{4}$', '$Z_{5}$')",3,0.707412559949477,0.7089504156416747,0.001537855692197665,41,False,"$S \cap \{1,2\} = \emptyset$"
"('$Z_{3}$', '$Z_{4}$', '$Z_{6}$')",3,0.7080336457227964,0.7032997095248884,-0.004733936197907962,41,False,"$S \cap \{1,2\} = \emptyset$"
"('$Z_{3}$', '$Z_{5}$', '$Z_{6}$')",3,0.7047476908567173,0.7044309856585664,-0.0003167051981508573,41,False,"$S \cap \{1,2\} = \emptyset$"
"('$Z_{4}$', '$Z_{5}$', '$Z_{6}$')",3,0.7070350659654853,0.7012596816596998,-0.0057753843057855025,41,False,"$S \cap \{1,2\} = \emptyset$"
"('$X_1$', '$X_2$')",2,0.05268282258115064,0.7106088494394933,0.6579260268583427,42,True,"$S \supseteq \{1,2\}$"
"('$X_1$', '$Z_{1}$')",2,0.7016600155001618,0.7100430553865439,0.008383039886382115,42,True,"$|S \cap \{1,2\}| = 1$"
"('$X_1$', '$Z_{2}$')",2,0.706912320390624,0.7066633752453253,-0.0002489451452987179,42,True,"$|S \cap \{1,2\}| = 1$"
"('$X_1$', '$Z_{3}$')",2,0.704317427625017,0.7085375337194788,0.004220106094461773,42,True,"$|S \cap \{1,2\}| = 1$"
"('$X_1$', '$Z_{4}$')",2,0.7019836612328876,0.7120443342751778,0.010060673042290191,42,True,"$|S \cap \{1,2\}| = 1$"
"('$X_1$', '$Z_{5}$')",2,0.7155654801986506,0.7062132819221051,-0.009352198276545542,42,True,"$|S \cap \{1,2\}| = 1$"
"('$X_1$', '$Z_{6}$')",2,0.7083316441413547,0.7116016742970259,0.0032700301556711775,42,True,"$|S \cap \{1,2\}| = 1$"
"('$X_2$', '$Z_{1}$')",2,0.7089813713496096,0.7105659796923104,0.0015846083427007995,42,True,"$|S \cap \{1,2\}| = 1$"
"('$X_2$', '$Z_{2}$')",2,0.7103957858290882,0.7061214893841459,-0.0042742964449423715,42,True,"$|S \cap \{1,2\}| = 1$"
"('$X_2$', '$Z_{3}$')",2,0.7102462863855303,0.7118941651642051,0.0016478787786747828,42,True,"$|S \cap \{1,2\}| = 1$"
"('$X_2$', '$Z_{4}$')",2,0.7068013647111194,0.6994504000464811,-0.00735096466463836,42,True,"$|S \cap \{1,2\}| = 1$"
"('$X_2$', '$Z_{5}$')",2,0.716510351273204,0.7105686111969591,-0.005941740076244817,42,True,"$|S \cap \{1,2\}| = 1$"
"('$X_2$', '$Z_{6}$')",2,0.7158172184813093,0.7090334281932037,-0.006783790288105607,42,True,"$|S \cap \{1,2\}| = 1$"
"('$Z_{1}$', '$Z_{2}$')",2,0.7013836666065038,0.7036781844430882,0.0022945178365844088,42,False,"$S \cap \{1,2\} = \emptyset$"
"('$Z_{1}$', '$Z_{3}$')",2,0.6985217053052145,0.704355835686426,0.0058341303812115,42,False,"$S \cap \{1,2\} = \emptyset$"
"('$Z_{1}$', '$Z_{4}$')",2,0.695180652368865,0.7138870559207414,0.01870640355187647,42,False,"$S \cap \{1,2\} = \emptyset$"
"('$Z_{1}$', '$Z_{5}$')",2,0.7060320857246952,0.7067020063753517,0.0006699206506565192,42,False,"$S \cap \{1,2\} = \emptyset$"
"('$Z_{1}$', '$Z_{6}$')",2,0.7024752868114519,0.7081653539060094,0.005690067094557549,42,False,"$S \cap \{1,2\} = \emptyset$"
"('$Z_{2}$', '$Z_{3}$')",2,0.7047196326823709,0.7081950756713979,0.003475442989027022,42,False,"$S \cap \{1,2\} = \emptyset$"
"('$Z_{2}$', '$Z_{4}$')",2,0.7017179977585406,0.7116038576660882,0.009885859907547645,42,False,"$S \cap \{1,2\} = \emptyset$"
"('$Z_{2}$', '$Z_{5}$')",2,0.7083036603632583,0.7112558243013236,0.0029521639380652998,42,False,"$S \cap \{1,2\} = \emptyset$"
"('$Z_{2}$', '$Z_{6}$')",2,0.7010847764290454,0.7083986253196197,0.007313848890574293,42,False,"$S \cap \{1,2\} = \emptyset$"
"('$Z_{3}$', '$Z_{4}$')",2,0.7029558046811403,0.7048766721736089,0.0019208674924686697,42,False,"$S \cap \{1,2\} = \emptyset$"
"('$Z_{3}$', '$Z_{5}$')",2,0.709361113356396,0.7089129587628099,-0.0004481545935860476,42,False,"$S \cap \{1,2\} = \emptyset$"
"('$Z_{3}$', '$Z_{6}$')",2,0.7046502761753023,0.7005552272988581,-0.004095048876444185,42,False,"$S \cap \{1,2\} = \emptyset$"
"('$Z_{4}$', '$Z_{5}$')",2,0.7051585524607054,0.7186564300975103,0.013497877636804989,42,False,"$S \cap \{1,2\} = \emptyset$"
"('$Z_{4}$', '$Z_{6}$')",2,0.6992118769280327,0.7041337034257341,0.004921826497701454,42,False,"$S \cap \{1,2\} = \emptyset$"
"('$Z_{5}$', '$Z_{6}$')",2,0.7134322430718136,0.7129214814718725,-0.000510761599941123,42,False,"$S \cap \{1,2\} = \emptyset$"
"('$X_1$', '$X_2$', '$Z_{1}$')",3,0.18778805979185065,0.7016317409768948,0.5138436811850442,42,True,"$S \supseteq \{1,2\}$"
"('$X_1$', '$X_2$', '$Z_{2}$')",3,0.18835616942042346,0.7070752309964298,0.5187190615760063,42,True,"$S \supseteq \{1,2\}$"
"('$X_1$', '$X_2$', '$Z_{3}$')",3,0.17798323549455788,0.7080881477281649,0.530104912233607,42,True,"$S \supseteq \{1,2\}$"
"('$X_1$', '$X_2$', '$Z_{4}$')",3,0.18656519562350063,0.705667552510808,0.5191023568873074,42,True,"$S \supseteq \{1,2\}$"
"('$X_1$', '$X_2$', '$Z_{5}$')",3,0.18172106363959914,0.7028747520354062,0.521153688395807,42,True,"$S \supseteq \{1,2\}$"
"('$X_1$', '$X_2$', '$Z_{6}$')",3,0.18826607891037503,0.7087692443364462,0.5205031654260711,42,True,"$S \supseteq \{1,2\}$"
"('$X_1$', '$Z_{1}$', '$Z_{2}$')",3,0.6996867547140979,0.7003340618406192,0.0006473071265212793,42,True,"$|S \cap \{1,2\}| = 1$"
"('$X_1$', '$Z_{1}$', '$Z_{3}$')",3,0.6990033835409926,0.7024193843872969,0.0034160008463043345,42,True,"$|S \cap \{1,2\}| = 1$"
"('$X_1$', '$Z_{1}$', '$Z_{4}$')",3,0.6959701874258176,0.7015492914456147,0.00557910401979711,42,True,"$|S \cap \{1,2\}| = 1$"
"('$X_1$', '$Z_{1}$', '$Z_{5}$')",3,0.7021141979748093,0.7022693599057547,0.0001551619309453356,42,True,"$|S \cap \{1,2\}| = 1$"
"('$X_1$', '$Z_{1}$', '$Z_{6}$')",3,0.6979439605560267,0.7017811640370583,0.003837203481031559,42,True,"$|S \cap \{1,2\}| = 1$"
"('$X_1$', '$Z_{2}$', '$Z_{3}$')",3,0.7005755709256364,0.7058144684789577,0.005238897553321298,42,True,"$|S \cap \{1,2\}| = 1$"
"('$X_1$', '$Z_{2}$', '$Z_{4}$')",3,0.6985970961060934,0.7016509676937474,0.0030538715876539113,42,True,"$|S \cap \{1,2\}| = 1$"
"('$X_1$', '$Z_{2}$', '$Z_{5}$')",3,0.7058150626809572,0.694759247723955,-0.011055814957002141,42,True,"$|S \cap \{1,2\}| = 1$"
"('$X_1$', '$Z_{2}$', '$Z_{6}$')",3,0.7020138455377248,0.7090863863225002,0.007072540784775372,42,True,"$|S \cap \{1,2\}| = 1$"
"('$X_1$', '$Z_{3}$', '$Z_{4}$')",3,0.70198989000073,0.7063217198930102,0.004331829892280203,42,True,"$|S \cap \{1,2\}| = 1$"
"('$X_1$', '$Z_{3}$', '$Z_{5}$')",3,0.7081918762565477,0.6966811743070674,-0.011510701949480229,42,True,"$|S \cap \{1,2\}| = 1$"
"('$X_1$', '$Z_{3}$', '$Z_{6}$')",3,0.7037947948168478,0.7078161451687038,0.004021350351856023,42,True,"$|S \cap \{1,2\}| = 1$"
"('$X_1$', '$Z_{4}$', '$Z_{5}$')",3,0.7006406581381613,0.7035740483603042,0.0029333902221428954,42,True,"$|S \cap \{1,2\}| = 1$"
"('$X_1$', '$Z_{4}$', '$Z_{6}$')",3,0.699212359376774,0.7046090742656452,0.005396714888871279,42,True,"$|S \cap \{1,2\}| = 1$"
"('$X_1$', '$Z_{5}$', '$Z_{6}$')",3,0.7064395002243803,0.7015727019965664,-0.004866798227813884,42,True,"$|S \cap \{1,2\}| = 1$"
"('$X_2$', '$Z_{1}$', '$Z_{2}$')",3,0.7029458309878469,0.7068255814757177,0.0038797504878708144,42,True,"$|S \cap \{1,2\}| = 1$"
"('$X_2$', '$Z_{1}$', '$Z_{3}$')",3,0.7038229852196316,0.6976656230499483,-0.0061573621696833225,42,True,"$|S \cap \{1,2\}| = 1$"
"('$X_2$', '$Z_{1}$', '$Z_{4}$')",3,0.7017160437130683,0.6989881473038049,-0.0027278964092634084,42,True,"$|S \cap \{1,2\}| = 1$"
"('$X_2$', '$Z_{1}$', '$Z_{5}$')",3,0.7059358290661489,0.7088374948474422,0.00290166578129325,42,True,"$|S \cap \{1,2\}| = 1$"
"('$X_2$', '$Z_{1}$', '$Z_{6}$')",3,0.7048418830045403,0.710104351169241,0.005262468164700662,42,True,"$|S \cap \{1,2\}| = 1$"
"('$X_2$', '$Z_{2}$', '$Z_{3}$')",3,0.7075061867785049,0.7020889615317126,-0.005417225246792223,42,True,"$|S \cap \{1,2\}| = 1$"
"('$X_2$', '$Z_{2}$', '$Z_{4}$')",3,0.7035899806061057,0.7034527844764343,-0.00013719612967133532,42,True,"$|S \cap \{1,2\}| = 1$"
"('$X_2$', '$Z_{2}$', '$Z_{5}$')",3,0.7107722148895351,0.7031787211228318,-0.007593493766703374,42,True,"$|S \cap \{1,2\}| = 1$"
"('$X_2$', '$Z_{2}$', '$Z_{6}$')",3,0.7061025372019949,0.7079715900745402,0.0018690528725453515,42,True,"$|S \cap \{1,2\}| = 1$"
"('$X_2$', '$Z_{3}$', '$Z_{4}$')",3,0.7026908205695468,0.7062209264830683,0.003530105913521542,42,True,"$|S \cap \{1,2\}| = 1$"
"('$X_2$', '$Z_{3}$', '$Z_{5}$')",3,0.7121052150275876,0.7030196112778043,-0.009085603749783289,42,True,"$|S \cap \{1,2\}| = 1$"
"('$X_2$', '$Z_{3}$', '$Z_{6}$')",3,0.7077670699106329,0.7002937781132146,-0.007473291797418291,42,True,"$|S \cap \{1,2\}| = 1$"
"('$X_2$', '$Z_{4}$', '$Z_{5}$')",3,0.7069510008125323,0.7040011012441887,-0.0029498995683435725,42,True,"$|S \cap \{1,2\}| = 1$"
"('$X_2$', '$Z_{4}$', '$Z_{6}$')",3,0.7036107931690906,0.7064579405445968,0.002847147375506176,42,True,"$|S \cap \{1,2\}| = 1$"
"('$X_2$', '$Z_{5}$', '$Z_{6}$')",3,0.7125674614173816,0.7040684732552425,-0.00849898816213912,42,True,"$|S \cap \{1,2\}| = 1$"
"('$Z_{1}$', '$Z_{2}$', '$Z_{3}$')",3,0.7007398465834359,0.7067798660469946,0.006040019463558699,42,False,"$S \cap \{1,2\} = \emptyset$"
"('$Z_{1}$', '$Z_{2}$', '$Z_{4}$')",3,0.6959245531464051,0.7007022247036369,0.004777671557231744,42,False,"$S \cap \{1,2\} = \emptyset$"
"('$Z_{1}$', '$Z_{2}$', '$Z_{5}$')",3,0.7014567879482493,0.7050487030231646,0.0035919150749152973,42,False,"$S \cap \{1,2\} = \emptyset$"
"('$Z_{1}$', '$Z_{2}$', '$Z_{6}$')",3,0.6973959028078064,0.7073085057936664,0.009912602985860053,42,False,"$S \cap \{1,2\} = \emptyset$"
"('$Z_{1}$', '$Z_{3}$', '$Z_{4}$')",3,0.6961320871743071,0.7008335422849321,0.00470145511062503,42,False,"$S \cap \{1,2\} = \emptyset$"
"('$Z_{1}$', '$Z_{3}$', '$Z_{5}$')",3,0.702854206788059,0.7057360017532228,0.002881794965163831,42,False,"$S \cap \{1,2\} = \emptyset$"
"('$Z_{1}$', '$Z_{3}$', '$Z_{6}$')",3,0.7002017047269737,0.7047808364633088,0.0045791317363350625,42,False,"$S \cap \{1,2\} = \emptyset$"
"('$Z_{1}$', '$Z_{4}$', '$Z_{5}$')",3,0.6964235765971039,0.7030970777109329,0.006673501113829028,42,False,"$S \cap \{1,2\} = \emptyset$"
"('$Z_{1}$', '$Z_{4}$', '$Z_{6}$')",3,0.6932291759892798,0.7058245244086767,0.012595348419396912,42,False,"$S \cap \{1,2\} = \emptyset$"
"('$Z_{1}$', '$Z_{5}$', '$Z_{6}$')",3,0.7016556566715481,0.7041780124884202,0.0025223558168721016,42,False,"$S \cap \{1,2\} = \emptyset$"
"('$Z_{2}$', '$Z_{3}$', '$Z_{4}$')",3,0.6990533333719204,0.7058185194466766,0.00676518607475618,42,False,"$S \cap \{1,2\} = \emptyset$"
"('$Z_{2}$', '$Z_{3}$', '$Z_{5}$')",3,0.706827098330745,0.7023850535183077,-0.0044420448124372625,42,False,"$S \cap \{1,2\} = \emptyset$"
"('$Z_{2}$', '$Z_{3}$', '$Z_{6}$')",3,0.7014206613512172,0.7006505675790768,-0.0007700937721403234,42,False,"$S \cap \{1,2\} = \emptyset$"
"('$Z_{2}$', '$Z_{4}$', '$Z_{5}$')",3,0.7018455494415636,0.6998077613172491,-0.0020377881243145435,42,False,"$S \cap \{1,2\} = \emptyset$"
"('$Z_{2}$', '$Z_{4}$', '$Z_{6}$')",3,0.6951571118511427,0.7056193991853185,0.010462287334175757,42,False,"$S \cap \{1,2\} = \emptyset$"
"('$Z_{2}$', '$Z_{5}$', '$Z_{6}$')",3,0.7020208401272013,0.6998789414515444,-0.0021418986756569502,42,False,"$S \cap \{1,2\} = \emptyset$"
"('$Z_{3}$', '$Z_{4}$', '$Z_{5}$')",3,0.7033973359377185,0.7055955805325932,0.002198244594874721,42,False,"$S \cap \{1,2\} = \emptyset$"
"('$Z_{3}$', '$Z_{4}$', '$Z_{6}$')",3,0.6999374800331872,0.7025568085152328,0.002619328482045602,42,False,"$S \cap \{1,2\} = \emptyset$"
"('$Z_{3}$', '$Z_{5}$', '$Z_{6}$')",3,0.708375683792228,0.6958854552865226,-0.01249022850570547,42,False,"$S \cap \{1,2\} = \emptyset$"
"('$Z_{4}$', '$Z_{5}$', '$Z_{6}$')",3,0.7002449296112513,0.703439530635445,0.003194601024193666,42,False,"$S \cap \{1,2\} = \emptyset$"
"('$X_1$', '$X_2$')",2,0.04873599881145993,0.7067857863442077,0.6580497875327478,43,True,"$S \supseteq \{1,2\}$"
"('$X_1$', '$Z_{1}$')",2,0.7057135763815044,0.7061007000746409,0.00038712369313642636,43,True,"$|S \cap \{1,2\}| = 1$"
"('$X_1$', '$Z_{2}$')",2,0.6992111532893432,0.7033971393076675,0.004185986018324206,43,True,"$|S \cap \{1,2\}| = 1$"
"('$X_1$', '$Z_{3}$')",2,0.7058305109980515,0.7146332798905023,0.008802768892450796,43,True,"$|S \cap \{1,2\}| = 1$"
"('$X_1$', '$Z_{4}$')",2,0.7092707331176155,0.7087453062099339,-0.0005254269076815365,43,True,"$|S \cap \{1,2\}| = 1$"
"('$X_1$', '$Z_{5}$')",2,0.7121504572122412,0.7089854837389521,-0.0031649734732891455,43,True,"$|S \cap \{1,2\}| = 1$"
"('$X_1$', '$Z_{6}$')",2,0.7080649721725258,0.7058701394895606,-0.0021948326829652753,43,True,"$|S \cap \{1,2\}| = 1$"
"('$X_2$', '$Z_{1}$')",2,0.7123290164659163,0.6918840878311459,-0.020444928634770432,43,True,"$|S \cap \{1,2\}| = 1$"
"('$X_2$', '$Z_{2}$')",2,0.6964383563470908,0.712903986111777,0.01646562976468613,43,True,"$|S \cap \{1,2\}| = 1$"
"('$X_2$', '$Z_{3}$')",2,0.7042371942523623,0.7056571855520372,0.0014199912996748498,43,True,"$|S \cap \{1,2\}| = 1$"
"('$X_2$', '$Z_{4}$')",2,0.7080608585097931,0.7084313486858662,0.00037049017607315715,43,True,"$|S \cap \{1,2\}| = 1$"
"('$X_2$', '$Z_{5}$')",2,0.7092406382395755,0.7072358075521533,-0.0020048306874221877,43,True,"$|S \cap \{1,2\}| = 1$"
"('$X_2$', '$Z_{6}$')",2,0.7030652915660928,0.7099479397292022,0.006882648163109462,43,True,"$|S \cap \{1,2\}| = 1$"
"('$Z_{1}$', '$Z_{2}$')",2,0.7054833072085511,0.7084098149597434,0.0029265077511922977,43,False,"$S \cap \{1,2\} = \emptyset$"
"('$Z_{1}$', '$Z_{3}$')",2,0.709949851723448,0.7014711382302874,-0.00847871349316065,43,False,"$S \cap \{1,2\} = \emptyset$"
"('$Z_{1}$', '$Z_{4}$')",2,0.7069586492578888,0.7112619941697076,0.004303344911818829,43,False,"$S \cap \{1,2\} = \emptyset$"
"('$Z_{1}$', '$Z_{5}$')",2,0.714815994292448,0.7132147458310458,-0.0016012484614021938,43,False,"$S \cap \{1,2\} = \emptyset$"
"('$Z_{1}$', '$Z_{6}$')",2,0.712838930206003,0.7063855035175329,-0.006453426688470043,43,False,"$S \cap \{1,2\} = \emptyset$"
"('$Z_{2}$', '$Z_{3}$')",2,0.6970637192769956,0.6984626101437927,0.00139889086679712,43,False,"$S \cap \{1,2\} = \emptyset$"
"('$Z_{2}$', '$Z_{4}$')",2,0.7034324901035488,0.6953440449276944,-0.008088445175854386,43,False,"$S \cap \{1,2\} = \emptyset$"
"('$Z_{2}$', '$Z_{5}$')",2,0.7077444239417771,0.7037961694676544,-0.003948254474122614,43,False,"$S \cap \{1,2\} = \emptyset$"
"('$Z_{2}$', '$Z_{6}$')",2,0.7024294073733502,0.708625180391188,0.006195773017837802,43,False,"$S \cap \{1,2\} = \emptyset$"
"('$Z_{3}$', '$Z_{4}$')",2,0.7060094188422043,0.7082259503532583,0.002216531511054054,43,False,"$S \cap \{1,2\} = \emptyset$"
"('$Z_{3}$', '$Z_{5}$')",2,0.7119803636835241,0.7108902643190713,-0.0010900993644528123,43,False,"$S \cap \{1,2\} = \emptyset$"
"('$Z_{3}$', '$Z_{6}$')",2,0.7025484304127547,0.7106874733405929,0.00813904292783818,43,False,"$S \cap \{1,2\} = \emptyset$"
"('$Z_{4}$', '$Z_{5}$')",2,0.7118474477629707,0.7092491558695196,-0.0025982918934510657,43,False,"$S \cap \{1,2\} = \emptyset$"
"('$Z_{4}$', '$Z_{6}$')",2,0.708857237597927,0.7058825981882968,-0.0029746394096301643,43,False,"$S \cap \{1,2\} = \emptyset$"
"('$Z_{5}$', '$Z_{6}$')",2,0.7072191174029719,0.7072002056202582,-1.89117827137375e-05,43,False,"$S \cap \{1,2\} = \emptyset$"
"('$X_1$', '$X_2$', '$Z_{1}$')",3,0.18300948573343898,0.7121162661959894,0.5291067804625504,43,True,"$S \supseteq \{1,2\}$"
"('$X_1$', '$X_2$', '$Z_{2}$')",3,0.1983986674488691,0.7012871037005212,0.502888436251652,43,True,"$S \supseteq \{1,2\}$"
"('$X_1$', '$X_2$', '$Z_{3}$')",3,0.1804158801533674,0.6993968677956027,0.5189809876422353,43,True,"$S \supseteq \{1,2\}$"
"('$X_1$', '$X_2$', '$Z_{4}$')",3,0.19819443695323724,0.7017690960226763,0.5035746590694391,43,True,"$S \supseteq \{1,2\}$"
"('$X_1$', '$X_2$', '$Z_{5}$')",3,0.19936259636863018,0.701619540590646,0.5022569442220158,43,True,"$S \supseteq \{1,2\}$"
"('$X_1$', '$X_2$', '$Z_{6}$')",3,0.19563105089701713,0.7041848719759375,0.5085538210789203,43,True,"$S \supseteq \{1,2\}$"
"('$X_1$', '$Z_{1}$', '$Z_{2}$')",3,0.6987014014417909,0.7016041560140479,0.0029027545722569714,43,True,"$|S \cap \{1,2\}| = 1$"
"('$X_1$', '$Z_{1}$', '$Z_{3}$')",3,0.7046175493315471,0.6978110153752195,-0.006806533956327576,43,True,"$|S \cap \{1,2\}| = 1$"
"('$X_1$', '$Z_{1}$', '$Z_{4}$')",3,0.701445994226277,0.7052744041706874,0.0038284099444104713,43,True,"$|S \cap \{1,2\}| = 1$"
"('$X_1$', '$Z_{1}$', '$Z_{5}$')",3,0.7072464904092983,0.7029417968477739,-0.004304693561524409,43,True,"$|S \cap \{1,2\}| = 1$"
"('$X_1$', '$Z_{1}$', '$Z_{6}$')",3,0.7080682463013834,0.6943643924914666,-0.013703853809916788,43,True,"$|S \cap \{1,2\}| = 1$"
"('$X_1$', '$Z_{2}$', '$Z_{3}$')",3,0.6963962576624986,0.7019354842321073,0.005539226569608702,43,True,"$|S \cap \{1,2\}| = 1$"
"('$X_1$', '$Z_{2}$', '$Z_{4}$')",3,0.6972389176294278,0.702092896802599,0.004853979173171208,43,True,"$|S \cap \{1,2\}| = 1$"
"('$X_1$', '$Z_{2}$', '$Z_{5}$')",3,0.6986436103257656,0.7063362344866019,0.00769262416083627,43,True,"$|S \cap \{1,2\}| = 1$"
"('$X_1$', '$Z_{2}$', '$Z_{6}$')",3,0.7004732037561876,0.7049651872656093,0.004491983509421704,43,True,"$|S \cap \{1,2\}| = 1$"
"('$X_1$', '$Z_{3}$', '$Z_{4}$')",3,0.705417336583128,0.7056724945294978,0.0002551579463697662,43,True,"$|S \cap \{1,2\}| = 1$"
"('$X_1$', '$Z_{3}$', '$Z_{5}$')",3,0.705291577112959,0.7020372957241087,-0.003254281388850311,43,True,"$|S \cap \{1,2\}| = 1$"
"('$X_1$', '$Z_{3}$', '$Z_{6}$')",3,0.7020367546307019,0.70811396954207,0.006077214911368034,43,True,"$|S \cap \{1,2\}| = 1$"
"('$X_1$', '$Z_{4}$', '$Z_{5}$')",3,0.7067151955019103,0.7055522182725582,-0.0011629772293521023,43,True,"$|S \cap \{1,2\}| = 1$"
"('$X_1$', '$Z_{4}$', '$Z_{6}$')",3,0.7055963677614627,0.7070173380228255,0.0014209702613627861,43,True,"$|S \cap \{1,2\}| = 1$"
"('$X_1$', '$Z_{5}$', '$Z_{6}$')",3,0.7038861957662298,0.6990093805805513,-0.004876815185678507,43,True,"$|S \cap \{1,2\}| = 1$"
"('$X_2$', '$Z_{1}$', '$Z_{2}$')",3,0.7021437926008149,0.6940266152551317,-0.00811717734568329,43,True,"$|S \cap \{1,2\}| = 1$"
"('$X_2$', '$Z_{1}$', '$Z_{3}$')",3,0.7064661502123709,0.7072823074981691,0.0008161572857982025,43,True,"$|S \cap \{1,2\}| = 1$"
"('$X_2$', '$Z_{1}$', '$Z_{4}$')",3,0.7064145788180703,0.7067329901656911,0.00031841134762078394,43,True,"$|S \cap \{1,2\}| = 1$"
"('$X_2$', '$Z_{1}$', '$Z_{5}$')",3,0.7120245880906618,0.7075256611477989,-0.004498926942862913,43,True,"$|S \cap \{1,2\}| = 1$"
"('$X_2$', '$Z_{1}$', '$Z_{6}$')",3,0.7084882380445472,0.7026763338533408,-0.005811904191206363,43,True,"$|S \cap \{1,2\}| = 1$"
"('$X_2$', '$Z_{2}$', '$Z_{3}$')",3,0.6951121455924556,0.7053186851435913,0.010206539551135707,43,True,"$|S \cap \{1,2\}| = 1$"
"('$X_2$', '$Z_{2}$', '$Z_{4}$')",3,0.6995910292681352,0.7026645143979422,0.0030734851298069854,43,True,"$|S \cap \{1,2\}| = 1$"
"('$X_2$', '$Z_{2}$', '$Z_{5}$')",3,0.6989795521208186,0.7026704875434691,0.003690935422650421,43,True,"$|S \cap \{1,2\}| = 1$"
"('$X_2$', '$Z_{2}$', '$Z_{6}$')",3,0.7000120617616347,0.6997656140775446,-0.00024644768409010087,43,True,"$|S \cap \{1,2\}| = 1$"
"('$X_2$', '$Z_{3}$', '$Z_{4}$')",3,0.7050242181833174,0.699743860689983,-0.005280357493334442,43,True,"$|S \cap \{1,2\}| = 1$"
"('$X_2$', '$Z_{3}$', '$Z_{5}$')",3,0.7046049861217293,0.7011147657988723,-0.0034902203228569517,43,True,"$|S \cap \{1,2\}| = 1$"
"('$X_2$', '$Z_{3}$', '$Z_{6}$')",3,0.7018530999028008,0.7003331878069857,-0.0015199120958150347,43,True,"$|S \cap \{1,2\}| = 1$"
"('$X_2$', '$Z_{4}$', '$Z_{5}$')",3,0.7062809997324697,0.6956905453636448,-0.010590454368824886,43,True,"$|S \cap \{1,2\}| = 1$"
"('$X_2$', '$Z_{4}$', '$Z_{6}$')",3,0.7096942481231062,0.6967939170152333,-0.01290033110787292,43,True,"$|S \cap \{1,2\}| = 1$"
"('$X_2$', '$Z_{5}$', '$Z_{6}$')",3,0.704772032932377,0.7036355364434753,-0.0011364964889016838,43,True,"$|S \cap \{1,2\}| = 1$"
"('$Z_{1}$', '$Z_{2}$', '$Z_{3}$')",3,0.6997154600085602,0.7071813742766478,0.007465914268087626,43,False,"$S \cap \{1,2\} = \emptyset$"
"('$Z_{1}$', '$Z_{2}$', '$Z_{4}$')",3,0.6990602687756925,0.705576598237223,0.006516329461530468,43,False,"$S \cap \{1,2\} = \emptyset$"
"('$Z_{1}$', '$Z_{2}$', '$Z_{5}$')",3,0.707088305536635,0.7066175331856696,-0.0004707723509654871,43,False,"$S \cap \{1,2\} = \emptyset$"
"('$Z_{1}$', '$Z_{2}$', '$Z_{6}$')",3,0.7057079205735236,0.6963399269945799,-0.00936799357894369,43,False,"$S \cap \{1,2\} = \emptyset$"
"('$Z_{1}$', '$Z_{3}$', '$Z_{4}$')",3,0.7041934377685106,0.7023163229536423,-0.001877114814868297,43,False,"$S \cap \{1,2\} = \emptyset$"
"('$Z_{1}$', '$Z_{3}$', '$Z_{5}$')",3,0.7095318772729448,0.6997219179330121,-0.009809959339932672,43,False,"$S \cap \{1,2\} = \emptyset$"
"('$Z_{1}$', '$Z_{3}$', '$Z_{6}$')",3,0.7052848761051516,0.7048710227156018,-0.0004138533895498009,43,False,"$S \cap \{1,2\} = \emptyset$"
"('$Z_{1}$', '$Z_{4}$', '$Z_{5}$')",3,0.7063799731796919,0.7035900070682107,-0.0027899661114811902,43,False,"$S \cap \{1,2\} = \emptyset$"
"('$Z_{1}$', '$Z_{4}$', '$Z_{6}$')",3,0.7076724824193446,0.7035618616413907,-0.004110620777953877,43,False,"$S \cap \{1,2\} = \emptyset$"
"('$Z_{1}$', '$Z_{5}$', '$Z_{6}$')",3,0.7090331514509582,0.699217828685197,-0.009815322765761247,43,False,"$S \cap \{1,2\} = \emptyset$"
"('$Z_{2}$', '$Z_{3}$', '$Z_{4}$')",3,0.6989066603318623,0.7029917091258586,0.004085048793996293,43,False,"$S \cap \{1,2\} = \emptyset$"
"('$Z_{2}$', '$Z_{3}$', '$Z_{5}$')",3,0.7002025794446636,0.7054949337262942,0.005292354281630662,43,False,"$S \cap \{1,2\} = \emptyset$"
"('$Z_{2}$', '$Z_{3}$', '$Z_{6}$')",3,0.6994619304206517,0.6973563896598448,-0.0021055407608069343,43,False,"$S \cap \{1,2\} = \emptyset$"
"('$Z_{2}$', '$Z_{4}$', '$Z_{5}$')",3,0.7013431345321406,0.7067951083715779,0.005451973839437296,43,False,"$S \cap \{1,2\} = \emptyset$"
"('$Z_{2}$', '$Z_{4}$', '$Z_{6}$')",3,0.7014822785327709,0.6975449640437823,-0.003937314488988597,43,False,"$S \cap \{1,2\} = \emptyset$"
"('$Z_{2}$', '$Z_{5}$', '$Z_{6}$')",3,0.7000916394786991,0.7081428286886451,0.008051189209945964,43,False,"$S \cap \{1,2\} = \emptyset$"
"('$Z_{3}$', '$Z_{4}$', '$Z_{5}$')",3,0.7071968314198627,0.7029886983827978,-0.0042081330370649095,43,False,"$S \cap \{1,2\} = \emptyset$"
"('$Z_{3}$', '$Z_{4}$', '$Z_{6}$')",3,0.7073360059026917,0.6983023449767614,-0.009033660925930387,43,False,"$S \cap \{1,2\} = \emptyset$"
"('$Z_{3}$', '$Z_{5}$', '$Z_{6}$')",3,0.7033133659691521,0.7068605040081065,0.003547138038954456,43,False,"$S \cap \{1,2\} = \emptyset$"
"('$Z_{4}$', '$Z_{5}$', '$Z_{6}$')",3,0.7060558760460194,0.7059094739133452,-0.00014640213267413937,43,False,"$S \cap \{1,2\} = \emptyset$"
"('$X_1$', '$X_2$')",2,0.061965380526204254,0.7098673801554447,0.6479019996292404,44,True,"$S \supseteq \{1,2\}$"
"('$X_1$', '$Z_{1}$')",2,0.6998902257536392,0.7117471002306432,0.011856874477004009,44,True,"$|S \cap \{1,2\}| = 1$"
"('$X_1$', '$Z_{2}$')",2,0.7029547197878564,0.7060282440427359,0.0030735242548795005,44,True,"$|S \cap \{1,2\}| = 1$"
"('$X_1$', '$Z_{3}$')",2,0.699226687886769,0.7089898314910782,0.009763143604309188,44,True,"$|S \cap \{1,2\}| = 1$"
"('$X_1$', '$Z_{4}$')",2,0.7005403626519388,0.7059473296439641,0.005406966992025364,44,True,"$|S \cap \{1,2\}| = 1$"
"('$X_1$', '$Z_{5}$')",2,0.7054935852303653,0.708880512235075,0.003386927004709661,44,True,"$|S \cap \{1,2\}| = 1$"
"('$X_1$', '$Z_{6}$')",2,0.7079191580451215,0.7086985899483556,0.0007794319032340402,44,True,"$|S \cap \{1,2\}| = 1$"
"('$X_2$', '$Z_{1}$')",2,0.7018277283418729,0.7047755125224758,0.0029477841806029303,44,True,"$|S \cap \{1,2\}| = 1$"
"('$X_2$', '$Z_{2}$')",2,0.7034249415011196,0.7009982066162661,-0.0024267348848534542,44,True,"$|S \cap \{1,2\}| = 1$"
"('$X_2$', '$Z_{3}$')",2,0.7063758485697365,0.7100827708922364,0.003706922322499917,44,True,"$|S \cap \{1,2\}| = 1$"
"('$X_2$', '$Z_{4}$')",2,0.7031688858014775,0.7042304142835563,0.001061528482078744,44,True,"$|S \cap \{1,2\}| = 1$"
"('$X_2$', '$Z_{5}$')",2,0.705487416437884,0.7059965084088557,0.000509091970971709,44,True,"$|S \cap \{1,2\}| = 1$"
"('$X_2$', '$Z_{6}$')",2,0.7036990665744979,0.709114586478383,0.005415519903885113,44,True,"$|S \cap \{1,2\}| = 1$"
"('$Z_{1}$', '$Z_{2}$')",2,0.7003501203313935,0.7102267973086598,0.009876676977266241,44,False,"$S \cap \{1,2\} = \emptyset$"
"('$Z_{1}$', '$Z_{3}$')",2,0.7009785082844153,0.7038915738743633,0.002913065589947972,44,False,"$S \cap \{1,2\} = \emptyset$"
"('$Z_{1}$', '$Z_{4}$')",2,0.7011004154445142,0.7110410831095992,0.009940667665085057,44,False,"$S \cap \{1,2\} = \emptyset$"
"('$Z_{1}$', '$Z_{5}$')",2,0.7053714311935996,0.7072928410996678,0.001921409906068261,44,False,"$S \cap \{1,2\} = \emptyset$"
"('$Z_{1}$', '$Z_{6}$')",2,0.6974057033752797,0.7061662451497576,0.008760541774477826,44,False,"$S \cap \{1,2\} = \emptyset$"
"('$Z_{2}$', '$Z_{3}$')",2,0.70177116807969,0.7042444306551758,0.0024732625754858573,44,False,"$S \cap \{1,2\} = \emptyset$"
"('$Z_{2}$', '$Z_{4}$')",2,0.7089006273974684,0.7096794009318041,0.0007787735343357527,44,False,"$S \cap \{1,2\} = \emptyset$"
"('$Z_{2}$', '$Z_{5}$')",2,0.7087621480764322,0.7087915002289041,2.935215247190648e-05,44,False,"$S \cap \{1,2\} = \emptyset$"
"('$Z_{2}$', '$Z_{6}$')",2,0.7052344321425378,0.7029201695098761,-0.0023142626326616567,44,False,"$S \cap \{1,2\} = \emptyset$"
"('$Z_{3}$', '$Z_{4}$')",2,0.704878336265584,0.7079079330213363,0.0030295967557522063,44,False,"$S \cap \{1,2\} = \emptyset$"
"('$Z_{3}$', '$Z_{5}$')",2,0.7017050952880776,0.6997512111116245,-0.0019538841764530357,44,False,"$S \cap \{1,2\} = \emptyset$"
"('$Z_{3}$', '$Z_{6}$')",2,0.7052820689821053,0.7130004019854057,0.007718333003300382,44,False,"$S \cap \{1,2\} = \emptyset$"
"('$Z_{4}$', '$Z_{5}$')",2,0.7016214214687806,0.7106800756858197,0.009058654217039108,44,False,"$S \cap \{1,2\} = \emptyset$"
"('$Z_{4}$', '$Z_{6}$')",2,0.7081450318992704,0.7035128997360186,-0.0046321321632517565,44,False,"$S \cap \{1,2\} = \emptyset$"
"('$Z_{5}$', '$Z_{6}$')",2,0.7035811123845038,0.7070023198385494,0.003421207454045616,44,False,"$S \cap \{1,2\} = \emptyset$"
"('$X_1$', '$X_2$', '$Z_{1}$')",3,0.19909162267500227,0.7017708397956474,0.5026792171206451,44,True,"$S \supseteq \{1,2\}$"
"('$X_1$', '$X_2$', '$Z_{2}$')",3,0.1934059911131052,0.7064119757223596,0.5130059846092544,44,True,"$S \supseteq \{1,2\}$"
"('$X_1$', '$X_2$', '$Z_{3}$')",3,0.1971185796180514,0.6986142351773826,0.5014956555593313,44,True,"$S \supseteq \{1,2\}$"
"('$X_1$', '$X_2$', '$Z_{4}$')",3,0.19403072060748477,0.7088540776204881,0.5148233570130034,44,True,"$S \supseteq \{1,2\}$"
"('$X_1$', '$X_2$', '$Z_{5}$')",3,0.20091094999382955,0.6983808558589187,0.4974699058650892,44,True,"$S \supseteq \{1,2\}$"
"('$X_1$', '$X_2$', '$Z_{6}$')",3,0.20704528676126865,0.7034443856747794,0.49639909891351075,44,True,"$S \supseteq \{1,2\}$"
"('$X_1$', '$Z_{1}$', '$Z_{2}$')",3,0.6988983443433633,0.7042168332761255,0.005318488932762211,44,True,"$|S \cap \{1,2\}| = 1$"
"('$X_1$', '$Z_{1}$', '$Z_{3}$')",3,0.6990149149834851,0.6996339606443375,0.0006190456608523576,44,True,"$|S \cap \{1,2\}| = 1$"
"('$X_1$', '$Z_{1}$', '$Z_{4}$')",3,0.6961365219695564,0.7028490602114916,0.006712538241935184,44,True,"$|S \cap \{1,2\}| = 1$"
"('$X_1$', '$Z_{1}$', '$Z_{5}$')",3,0.7012896736230866,0.7075715050942688,0.00628183147118222,44,True,"$|S \cap \{1,2\}| = 1$"
"('$X_1$', '$Z_{1}$', '$Z_{6}$')",3,0.6984327592069499,0.702398126697075,0.003965367490125105,44,True,"$|S \cap \{1,2\}| = 1$"
"('$X_1$', '$Z_{2}$', '$Z_{3}$')",3,0.6998760986800248,0.7035476254021403,0.00367152672211557,44,True,"$|S \cap \{1,2\}| = 1$"
"('$X_1$', '$Z_{2}$', '$Z_{4}$')",3,0.7019064493297382,0.7098847102478162,0.007978260918077962,44,True,"$|S \cap \{1,2\}| = 1$"
"('$X_1$', '$Z_{2}$', '$Z_{5}$')",3,0.7033884617396943,0.6975190824825731,-0.005869379257121166,44,True,"$|S \cap \{1,2\}| = 1$"
"('$X_1$', '$Z_{2}$', '$Z_{6}$')",3,0.7040099593079311,0.704088894512879,7.89352049479497e-05,44,True,"$|S \cap \{1,2\}| = 1$"
"('$X_1$', '$Z_{3}$', '$Z_{4}$')",3,0.6979688026619194,0.7068584194415166,0.00888961677959721,44,True,"$|S \cap \{1,2\}| = 1$"
"('$X_1$', '$Z_{3}$', '$Z_{5}$')",3,0.6981805928704002,0.7105356636473457,0.01235507077694542,44,True,"$|S \cap \{1,2\}| = 1$"
"('$X_1$', '$Z_{3}$', '$Z_{6}$')",3,0.702858134374894,0.7022777260488303,-0.0005804083260636528,44,True,"$|S \cap \{1,2\}| = 1$"
"('$X_1$', '$Z_{4}$', '$Z_{5}$')",3,0.6987875746855816,0.7067752109081645,0.007987636222582917,44,True,"$|S \cap \{1,2\}| = 1$"
"('$X_1$', '$Z_{4}$', '$Z_{6}$')",3,0.7025367608151972,0.696735093877784,-0.005801666937413241,44,True,"$|S \cap \{1,2\}| = 1$"
"('$X_1$', '$Z_{5}$', '$Z_{6}$')",3,0.7041138989429113,0.7093043792518348,0.00519048030892344,44,True,"$|S \cap \{1,2\}| = 1$"
"('$X_2$', '$Z_{1}$', '$Z_{2}$')",3,0.6971966059175715,0.6945520510523238,-0.002644554865247728,44,True,"$|S \cap \{1,2\}| = 1$"
"('$X_2$', '$Z_{1}$', '$Z_{3}$')",3,0.699772476694297,0.7056661780975555,0.005893701403258511,44,True,"$|S \cap \{1,2\}| = 1$"
"('$X_2$', '$Z_{1}$', '$Z_{4}$')",3,0.6977397431055201,0.7061808353052131,0.008441092199693023,44,True,"$|S \cap \{1,2\}| = 1$"
"('$X_2$', '$Z_{1}$', '$Z_{5}$')",3,0.6999620665248975,0.7012828121848192,0.001320745659921796,44,True,"$|S \cap \{1,2\}| = 1$"
"('$X_2$', '$Z_{1}$', '$Z_{6}$')",3,0.7006972436526151,0.701171984669202,0.0004747410165869548,44,True,"$|S \cap \{1,2\}| = 1$"
"('$X_2$', '$Z_{2}$', '$Z_{3}$')",3,0.7016769291901241,0.7052478795234641,0.003570950333339984,44,True,"$|S \cap \{1,2\}| = 1$"
"('$X_2$', '$Z_{2}$', '$Z_{4}$')",3,0.7008645055705877,0.7061085256293721,0.005244020058784438,44,True,"$|S \cap \{1,2\}| = 1$"
"('$X_2$', '$Z_{2}$', '$Z_{5}$')",3,0.7011432487791239,0.701105836507966,-3.741227115794388e-05,44,True,"$|S \cap \{1,2\}| = 1$"
"('$X_2$', '$Z_{2}$', '$Z_{6}$')",3,0.6987073325131037,0.7070902560984994,0.008382923585395718,44,True,"$|S \cap \{1,2\}| = 1$"
"('$X_2$', '$Z_{3}$', '$Z_{4}$')",3,0.7020614325807756,0.7078705168742292,0.005809084293453615,44,True,"$|S \cap \{1,2\}| = 1$"
"('$X_2$', '$Z_{3}$', '$Z_{5}$')",3,0.7031168081909421,0.6985691819872303,-0.004547626203711852,44,True,"$|S \cap \{1,2\}| = 1$"
"('$X_2$', '$Z_{3}$', '$Z_{6}$')",3,0.7039999455437108,0.7058402011176819,0.0018402555739710502,44,True,"$|S \cap \{1,2\}| = 1$"
"('$X_2$', '$Z_{4}$', '$Z_{5}$')",3,0.7007709620681319,0.7047978110539908,0.004026848985858811,44,True,"$|S \cap \{1,2\}| = 1$"
"('$X_2$', '$Z_{4}$', '$Z_{6}$')",3,0.7019558533640374,0.6991079314264712,-0.0028479219375662224,44,True,"$|S \cap \{1,2\}| = 1$"
"('$X_2$', '$Z_{5}$', '$Z_{6}$')",3,0.70253462023789,0.710716753253183,0.008182133015292914,44,True,"$|S \cap \{1,2\}| = 1$"
"('$Z_{1}$', '$Z_{2}$', '$Z_{3}$')",3,0.7002862554412225,0.7030999601528106,0.0028137047115881497,44,False,"$S \cap \{1,2\} = \emptyset$"
"('$Z_{1}$', '$Z_{2}$', '$Z_{4}$')",3,0.7013624556843213,0.7074600577804321,0.006097602096110766,44,False,"$S \cap \{1,2\} = \emptyset$"
"('$Z_{1}$', '$Z_{2}$', '$Z_{5}$')",3,0.7023994648487955,0.7093482355426991,0.00694877069390365,44,False,"$S \cap \{1,2\} = \emptyset$"
"('$Z_{1}$', '$Z_{2}$', '$Z_{6}$')",3,0.6978493085019407,0.7130142148593032,0.015164906357362451,44,False,"$S \cap \{1,2\} = \emptyset$"
"('$Z_{1}$', '$Z_{3}$', '$Z_{4}$')",3,0.6992239220965831,0.7032735837980596,0.00404966170147647,44,False,"$S \cap \{1,2\} = \emptyset$"
"('$Z_{1}$', '$Z_{3}$', '$Z_{5}$')",3,0.700633499106616,0.7010937463165238,0.00046024720990778256,44,False,"$S \cap \{1,2\} = \emptyset$"
"('$Z_{1}$', '$Z_{3}$', '$Z_{6}$')",3,0.6991161823368991,0.69824726108035,-0.0008689212565491378,44,False,"$S \cap \{1,2\} = \emptyset$"
"('$Z_{1}$', '$Z_{4}$', '$Z_{5}$')",3,0.7008561140265133,0.708415327366477,0.007559213339963788,44,False,"$S \cap \{1,2\} = \emptyset$"
"('$Z_{1}$', '$Z_{4}$', '$Z_{6}$')",3,0.7021463451927683,0.7022546213441092,0.00010827615134090252,44,False,"$S \cap \{1,2\} = \emptyset$"
"('$Z_{1}$', '$Z_{5}$', '$Z_{6}$')",3,0.6998546521558567,0.7051203678811154,0.005265715725258691,44,False,"$S \cap \{1,2\} = \emptyset$"
"('$Z_{2}$', '$Z_{3}$', '$Z_{4}$')",3,0.7051445130660725,0.7005948616029796,-0.004549651463092941,44,False,"$S \cap \{1,2\} = \emptyset$"
"('$Z_{2}$', '$Z_{3}$', '$Z_{5}$')",3,0.7030028015229128,0.7051422327625686,0.0021394312396557646,44,False,"$S \cap \{1,2\} = \emptyset$"
"('$Z_{2}$', '$Z_{3}$', '$Z_{6}$')",3,0.7011915701289173,0.6981585420785272,-0.003033028050390074,44,False,"$S \cap \{1,2\} = \emptyset$"
"('$Z_{2}$', '$Z_{4}$', '$Z_{5}$')",3,0.704559880659896,0.7024345401441512,-0.002125340515744867,44,False,"$S \cap \{1,2\} = \emptyset$"
"('$Z_{2}$', '$Z_{4}$', '$Z_{6}$')",3,0.7066456708759667,0.702959394956405,-0.003686275919561721,44,False,"$S \cap \{1,2\} = \emptyset$"
"('$Z_{2}$', '$Z_{5}$', '$Z_{6}$')",3,0.7019413850846303,0.7055118854633233,0.003570500378692998,44,False,"$S \cap \{1,2\} = \emptyset$"
"('$Z_{3}$', '$Z_{4}$', '$Z_{5}$')",3,0.6996721253972378,0.7029172191271977,0.003245093729959958,44,False,"$S \cap \{1,2\} = \emptyset$"
"('$Z_{3}$', '$Z_{4}$', '$Z_{6}$')",3,0.7070610175076536,0.7035372346385165,-0.0035237828691371265,44,False,"$S \cap \{1,2\} = \emptyset$"
"('$Z_{3}$', '$Z_{5}$', '$Z_{6}$')",3,0.6994497781324847,0.7065680747855394,0.007118296653054745,44,False,"$S \cap \{1,2\} = \emptyset$"
"('$Z_{4}$', '$Z_{5}$', '$Z_{6}$')",3,0.7020062201508381,0.698042485140493,-0.003963735010345082,44,False,"$S \cap \{1,2\} = \emptyset$"
"('$X_1$', '$X_2$')",2,0.04814247431239295,0.7092063652292897,0.6610638909168968,45,True,"$S \supseteq \{1,2\}$"
"('$X_1$', '$Z_{1}$')",2,0.7080710781409927,0.7096917409558308,0.0016206628148380808,45,True,"$|S \cap \{1,2\}| = 1$"
"('$X_1$', '$Z_{2}$')",2,0.7120438125819123,0.7048834017235438,-0.007160410858368493,45,True,"$|S \cap \{1,2\}| = 1$"
"('$X_1$', '$Z_{3}$')",2,0.7093464061051752,0.7119771219149261,0.0026307158097509387,45,True,"$|S \cap \{1,2\}| = 1$"
"('$X_1$', '$Z_{4}$')",2,0.7167303846106312,0.7057662052074573,-0.010964179403173957,45,True,"$|S \cap \{1,2\}| = 1$"
"('$X_1$', '$Z_{5}$')",2,0.7098567647139393,0.6995373345711742,-0.010319430142765151,45,True,"$|S \cap \{1,2\}| = 1$"
"('$X_1$', '$Z_{6}$')",2,0.7109809899912635,0.7100787929883049,-0.0009021970029585713,45,True,"$|S \cap \{1,2\}| = 1$"
"('$X_2$', '$Z_{1}$')",2,0.7032370129696228,0.7136033973089844,0.010366384339361545,45,True,"$|S \cap \{1,2\}| = 1$"
"('$X_2$', '$Z_{2}$')",2,0.7038753838684362,0.7003914503710673,-0.003483933497368863,45,True,"$|S \cap \{1,2\}| = 1$"
"('$X_2$', '$Z_{3}$')",2,0.7043413625838417,0.7072650059653409,0.002923643381499197,45,True,"$|S \cap \{1,2\}| = 1$"
"('$X_2$', '$Z_{4}$')",2,0.708957815262424,0.7111022040506902,0.0021443887882662827,45,True,"$|S \cap \{1,2\}| = 1$"
"('$X_2$', '$Z_{5}$')",2,0.7111505431582927,0.7060012028104724,-0.00514934034782033,45,True,"$|S \cap \{1,2\}| = 1$"
"('$X_2$', '$Z_{6}$')",2,0.7060401938825109,0.7156086843735229,0.009568490491011938,45,True,"$|S \cap \{1,2\}| = 1$"
"('$Z_{1}$', '$Z_{2}$')",2,0.7057410187503173,0.7058238185104146,8.27997600973962e-05,45,False,"$S \cap \{1,2\} = \emptyset$"
"('$Z_{1}$', '$Z_{3}$')",2,0.7031270580939715,0.7092766964533358,0.006149638359364329,45,False,"$S \cap \{1,2\} = \emptyset$"
"('$Z_{1}$', '$Z_{4}$')",2,0.7119899233934808,0.7029191423235325,-0.009070781069948297,45,False,"$S \cap \{1,2\} = \emptyset$"
"('$Z_{1}$', '$Z_{5}$')",2,0.7056776229592139,0.7080135779273815,0.0023359549681676306,45,False,"$S \cap \{1,2\} = \emptyset$"
"('$Z_{1}$', '$Z_{6}$')",2,0.7085538131421252,0.7065100620557578,-0.0020437510863673403,45,False,"$S \cap \{1,2\} = \emptyset$"
"('$Z_{2}$', '$Z_{3}$')",2,0.711673701473987,0.7086411970248956,-0.003032504449091422,45,False,"$S \cap \{1,2\} = \emptyset$"
"('$Z_{2}$', '$Z_{4}$')",2,0.7108728960963131,0.7053705337431467,-0.005502362353166368,45,False,"$S \cap \{1,2\} = \emptyset$"
"('$Z_{2}$', '$Z_{5}$')",2,0.7121105570646022,0.7081882710510774,-0.003922286013524845,45,False,"$S \cap \{1,2\} = \emptyset$"
"('$Z_{2}$', '$Z_{6}$')",2,0.7035575105268528,0.7117090883134113,0.008151577786558506,45,False,"$S \cap \{1,2\} = \emptyset$"
"('$Z_{3}$', '$Z_{4}$')",2,0.7158087732702662,0.7076804507112213,-0.008128322559044832,45,False,"$S \cap \{1,2\} = \emptyset$"
"('$Z_{3}$', '$Z_{5}$')",2,0.7095775263893696,0.7054447009761555,-0.004132825413214025,45,False,"$S \cap \{1,2\} = \emptyset$"
"('$Z_{3}$', '$Z_{6}$')",2,0.7101937101669987,0.7046003378781247,-0.005593372288874021,45,False,"$S \cap \{1,2\} = \emptyset$"
"('$Z_{4}$', '$Z_{5}$')",2,0.7103245146410202,0.7076302532896617,-0.002694261351358529,45,False,"$S \cap \{1,2\} = \emptyset$"
"('$Z_{4}$', '$Z_{6}$')",2,0.7099249697560536,0.7110653127824927,0.0011403430264391723,45,False,"$S \cap \{1,2\} = \emptyset$"
"('$Z_{5}$', '$Z_{6}$')",2,0.7123297632075617,0.7054906437219257,-0.0068391194856359805,45,False,"$S \cap \{1,2\} = \emptyset$"
"('$X_1$', '$X_2$', '$Z_{1}$')",3,0.17751599456791842,0.6993487793244114,0.521832784756493,45,True,"$S \supseteq \{1,2\}$"
"('$X_1$', '$X_2$', '$Z_{2}$')",3,0.1748406166174448,0.7056679526885432,0.5308273360710984,45,True,"$S \supseteq \{1,2\}$"
"('$X_1$', '$X_2$', '$Z_{3}$')",3,0.17920010739876296,0.7053412726028366,0.5261411652040737,45,True,"$S \supseteq \{1,2\}$"
"('$X_1$', '$X_2$', '$Z_{4}$')",3,0.1857784444864376,0.7027253251412051,0.5169468806547675,45,True,"$S \supseteq \{1,2\}$"
"('$X_1$', '$X_2$', '$Z_{5}$')",3,0.17733358136431798,0.7055639513304035,0.5282303699660855,45,True,"$S \supseteq \{1,2\}$"
"('$X_1$', '$X_2$', '$Z_{6}$')",3,0.1707401579187673,0.6949837030680952,0.5242435451493279,45,True,"$S \supseteq \{1,2\}$"
"('$X_1$', '$Z_{1}$', '$Z_{2}$')",3,0.703540399990539,0.7024248147610517,-0.0011155852294872926,45,True,"$|S \cap \{1,2\}| = 1$"
"('$X_1$', '$Z_{1}$', '$Z_{3}$')",3,0.7029729720212692,0.7046727548716942,0.0016997828504250467,45,True,"$|S \cap \{1,2\}| = 1$"
"('$X_1$', '$Z_{1}$', '$Z_{4}$')",3,0.7065628952810367,0.6987228872615712,-0.007840008019465494,45,True,"$|S \cap \{1,2\}| = 1$"
"('$X_1$', '$Z_{1}$', '$Z_{5}$')",3,0.7027926632504857,0.7030106700459079,0.0002180067954221654,45,True,"$|S \cap \{1,2\}| = 1$"
"('$X_1$', '$Z_{1}$', '$Z_{6}$')",3,0.706112747943557,0.6993316831165571,-0.006781064826999916,45,True,"$|S \cap \{1,2\}| = 1$"
"('$X_1$', '$Z_{2}$', '$Z_{3}$')",3,0.7097566357282766,0.7055454885090013,-0.004211147219275291,45,True,"$|S \cap \{1,2\}| = 1$"
"('$X_1$', '$Z_{2}$', '$Z_{4}$')",3,0.7091541723770894,0.7004799941678231,-0.008674178209266303,45,True,"$|S \cap \{1,2\}| = 1$"
"('$X_1$', '$Z_{2}$', '$Z_{5}$')",3,0.7086464467803567,0.7024816509438339,-0.006164795836522852,45,True,"$|S \cap \{1,2\}| = 1$"
"('$X_1$', '$Z_{2}$', '$Z_{6}$')",3,0.7039040529244291,0.7049435621976247,0.0010395092731955158,45,True,"$|S \cap \{1,2\}| = 1$"
"('$X_1$', '$Z_{3}$', '$Z_{4}$')",3,0.7110207567631438,0.7049186336569667,-0.006102123106177082,45,True,"$|S \cap \{1,2\}| = 1$"
"('$X_1$', '$Z_{3}$', '$Z_{5}$')",3,0.7074963660748729,0.7078097687758702,0.0003134027009973339,45,True,"$|S \cap \{1,2\}| = 1$"
"('$X_1$', '$Z_{3}$', '$Z_{6}$')",3,0.7085211440096054,0.7065688631905084,-0.0019522808190970409,45,True,"$|S \cap \{1,2\}| = 1$"
"('$X_1$', '$Z_{4}$', '$Z_{5}$')",3,0.7115146542042091,0.6991128229801155,-0.012401831224093662,45,True,"$|S \cap \{1,2\}| = 1$"
"('$X_1$', '$Z_{4}$', '$Z_{6}$')",3,0.7091196584420547,0.7037660943526346,-0.005353564089420115,45,True,"$|S \cap \{1,2\}| = 1$"
"('$X_1$', '$Z_{5}$', '$Z_{6}$')",3,0.7073368663032752,0.7018526602274184,-0.005484206075856757,45,True,"$|S \cap \{1,2\}| = 1$"
"('$X_2$', '$Z_{1}$', '$Z_{2}$')",3,0.6994279382362254,0.7101160965919646,0.010688158355739219,45,True,"$|S \cap \{1,2\}| = 1$"
"('$X_2$', '$Z_{1}$', '$Z_{3}$')",3,0.6974975691484075,0.7035612913340331,0.006063722185625564,45,True,"$|S \cap \{1,2\}| = 1$"
"('$X_2$', '$Z_{1}$', '$Z_{4}$')",3,0.7035183318050127,0.7053136780956484,0.0017953462906357132,45,True,"$|S \cap \{1,2\}| = 1$"
"('$X_2$', '$Z_{1}$', '$Z_{5}$')",3,0.7018962181188164,0.7054438724893027,0.0035476543704863195,45,True,"$|S \cap \{1,2\}| = 1$"
"('$X_2$', '$Z_{1}$', '$Z_{6}$')",3,0.6989919653543047,0.7028768492675715,0.003884883913266801,45,True,"$|S \cap \{1,2\}| = 1$"
"('$X_2$', '$Z_{2}$', '$Z_{3}$')",3,0.7003576545889687,0.70235253498342,0.0019948803944512816,45,True,"$|S \cap \{1,2\}| = 1$"
"('$X_2$', '$Z_{2}$', '$Z_{4}$')",3,0.7002220612430254,0.7007668196409983,0.0005447583979728554,45,True,"$|S \cap \{1,2\}| = 1$"
"('$X_2$', '$Z_{2}$', '$Z_{5}$')",3,0.7033853478606561,0.70017157867279,-0.003213769187866089,45,True,"$|S \cap \{1,2\}| = 1$"
"('$X_2$', '$Z_{2}$', '$Z_{6}$')",3,0.6979400158074516,0.7080800033181847,0.010139987510733084,45,True,"$|S \cap \{1,2\}| = 1$"
"('$X_2$', '$Z_{3}$', '$Z_{4}$')",3,0.7019078195640094,0.6993139361614249,-0.002593883402584485,45,True,"$|S \cap \{1,2\}| = 1$"
"('$X_2$', '$Z_{3}$', '$Z_{5}$')",3,0.70497506322222,0.6945124552948844,-0.010462607927335665,45,True,"$|S \cap \{1,2\}| = 1$"
"('$X_2$', '$Z_{3}$', '$Z_{6}$')",3,0.7015977275970924,0.702625294338836,0.0010275667417436463,45,True,"$|S \cap \{1,2\}| = 1$"
"('$X_2$', '$Z_{4}$', '$Z_{5}$')",3,0.7035400333819305,0.70218687753993,-0.0013531558420004641,45,True,"$|S \cap \{1,2\}| = 1$"
"('$X_2$', '$Z_{4}$', '$Z_{6}$')",3,0.7014474804822105,0.7064252861330788,0.00497780565086825,45,True,"$|S \cap \{1,2\}| = 1$"
"('$X_2$', '$Z_{5}$', '$Z_{6}$')",3,0.70444966690516,0.7072487777525837,0.0027991108474236803,45,True,"$|S \cap \{1,2\}| = 1$"
"('$Z_{1}$', '$Z_{2}$', '$Z_{3}$')",3,0.7051693105735245,0.6959985165642608,-0.009170794009263683,45,False,"$S \cap \{1,2\} = \emptyset$"
"('$Z_{1}$', '$Z_{2}$', '$Z_{4}$')",3,0.7043521533642844,0.7017621929925418,-0.002589960371742528,45,False,"$S \cap \{1,2\} = \emptyset$"
"('$Z_{1}$', '$Z_{2}$', '$Z_{5}$')",3,0.7053901355676909,0.6988540909252906,-0.006536044642400318,45,False,"$S \cap \{1,2\} = \emptyset$"
"('$Z_{1}$', '$Z_{2}$', '$Z_{6}$')",3,0.7040448864840282,0.7043901043212223,0.0003452178371941006,45,False,"$S \cap \{1,2\} = \emptyset$"
"('$Z_{1}$', '$Z_{3}$', '$Z_{4}$')",3,0.7049685172784782,0.7013314575814841,-0.003637059696994127,45,False,"$S \cap \{1,2\} = \emptyset$"
"('$Z_{1}$', '$Z_{3}$', '$Z_{5}$')",3,0.7017120046297849,0.7025935908735057,0.0008815862437208111,45,False,"$S \cap \{1,2\} = \emptyset$"
"('$Z_{1}$', '$Z_{3}$', '$Z_{6}$')",3,0.7010475778287377,0.7019228013467678,0.0008752235180300438,45,False,"$S \cap \{1,2\} = \emptyset$"
"('$Z_{1}$', '$Z_{4}$', '$Z_{5}$')",3,0.7062556736287834,0.6999089406067059,-0.006346733022077444,45,False,"$S \cap \{1,2\} = \emptyset$"
"('$Z_{1}$', '$Z_{4}$', '$Z_{6}$')",3,0.7055777460597037,0.7022033695557005,-0.003374376504003185,45,False,"$S \cap \{1,2\} = \emptyset$"
"('$Z_{1}$', '$Z_{5}$', '$Z_{6}$')",3,0.704558854529697,0.7036858246041116,-0.0008730299255854668,45,False,"$S \cap \{1,2\} = \emptyset$"
"('$Z_{2}$', '$Z_{3}$', '$Z_{4}$')",3,0.7065044191588498,0.7003798015054965,-0.006124617653353259,45,False,"$S \cap \{1,2\} = \emptyset$"
"('$Z_{2}$', '$Z_{3}$', '$Z_{5}$')",3,0.708842956007324,0.7080371364594523,-0.0008058195478717334,45,False,"$S \cap \{1,2\} = \emptyset$"
"('$Z_{2}$', '$Z_{3}$', '$Z_{6}$')",3,0.7055756763317192,0.6939643292890434,-0.011611347042675857,45,False,"$S \cap \{1,2\} = \emptyset$"
"('$Z_{2}$', '$Z_{4}$', '$Z_{5}$')",3,0.7040663708883456,0.7054656633297701,0.00139929244142456,45,False,"$S \cap \{1,2\} = \emptyset$"
"('$Z_{2}$', '$Z_{4}$', '$Z_{6}$')",3,0.700707660797652,0.7024758722464068,0.0017682114487548306,45,False,"$S \cap \{1,2\} = \emptyset$"
"('$Z_{2}$', '$Z_{5}$', '$Z_{6}$')",3,0.703411240307038,0.7111606502663017,0.007749409959263653,45,False,"$S \cap \{1,2\} = \emptyset$"
"('$Z_{3}$', '$Z_{4}$', '$Z_{5}$')",3,0.708933921782267,0.7068881457447894,-0.0020457760374775757,45,False,"$S \cap \{1,2\} = \emptyset$"
"('$Z_{3}$', '$Z_{4}$', '$Z_{6}$')",3,0.7064574292173014,0.7088781555331436,0.0024207263158422254,45,False,"$S \cap \{1,2\} = \emptyset$"
"('$Z_{3}$', '$Z_{5}$', '$Z_{6}$')",3,0.7092458075886473,0.7078642883778102,-0.0013815192108370677,45,False,"$S \cap \{1,2\} = \emptyset$"
"('$Z_{4}$', '$Z_{5}$', '$Z_{6}$')",3,0.708634330132455,0.7003731333374171,-0.008261196795037895,45,False,"$S \cap \{1,2\} = \emptyset$"
"('$X_1$', '$X_2$')",2,0.05435327580204955,0.7093338798734437,0.6549806040713941,46,True,"$S \supseteq \{1,2\}$"
"('$X_1$', '$Z_{1}$')",2,0.7089131472332679,0.7040069295037379,-0.004906217729530038,46,True,"$|S \cap \{1,2\}| = 1$"
"('$X_1$', '$Z_{2}$')",2,0.7039596126882556,0.704992166852124,0.0010325541638683822,46,True,"$|S \cap \{1,2\}| = 1$"
"('$X_1$', '$Z_{3}$')",2,0.7079457549971349,0.7073044328978062,-0.0006413220993286561,46,True,"$|S \cap \{1,2\}| = 1$"
"('$X_1$', '$Z_{4}$')",2,0.7077325115300994,0.7061042753777964,-0.0016282361523030087,46,True,"$|S \cap \{1,2\}| = 1$"
"('$X_1$', '$Z_{5}$')",2,0.7031687022122551,0.7029411928066845,-0.00022750940557059174,46,True,"$|S \cap \{1,2\}| = 1$"
"('$X_1$', '$Z_{6}$')",2,0.7063790918001426,0.7005857854620972,-0.005793306338045423,46,True,"$|S \cap \{1,2\}| = 1$"
"('$X_2$', '$Z_{1}$')",2,0.7156896394780476,0.7063686648934742,-0.009320974584573483,46,True,"$|S \cap \{1,2\}| = 1$"
"('$X_2$', '$Z_{2}$')",2,0.7046180072749904,0.7117482913629294,0.007130284087939032,46,True,"$|S \cap \{1,2\}| = 1$"
"('$X_2$', '$Z_{3}$')",2,0.7163511662579497,0.7066720357205586,-0.009679130537391112,46,True,"$|S \cap \{1,2\}| = 1$"
"('$X_2$', '$Z_{4}$')",2,0.713702924881964,0.7098920474502146,-0.003810877431749349,46,True,"$|S \cap \{1,2\}| = 1$"
"('$X_2$', '$Z_{5}$')",2,0.7049846396158209,0.7007943137713281,-0.004190325844492859,46,True,"$|S \cap \{1,2\}| = 1$"
"('$X_2$', '$Z_{6}$')",2,0.7072427320256093,0.7038353437305059,-0.003407388295103342,46,True,"$|S \cap \{1,2\}| = 1$"
"('$Z_{1}$', '$Z_{2}$')",2,0.708485607428711,0.7085421214873847,5.651405867368453e-05,46,False,"$S \cap \{1,2\} = \emptyset$"
"('$Z_{1}$', '$Z_{3}$')",2,0.7114316440305909,0.7083570755079609,-0.0030745685226299946,46,False,"$S \cap \{1,2\} = \emptyset$"
"('$Z_{1}$', '$Z_{4}$')",2,0.7088769533762631,0.7064622690843462,-0.0024146842919169353,46,False,"$S \cap \{1,2\} = \emptyset$"
"('$Z_{1}$', '$Z_{5}$')",2,0.7056057916431598,0.7046879969508668,-0.000917794692293028,46,False,"$S \cap \{1,2\} = \emptyset$"
"('$Z_{1}$', '$Z_{6}$')",2,0.7118999486863822,0.7056683718814334,-0.006231576804948791,46,False,"$S \cap \{1,2\} = \emptyset$"
"('$Z_{2}$', '$Z_{3}$')",2,0.7047012499510882,0.7059174802293087,0.001216230278220487,46,False,"$S \cap \{1,2\} = \emptyset$"
"('$Z_{2}$', '$Z_{4}$')",2,0.7042161512556288,0.7069401636156701,0.0027240123600413835,46,False,"$S \cap \{1,2\} = \emptyset$"
"('$Z_{2}$', '$Z_{5}$')",2,0.6980648970292339,0.7080238420559885,0.00995894502675454,46,False,"$S \cap \{1,2\} = \emptyset$"
"('$Z_{2}$', '$Z_{6}$')",2,0.7037195153971545,0.710517956353048,0.006798440955893548,46,False,"$S \cap \{1,2\} = \emptyset$"
"('$Z_{3}$', '$Z_{4}$')",2,0.7178367958012905,0.7117630943545153,-0.006073701446775104,46,False,"$S \cap \{1,2\} = \emptyset$"
"('$Z_{3}$', '$Z_{5}$')",2,0.7081817709299575,0.7116499716591556,0.0034682007291980677,46,False,"$S \cap \{1,2\} = \emptyset$"
"('$Z_{3}$', '$Z_{6}$')",2,0.7081993386129648,0.7017770720227258,-0.006422266590239034,46,False,"$S \cap \{1,2\} = \emptyset$"
"('$Z_{4}$', '$Z_{5}$')",2,0.7102047943605737,0.7075691176352085,-0.0026356767253652436,46,False,"$S \cap \{1,2\} = \emptyset$"
"('$Z_{4}$', '$Z_{6}$')",2,0.7148131831238893,0.7048447645996032,-0.009968418524286093,46,False,"$S \cap \{1,2\} = \emptyset$"
"('$Z_{5}$', '$Z_{6}$')",2,0.7038551672808758,0.7068255203316894,0.0029703530508136122,46,False,"$S \cap \{1,2\} = \emptyset$"
"('$X_1$', '$X_2$', '$Z_{1}$')",3,0.19156187262117808,0.6947324646100379,0.5031705919888598,46,True,"$S \supseteq \{1,2\}$"
"('$X_1$', '$X_2$', '$Z_{2}$')",3,0.19055711163635225,0.7039063347355131,0.5133492230991609,46,True,"$S \supseteq \{1,2\}$"
"('$X_1$', '$X_2$', '$Z_{3}$')",3,0.18969313471625632,0.7086157095878761,0.5189225748716197,46,True,"$S \supseteq \{1,2\}$"
"('$X_1$', '$X_2$', '$Z_{4}$')",3,0.18751382600542513,0.7025741894349653,0.5150603634295402,46,True,"$S \supseteq \{1,2\}$"
"('$X_1$', '$X_2$', '$Z_{5}$')",3,0.19829196931459564,0.701169129954851,0.5028771606402553,46,True,"$S \supseteq \{1,2\}$"
"('$X_1$', '$X_2$', '$Z_{6}$')",3,0.19273916434235464,0.7045545328074245,0.5118153684650699,46,True,"$S \supseteq \{1,2\}$"
"('$X_1$', '$Z_{1}$', '$Z_{2}$')",3,0.706142420803581,0.703888359942725,-0.0022540608608559998,46,True,"$|S \cap \{1,2\}| = 1$"
"('$X_1$', '$Z_{1}$', '$Z_{3}$')",3,0.7034188069989282,0.7036922428304735,0.00027343583154526563,46,True,"$|S \cap \{1,2\}| = 1$"
"('$X_1$', '$Z_{1}$', '$Z_{4}$')",3,0.705000855134669,0.7033357513566473,-0.0016651037780217592,46,True,"$|S \cap \{1,2\}| = 1$"
"('$X_1$', '$Z_{1}$', '$Z_{5}$')",3,0.7002392774867238,0.7023295274551069,0.00209024996838314,46,True,"$|S \cap \{1,2\}| = 1$"
"('$X_1$', '$Z_{1}$', '$Z_{6}$')",3,0.7048001783605289,0.7028276253613369,-0.0019725529991919677,46,True,"$|S \cap \{1,2\}| = 1$"
"('$X_1$', '$Z_{2}$', '$Z_{3}$')",3,0.7004970559048188,0.7037321817459681,0.0032351258411492667,46,True,"$|S \cap \{1,2\}| = 1$"
"('$X_1$', '$Z_{2}$', '$Z_{4}$')",3,0.7002122203808266,0.698657030751706,-0.0015551896291206013,46,True,"$|S \cap \{1,2\}| = 1$"
"('$X_1$', '$Z_{2}$', '$Z_{5}$')",3,0.6989027175427883,0.6961616920078068,-0.002741025534981567,46,True,"$|S \cap \{1,2\}| = 1$"
"('$X_1$', '$Z_{2}$', '$Z_{6}$')",3,0.6975595584886221,0.7016495657083551,0.004090007219733072,46,True,"$|S \cap \{1,2\}| = 1$"
"('$X_1$', '$Z_{3}$', '$Z_{4}$')",3,0.7078723145895636,0.702469066644936,-0.005403247944627543,46,True,"$|S \cap \{1,2\}| = 1$"
"('$X_1$', '$Z_{3}$', '$Z_{5}$')",3,0.7048340557696363,0.7039324385678014,-0.0009016172018349033,46,True,"$|S \cap \{1,2\}| = 1$"
"('$X_1$', '$Z_{3}$', '$Z_{6}$')",3,0.7045166616357122,0.7085674786097415,0.004050816974029203,46,True,"$|S \cap \{1,2\}| = 1$"
"('$X_1$', '$Z_{4}$', '$Z_{5}$')",3,0.7029109704631052,0.6991809495449945,-0.003730020918110699,46,True,"$|S \cap \{1,2\}| = 1$"
"('$X_1$', '$Z_{4}$', '$Z_{6}$')",3,0.7055036579082588,0.7055841425935909,8.048468533217168e-05,46,True,"$|S \cap \{1,2\}| = 1$"
"('$X_1$', '$Z_{5}$', '$Z_{6}$')",3,0.6991020527265261,0.6969622119928693,-0.002139840733656806,46,True,"$|S \cap \{1,2\}| = 1$"
"('$X_2$', '$Z_{1}$', '$Z_{2}$')",3,0.7053599642175502,0.6987825557506958,-0.006577408466854395,46,True,"$|S \cap \{1,2\}| = 1$"
"('$X_2$', '$Z_{1}$', '$Z_{3}$')",3,0.7073910739669956,0.7054035567910584,-0.001987517175937259,46,True,"$|S \cap \{1,2\}| = 1$"
"('$X_2$', '$Z_{1}$', '$Z_{4}$')",3,0.7067528943473453,0.6996310775037212,-0.007121816843624118,46,True,"$|S \cap \{1,2\}| = 1$"
"('$X_2$', '$Z_{1}$', '$Z_{5}$')",3,0.7062369241251122,0.7063785439579899,0.00014161983287774849,46,True,"$|S \cap \{1,2\}| = 1$"
"('$X_2$', '$Z_{1}$', '$Z_{6}$')",3,0.7048792117287119,0.701732686456342,-0.0031465252723699155,46,True,"$|S \cap \{1,2\}| = 1$"
"('$X_2$', '$Z_{2}$', '$Z_{3}$')",3,0.704122830425129,0.7026536852195147,-0.001469145205614364,46,True,"$|S \cap \{1,2\}| = 1$"
"('$X_2$', '$Z_{2}$', '$Z_{4}$')",3,0.698507022839389,0.6986028492366549,9.582639726590791e-05,46,True,"$|S \cap \{1,2\}| = 1$"
"('$X_2$', '$Z_{2}$', '$Z_{5}$')",3,0.7030501267450183,0.7021904770995829,-0.0008596496454353897,46,True,"$|S \cap \{1,2\}| = 1$"
"('$X_2$', '$Z_{2}$', '$Z_{6}$')",3,0.7011814829410516,0.7057451495468149,0.004563666605763239,46,True,"$|S \cap \{1,2\}| = 1$"
"('$X_2$', '$Z_{3}$', '$Z_{4}$')",3,0.7081680695290691,0.7090868715670796,0.0009188020380105355,46,True,"$|S \cap \{1,2\}| = 1$"
"('$X_2$', '$Z_{3}$', '$Z_{5}$')",3,0.7062747808074243,0.708720879988326,0.002446099180901662,46,True,"$|S \cap \{1,2\}| = 1$"
"('$X_2$', '$Z_{3}$', '$Z_{6}$')",3,0.7052774020970147,0.7018451098921341,-0.003432292204880616,46,True,"$|S \cap \{1,2\}| = 1$"
"('$X_2$', '$Z_{4}$', '$Z_{5}$')",3,0.7034984261959852,0.7066073302724349,0.0031089040764497033,46,True,"$|S \cap \{1,2\}| = 1$"
"('$X_2$', '$Z_{4}$', '$Z_{6}$')",3,0.7034009679889803,0.7048167030779544,0.0014157350889740794,46,True,"$|S \cap \{1,2\}| = 1$"
"('$X_2$', '$Z_{5}$', '$Z_{6}$')",3,0.7003917433279169,0.7094674069452986,0.009075663617381768,46,True,"$|S \cap \{1,2\}| = 1$"
"('$Z_{1}$', '$Z_{2}$', '$Z_{3}$')",3,0.7019735100918005,0.701205618855934,-0.0007678912358665135,46,False,"$S \cap \{1,2\} = \emptyset$"
"('$Z_{1}$', '$Z_{2}$', '$Z_{4}$')",3,0.7041267013724721,0.7086307313169558,0.004504029944483623,46,False,"$S \cap \{1,2\} = \emptyset$"
"('$Z_{1}$', '$Z_{2}$', '$Z_{5}$')",3,0.7024629046033369,0.7115036746956072,0.009040770092270223,46,False,"$S \cap \{1,2\} = \emptyset$"
"('$Z_{1}$', '$Z_{2}$', '$Z_{6}$')",3,0.704115728032734,0.7103616120988544,0.006245884066120366,46,False,"$S \cap \{1,2\} = \emptyset$"
"('$Z_{1}$', '$Z_{3}$', '$Z_{4}$')",3,0.705185731039962,0.7024327591655755,-0.0027529718743865006,46,False,"$S \cap \{1,2\} = \emptyset$"
"('$Z_{1}$', '$Z_{3}$', '$Z_{5}$')",3,0.7019722666960536,0.7104572821731587,0.008485015477105118,46,False,"$S \cap \{1,2\} = \emptyset$"
"('$Z_{1}$', '$Z_{3}$', '$Z_{6}$')",3,0.7013597633599529,0.7018817647457699,0.0005220013858170391,46,False,"$S \cap \{1,2\} = \emptyset$"
"('$Z_{1}$', '$Z_{4}$', '$Z_{5}$')",3,0.7011557874329157,0.7050294606055464,0.003873673172630654,46,False,"$S \cap \{1,2\} = \emptyset$"
"('$Z_{1}$', '$Z_{4}$', '$Z_{6}$')",3,0.7029949816067149,0.7033085846676156,0.00031360306090066903,46,False,"$S \cap \{1,2\} = \emptyset$"
"('$Z_{1}$', '$Z_{5}$', '$Z_{6}$')",3,0.6967663131246087,0.6987121020034162,0.001945788878807475,46,False,"$S \cap \{1,2\} = \emptyset$"
"('$Z_{2}$', '$Z_{3}$', '$Z_{4}$')",3,0.7023313463255648,0.6974151539313634,-0.00491619239420138,46,False,"$S \cap \{1,2\} = \emptyset$"
"('$Z_{2}$', '$Z_{3}$', '$Z_{5}$')",3,0.7000528928836239,0.698139409362869,-0.0019134835207549328,46,False,"$S \cap \{1,2\} = \emptyset$"
"('$Z_{2}$', '$Z_{3}$', '$Z_{6}$')",3,0.7009804946649753,0.696728209181976,-0.004252285482999274,46,False,"$S \cap \{1,2\} = \emptyset$"
"('$Z_{2}$', '$Z_{4}$', '$Z_{5}$')",3,0.6993199557810901,0.7042210674436624,0.004901111662572344,46,False,"$S \cap \{1,2\} = \emptyset$"
"('$Z_{2}$', '$Z_{4}$', '$Z_{6}$')",3,0.7023200564527278,0.7038395853714681,0.0015195289187402983,46,False,"$S \cap \{1,2\} = \emptyset$"
"('$Z_{2}$', '$Z_{5}$', '$Z_{6}$')",3,0.699036153919036,0.7001840388885279,0.001147884969491919,46,False,"$S \cap \{1,2\} = \emptyset$"
"('$Z_{3}$', '$Z_{4}$', '$Z_{5}$')",3,0.7053032852258347,0.7014943990519625,-0.0038088861738722057,46,False,"$S \cap \{1,2\} = \emptyset$"
"('$Z_{3}$', '$Z_{4}$', '$Z_{6}$')",3,0.7095484274407304,0.7049904604358919,-0.00455796700483857,46,False,"$S \cap \{1,2\} = \emptyset$"
"('$Z_{3}$', '$Z_{5}$', '$Z_{6}$')",3,0.7045615901841379,0.6946961040918311,-0.009865486092306752,46,False,"$S \cap \{1,2\} = \emptyset$"
"('$Z_{4}$', '$Z_{5}$', '$Z_{6}$')",3,0.7035184439240262,0.7004101522176559,-0.003108291706370281,46,False,"$S \cap \{1,2\} = \emptyset$"
"('$X_1$', '$X_2$')",2,0.04696278515720193,0.7063031863735136,0.6593404012163117,47,True,"$S \supseteq \{1,2\}$"
"('$X_1$', '$Z_{1}$')",2,0.7042558802507985,0.7063445758182062,0.00208869556740765,47,True,"$|S \cap \{1,2\}| = 1$"
"('$X_1$', '$Z_{2}$')",2,0.7005548819025835,0.7008646322577752,0.0003097503551916514,47,True,"$|S \cap \{1,2\}| = 1$"
"('$X_1$', '$Z_{3}$')",2,0.7055407339252997,0.7151137936997152,0.009573059774415471,47,True,"$|S \cap \{1,2\}| = 1$"
"('$X_1$', '$Z_{4}$')",2,0.6995011951698193,0.7037512570204222,0.004250061850602838,47,True,"$|S \cap \{1,2\}| = 1$"
"('$X_1$', '$Z_{5}$')",2,0.7123146644405841,0.7055526680545462,-0.006761996386037916,47,True,"$|S \cap \{1,2\}| = 1$"
"('$X_1$', '$Z_{6}$')",2,0.7107525768026365,0.7057084622834144,-0.005044114519222043,47,True,"$|S \cap \{1,2\}| = 1$"
"('$X_2$', '$Z_{1}$')",2,0.7032276840737866,0.7111570086193042,0.007929324545517646,47,True,"$|S \cap \{1,2\}| = 1$"
"('$X_2$', '$Z_{2}$')",2,0.701707379440186,0.7091151457505084,0.007407766310322361,47,True,"$|S \cap \{1,2\}| = 1$"
"('$X_2$', '$Z_{3}$')",2,0.7018385582885444,0.7007205454083516,-0.0011180128801927536,47,True,"$|S \cap \{1,2\}| = 1$"
"('$X_2$', '$Z_{4}$')",2,0.7012520232343472,0.7051463366683656,0.0038943134340183594,47,True,"$|S \cap \{1,2\}| = 1$"
"('$X_2$', '$Z_{5}$')",2,0.7044236766237354,0.7072128025953348,0.0027891259715994154,47,True,"$|S \cap \{1,2\}| = 1$"
"('$X_2$', '$Z_{6}$')",2,0.7096653861264322,0.7049363927597299,-0.004728993366702294,47,True,"$|S \cap \{1,2\}| = 1$"
"('$Z_{1}$', '$Z_{2}$')",2,0.7036506919256884,0.7155112959238168,0.011860603998128383,47,False,"$S \cap \{1,2\} = \emptyset$"
"('$Z_{1}$', '$Z_{3}$')",2,0.7051353775793738,0.7094677835151619,0.004332405935788097,47,False,"$S \cap \{1,2\} = \emptyset$"
"('$Z_{1}$', '$Z_{4}$')",2,0.7096880287309713,0.7007989094504269,-0.008889119280544366,47,False,"$S \cap \{1,2\} = \emptyset$"
"('$Z_{1}$', '$Z_{5}$')",2,0.7116603816686489,0.7092358094244032,-0.0024245722442456374,47,False,"$S \cap \{1,2\} = \emptyset$"
"('$Z_{1}$', '$Z_{6}$')",2,0.7107209968444675,0.7008340717029868,-0.009886925141480707,47,False,"$S \cap \{1,2\} = \emptyset$"
"('$Z_{2}$', '$Z_{3}$')",2,0.6971641307107475,0.7062764257843048,0.009112295073557375,47,False,"$S \cap \{1,2\} = \emptyset$"
"('$Z_{2}$', '$Z_{4}$')",2,0.7043549236629228,0.7015708695914536,-0.0027840540714691997,47,False,"$S \cap \{1,2\} = \emptyset$"
"('$Z_{2}$', '$Z_{5}$')",2,0.707911400634882,0.7062000932062653,-0.001711307428616693,47,False,"$S \cap \{1,2\} = \emptyset$"
"('$Z_{2}$', '$Z_{6}$')",2,0.7109911660422323,0.7083501929119018,-0.002640973130330515,47,False,"$S \cap \{1,2\} = \emptyset$"
"('$Z_{3}$', '$Z_{4}$')",2,0.7067447110117198,0.7126197862699746,0.005875075258254814,47,False,"$S \cap \{1,2\} = \emptyset$"
"('$Z_{3}$', '$Z_{5}$')",2,0.7132548930925795,0.7070139135411247,-0.006240979551454751,47,False,"$S \cap \{1,2\} = \emptyset$"
"('$Z_{3}$', '$Z_{6}$')",2,0.7111770756170287,0.7098102376480977,-0.0013668379689310006,47,False,"$S \cap \{1,2\} = \emptyset$"
"('$Z_{4}$', '$Z_{5}$')",2,0.7110177720683064,0.6973888977052163,-0.013628874363090127,47,False,"$S \cap \{1,2\} = \emptyset$"
"('$Z_{4}$', '$Z_{6}$')",2,0.7146776750808617,0.7083938205545928,-0.006283854526268895,47,False,"$S \cap \{1,2\} = \emptyset$"
"('$Z_{5}$', '$Z_{6}$')",2,0.7149348991750739,0.7074603884087971,-0.0074745107662768095,47,False,"$S \cap \{1,2\} = \emptyset$"
"('$X_1$', '$X_2$', '$Z_{1}$')",3,0.16602615351429506,0.7005263249546722,0.5345001714403771,47,True,"$S \supseteq \{1,2\}$"
"('$X_1$', '$X_2$', '$Z_{2}$')",3,0.16127219841314766,0.7016912062969998,0.5404190078838521,47,True,"$S \supseteq \{1,2\}$"
"('$X_1$', '$X_2$', '$Z_{3}$')",3,0.16348975958039755,0.7018369605652442,0.5383472009848467,47,True,"$S \supseteq \{1,2\}$"
"('$X_1$', '$X_2$', '$Z_{4}$')",3,0.16604184118860063,0.7075833709706298,0.5415415297820292,47,True,"$S \supseteq \{1,2\}$"
"('$X_1$', '$X_2$', '$Z_{5}$')",3,0.16116966529357166,0.7074551035322477,0.546285438238676,47,True,"$S \supseteq \{1,2\}$"
"('$X_1$', '$X_2$', '$Z_{6}$')",3,0.16602956843062391,0.7005368282602661,0.5345072598296422,47,True,"$S \supseteq \{1,2\}$"
"('$X_1$', '$Z_{1}$', '$Z_{2}$')",3,0.6993924122664784,0.7053201564377682,0.005927744171289828,47,True,"$|S \cap \{1,2\}| = 1$"
"('$X_1$', '$Z_{1}$', '$Z_{3}$')",3,0.700498088240382,0.7029491691744534,0.0024510809340714257,47,True,"$|S \cap \{1,2\}| = 1$"
"('$X_1$', '$Z_{1}$', '$Z_{4}$')",3,0.7030691571413772,0.7017594890652219,-0.0013096680761552904,47,True,"$|S \cap \{1,2\}| = 1$"
"('$X_1$', '$Z_{1}$', '$Z_{5}$')",3,0.7077732665464105,0.706161356409942,-0.0016119101364684418,47,True,"$|S \cap \{1,2\}| = 1$"
"('$X_1$', '$Z_{1}$', '$Z_{6}$')",3,0.7079053541346605,0.7027901705642072,-0.005115183570453263,47,True,"$|S \cap \{1,2\}| = 1$"
"('$X_1$', '$Z_{2}$', '$Z_{3}$')",3,0.6940003115334444,0.7067852370361447,0.012784925502700273,47,True,"$|S \cap \{1,2\}| = 1$"
"('$X_1$', '$Z_{2}$', '$Z_{4}$')",3,0.6974875086835398,0.6970356575958478,-0.0004518510876919679,47,True,"$|S \cap \{1,2\}| = 1$"
"('$X_1$', '$Z_{2}$', '$Z_{5}$')",3,0.705256391855899,0.7014586843691036,-0.00379770748679531,47,True,"$|S \cap \{1,2\}| = 1$"
"('$X_1$', '$Z_{2}$', '$Z_{6}$')",3,0.7027274817099984,0.7053342758635975,0.0026067941535991013,47,True,"$|S \cap \{1,2\}| = 1$"
"('$X_1$', '$Z_{3}$', '$Z_{4}$')",3,0.6976891629315634,0.70408928324605,0.006400120314486668,47,True,"$|S \cap \{1,2\}| = 1$"
"('$X_1$', '$Z_{3}$', '$Z_{5}$')",3,0.7066121685638992,0.7026176110237616,-0.0039945575401375555,47,True,"$|S \cap \{1,2\}| = 1$"
"('$X_1$', '$Z_{3}$', '$Z_{6}$')",3,0.7038379205361502,0.7023461597207507,-0.0014917608153995898,47,True,"$|S \cap \{1,2\}| = 1$"
"('$X_1$', '$Z_{4}$', '$Z_{5}$')",3,0.7045137313488787,0.7102870345581596,0.005773303209280822,47,True,"$|S \cap \{1,2\}| = 1$"
"('$X_1$', '$Z_{4}$', '$Z_{6}$')",3,0.7033299272503845,0.700885660377822,-0.002444266872562495,47,True,"$|S \cap \{1,2\}| = 1$"
"('$X_1$', '$Z_{5}$', '$Z_{6}$')",3,0.7099747010388651,0.7019937706789283,-0.007980930359936744,47,True,"$|S \cap \{1,2\}| = 1$"
"('$X_2$', '$Z_{1}$', '$Z_{2}$')",3,0.6997461017384132,0.7083313541911075,0.008585252452694259,47,True,"$|S \cap \{1,2\}| = 1$"
"('$X_2$', '$Z_{1}$', '$Z_{3}$')",3,0.6983734323256698,0.7083765542018916,0.010003121876221766,47,True,"$|S \cap \{1,2\}| = 1$"
"('$X_2$', '$Z_{1}$', '$Z_{4}$')",3,0.7035018412249385,0.701527752862044,-0.001974088362894477,47,True,"$|S \cap \{1,2\}| = 1$"
"('$X_2$', '$Z_{1}$', '$Z_{5}$')",3,0.7040198849997586,0.703954940482427,-6.49445173316332e-05,47,True,"$|S \cap \{1,2\}| = 1$"
"('$X_2$', '$Z_{1}$', '$Z_{6}$')",3,0.7076107802206713,0.7036215080522932,-0.003989272168378077,47,True,"$|S \cap \{1,2\}| = 1$"
"('$X_2$', '$Z_{2}$', '$Z_{3}$')",3,0.6972985263623025,0.7075950159942481,0.010296489631945627,47,True,"$|S \cap \{1,2\}| = 1$"
"('$X_2$', '$Z_{2}$', '$Z_{4}$')",3,0.7018286611134891,0.7106240474436265,0.008795386330137434,47,True,"$|S \cap \{1,2\}| = 1$"
"('$X_2$', '$Z_{2}$', '$Z_{5}$')",3,0.7006129171894097,0.6994992681187963,-0.0011136490706133984,47,True,"$|S \cap \{1,2\}| = 1$"
"('$X_2$', '$Z_{2}$', '$Z_{6}$')",3,0.7034892619853487,0.705472449357832,0.001983187372483375,47,True,"$|S \cap \{1,2\}| = 1$"
"('$X_2$', '$Z_{3}$', '$Z_{4}$')",3,0.7014027313125958,0.7019118466701113,0.0005091153575155216,47,True,"$|S \cap \{1,2\}| = 1$"
"('$X_2$', '$Z_{3}$', '$Z_{5}$')",3,0.7030867177309383,0.6963002009824106,-0.0067865167485277045,47,True,"$|S \cap \{1,2\}| = 1$"
"('$X_2$', '$Z_{3}$', '$Z_{6}$')",3,0.7039326758866155,0.7019414619826819,-0.001991213903933531,47,True,"$|S \cap \{1,2\}| = 1$"
"('$X_2$', '$Z_{4}$', '$Z_{5}$')",3,0.7016818093832276,0.7045721883635965,0.002890378980368924,47,True,"$|S \cap \{1,2\}| = 1$"
"('$X_2$', '$Z_{4}$', '$Z_{6}$')",3,0.7060247117710785,0.7034110066953311,-0.00261370507574743,47,True,"$|S \cap \{1,2\}| = 1$"
"('$X_2$', '$Z_{5}$', '$Z_{6}$')",3,0.7058258882881123,0.7120940536116107,0.006268165323498387,47,True,"$|S \cap \{1,2\}| = 1$"
"('$Z_{1}$', '$Z_{2}$', '$Z_{3}$')",3,0.696365326259935,0.7081665119306422,0.011801185670707204,47,False,"$S \cap \{1,2\} = \emptyset$"
"('$Z_{1}$', '$Z_{2}$', '$Z_{4}$')",3,0.702583454298384,0.7028411832664535,0.00025772896806952605,47,False,"$S \cap \{1,2\} = \emptyset$"
"('$Z_{1}$', '$Z_{2}$', '$Z_{5}$')",3,0.703839829057312,0.7048404814396558,0.001000652382343814,47,False,"$S \cap \{1,2\} = \emptyset$"
"('$Z_{1}$', '$Z_{2}$', '$Z_{6}$')",3,0.7034594357798782,0.7009046836373056,-0.002554752142572614,47,False,"$S \cap \{1,2\} = \emptyset$"
"('$Z_{1}$', '$Z_{3}$', '$Z_{4}$')",3,0.7029252455260173,0.7106224469363768,0.0076972014103594555,47,False,"$S \cap \{1,2\} = \emptyset$"
"('$Z_{1}$', '$Z_{3}$', '$Z_{5}$')",3,0.705445250970417,0.6976117948892194,-0.007833456081197565,47,False,"$S \cap \{1,2\} = \emptyset$"
"('$Z_{1}$', '$Z_{3}$', '$Z_{6}$')",3,0.704855287510378,0.7033051371701832,-0.0015501503401947891,47,False,"$S \cap \{1,2\} = \emptyset$"
"('$Z_{1}$', '$Z_{4}$', '$Z_{5}$')",3,0.7077914846335789,0.6987039062505235,-0.009087578383055406,47,False,"$S \cap \{1,2\} = \emptyset$"
"('$Z_{1}$', '$Z_{4}$', '$Z_{6}$')",3,0.7098296986064054,0.6998970344133939,-0.009932664193011531,47,False,"$S \cap \{1,2\} = \emptyset$"
"('$Z_{1}$', '$Z_{5}$', '$Z_{6}$')",3,0.7110862015934212,0.7035993377486306,-0.007486863844790581,47,False,"$S \cap \{1,2\} = \emptyset$"
"('$Z_{2}$', '$Z_{3}$', '$Z_{4}$')",3,0.6973073303637218,0.700676865898649,0.003369535534927137,47,False,"$S \cap \{1,2\} = \emptyset$"
"('$Z_{2}$', '$Z_{3}$', '$Z_{5}$')",3,0.7009573721301943,0.7035596315665081,0.0026022594363138696,47,False,"$S \cap \{1,2\} = \emptyset$"
"('$Z_{2}$', '$Z_{3}$', '$Z_{6}$')",3,0.6998532489737737,0.7083134946373375,0.008460245663563848,47,False,"$S \cap \{1,2\} = \emptyset$"
"('$Z_{2}$', '$Z_{4}$', '$Z_{5}$')",3,0.7069535336400083,0.7055690245650887,-0.0013845090749196043,47,False,"$S \cap \{1,2\} = \emptyset$"
"('$Z_{2}$', '$Z_{4}$', '$Z_{6}$')",3,0.7091156258027789,0.7024767003665681,-0.0066389254362108074,47,False,"$S \cap \{1,2\} = \emptyset$"
"('$Z_{2}$', '$Z_{5}$', '$Z_{6}$')",3,0.7066281434067255,0.6952247737743378,-0.01140336963238775,47,False,"$S \cap \{1,2\} = \emptyset$"
"('$Z_{3}$', '$Z_{4}$', '$Z_{5}$')",3,0.7087579941735024,0.7113003357111164,0.0025423415376140124,47,False,"$S \cap \{1,2\} = \emptyset$"
"('$Z_{3}$', '$Z_{4}$', '$Z_{6}$')",3,0.707630674784461,0.704614105995414,-0.0030165687890469917,47,False,"$S \cap \{1,2\} = \emptyset$"
"('$Z_{3}$', '$Z_{5}$', '$Z_{6}$')",3,0.7070218726892813,0.7016648271248357,-0.005357045564445606,47,False,"$S \cap \{1,2\} = \emptyset$"
"('$Z_{4}$', '$Z_{5}$', '$Z_{6}$')",3,0.7084074022714956,0.7034904089269621,-0.004916993344533438,47,False,"$S \cap \{1,2\} = \emptyset$"
"('$X_1$', '$X_2$')",2,0.05608491037824218,0.7057673364195441,0.649682426041302,48,True,"$S \supseteq \{1,2\}$"
"('$X_1$', '$Z_{1}$')",2,0.7076693354322848,0.7020049475649717,-0.005664387867313159,48,True,"$|S \cap \{1,2\}| = 1$"
"('$X_1$', '$Z_{2}$')",2,0.71162304413926,0.7098882642542174,-0.0017347798850426699,48,True,"$|S \cap \{1,2\}| = 1$"
"('$X_1$', '$Z_{3}$')",2,0.7062381529996866,0.7039420600417284,-0.0022960929579581846,48,True,"$|S \cap \{1,2\}| = 1$"
"('$X_1$', '$Z_{4}$')",2,0.7070585981506623,0.7072214839201163,0.00016288576945400202,48,True,"$|S \cap \{1,2\}| = 1$"
"('$X_1$', '$Z_{5}$')",2,0.7058233414143149,0.7082864129922697,0.0024630715779547785,48,True,"$|S \cap \{1,2\}| = 1$"
"('$X_1$', '$Z_{6}$')",2,0.7033350879701809,0.7099749816112658,0.006639893641084971,48,True,"$|S \cap \{1,2\}| = 1$"
"('$X_2$', '$Z_{1}$')",2,0.7017525438511696,0.7033190635182931,0.0015665196671235115,48,True,"$|S \cap \{1,2\}| = 1$"
"('$X_2$', '$Z_{2}$')",2,0.7103086418368985,0.7137105929284149,0.0034019510915164197,48,True,"$|S \cap \{1,2\}| = 1$"
"('$X_2$', '$Z_{3}$')",2,0.7071278797339212,0.7069480272762132,-0.0001798524577080185,48,True,"$|S \cap \{1,2\}| = 1$"
"('$X_2$', '$Z_{4}$')",2,0.7017284378156796,0.7027915043944474,0.0010630665787677573,48,True,"$|S \cap \{1,2\}| = 1$"
"('$X_2$', '$Z_{5}$')",2,0.7044525471132251,0.7031026555463773,-0.0013498915668478384,48,True,"$|S \cap \{1,2\}| = 1$"
"('$X_2$', '$Z_{6}$')",2,0.7048568750345618,0.7061417463856036,0.0012848713510417165,48,True,"$|S \cap \{1,2\}| = 1$"
"('$Z_{1}$', '$Z_{2}$')",2,0.7078296706736352,0.7112393815261303,0.0034097108524950848,48,False,"$S \cap \{1,2\} = \emptyset$"
"('$Z_{1}$', '$Z_{3}$')",2,0.7086769035473567,0.7064518724100671,-0.002225031137289557,48,False,"$S \cap \{1,2\} = \emptyset$"
"('$Z_{1}$', '$Z_{4}$')",2,0.7101215537646,0.7087772686427738,-0.0013442851218261609,48,False,"$S \cap \{1,2\} = \emptyset$"
"('$Z_{1}$', '$Z_{5}$')",2,0.7048495274703557,0.7015167978608984,-0.0033327296094572967,48,False,"$S \cap \{1,2\} = \emptyset$"
"('$Z_{1}$', '$Z_{6}$')",2,0.7083103934973344,0.7050962771868272,-0.0032141163105071646,48,False,"$S \cap \{1,2\} = \emptyset$"
"('$Z_{2}$', '$Z_{3}$')",2,0.7173679476468239,0.706195336170774,-0.011172611476049865,48,False,"$S \cap \{1,2\} = \emptyset$"
"('$Z_{2}$', '$Z_{4}$')",2,0.7106340838680705,0.7146581911414693,0.004024107273398858,48,False,"$S \cap \{1,2\} = \emptyset$"
"('$Z_{2}$', '$Z_{5}$')",2,0.7094793595022725,0.7117687190928371,0.0022893595905646436,48,False,"$S \cap \{1,2\} = \emptyset$"
"('$Z_{2}$', '$Z_{6}$')",2,0.7129676589916345,0.7026367601006659,-0.01033089889096861,48,False,"$S \cap \{1,2\} = \emptyset$"
"('$Z_{3}$', '$Z_{4}$')",2,0.7061538630901173,0.7139858885650658,0.007832025474948545,48,False,"$S \cap \{1,2\} = \emptyset$"
"('$Z_{3}$', '$Z_{5}$')",2,0.701713128266001,0.6965666143716778,-0.00514651389432319,48,False,"$S \cap \{1,2\} = \emptyset$"
"('$Z_{3}$', '$Z_{6}$')",2,0.704092253612944,0.704346044693976,0.00025379108103196213,48,False,"$S \cap \{1,2\} = \emptyset$"
"('$Z_{4}$', '$Z_{5}$')",2,0.7030216638079319,0.7025381850378197,-0.00048347877011212237,48,False,"$S \cap \{1,2\} = \emptyset$"
"('$Z_{4}$', '$Z_{6}$')",2,0.7066362973060316,0.7044980752889789,-0.0021382220170527155,48,False,"$S \cap \{1,2\} = \emptyset$"
"('$Z_{5}$', '$Z_{6}$')",2,0.6987492858538069,0.7056581762541243,0.006908890400317391,48,False,"$S \cap \{1,2\} = \emptyset$"
"('$X_1$', '$X_2$', '$Z_{1}$')",3,0.18568330902578414,0.6993550296135396,0.5136717205877555,48,True,"$S \supseteq \{1,2\}$"
"('$X_1$', '$X_2$', '$Z_{2}$')",3,0.18498531571994425,0.7020815911213449,0.5170962754014007,48,True,"$S \supseteq \{1,2\}$"
"('$X_1$', '$X_2$', '$Z_{3}$')",3,0.18901207195235803,0.7041010535697667,0.5150889816174087,48,True,"$S \supseteq \{1,2\}$"
"('$X_1$', '$X_2$', '$Z_{4}$')",3,0.1919829032843421,0.7047061930142444,0.5127232897299023,48,True,"$S \supseteq \{1,2\}$"
"('$X_1$', '$X_2$', '$Z_{5}$')",3,0.19372819949975303,0.7060080279669227,0.5122798284671697,48,True,"$S \supseteq \{1,2\}$"
"('$X_1$', '$X_2$', '$Z_{6}$')",3,0.1886195508088536,0.7011069882795847,0.5124874374707311,48,True,"$S \supseteq \{1,2\}$"
"('$X_1$', '$Z_{1}$', '$Z_{2}$')",3,0.7059056322856584,0.7036906496139665,-0.0022149826716918453,48,True,"$|S \cap \{1,2\}| = 1$"
"('$X_1$', '$Z_{1}$', '$Z_{3}$')",3,0.7051846971442441,0.7013845237027174,-0.003800173441526722,48,True,"$|S \cap \{1,2\}| = 1$"
"('$X_1$', '$Z_{1}$', '$Z_{4}$')",3,0.7059855641041913,0.7013424175081336,-0.00464314659605769,48,True,"$|S \cap \{1,2\}| = 1$"
"('$X_1$', '$Z_{1}$', '$Z_{5}$')",3,0.701724262374953,0.6977026146160032,-0.0040216477589497535,48,True,"$|S \cap \{1,2\}| = 1$"
"('$X_1$', '$Z_{1}$', '$Z_{6}$')",3,0.7025551217108862,0.7097114571149494,0.007156335404063241,48,True,"$|S \cap \{1,2\}| = 1$"
"('$X_1$', '$Z_{2}$', '$Z_{3}$')",3,0.709393873259548,0.7010797074444488,-0.00831416581509914,48,True,"$|S \cap \{1,2\}| = 1$"
"('$X_1$', '$Z_{2}$', '$Z_{4}$')",3,0.7071984357867741,0.7003130757581217,-0.006885360028652365,48,True,"$|S \cap \{1,2\}| = 1$"
"('$X_1$', '$Z_{2}$', '$Z_{5}$')",3,0.703675611559499,0.7058150801178342,0.0021394685583352446,48,True,"$|S \cap \{1,2\}| = 1$"
"('$X_1$', '$Z_{2}$', '$Z_{6}$')",3,0.7064132170331611,0.7026643405877236,-0.0037488764454374213,48,True,"$|S \cap \{1,2\}| = 1$"
"('$X_1$', '$Z_{3}$', '$Z_{4}$')",3,0.7046265681872168,0.6898583532872006,-0.01476821490001623,48,True,"$|S \cap \{1,2\}| = 1$"
"('$X_1$', '$Z_{3}$', '$Z_{5}$')",3,0.7038779695228045,0.7015623273204363,-0.002315642202368129,48,True,"$|S \cap \{1,2\}| = 1$"
"('$X_1$', '$Z_{3}$', '$Z_{6}$')",3,0.6999070280618593,0.7110825998038016,0.01117557174194228,48,True,"$|S \cap \{1,2\}| = 1$"
"('$X_1$', '$Z_{4}$', '$Z_{5}$')",3,0.7017184974896624,0.7086884599189518,0.006969962429289378,48,True,"$|S \cap \{1,2\}| = 1$"
"('$X_1$', '$Z_{4}$', '$Z_{6}$')",3,0.6988078051744672,0.6975049651888257,-0.001302839985641513,48,True,"$|S \cap \{1,2\}| = 1$"
"('$X_1$', '$Z_{5}$', '$Z_{6}$')",3,0.6974894265642565,0.7041024126816193,0.006612986117362829,48,True,"$|S \cap \{1,2\}| = 1$"
"('$X_2$', '$Z_{1}$', '$Z_{2}$')",3,0.6989980241725238,0.7077647338165716,0.008766709644047799,48,True,"$|S \cap \{1,2\}| = 1$"
"('$X_2$', '$Z_{1}$', '$Z_{3}$')",3,0.6990476427987272,0.7059111365860742,0.006863493787346964,48,True,"$|S \cap \{1,2\}| = 1$"
"('$X_2$', '$Z_{1}$', '$Z_{4}$')",3,0.7019343104390283,0.7085252520453732,0.00659094160634488,48,True,"$|S \cap \{1,2\}| = 1$"
"('$X_2$', '$Z_{1}$', '$Z_{5}$')",3,0.6986412214502077,0.7034379965911403,0.004796775140932574,48,True,"$|S \cap \{1,2\}| = 1$"
"('$X_2$', '$Z_{1}$', '$Z_{6}$')",3,0.6995221399568372,0.7028864546628136,0.0033643147059764233,48,True,"$|S \cap \{1,2\}| = 1$"
"('$X_2$', '$Z_{2}$', '$Z_{3}$')",3,0.7084383354597382,0.7064319543951528,-0.002006381064585394,48,True,"$|S \cap \{1,2\}| = 1$"
"('$X_2$', '$Z_{2}$', '$Z_{4}$')",3,0.7011855383069818,0.6987698819738871,-0.0024156563330947067,48,True,"$|S \cap \{1,2\}| = 1$"
"('$X_2$', '$Z_{2}$', '$Z_{5}$')",3,0.7020676446833974,0.7068189218235766,0.0047512771401792,48,True,"$|S \cap \{1,2\}| = 1$"
"('$X_2$', '$Z_{2}$', '$Z_{6}$')",3,0.7038913909506372,0.7036046787974263,-0.0002867121532109662,48,True,"$|S \cap \{1,2\}| = 1$"
"('$X_2$', '$Z_{3}$', '$Z_{4}$')",3,0.7021420033091635,0.7008999099923524,-0.0012420933168111326,48,True,"$|S \cap \{1,2\}| = 1$"
"('$X_2$', '$Z_{3}$', '$Z_{5}$')",3,0.7004300061680998,0.7102680369577188,0.009838030789618979,48,True,"$|S \cap \{1,2\}| = 1$"
"('$X_2$', '$Z_{3}$', '$Z_{6}$')",3,0.7007160101251267,0.696656615839802,-0.004059394285324758,48,True,"$|S \cap \{1,2\}| = 1$"
"('$X_2$', '$Z_{4}$', '$Z_{5}$')",3,0.6997138610912025,0.6993846137215751,-0.00032924736962736123,48,True,"$|S \cap \{1,2\}| = 1$"
"('$X_2$', '$Z_{4}$', '$Z_{6}$')",3,0.703254180965976,0.7112437434017079,0.0079895624357319,48,True,"$|S \cap \{1,2\}| = 1$"
"('$X_2$', '$Z_{5}$', '$Z_{6}$')",3,0.6994504493348177,0.7037106840953777,0.004260234760560033,48,True,"$|S \cap \{1,2\}| = 1$"
"('$Z_{1}$', '$Z_{2}$', '$Z_{3}$')",3,0.7032505883432529,0.7081977978497784,0.004947209506525496,48,False,"$S \cap \{1,2\} = \emptyset$"
"('$Z_{1}$', '$Z_{2}$', '$Z_{4}$')",3,0.7039058581795936,0.7044975944984017,0.0005917363188080449,48,False,"$S \cap \{1,2\} = \emptyset$"
"('$Z_{1}$', '$Z_{2}$', '$Z_{5}$')",3,0.7014543362573746,0.7034946244795417,0.0020402882221670637,48,False,"$S \cap \{1,2\} = \emptyset$"
"('$Z_{1}$', '$Z_{2}$', '$Z_{6}$')",3,0.7024825379183396,0.7036922853685874,0.0012097474502478223,48,False,"$S \cap \{1,2\} = \emptyset$"
"('$Z_{1}$', '$Z_{3}$', '$Z_{4}$')",3,0.7089936764097206,0.6997566040517618,-0.009237072357958787,48,False,"$S \cap \{1,2\} = \emptyset$"
"('$Z_{1}$', '$Z_{3}$', '$Z_{5}$')",3,0.702416264386169,0.7023732499951499,-4.301439101905835e-05,48,False,"$S \cap \{1,2\} = \emptyset$"
"('$Z_{1}$', '$Z_{3}$', '$Z_{6}$')",3,0.7053665335756039,0.7041265796015005,-0.0012399539741033694,48,False,"$S \cap \{1,2\} = \emptyset$"
"('$Z_{1}$', '$Z_{4}$', '$Z_{5}$')",3,0.7046897648409738,0.7021889481849279,-0.0025008166560458456,48,False,"$S \cap \{1,2\} = \emptyset$"
"('$Z_{1}$', '$Z_{4}$', '$Z_{6}$')",3,0.7068076846018839,0.697344238008238,-0.009463446593645952,48,False,"$S \cap \{1,2\} = \emptyset$"
"('$Z_{1}$', '$Z_{5}$', '$Z_{6}$')",3,0.6996720089983133,0.7040604547416756,0.004388445743362279,48,False,"$S \cap \{1,2\} = \emptyset$"
"('$Z_{2}$', '$Z_{3}$', '$Z_{4}$')",3,0.7076265003297233,0.6997768599007921,-0.007849640428931215,48,False,"$S \cap \{1,2\} = \emptyset$"
"('$Z_{2}$', '$Z_{3}$', '$Z_{5}$')",3,0.7055766226947923,0.7083494815420169,0.0027728588472246685,48,False,"$S \cap \{1,2\} = \emptyset$"
"('$Z_{2}$', '$Z_{3}$', '$Z_{6}$')",3,0.7066918764877964,0.6992399356329176,-0.007451940854878769,48,False,"$S \cap \{1,2\} = \emptyset$"
"('$Z_{2}$', '$Z_{4}$', '$Z_{5}$')",3,0.7035878479492335,0.7039312020850556,0.00034335413582209373,48,False,"$S \cap \{1,2\} = \emptyset$"
"('$Z_{2}$', '$Z_{4}$', '$Z_{6}$')",3,0.7046347328752596,0.6991915210970147,-0.005443211778244916,48,False,"$S \cap \{1,2\} = \emptyset$"
"('$Z_{2}$', '$Z_{5}$', '$Z_{6}$')",3,0.7004796181225356,0.7074171610533648,0.006937542930829266,48,False,"$S \cap \{1,2\} = \emptyset$"
"('$Z_{3}$', '$Z_{4}$', '$Z_{5}$')",3,0.7009109544932667,0.7038587273767329,0.0029477728834662598,48,False,"$S \cap \{1,2\} = \emptyset$"
"('$Z_{3}$', '$Z_{4}$', '$Z_{6}$')",3,0.7031169030524511,0.7015103708819718,-0.0016065321704793467,48,False,"$S \cap \{1,2\} = \emptyset$"
"('$Z_{3}$', '$Z_{5}$', '$Z_{6}$')",3,0.6984680971976115,0.7032047817473946,0.0047366845497831545,48,False,"$S \cap \{1,2\} = \emptyset$"
"('$Z_{4}$', '$Z_{5}$', '$Z_{6}$')",3,0.6977548548158807,0.7025342118465273,0.0047793570306465805,48,False,"$S \cap \{1,2\} = \emptyset$"
"('$X_1$', '$X_2$')",2,0.052182368371179566,0.7060406542669523,0.6538582858957727,49,True,"$S \supseteq \{1,2\}$"
"('$X_1$', '$Z_{1}$')",2,0.6970553947393532,0.7083109973916073,0.011255602652254115,49,True,"$|S \cap \{1,2\}| = 1$"
"('$X_1$', '$Z_{2}$')",2,0.7076799234359155,0.7069704306868703,-0.000709492749045193,49,True,"$|S \cap \{1,2\}| = 1$"
"('$X_1$', '$Z_{3}$')",2,0.7055577281945435,0.7028892744737484,-0.002668453720795161,49,True,"$|S \cap \{1,2\}| = 1$"
"('$X_1$', '$Z_{4}$')",2,0.7106820137788925,0.70239440817716,-0.008287605601732473,49,True,"$|S \cap \{1,2\}| = 1$"
"('$X_1$', '$Z_{5}$')",2,0.7099816292266189,0.7051899297682391,-0.004791699458379761,49,True,"$|S \cap \{1,2\}| = 1$"
"('$X_1$', '$Z_{6}$')",2,0.7034622960310198,0.704166471526285,0.0007041754952651358,49,True,"$|S \cap \{1,2\}| = 1$"
"('$X_2$', '$Z_{1}$')",2,0.7003371357486882,0.7076565550180139,0.007319419269325778,49,True,"$|S \cap \{1,2\}| = 1$"
"('$X_2$', '$Z_{2}$')",2,0.7093050864790992,0.7034334580252939,-0.005871628453805289,49,True,"$|S \cap \{1,2\}| = 1$"
"('$X_2$', '$Z_{3}$')",2,0.7075083453041148,0.7008925729335115,-0.00661577237060329,49,True,"$|S \cap \{1,2\}| = 1$"
"('$X_2$', '$Z_{4}$')",2,0.7021911623958677,0.7110056934942919,0.008814531098424228,49,True,"$|S \cap \{1,2\}| = 1$"
"('$X_2$', '$Z_{5}$')",2,0.7054165870234899,0.7040280446278769,-0.001388542395612924,49,True,"$|S \cap \{1,2\}| = 1$"
"('$X_2$', '$Z_{6}$')",2,0.7047429411551852,0.7018289160093348,-0.002914025145850374,49,True,"$|S \cap \{1,2\}| = 1$"
"('$Z_{1}$', '$Z_{2}$')",2,0.710808848934464,0.7058091167343314,-0.004999732200132612,49,False,"$S \cap \{1,2\} = \emptyset$"
"('$Z_{1}$', '$Z_{3}$')",2,0.7047817557601546,0.7017677283188312,-0.003014027441323397,49,False,"$S \cap \{1,2\} = \emptyset$"
"('$Z_{1}$', '$Z_{4}$')",2,0.7016510217542322,0.6987172734529479,-0.0029337483012843446,49,False,"$S \cap \{1,2\} = \emptyset$"
"('$Z_{1}$', '$Z_{5}$')",2,0.7027745394838818,0.7032280632606641,0.00045352377678231637,49,False,"$S \cap \{1,2\} = \emptyset$"
"('$Z_{1}$', '$Z_{6}$')",2,0.709595529629603,0.7039438009609512,-0.005651728668651823,49,False,"$S \cap \{1,2\} = \emptyset$"
"('$Z_{2}$', '$Z_{3}$')",2,0.7071035889605711,0.6991218891038907,-0.007981699856680402,49,False,"$S \cap \{1,2\} = \emptyset$"
"('$Z_{2}$', '$Z_{4}$')",2,0.7104514596151043,0.7092370435512809,-0.0012144160638233314,49,False,"$S \cap \{1,2\} = \emptyset$"
"('$Z_{2}$', '$Z_{5}$')",2,0.713364485185811,0.7030455526693655,-0.010318932516445445,49,False,"$S \cap \{1,2\} = \emptyset$"
"('$Z_{2}$', '$Z_{6}$')",2,0.7023882595328531,0.7125817150943841,0.01019345556153095,49,False,"$S \cap \{1,2\} = \emptyset$"
"('$Z_{3}$', '$Z_{4}$')",2,0.7033050539184246,0.7053707584291234,0.0020657045106988736,49,False,"$S \cap \{1,2\} = \emptyset$"
"('$Z_{3}$', '$Z_{5}$')",2,0.7005467898643124,0.7065824114833212,0.006035621619008835,49,False,"$S \cap \{1,2\} = \emptyset$"
"('$Z_{3}$', '$Z_{6}$')",2,0.7049488009125859,0.7031539921437335,-0.0017948087688524073,49,False,"$S \cap \{1,2\} = \emptyset$"
"('$Z_{4}$', '$Z_{5}$')",2,0.7126010546724221,0.7016968210539237,-0.010904233618498349,49,False,"$S \cap \{1,2\} = \emptyset$"
"('$Z_{4}$', '$Z_{6}$')",2,0.7057886949056894,0.7090675230559734,0.003278828150284019,49,False,"$S \cap \{1,2\} = \emptyset$"
"('$Z_{5}$', '$Z_{6}$')",2,0.7036369413678831,0.7044592017270135,0.0008222603591303557,49,False,"$S \cap \{1,2\} = \emptyset$"
"('$X_1$', '$X_2$', '$Z_{1}$')",3,0.16739461192546048,0.6966641864020362,0.5292695744765757,49,True,"$S \supseteq \{1,2\}$"
"('$X_1$', '$X_2$', '$Z_{2}$')",3,0.17350834058408224,0.7098190952184964,0.5363107546344141,49,True,"$S \supseteq \{1,2\}$"
"('$X_1$', '$X_2$', '$Z_{3}$')",3,0.1692774983978456,0.7050952031843607,0.5358177047865151,49,True,"$S \supseteq \{1,2\}$"
"('$X_1$', '$X_2$', '$Z_{4}$')",3,0.17176686818656,0.7032189875963847,0.5314521194098247,49,True,"$S \supseteq \{1,2\}$"
"('$X_1$', '$X_2$', '$Z_{5}$')",3,0.17425179420548112,0.7020684313349091,0.5278166371294281,49,True,"$S \supseteq \{1,2\}$"
"('$X_1$', '$X_2$', '$Z_{6}$')",3,0.16474237118630514,0.703867994620402,0.5391256234340969,49,True,"$S \supseteq \{1,2\}$"
"('$X_1$', '$Z_{1}$', '$Z_{2}$')",3,0.7008288187091737,0.7017607059489164,0.0009318872397426903,49,True,"$|S \cap \{1,2\}| = 1$"
"('$X_1$', '$Z_{1}$', '$Z_{3}$')",3,0.6972564272116519,0.706222252670944,0.008965825459292032,49,True,"$|S \cap \{1,2\}| = 1$"
"('$X_1$', '$Z_{1}$', '$Z_{4}$')",3,0.697705106946347,0.7046869869459296,0.006981879999582552,49,True,"$|S \cap \{1,2\}| = 1$"
"('$X_1$', '$Z_{1}$', '$Z_{5}$')",3,0.6970667757866843,0.7054450670086032,0.00837829122191891,49,True,"$|S \cap \{1,2\}| = 1$"
"('$X_1$', '$Z_{1}$', '$Z_{6}$')",3,0.7014877419220091,0.7054335309913361,0.003945789069326966,49,True,"$|S \cap \{1,2\}| = 1$"
"('$X_1$', '$Z_{2}$', '$Z_{3}$')",3,0.7033541668964145,0.7080720802310423,0.004717913334627788,49,True,"$|S \cap \{1,2\}| = 1$"
"('$X_1$', '$Z_{2}$', '$Z_{4}$')",3,0.7065058663636316,0.7069608722201152,0.0004550058564836146,49,True,"$|S \cap \{1,2\}| = 1$"
"('$X_1$', '$Z_{2}$', '$Z_{5}$')",3,0.7081332142168042,0.7025623785953685,-0.005570835621435677,49,True,"$|S \cap \{1,2\}| = 1$"
"('$X_1$', '$Z_{2}$', '$Z_{6}$')",3,0.7015541239117526,0.7079223822438195,0.0063682583320668895,49,True,"$|S \cap \{1,2\}| = 1$"
"('$X_1$', '$Z_{3}$', '$Z_{4}$')",3,0.7010019293322628,0.7047180618774048,0.0037161325451420257,49,True,"$|S \cap \{1,2\}| = 1$"
"('$X_1$', '$Z_{3}$', '$Z_{5}$')",3,0.7012506221126756,0.701292311401885,4.168928920933457e-05,49,True,"$|S \cap \{1,2\}| = 1$"
"('$X_1$', '$Z_{3}$', '$Z_{6}$')",3,0.7037489921249166,0.7026187065304482,-0.001130285594468372,49,True,"$|S \cap \{1,2\}| = 1$"
"('$X_1$', '$Z_{4}$', '$Z_{5}$')",3,0.7085429413760412,0.7073205685231715,-0.0012223728528697464,49,True,"$|S \cap \{1,2\}| = 1$"
"('$X_1$', '$Z_{4}$', '$Z_{6}$')",3,0.7036270832756631,0.707519659464236,0.0038925761885728605,49,True,"$|S \cap \{1,2\}| = 1$"
"('$X_1$', '$Z_{5}$', '$Z_{6}$')",3,0.7069107265143332,0.7047656561819678,-0.0021450703323653286,49,True,"$|S \cap \{1,2\}| = 1$"
"('$X_2$', '$Z_{1}$', '$Z_{2}$')",3,0.6984409265889902,0.7055152082882786,0.007074281699288476,49,True,"$|S \cap \{1,2\}| = 1$"
"('$X_2$', '$Z_{1}$', '$Z_{3}$')",3,0.7013242656582802,0.7036165932370265,0.0022923275787463115,49,True,"$|S \cap \{1,2\}| = 1$"
"('$X_2$', '$Z_{1}$', '$Z_{4}$')",3,0.6954981845828229,0.7006396683672099,0.0051414837843870576,49,True,"$|S \cap \{1,2\}| = 1$"
"('$X_2$', '$Z_{1}$', '$Z_{5}$')",3,0.6966740122515416,0.7102168707972821,0.013542858545740555,49,True,"$|S \cap \{1,2\}| = 1$"
"('$X_2$', '$Z_{1}$', '$Z_{6}$')",3,0.702089463740871,0.705443388761269,0.0033539250203979964,49,True,"$|S \cap \{1,2\}| = 1$"
"('$X_2$', '$Z_{2}$', '$Z_{3}$')",3,0.7041734388394922,0.6997042037812007,-0.004469235058291554,49,True,"$|S \cap \{1,2\}| = 1$"
"('$X_2$', '$Z_{2}$', '$Z_{4}$')",3,0.7029315941696737,0.7074533355762603,0.004521741406586677,49,True,"$|S \cap \{1,2\}| = 1$"
"('$X_2$', '$Z_{2}$', '$Z_{5}$')",3,0.7045567182625215,0.6946945085894409,-0.009862209673080602,49,True,"$|S \cap \{1,2\}| = 1$"
"('$X_2$', '$Z_{2}$', '$Z_{6}$')",3,0.7024193936755638,0.7055138551290402,0.0030944614534763604,49,True,"$|S \cap \{1,2\}| = 1$"
"('$X_2$', '$Z_{3}$', '$Z_{4}$')",3,0.6994055618805446,0.7083641158296552,0.008958553949110604,49,True,"$|S \cap \{1,2\}| = 1$"
"('$X_2$', '$Z_{3}$', '$Z_{5}$')",3,0.7013568894458533,0.7068432620432795,0.005486372597426237,49,True,"$|S \cap \{1,2\}| = 1$"
"('$X_2$', '$Z_{3}$', '$Z_{6}$')",3,0.704833110227881,0.7040469134011157,-0.0007861968267652841,49,True,"$|S \cap \{1,2\}| = 1$"
"('$X_2$', '$Z_{4}$', '$Z_{5}$')",3,0.7024825512550499,0.7006569594912466,-0.0018255917638032582,49,True,"$|S \cap \{1,2\}| = 1$"
"('$X_2$', '$Z_{4}$', '$Z_{6}$')",3,0.7006739581569824,0.6993910190149074,-0.0012829391420750014,49,True,"$|S \cap \{1,2\}| = 1$"
"('$X_2$', '$Z_{5}$', '$Z_{6}$')",3,0.7018747241513629,0.7028559863913529,0.0009812622399900661,49,True,"$|S \cap \{1,2\}| = 1$"
"('$Z_{1}$', '$Z_{2}$', '$Z_{3}$')",3,0.701366486084492,0.6965778729602536,-0.0047886131242383945,49,False,"$S \cap \{1,2\} = \emptyset$"
"('$Z_{1}$', '$Z_{2}$', '$Z_{4}$')",3,0.698565369612249,0.6983185961002422,-0.00024677351200685926,49,False,"$S \cap \{1,2\} = \emptyset$"
"('$Z_{1}$', '$Z_{2}$', '$Z_{5}$')",3,0.7034369947952388,0.696408584531369,-0.0070284102638698,49,False,"$S \cap \{1,2\} = \emptyset$"
"('$Z_{1}$', '$Z_{2}$', '$Z_{6}$')",3,0.7025898194390175,0.7100303943886002,0.007440574949582612,49,False,"$S \cap \{1,2\} = \emptyset$"
"('$Z_{1}$', '$Z_{3}$', '$Z_{4}$')",3,0.6983423563754318,0.7033048258202824,0.00496246944485057,49,False,"$S \cap \{1,2\} = \emptyset$"
"('$Z_{1}$', '$Z_{3}$', '$Z_{5}$')",3,0.6963804243568663,0.7077832347690458,0.011402810412179498,49,False,"$S \cap \{1,2\} = \emptyset$"
"('$Z_{1}$', '$Z_{3}$', '$Z_{6}$')",3,0.7034657373614932,0.7021624469375729,-0.0013032904239203003,49,False,"$S \cap \{1,2\} = \emptyset$"
"('$Z_{1}$', '$Z_{4}$', '$Z_{5}$')",3,0.7028221017294839,0.7051576775496863,0.0023355758202023846,49,False,"$S \cap \{1,2\} = \emptyset$"
"('$Z_{1}$', '$Z_{4}$', '$Z_{6}$')",3,0.702661661407613,0.7068193276319289,0.0041576662243159035,49,False,"$S \cap \{1,2\} = \emptyset$"
"('$Z_{1}$', '$Z_{5}$', '$Z_{6}$')",3,0.7032308699767781,0.6966338308698624,-0.00659703910691567,49,False,"$S \cap \{1,2\} = \emptyset$"
"('$Z_{2}$', '$Z_{3}$', '$Z_{4}$')",3,0.701769335684373,0.7037528713825046,0.001983535698131589,49,False,"$S \cap \{1,2\} = \emptyset$"
"('$Z_{2}$', '$Z_{3}$', '$Z_{5}$')",3,0.7012701447389675,0.7020508348794745,0.0007806901405069677,49,False,"$S \cap \{1,2\} = \emptyset$"
"('$Z_{2}$', '$Z_{3}$', '$Z_{6}$')",3,0.7008549892489099,0.6982592991208528,-0.002595690128057049,49,False,"$S \cap \{1,2\} = \emptyset$"
"('$Z_{2}$', '$Z_{4}$', '$Z_{5}$')",3,0.7107040668240195,0.7125706353210759,0.0018665684970563534,49,False,"$S \cap \{1,2\} = \emptyset$"
"('$Z_{2}$', '$Z_{4}$', '$Z_{6}$')",3,0.7034443120338087,0.7067499868692854,0.003305674835476613,49,False,"$S \cap \{1,2\} = \emptyset$"
"('$Z_{2}$', '$Z_{5}$', '$Z_{6}$')",3,0.7050724269837817,0.7062750831482608,0.0012026561644791212,49,False,"$S \cap \{1,2\} = \emptyset$"
"('$Z_{3}$', '$Z_{4}$', '$Z_{5}$')",3,0.6988542127032307,0.704736930723716,0.005882718020485345,49,False,"$S \cap \{1,2\} = \emptyset$"
"('$Z_{3}$', '$Z_{4}$', '$Z_{6}$')",3,0.7035244970722649,0.6984198125870817,-0.005104684485183197,49,False,"$S \cap \{1,2\} = \emptyset$"
"('$Z_{3}$', '$Z_{5}$', '$Z_{6}$')",3,0.6995463303582711,0.7065564605153458,0.007010130157074745,49,False,"$S \cap \{1,2\} = \emptyset$"
"('$Z_{4}$', '$Z_{5}$', '$Z_{6}$')",3,0.7022175741799874,0.6993768051776631,-0.002840769002324328,49,False,"$S \cap \{1,2\} = \emptyset$"
